url,label,attack_family,original_url,score,predicted
HTTP://WWW.SHPRAKSERF.GQ,1,mixed_case,http://www.shprakserf.gq,1.0,1
HTTP://WWW.IUHJN.PPLINK.CLUB,1,mixed_case,http://www.iuhjn.pplink.club,1.0,1
HTTPS://SABADONOAPPMAGAZINE.COM/,1,mixed_case,https://sabadonoappmagazine.com/,0.9968291315972893,1
HTTP://WWW.NEXTRALOAD.COM,1,mixed_case,http://www.nextraload.com,1.0,1
HTTP://TKMOWPIKUK.OWL4FSRCH.CLUB/VNAFVRA97W/?Q=3717065149&ID=100,1,mixed_case,http://tkmowpikuk.owl4fsrch.club/vnafvra97w/?q=3717065149&id=100,1.0,1
HTTPS://BTOPENWORLDWEBMAILING.SQUARE.SITE/,1,mixed_case,https://btopenworldwebmailing.square.site/,1.0,1
HTTP://WWW.FGURB.CANNCA.SHOP,1,mixed_case,http://www.fgurb.cannca.shop,0.9816373438243231,1
HTTPS://WWW.ETHMINING.INFO/#/,1,mixed_case,https://www.ethmining.info/#/,0.9975406739949199,1
HTTP://IANACURTIS.RMXCONTABILIDADE.COM.BR,1,mixed_case,http://ianacurtis.rmxcontabilidade.com.br,0.9783648051184329,1
HTTP://WWW.PONY4.MICROSOFTUPS.COM,1,mixed_case,http://www.pony4.microsoftups.com,1.0,1
HTTP://WWW.PLAY.STREAM.VIDZI.TV,1,mixed_case,http://www.play.stream.vidzi.tv,0.9816373438243231,1
HTTP://WWW.BEEMAIL.ONLINE,1,mixed_case,http://www.beemail.online,1.0,1
HTTP://WWW.915783.COM,1,mixed_case,http://www.915783.com,0.9777648945704241,1
HTTPS://ATTCOM-102201.SQUARE.SITE/,1,mixed_case,https://attcom-102201.square.site/,0.9931069615472448,1
HTTPS://UPYQ8ESS.DREAMWP.COM/DKSKAT/,1,mixed_case,https://upyq8ess.dreamwp.com/dkskat/,0.9945459481630603,1
HTTPS://WWW.FAEWOOD.COM,1,mixed_case,https://www.faewood.com,0.0039586131958917765,0
HTTPS://ENNSTTSQAU.SQUARE.SITE/,1,mixed_case,https://ennsttsqau.square.site/,0.9986650097231529,1
HTTPS://DOCS.GOOGLE.COM/FORMS/D/1CASPHEVKFDAZ2OKQJ70WDAI3PDWWG1WEH_RPK9V0Z3A/VIEWFORM,1,mixed_case,https://docs.google.com/forms/d/1casphevkfdaz2okqj70wdai3pdwwg1weh_rpk9v0z3a/viewform,0.7353754422421334,1
HTTP://WWW.FRISSONCOURIER.COM,1,mixed_case,http://www.frissoncourier.com,1.0,1
HTTP://WWW.CLINICAFRESA20.COM,1,mixed_case,http://www.clinicafresa20.com,0.9816306435812976,1
HTTP://CHIEUPHAN-BDSHOTRAM.COM/WEBS/,1,mixed_case,http://chieuphan-bdshotram.com/webs/,0.9950854665990582,1
HTTPS://WWW.EKIE-NAT.EKASTE.BHWKKE.TOP/LOAD.PHP,1,mixed_case,https://www.ekie-nat.ekaste.bhwkke.top/load.php,1.0,1
HTTP://WWW.KELIWEB.IT,1,mixed_case,http://www.keliweb.it,1.0,1
HTTP://WWW.BAAGII.SPORTSNEWSA.NET,1,mixed_case,http://www.baagii.sportsnewsa.net,1.0,1
HTTPS://S3.AP-SOUTHEAST-1.WASABISYS.COM/MAILBUSINESS/APPSUITE/TLYAPPIOOX/MAILFOLDERDEFAULT9/INBOX.HTML#REDACTED@ABUSE.IONOS.COM,1,mixed_case,https://s3.ap-southeast-1.wasabisys.com/mailbusiness/appsuite/tlyappioox/mailfolderdefault9/inbox.html#redacted@abuse.ionos.com,1.0,1
HTTPS://LOWES-SOLICITORS.CO.UK/CH/PANEL/,1,mixed_case,https://lowes-solicitors.co.uk/ch/panel/,1.0,1
HTTP://WWW.CLIENTCENTRE.NET,1,mixed_case,http://www.clientcentre.net,1.0,1
HTTPS://EUYGY.SQUARE.SITE/,1,mixed_case,https://euygy.square.site/,0.9449805396069338,1
HTTP://WWW.AUTOMAN-1301476296.COS.EU-MOSCOW.MYQCLOUD.COM,1,mixed_case,http://www.automan-1301476296.cos.eu-moscow.myqcloud.com,1.0,1
HTTP://WWW.ALEKSANDARTASKOV.COM,1,mixed_case,http://www.aleksandartaskov.com,1.0,1
HTTP://WWW.WHOER.NET,1,mixed_case,http://www.whoer.net,0.9946325777921203,1
HTTPS://TERAPIAESPECIALIZADA.ES/MTB/APP/VERIFY.PHP,1,mixed_case,https://terapiaespecializada.es/mtb/app/verify.php,0.9979349646180395,1
HTTP://WWW.NOGILEDENELI.RU,1,mixed_case,http://www.nogiledeneli.ru,0.9908714480198958,1
HTTP://WWW.RECO.WS,1,mixed_case,http://www.reco.ws,0.9999711312893398,1
HTTP://WWW.POLEVOYTON.STORE,1,mixed_case,http://www.polevoyton.store,1.0,1
HTTPS://ANTAI-GOUV.NET/,1,mixed_case,https://antai-gouv.net/,1.0,1
HTTPS://SHRTCO.DE/1D9YEO,1,mixed_case,https://shrtco.de/1d9yeo,0.9906401021244126,1
HTTP://FTI.UNMERPAS.AC.ID/WP-ADMIN/USER/WEBGENKIC/INVESTOPIA/INDEX.PHP?EMAIL=GET@GET.GET,1,mixed_case,http://fti.unmerpas.ac.id/wp-admin/user/webgenkic/investopia/index.php?email=get@get.get,1.0,1
HTTPS://EJJUD0.WIXSITE.COM/ATTT,1,mixed_case,https://ejjud0.wixsite.com/attt,0.9362311628470014,1
HTTP://WWW.CAMPBELLZ.CF,1,mixed_case,http://www.campbellz.cf,1.0,1
HTTP://WWW.LWAC.COM,1,mixed_case,http://www.lwac.com,0.9999711312893398,1
HTTP://CENTRICA.COMRQZROFXNHWWGRQZROFROFXNHWAGX2NFSE2NFAGX2NFSESEWXNHWAGXWGRQZG.MUSTACCIO.COM/0.PHP#YWNJB3VUDHNAY2VUDHJPY2EUY29T,1,mixed_case,http://centrica.comrqzrofxnhwwgrqzrofrofxnhwagx2nfse2nfagx2nfsesewxnhwagxwgrqzg.mustaccio.com/0.php#ywnjb3vudhnay2vudhjpy2euy29t,1.0,1
HTTPS://00-COVERIY-TM.QUEST/,1,mixed_case,https://00-coveriy-tm.quest/,0.9728055908742295,1
HTTPS://ATTCOM-101978.SQUARE.SITE/,1,mixed_case,https://attcom-101978.square.site/,0.9931069615472448,1
HTTPS://DOCS.GOOGLE.COM/FORMS/D/E/1FAIPQLSCCKV1-RXHIPCMRHNWFVQ2LHUXX18NZCM1E7E0OZ8IENIXTGW/VIEWFORM,1,mixed_case,https://docs.google.com/forms/d/e/1faipqlscckv1-rxhipcmrhnwfvq2lhuxx18nzcm1e7e0oz8ienixtgw/viewform,0.7103754422421334,1
HTTP://WWW.OOSP.PPLINK.CLUB,1,mixed_case,http://www.oosp.pplink.club,1.0,1
HTTPS://WWW-INFO-CR-MUFG.HUIWENFENG.COM/JP.PHP,1,mixed_case,https://www-info-cr-mufg.huiwenfeng.com/jp.php,1.0,1
HTTP://WWW.KARIZCUSTOMIZEME.COM,1,mixed_case,http://www.karizcustomizeme.com,1.0,1
HTTP://DJ-WEDDING.TK/BESST/,1,mixed_case,http://dj-wedding.tk/besst/,0.9772796246010589,1
HTTPS://WWW.GOOGLE.COM/URL?Q=HTTPS://IPFS.IO/IPFS/QMPOVSVEVLYHP2GJ6VFHKQVHAYDZ1O7Y2XN3XT87KKGHTV%23%5BEMAIL%5D&AMP;SOURCE=GMAIL&AMP;UST=1663915474090000&AMP;USG=AOVVAW1USGGTMP1IVAVTZSXCZ8G1,1,mixed_case,https://www.google.com/url?q=https://ipfs.io/ipfs/qmpovsvevlyhp2gj6vfhkqvhaydz1o7y2xn3xt87kkghtv%23%5bemail%5d&amp;source=gmail&amp;ust=1663915474090000&amp;usg=aovvaw1usggtmp1ivavtzsxcz8g1,0.8151951634841174,1
HTTP://WWW.IIORINMF.PPLINK.CLUB,1,mixed_case,http://www.iiorinmf.pplink.club,0.9901034831016633,1
HTTPS://DMBELECTRICINC.COM/,1,mixed_case,https://dmbelectricinc.com/,0.9991328242392742,1
HTTP://WWW.INTELSUPPORTCENTER.COM,1,mixed_case,http://www.intelsupportcenter.com,1.0,1
HTTP://4710463D43910.BONACTECH.COM/#ZFHOBGNRQMTIMJFOYVC0DWRHEGS,1,mixed_case,http://4710463d43910.bonactech.com/#zfhobgnrqmtimjfoyvc0dwrhegs,1.0,1
HTTP://WWW.WWW--WELLSFARGO--COM--T249329D48D6C.WSIPV6.COM,1,mixed_case,http://www.www--wellsfargo--com--t249329d48d6c.wsipv6.com,1.0,1
HTTPS://WWW.ID292468292.RU,1,mixed_case,https://www.id292468292.ru,0.5855170425279272,1
HTTPS://WWW.DANIELTOLSON.COM/HOME.PHP,1,mixed_case,https://www.danieltolson.com/home.php,0.9632830206876216,1
HTTP://WWW.ICLOUD-ID-SERVICES.COM,1,mixed_case,http://www.icloud-id-services.com,1.0,1
HTTP://WWW.TRIPADVISORSAPP.COM,1,mixed_case,http://www.tripadvisorsapp.com,1.0,1
HTTP://MY-BUSINESS-106173-106262.SQUARE.SITE/,1,mixed_case,http://my-business-106173-106262.square.site/,1.0,1
HTTP://CEK58793690694674609.RF.GD/,1,mixed_case,http://cek58793690694674609.rf.gd/,1.0,1
HTTPS://MEINEDKB.ME/,1,mixed_case,https://meinedkb.me/,0.9964073602438823,1
HTTP://WWW.PMBFYTLKM.ML,1,mixed_case,http://www.pmbfytlkm.ml,0.9985043531865021,1
HTTPS://WWW.SOLUTIONFUN.INFO,1,mixed_case,https://www.solutionfun.info,0.056748498587697,0
HTTPS://FLADESTATEINS.COM/4ECC9875-1BEC-4EB4-B4B8-859E345AA26A,1,mixed_case,https://fladestateins.com/4ecc9875-1bec-4eb4-b4b8-859e345aa26a,1.0,1
HTTPS://WWW.IOGINUNLCOVLABCP.COM/,1,mixed_case,https://www.ioginunlcovlabcp.com/,0.9774783592695032,1
HTTPS://OPMKLW.COM/,1,mixed_case,https://opmklw.com/,0.9984165810772747,1
HTTPS://PYYPLAPP.COM/,1,mixed_case,https://pyyplapp.com/,0.9993291836119088,1
HTTP://HKMULANE.CN/BNL51,1,mixed_case,http://hkmulane.cn/bnl51,0.9681349491900241,1
HTTP://WWW.WINCONNECTORS.COM,1,mixed_case,http://www.winconnectors.com,1.0,1
HTTP://WWW.WIKABA.COM,1,mixed_case,http://www.wikaba.com,1.0,1
HTTP://YZXLSC.COM/WORDPRESS/WP-INCLUDES/FONTS/AUPOST/TRACK/INDEX2.PHP,1,mixed_case,http://yzxlsc.com/wordpress/wp-includes/fonts/aupost/track/index2.php,1.0,1
HTTP://WWW.SHBC.PPLINK.CLUB,1,mixed_case,http://www.shbc.pplink.club,1.0,1
HTTP://WWW.TOWNCENTERHOTEL.COM,1,mixed_case,http://www.towncenterhotel.com,1.0,1
HTTP://WWW.MAIL-NEPALARMYMIL-NP.GQ,1,mixed_case,http://www.mail-nepalarmymil-np.gq,0.9999287064118066,1
HTTP://WWW.DYSKURS.COM.UA,1,mixed_case,http://www.dyskurs.com.ua,0.9816373438243231,1
HTTPS://ALERTASCLIENTE.WEBCINDARIO.COM/,1,mixed_case,https://alertascliente.webcindario.com/,1.0,1
HTTP://WWW.1SHOP.DE,1,mixed_case,http://www.1shop.de,0.9816017748706372,1
HTTPS://ATT-102707.SQUARE.SITE/,1,mixed_case,https://att-102707.square.site/,0.9943736137991257,1
HTTPS://AUTH-DKB-ONLINE.DE/,1,mixed_case,https://auth-dkb-online.de/,1.0,1
HTTP://WWW.CACHECONTENT.COM,1,mixed_case,http://www.cachecontent.com,1.0,1
HTTP://WWW.0CATCH.COM,1,mixed_case,http://www.0catch.com,0.9650474296203093,1
HTTP://LUKERS.COM.SG/CHRONOPOSTALERTEE/CHRONOPOSTALERTEE,1,mixed_case,http://lukers.com.sg/chronopostalertee/chronopostalertee,0.9846639272136442,1
HTTP://WWW.UNBLOCKPROXY.US,1,mixed_case,http://www.unblockproxy.us,1.0,1
HTTPS://CROSSCHAINBRIDGE-ETH.COM/?GCLID=CJWKCAIA5SIEBHBNEIWAR9OH2VY9YQ0VUIATDGYARSQDBWLWEZEJYZ3U2LJJJPHFZMF2SGPV9HOPIBOCO-WQAVD_BWE,1,mixed_case,https://crosschainbridge-eth.com/?gclid=cjwkcaia5siebhbneiwar9oh2vy9yq0vuiatdgyarsqdbwlwezejyz3u2ljjjphfzmf2sgpv9hopiboco-wqavd_bwe,1.0,1
HTTP://WWW.ALLSECUREHOSTING.COM,1,mixed_case,http://www.allsecurehosting.com,1.0,1
HTTP://WWW.WEAREBRED.NET,1,mixed_case,http://www.wearebred.net,1.0,1
HTTPS://CMAC-CAJATACNA.COM/1675952392/CLIENTE/LOGIN,1,mixed_case,https://cmac-cajatacna.com/1675952392/cliente/login,1.0,1
HTTPS://SAMPIERRY11.WIXSITE.COM/MY-SITE-1,1,mixed_case,https://sampierry11.wixsite.com/my-site-1,0.9689087921954822,1
HTTP://WWW.OOLKJD.PPLINK.CLUB,1,mixed_case,http://www.oolkjd.pplink.club,1.0,1
HTTP://MAHARASHTRA-ENTERPRISES.COM/FEEDBACK/PORTAL.PHP,1,mixed_case,http://maharashtra-enterprises.com/feedback/portal.php,0.9995195402352064,1
HTTP://WWW.ANTONGAS-FX.RU,1,mixed_case,http://www.antongas-fx.ru,0.9994544570136614,1
HTTP://WWW.TG0913.COM,1,mixed_case,http://www.tg0913.com,0.9777648945704241,1
HTTPS://POWERLINEINDUSTRIESINC.MYPORTFOLIO.COM/,1,mixed_case,https://powerlineindustriesinc.myportfolio.com/,0.9485448427017232,1
HTTPS://AYT-103563-100603.SQUARE.SITE/,1,mixed_case,https://ayt-103563-100603.square.site/,1.0,1
HTTP://WWW.PROXIFY.COM,1,mixed_case,http://www.proxify.com,1.0,1
HTTP://WWW.MARKETEXON.COM,1,mixed_case,http://www.marketexon.com,1.0,1
HTTPS://DOCS.GOOGLE.COM/FORMS/D/E/1FAIPQLSDNEGA_6C_PZ9_Q9EP9EPM4IWQFSRXQSNAZ-J9DYLDIMAOOCG/VIEWFORM?USP=SEND_FORM,1,mixed_case,https://docs.google.com/forms/d/e/1faipqlsdnega_6c_pz9_q9ep9epm4iwqfsrxqsnaz-j9dyldimaoocg/viewform?usp=send_form,0.7033824820250975,1
HTTP://WWW.SISHENDM.COM,1,mixed_case,http://www.sishendm.com,1.0,1
HTTP://ATT-108784.SQUARE.SITE/,1,mixed_case,http://att-108784.square.site/,1.0,1
HTTPS://INFORMASJON379820922.BLOGSPOT.COM/?TRKID=PN8322826547413800&SUB1=TB4J9LF,1,mixed_case,https://informasjon379820922.blogspot.com/?trkid=pn8322826547413800&sub1=tb4j9lf,1.0,1
HTTP://DOWN.SHOPEEVIP11.COM/,1,mixed_case,http://down.shopeevip11.com/,1.0,1
HTTP://WWW.OMWOWXISR.GA,1,mixed_case,http://www.omwowxisr.ga,1.0,1
HTTPS://AMAZON-HGFHTT.ZYNS.COM/MOBILE/SIGNIM.PHP,1,mixed_case,https://amazon-hgfhtt.zyns.com/mobile/signim.php,1.0,1
HTTP://WWW.BEATLESLOVER.COM,1,mixed_case,http://www.beatleslover.com,1.0,1
HTTPS://DOCS.GOOGLE.COM/FORMS/D/E/1FAIPQLSFP1EUKGSKTRIYRAZ2CSYNQWFWTV6EHLNBSZU69DBXZ9LIRTQ/VIEWFORM,1,mixed_case,https://docs.google.com/forms/d/e/1faipqlsfp1eukgsktriyraz2csynqwfwtv6ehlnbszu69dbxz9lirtq/viewform,0.7534481922157557,1
HTTPS://ACOMPANHANDO-MEUSGASTOS-ONLINE.COM/LUIZA/HOME.PHP?USERID=&URI=JKLUAMRFHFWOS4CAFNMEH7PA1PZX12WUKTQWV4SWVYW=,1,mixed_case,https://acompanhando-meusgastos-online.com/luiza/home.php?userid=&uri=jkluamrfhfwos4cafnmeh7pa1pzx12wuktqwv4swvyw=,1.0,1
HTTP://WWW.SPOKE.GA,1,mixed_case,http://www.spoke.ga,0.9962920566753493,1
HTTPS://ATT-100984.SQUARE.SITE/,1,mixed_case,https://att-100984.square.site/,0.9943736137991257,1
HTTP://WWW.14GJM.XYZ,1,mixed_case,http://www.14gjm.xyz,0.9722228021866013,1
HTTPS://MY-BUSINESS-107865-109573.SQUARE.SITE/,1,mixed_case,https://my-business-107865-109573.square.site/,1.0,1
HTTP://WWW.SUPPORTXMR.COM,1,mixed_case,http://www.supportxmr.com,1.0,1
HTTP://SHEINAAPP.COM,1,mixed_case,http://sheinaapp.com,0.9994464679897451,1
HTTP://WWW.NETSHIELDKIT.COM,1,mixed_case,http://www.netshieldkit.com,1.0,1
HTTPS://ZURBRIOERF.COM,1,mixed_case,https://zurbrioerf.com,0.8306525445835506,1
HTTP://WWW.HOTFIXMSUPLOAD.COM,1,mixed_case,http://www.hotfixmsupload.com,1.0,1
HTTPS://LOGIN-SCREEN-107860.SQUARE.SITE/,1,mixed_case,https://login-screen-107860.square.site/,1.0,1
HTTPS://DJC74BCD9B51A2-1EBF-4DF7-BC61-D371FE9ECCF.MYPORTFOLIO.COM/,1,mixed_case,https://djc74bcd9b51a2-1ebf-4df7-bc61-d371fe9eccf.myportfolio.com/,1.0,1
HTTPS://YAHOOCONFIGURATION0.WIXSITE.COM/HTML,1,mixed_case,https://yahooconfiguration0.wixsite.com/html,0.9849167701223888,1
HTTPS://DOCS.GOOGLE.COM/FORMS/D/E/1FAIPQLSC-NV7QLZ6JG_Y9ZE5K9DS_KZO8HYELURB5J5VEVE1Q4JKIWQ/VIEWFORM?USP=SEND_FORM,1,mixed_case,https://docs.google.com/forms/d/e/1faipqlsc-nv7qlz6jg_y9ze5k9ds_kzo8hyelurb5j5veve1q4jkiwq/viewform?usp=send_form,0.720276586983149,1
HTTPS://SHT.MOE/ZMRWW,1,mixed_case,https://sht.moe/zmrww,0.4918910930244695,1
HTTPS://WWW.OMAHANEWSBULLETIN.COM,1,mixed_case,https://www.omahanewsbulletin.com,0.005063146596516616,0
HTTPS://BJBBW6.WIXSITE.COM/MY-SITE-2,1,mixed_case,https://bjbbw6.wixsite.com/my-site-2,0.9032176541744148,1
HTTPS://TCPW7MWM.DREAMWP.COM/AUTH,1,mixed_case,https://tcpw7mwm.dreamwp.com/auth,0.9676166945405076,1
HTTP://WWW.GREEAIRCONDITION.COM,1,mixed_case,http://www.greeaircondition.com,1.0,1
HTTPS://DN75852739.WIXSITE.COM/MY-SITE,1,mixed_case,https://dn75852739.wixsite.com/my-site,0.999200050923821,1
HTTP://43.153.207.103/V3/SIGNIN/IDENTIFIER?DSH=S-16339560%3A1679418180081355&AMP%3BFOLLOWUP=HTTPS%3A%2F%2FACCOUNTS.GOOGLE.COM%2F%3F&AMP%3BIFKV=AWNOGHEDJEEZLXXCUKYOBIKKSRLSKKBB8NAFTYMOJF2PWIKAB-MD99NJ9VZJMESHC1TRPQXMZ-T9&AMP%3BPASSIVE=1209600&AMP%3BXREALIP=107.178.200.216&CONTINUE=HTTPS%3A%2F%2FACCOUNTS.GOOGLE.COM%2F%3F&XREALIP=107.21.207.171&FLOWNAME=WEBLITESIGNIN&FLOWENTRY=SERVICELOGIN&IFKV=AWNOGHDKBQ5_BCBCS7T_JBBB9KH3TXPCQOMJBJVTODOOLKFRAGLNQNBWSICQNUYMO66JB13FVSXV,1,mixed_case,http://43.153.207.103/v3/signin/identifier?dsh=s-16339560%3a1679418180081355&amp%3bfollowup=https%3a%2f%2faccounts.google.com%2f%3f&amp%3bifkv=awnoghedjeezlxxcukyobikksrlskkbb8naftymojf2pwikab-md99nj9vzjmeshc1trpqxmz-t9&amp%3bpassive=1209600&amp%3bxrealip=107.178.200.216&continue=https%3a%2f%2faccounts.google.com%2f%3f&xrealip=107.21.207.171&flowname=weblitesignin&flowentry=servicelogin&ifkv=awnoghdkbq5_bcbcs7t_jbbb9kh3txpcqomjbjvtodoolkfraglnqnbwsicqnuymo66jb13fvsxv,1.0,1
HTTP://WWW.UZDARAKCHI.COM,1,mixed_case,http://www.uzdarakchi.com,1.0,1
HTTPS://MAIL-105744.SQUARE.SITE/,1,mixed_case,https://mail-105744.square.site/,1.0,1
HTTPS://WWW.EKNI-NCT.EKINT.LULHBC.TOP/LOAD.PHP,1,mixed_case,https://www.ekni-nct.ekint.lulhbc.top/load.php,1.0,1
HTTPS://DRIVE.GOOGLE.COM/FILE/D/1GINBNLPVT7KPFNOG9A68FQMN7K3AIVUI,1,mixed_case,https://drive.google.com/file/d/1ginbnlpvt7kpfnog9a68fqmn7k3aivui,0.7307390359510865,1
HTTP://WWW.OMWOWXISU.GQ,1,mixed_case,http://www.omwowxisu.gq,1.0,1
HTTP://WWW.ASYMMETRICFILE.BLOGSPOT.COM,1,mixed_case,http://www.asymmetricfile.blogspot.com,0.9821175137634939,1
HTTP://WWW.INBOUNDMAG.COM,1,mixed_case,http://www.inboundmag.com,1.0,1
HTTP://WWW.PDNW.NOWURL.FUN,1,mixed_case,http://www.pdnw.nowurl.fun,0.9816373438243231,1
HTTPS://E.VG/24BPER,1,mixed_case,https://e.vg/24bper,0.9560703659389842,1
HTTPS://NOVO-SICREDI-BLACK.COM/?PAGE=HOME&AMP;A=208A545D9C9920E5B82164095EF319BAD2175DC5SECURE2158133160D9D280AFD9BAA68AC7D4411E4DFA5AACCESS&AMP;B=C307F85EF63C038DB5451A1042F6F71035959E14SECUREB88A92FFF52F9BEF397D01A21EBE53836DCF62FBACCESS&AMP;C=4B5A9AFCEE2770F60FDA9BE064592B20A861A360SECURE9C2ABCAA953117131AA7425287BB7855C77D94E9ACCESS,1,mixed_case,https://novo-sicredi-black.com/?page=home&amp;a=208a545d9c9920e5b82164095ef319bad2175dc5secure2158133160d9d280afd9baa68ac7d4411e4dfa5aaccess&amp;b=c307f85ef63c038db5451a1042f6f71035959e14secureb88a92fff52f9bef397d01a21ebe53836dcf62fbaccess&amp;c=4b5a9afcee2770f60fda9be064592b20a861a360secure9c2abcaa953117131aa7425287bb7855c77d94e9access,1.0,1
HTTP://SMARTDAPPSAUTHONLINE.COM,1,mixed_case,http://smartdappsauthonline.com,0.9995767463882685,1
HTTP://WWW.HELPDESK.AUTODEFRAGAPP.COM,1,mixed_case,http://www.helpdesk.autodefragapp.com,1.0,1
HTTP://WWW.REVOADADEMALANDRO.TOP,1,mixed_case,http://www.revoadademalandro.top,0.9920928028000567,1
HTTP://WWW.HIPHOPECONOMICDEVELOPMENT.COM,1,mixed_case,http://www.hiphopeconomicdevelopment.com,0.9783648051184329,1
HTTPS://OUNT.THEJEWTANGCLAN.COM/JP.PHP,1,mixed_case,https://ount.thejewtangclan.com/jp.php,0.9989634431724195,1
HTTPS://FATURARENNERSOLUCOESWEB.COM/LOGIN/SEGURANCA.PHP,1,mixed_case,https://faturarennersolucoesweb.com/login/seguranca.php,1.0,1
HTTP://WWW.NVDH.NOWURL.FUN,1,mixed_case,http://www.nvdh.nowurl.fun,0.9816373438243231,1
HTTP://WWW.MAILSERVICES.PYTHONANYWHERE.COM,1,mixed_case,http://www.mailservices.pythonanywhere.com,1.0,1
HTTPS://DOCS.GOOGLE.COM/PRESENTATION/D/E/2PACX-1VQP1BS7PP2GUHIDDNANCI5T_ELOBEVUP6MR14V_LLAXFA_35LNJ_GD57IUZQ91RM4XIOXGT3RSTSQQU/PUB?START=FALSE&LOOP=FALSE&DELAYMS=3000&SLIDE=ID.P,1,mixed_case,https://docs.google.com/presentation/d/e/2pacx-1vqp1bs7pp2guhiddnanci5t_elobevup6mr14v_llaxfa_35lnj_gd57iuzq91rm4xioxgt3rstsqqu/pub?start=false&loop=false&delayms=3000&slide=id.p,0.7353754422421334,1
HTTPS://ARNAZ0N.TGFDW.TOP/AP/SIGNIN,1,mixed_case,https://arnaz0n.tgfdw.top/ap/signin,0.9900652118847063,1
HTTP://WWW.XSITES-DEV.XYZ,1,mixed_case,http://www.xsites-dev.xyz,1.0,1
HTTP://WWW.CRYPTOBARA.COM,1,mixed_case,http://www.cryptobara.com,1.0,1
HTTP://WWW.ANCIENT-PARROT-9.LOCA.LT,1,mixed_case,http://www.ancient-parrot-9.loca.lt,1.0,1
HTTP://WWW.WANGLUOJIUMINGJINGLI.ORG,1,mixed_case,http://www.wangluojiumingjingli.org,1.0,1
HTTP://WWW.RANDKEY-1301476296.COS.AP-MUMBAI.MYQCLOUD.COM,1,mixed_case,http://www.randkey-1301476296.cos.ap-mumbai.myqcloud.com,1.0,1
HTTP://UNISWAPLENDWAP.TOP,1,mixed_case,http://uniswaplendwap.top,0.9646299120649324,1
HTTPS://LATE-DINGOS-SUFFER-209-127-18-151.LOCA.LT/,1,mixed_case,https://late-dingos-suffer-209-127-18-151.loca.lt/,1.0,1
HTTP://WWW.RATLITTONRIGH.COM,1,mixed_case,http://www.ratlittonrigh.com,1.0,1
HTTP://WWW.ADRD.XIAXIAB.COM,1,mixed_case,http://www.adrd.xiaxiab.com,1.0,1
HTTP://WWW.SANARADYAB.IR,1,mixed_case,http://www.sanaradyab.ir,1.0,1
HTTP://WWW.PHLHJK.CANNCA.SHOP,1,mixed_case,http://www.phlhjk.cannca.shop,0.9816373438243231,1
HTTPS://LIZC2F3.MYPORTFOLIO.COM/,1,mixed_case,https://lizc2f3.myportfolio.com/,0.990799475149468,1
HTTPS://CHRISTENSENGROUPINSURANCE.MYPORTFOLIO.COM/,1,mixed_case,https://christensengroupinsurance.myportfolio.com/,1.0,1
HTTP://WWW.BRUIDSFOTOGRAFIE-BREDA.NL,1,mixed_case,http://www.bruidsfotografie-breda.nl,1.0,1
HTTP://WWW.ORIGINPRODUCTS.XYZ,1,mixed_case,http://www.originproducts.xyz,0.9920928028000567,1
HTTP://WWW.TALKISCHEAP.CO.ZA,1,mixed_case,http://www.talkischeap.co.za,1.0,1
HTTP://WWW.UNIVERSALBUMPKEYS.COM,1,mixed_case,http://www.universalbumpkeys.com,1.0,1
HTTP://WWW.PICNICAPP.CO.UK,1,mixed_case,http://www.picnicapp.co.uk,1.0,1
HTTP://WWW.PERFORMANCEACADEMIA.COM.BR,1,mixed_case,http://www.performanceacademia.com.br,1.0,1
HTTP://WWW.CQ.TQOMZ.COM,1,mixed_case,http://www.cq.tqomz.com,1.0,1
HTTP://WWW.FLIGHTZY.BID,1,mixed_case,http://www.flightzy.bid,1.0,1
HTTPS://DOCS.GOOGLE.COM/FORMS/D/E/1FAIPQLSEHT4CDLTKAD8967JJARCB5NAFONBAW3DTPYNTH9MDK94HF-Q/VIEWFORM?USP=SEND_FORM,1,mixed_case,https://docs.google.com/forms/d/e/1faipqlseht4cdltkad8967jjarcb5nafonbaw3dtpynth9mdk94hf-q/viewform?usp=send_form,0.7353754422421334,1
HTTPS://AUTOFIELDINDIA.COM/OB,1,mixed_case,https://autofieldindia.com/ob,1.0,1
HTTP://SEGUROLTAU.ATSNX.COM/,1,mixed_case,http://seguroltau.atsnx.com/,0.9999058517998822,1
HTTP://WWW.SERVER1FERMO.EXODUS.CONNEXXA.IT,1,mixed_case,http://www.server1fermo.exodus.connexxa.it,0.9913702773612997,1
HTTPS://WWW.NETFLIX-VN.COM,1,mixed_case,https://www.netflix-vn.com,0.10678285881905487,0
HTTP://WWW.REPO.DO-CU.SITE,1,mixed_case,http://www.repo.do-cu.site,0.9598743289057923,1
HTTP://WWW.LIVE-COM.GQ,1,mixed_case,http://www.live-com.gq,0.995098624732943,1
HTTP://WWW.JRAT.IO,1,mixed_case,http://www.jrat.io,0.9999711312893398,1
HTTP://WWW.IREDL.ML,1,mixed_case,http://www.iredl.ml,0.9962920566753493,1
HTTPS://REVIEW-DOCU.MYPORTFOLIO.COM/,1,mixed_case,https://review-docu.myportfolio.com/,0.9777408470028904,1
HTTP://WWW.K8381.COM,1,mixed_case,http://www.k8381.com,0.9811845863054321,1
HTTP://WWW.CHROMEPERFECTION.COM,1,mixed_case,http://www.chromeperfection.com,1.0,1
HTTP://WWW.111XXXXX.COM,1,mixed_case,http://www.111xxxxx.com,0.9777648945704241,1
HTTP://ATT-101435-107378.SQUARE.SITE/,1,mixed_case,http://att-101435-107378.square.site/,1.0,1
HTTP://WWW.HBAA.LAW,1,mixed_case,http://www.hbaa.law,0.9997685248881314,1
HTTP://WWW.ENTOURAGEAID.COM,1,mixed_case,http://www.entourageaid.com,1.0,1
HTTP://WWW.SERVERANYWHERE.CF,1,mixed_case,http://www.serveranywhere.cf,0.9920928028000567,1
HTTP://WWW.SALESFORCESUPPORTS.COM,1,mixed_case,http://www.salesforcesupports.com,1.0,1
HTTP://ETHEREUM-CHE.COM,1,mixed_case,http://ethereum-che.com,0.99975821214459,1
HTTP://WWW.TRKPS.COM,1,mixed_case,http://www.trkps.com,0.9998900234391588,1
HTTP://WWW.DYNAMIC-DNS.NET,1,mixed_case,http://www.dynamic-dns.net,1.0,1
HTTP://WWW.MBMB99.COM,1,mixed_case,http://www.mbmb99.com,0.9777648945704241,1
HTTP://WWW.MICHKATRAVEL.COM,1,mixed_case,http://www.michkatravel.com,1.0,1
HTTP://WWW.2WW.ME,1,mixed_case,http://www.2ww.me,0.9816306435812976,1
HTTP://WWW.KRAWANGAN.COM,1,mixed_case,http://www.krawangan.com,1.0,1
HTTP://WWW.METEOPROG.NS01.US,1,mixed_case,http://www.meteoprog.ns01.us,0.9725888494844706,1
HTTP://WWW.AMAZCAOM-CO-JP.AMAOZEON.CHALVSHE.TOP/,1,mixed_case,http://www.amazcaom-co-jp.amaozeon.chalvshe.top/,1.0,1
HTTP://WWW.ADISCUSION.COM,1,mixed_case,http://www.adiscusion.com,1.0,1
HTTP://WWW.PANORAMA-OTEL.RU,1,mixed_case,http://www.panorama-otel.ru,1.0,1
HTTP://WWW.WILDCARD.REPETA.COM.AU,1,mixed_case,http://www.wildcard.repeta.com.au,1.0,1
HTTPS://ATTCOM-109199.SQUARE.SITE/,1,mixed_case,https://attcom-109199.square.site/,0.9931069615472448,1
HTTP://WWW.LBERTUSSBAU.COM,1,mixed_case,http://www.lbertussbau.com,1.0,1
HTTP://WWW.KAKAO.NET-ALL.WEBSITE,1,mixed_case,http://www.kakao.net-all.website,0.9816373438243231,1
HTTP://WWW.AXLETIME.COM,1,mixed_case,http://www.axletime.com,1.0,1
HTTP://WWW.SHPK-SANAIR.GQ,1,mixed_case,http://www.shpk-sanair.gq,0.9994544570136614,1
HTTPS://SUSANGERD.IR/REFCHECK/OLD.HTML,1,mixed_case,https://susangerd.ir/refcheck/old.html,0.8020709539081234,1
HTTPS://ZENOBRANDS33.WIXSITE.COM/MY-SITE,1,mixed_case,https://zenobrands33.wixsite.com/my-site,0.9997583966390742,1
HTTP://WWW.GREENPHOENIX.XYZ,1,mixed_case,http://www.greenphoenix.xyz,1.0,1
HTTP://WWW.TALLYANDFIN.COM,1,mixed_case,http://www.tallyandfin.com,1.0,1
HTTP://WWW.SENA-PEYGRI.CF,1,mixed_case,http://www.sena-peygri.cf,1.0,1
HTTP://CONFIRMARCREDITOLTAU.ATSNX.COM/?I=1,1,mixed_case,http://confirmarcreditoltau.atsnx.com/?i=1,1.0,1
HTTP://WORK4HOME.CO.ZA/ADMIN/1CB-47C22-B778A6B-70E64D1225C1FEF51/ENFORCER/LOGIN.PHP,1,mixed_case,http://work4home.co.za/admin/1cb-47c22-b778a6b-70e64d1225c1fef51/enforcer/login.php,0.9931258585956119,1
HTTPS://TCOMMANDERDCD7.MYPORTFOLIO.COM/,1,mixed_case,https://tcommanderdcd7.myportfolio.com/,0.990001939977813,1
HTTP://WWW.211205.TOP,1,mixed_case,http://www.211205.top,0.9777648945704241,1
HTTP://WWW.KHMEROSJA.NET,1,mixed_case,http://www.khmerosja.net,1.0,1
HTTP://WWW.6.DUOGZ.COM,1,mixed_case,http://www.6.duogz.com,0.9923612928545037,1
HTTPS://SITES.GOOGLE.COM/VIEW/NECROLOGIEINFOSFRORAVOCAL/ACCUEIL,1,mixed_case,https://sites.google.com/view/necrologieinfosfroravocal/accueil,0.6047671958339277,1
HTTPS://ADTTNETAGADFAR.SQUARE.SITE/,1,mixed_case,https://adttnetagadfar.square.site/,1.0,1
HTTP://WWW.WATERHOUSECLEANING.CO.UK,1,mixed_case,http://www.waterhousecleaning.co.uk,1.0,1
HTTP://WWW.RYSSTADSYLV.NO,1,mixed_case,http://www.rysstadsylv.no,1.0,1
HTTP://WWW.DREAMPORTALZ.US,1,mixed_case,http://www.dreamportalz.us,1.0,1
HTTP://WWW.888ANDRO.NET,1,mixed_case,http://www.888andro.net,0.9816306435812976,1
HTTP://VERIFYSUP02218115112022.RF.GD/,1,mixed_case,http://verifysup02218115112022.rf.gd/,1.0,1
HTTPS://AMOEN.YE958.COM/JP,1,mixed_case,https://amoen.ye958.com/jp,0.987602331106101,1
HTTP://WWW.PBHACK.RU,1,mixed_case,http://www.pbhack.ru,0.9978429823148467,1
HTTP://WWW.OFFICE-FONTS.HEROKUAPP.COM,1,mixed_case,http://www.office-fonts.herokuapp.com,1.0,1
HTTP://WWW.HEALTHYMACHINERY.COM,1,mixed_case,http://www.healthymachinery.com,1.0,1
HTTP://WWW.STACKSPAY.COM,1,mixed_case,http://www.stackspay.com,1.0,1
HTTPS://DOCS.GOOGLE.COM/PRESENTATION/D/E/2PACX-1VTNQM2U8SHVHQGTYOG36ZYXJJWMEIQC2Y9YXURMF80C9KIJVZEYCQSUQEXDZVH8RK1B5B1FLUBEND6L/PUB?START=FALSE&LOOP=FALSE&DELAYMS=3000&SLIDE=ID.P,1,mixed_case,https://docs.google.com/presentation/d/e/2pacx-1vtnqm2u8shvhqgtyog36zyxjjwmeiqc2y9yxurmf80c9kijvzeycqsuqexdzvh8rk1b5b1flubend6l/pub?start=false&loop=false&delayms=3000&slide=id.p,0.7353754422421334,1
HTTP://WWW.AMAZCEOM-CO-JP.AMACZEON.CHATDOUYIN.TOP/,1,mixed_case,http://www.amazceom-co-jp.amaczeon.chatdouyin.top/,1.0,1
HTTP://WWW.PRECISIONMECHANICAL.ORG,1,mixed_case,http://www.precisionmechanical.org,0.9999287064118066,1
HTTP://WWW.FOTOS.LC,1,mixed_case,http://www.fotos.lc,0.9994450293437207,1
HTTP://WWW.DADSGETINTHEGAME.COM,1,mixed_case,http://www.dadsgetinthegame.com,1.0,1
HTTP://WWW.3JE.SDYBV.COM,1,mixed_case,http://www.3je.sdybv.com,0.9922034941446226,1
HTTP://WWW.AUSAMEETINGS.COM,1,mixed_case,http://www.ausameetings.com,1.0,1
HTTP://WWW.JS.CSAD.CC,1,mixed_case,http://www.js.csad.cc,1.0,1
HTTP://WWW.LOTTOPLAYS.COM,1,mixed_case,http://www.lottoplays.com,1.0,1
HTTP://WWW.DOABLE.NL,1,mixed_case,http://www.doable.nl,0.9993782714199672,1
HTTP://WWW.INDEKSONLINE.ORG,1,mixed_case,http://www.indeksonline.org,1.0,1
HTTP://WWW.NAVERSERVICETEAM.COM,1,mixed_case,http://www.naverserviceteam.com,1.0,1
HTTP://SWEETCEIDROGERBHIMLEA.TK/,1,mixed_case,http://sweetceidrogerbhimlea.tk/,1.0,1
HTTP://WWW.WEBPARTNER.FR,1,mixed_case,http://www.webpartner.fr,1.0,1
HTTP://WWW.EGGSUPGRILLFRANCHISE.COM,1,mixed_case,http://www.eggsupgrillfranchise.com,1.0,1
HTTP://LAVOZDELOSCENTAUROS.COM/,1,mixed_case,http://lavozdeloscentauros.com/,0.9949185765009684,1
HTTP://WWW.SGNATURN.COM,1,mixed_case,http://www.sgnaturn.com,1.0,1
HTTP://WALLETCONNECTLIVE.BLOGSPOT.COM,1,mixed_case,http://walletconnectlive.blogspot.com,0.9813516521760619,1
HTTPS://LINK.TKILEF.TOP,1,mixed_case,https://link.tkilef.top,0.00810698522121164,0
HTTP://WWW.SARTCO-IR.COM,1,mixed_case,http://www.sartco-ir.com,0.9999362398733233,1
HTTP://WWW.POX23.IO,1,mixed_case,http://www.pox23.io,0.9816017748706372,1
HTTP://WWW.SBDGB.COM,1,mixed_case,http://www.sbdgb.com,0.9998900234391588,1
HTTP://WWW.SENSEYE.IKWB.COM,1,mixed_case,http://www.senseye.ikwb.com,1.0,1
HTTPS://WWW.MOMEYKLTE.CATTACA.COM/SONN/CLIENT/INDEX_SP.HTML,1,mixed_case,https://www.momeyklte.cattaca.com/sonn/client/index_sp.html,0.9997583966390742,1
HTTP://DOC-METAMASK.RF.GD,1,mixed_case,http://doc-metamask.rf.gd,1.0,1
HTTP://WWW.TIMOLEARY.CO.UK,1,mixed_case,http://www.timoleary.co.uk,1.0,1
HTTP://WWW.AFILIADOSILVA.COM,1,mixed_case,http://www.afiliadosilva.com,1.0,1
HTTP://WWW.EBLAGH-R.ML,1,mixed_case,http://www.eblagh-r.ml,0.995098624732943,1
HTTPS://ATT-102722-106593SERVCERBUSINESS.SQUARE.SITE/,1,mixed_case,https://att-102722-106593servcerbusiness.square.site/,1.0,1
HTTP://WWW.HANDYMAN.MACLEANNSW.COM,1,mixed_case,http://www.handyman.macleannsw.com,0.9987087530906413,1
HTTP://TURNAROUNDSUPPORT.CO.ZA/KUNDENKONTO/INDEXX.HTML,1,mixed_case,http://turnaroundsupport.co.za/kundenkonto/indexx.html,0.9996480341614363,1
HTTP://WWW.DATENBANK.MOBI,1,mixed_case,http://www.datenbank.mobi,1.0,1
HTTPS://ATTLOGINPAGE-MAILERLINK.SQUARE.SITE/,1,mixed_case,https://attloginpage-mailerlink.square.site/,1.0,1
HTTP://WWW.TZUZSYFD.NET,1,mixed_case,http://www.tzuzsyfd.net,1.0,1
HTTPS://ATT-MAIL-104057.SQUARE.SITE/,1,mixed_case,https://att-mail-104057.square.site/,0.9872730456960646,1
HTTP://WWW.DAXBERGER.AT,1,mixed_case,http://www.daxberger.at,1.0,1
HTTPS://FLADESTATEINS.COM/08131E57-E230-465B-BB5E-840B8AF30EC4,1,mixed_case,https://fladestateins.com/08131e57-e230-465b-bb5e-840b8af30ec4,1.0,1
HTTPS://POLD.BUILDERALLWPPRO.COM/WP-CONTENT/PLUGINS/R/TRACKING/FV5EJH/DETAILS.PHP,1,mixed_case,https://pold.builderallwppro.com/wp-content/plugins/r/tracking/fv5ejh/details.php,1.0,1
HTTP://WWW.DELPHI3135.GORODOK.NET,1,mixed_case,http://www.delphi3135.gorodok.net,1.0,1
HTTP://WWW.GREENCOCO.ID,1,mixed_case,http://www.greencoco.id,1.0,1
HTTP://WWW.EBLAGH-HJ.ML,1,mixed_case,http://www.eblagh-hj.ml,0.995098624732943,1
HTTP://WWW.115.AT,1,mixed_case,http://www.115.at,0.9807565559839568,1
HTTPS://ALLEGROIOKALNIE7INFO.67564534.XYZ/BDXL74CX?FROM_SMS=1,1,mixed_case,https://allegroiokalnie7info.67564534.xyz/bdxl74cx?from_sms=1,0.990001939977813,1
HTTP://WWW.APP.IN-SPICY.COM,1,mixed_case,http://www.app.in-spicy.com,0.981152126952973,1
HTTP://WWW.RAKCTEN-CARB.OFHZUUE.CN/,1,mixed_case,http://www.rakcten-carb.ofhzuue.cn/,0.9992289915080452,1
HTTPS://WWW.COSMOSWATER.IN/OTP.PHP,1,mixed_case,https://www.cosmoswater.in/otp.php,0.6193137118280926,1
HTTP://YEQK42T.SQUARE.SITE/,1,mixed_case,http://yeqk42t.square.site/,1.0,1
HTTPS://MY-BUSINESS-103077.SQUARE.SITE/,1,mixed_case,https://my-business-103077.square.site/,1.0,1
HTTP://WWW.FRISSONCOURIER.COM/WP-CONTENT/PLUGINS/WPCARGO/ASSETS/IMAGES/,1,mixed_case,http://www.frissoncourier.com/wp-content/plugins/wpcargo/assets/images/,0.9888332785055146,1
HTTPS://DOCS.GOOGLE.COM/FORMS/D/E/1FAIPQLSFJSGJHBJKE-MLMNI8CFG1TACZ-HDPVMY5J2BR9UPJR1F7NDA/VIEWFORM?USP=SEND_FORM,1,mixed_case,https://docs.google.com/forms/d/e/1faipqlsfjsgjhbjke-mlmni8cfg1tacz-hdpvmy5j2br9upjr1f7nda/viewform?usp=send_form,0.7534481922157557,1
HTTPS://INSTAGRAME.NET/,1,mixed_case,https://instagrame.net/,0.9961359846880612,1
HTTP://WWW.HXC28.COM,1,mixed_case,http://www.hxc28.com,0.981595752165281,1
HTTP://WWW.LEAPMOM.COM,1,mixed_case,http://www.leapmom.com,1.0,1
HTTPS://SITES.GOOGLE.COM/VIEW/PTSS18/?DN,1,mixed_case,https://sites.google.com/view/ptss18/?dn,0.06249523990826268,0
HTTP://WWW.EMRAHKESKIN.COM,1,mixed_case,http://www.emrahkeskin.com,1.0,1
HTTP://WWW.HOTELFOCUS.NL,1,mixed_case,http://www.hotelfocus.nl,1.0,1
HTTP://WWW.CROPHYSI.RU,1,mixed_case,http://www.crophysi.ru,1.0,1
HTTP://WWW.AADL-IRAN.ML,1,mixed_case,http://www.aadl-iran.ml,0.995098624732943,1
HTTP://WWW.ZESTEVENTS.CO,1,mixed_case,http://www.zestevents.co,1.0,1
HTTP://WWW.WJ.TQOMZ.COM,1,mixed_case,http://www.wj.tqomz.com,1.0,1
HTTP://WWW.JAVATERM.COM,1,mixed_case,http://www.javaterm.com,1.0,1
HTTP://WWW.IAMME-LABEL.COM,1,mixed_case,http://www.iamme-label.com,1.0,1
HTTP://WWW.WESTTHAMESPHYSIO.COM,1,mixed_case,http://www.westthamesphysio.com,1.0,1
HTTP://WWW.211120BEI.TOP,1,mixed_case,http://www.211120bei.top,0.9816306435812976,1
HTTP://WWW.BSHADES.EU,1,mixed_case,http://www.bshades.eu,1.0,1
HTTPS://BANBOBIINACIONALL.HEROKUAPP.COM/,1,mixed_case,https://banbobiinacionall.herokuapp.com/,0.990001939977813,1
HTTPS://S3.AP-SOUTHEAST-1.WASABISYS.COM/POLICIES/APPSUITE/TLYAPPIOOX/MAILFOLDERDEFAULT0/INBOX.HTML#REDACTED@ABUSE.IONOS.COM,1,mixed_case,https://s3.ap-southeast-1.wasabisys.com/policies/appsuite/tlyappioox/mailfolderdefault0/inbox.html#redacted@abuse.ionos.com,1.0,1
HTTP://WWW.RSPVM.SERVERGAME.COM,1,mixed_case,http://www.rspvm.servergame.com,0.98435751403913,1
HTTP://AKEWUQEKAS.SEMBARRIGA.COM.BR/VNAFVRA97W/?Q=3717065149&ID=100,1,mixed_case,http://akewuqekas.sembarriga.com.br/vnafvra97w/?q=3717065149&id=100,1.0,1
HTTP://WWW.CREATIVECOMBAT.COM/WP-ADMIN/NETWORK/ACCT/LOGIN.PHP?RAND=13INBOXLIGHTASPXN.1774256418&FID.4.1252899642&FID=1&FAV.1&RAND.13INBOXLIGHT.ASPXN.1774256418&FID.1252899642&FID.1&FAV.1&EMAIL=&.RAND=13INBOXLIGHT.ASPX?N=1774256418&FID=4#N=1252899642&FID=1&FAV=1,1,mixed_case,http://www.creativecombat.com/wp-admin/network/acct/login.php?rand=13inboxlightaspxn.1774256418&fid.4.1252899642&fid=1&fav.1&rand.13inboxlight.aspxn.1774256418&fid.1252899642&fid.1&fav.1&email=&.rand=13inboxlight.aspx?n=1774256418&fid=4#n=1252899642&fid=1&fav=1,1.0,1
HTTP://WWW.XNXX.C1.BIZ,1,mixed_case,http://www.xnxx.c1.biz,0.9904563001199502,1
HTTP://WWW.JFGSIFRPTBIRUSGS.NET,1,mixed_case,http://www.jfgsifrptbirusgs.net,1.0,1
HTTP://WWW.TANILCOSMETICS.COM,1,mixed_case,http://www.tanilcosmetics.com,1.0,1
HTTPS://TROPHTERRA.TK/164BD,1,mixed_case,https://trophterra.tk/164bd,0.9907096902588787,1
http:%2f/www.shprakserf.gq,1,percent_encode,http://www.shprakserf.gq,1.0,1
http:%2f/www.iuhjn.pplink.club,1,percent_encode,http://www.iuhjn.pplink.club,0.975552665706289,1
https:%2f/sabadonoappmagazine.com/,1,percent_encode,https://sabadonoappmagazine.com/,0.9971677187886456,1
http:%2f/www.nextraload.com,1,percent_encode,http://www.nextraload.com,1.0,1
http:%2f/tkmowpikuk.owl4fsrch.club/vnafvra97w/?q=3717065149&id=100,1,percent_encode,http://tkmowpikuk.owl4fsrch.club/vnafvra97w/?q=3717065149&id=100,0.9797701923260036,1
https:%2f/btopenworldwebmailing.square.site/,1,percent_encode,https://btopenworldwebmailing.square.site/,0.9971677187886456,1
http:%2f/www.fgurb.cannca.shop,1,percent_encode,http://www.fgurb.cannca.shop,0.975552665706289,1
https:%2f/www.ethmining.info/#/,1,percent_encode,https://www.ethmining.info/#/,0.9539000528944968,1
http:%2f/ianacurtis.rmxcontabilidade.com.br,1,percent_encode,http://ianacurtis.rmxcontabilidade.com.br,0.9903191576596516,1
http:%2f/www.pony4.microsoftups.com,1,percent_encode,http://www.pony4.microsoftups.com,0.9876854830569108,1
http:%2f/www.play.stream.vidzi.tv,1,percent_encode,http://www.play.stream.vidzi.tv,0.9748724885812621,1
http:%2f/www.beemail.online,1,percent_encode,http://www.beemail.online,1.0,1
http:%2f/www.915783.com,1,percent_encode,http://www.915783.com,0.9614585289211981,1
https:%2f/attcom-102201.square.site/,1,percent_encode,https://attcom-102201.square.site/,0.8857314645670101,1
https:%2f/upyq8ess.dreamwp.com/dkskat/,1,percent_encode,https://upyq8ess.dreamwp.com/dkskat/,0.9826403052447732,1
https:%2f/www.faewood.com,1,percent_encode,https://www.faewood.com,0.9414497266276275,1
https:%2f/ennsttsqau.square.site/,1,percent_encode,https://ennsttsqau.square.site/,0.9863956493340652,1
https:%2f/docs.google.com/forms/d/1casphevkfdaz2okqj70wdai3pdwwg1weh_rpk9v0z3a/viewform,1,percent_encode,https://docs.google.com/forms/d/1casphevkfdaz2okqj70wdai3pdwwg1weh_rpk9v0z3a/viewform,0.9971677187886456,1
http:%2f/www.frissoncourier.com,1,percent_encode,http://www.frissoncourier.com,0.9927149079646955,1
http:%2f/www.clinicafresa20.com,1,percent_encode,http://www.clinicafresa20.com,0.9858232700616751,1
http:%2f/chieuphan-bdshotram.com/webs/,1,percent_encode,http://chieuphan-bdshotram.com/webs/,0.9921225409765082,1
https:%2f/www.ekie-nat.ekaste.bhwkke.top/load.php,1,percent_encode,https://www.ekie-nat.ekaste.bhwkke.top/load.php,0.9804962738157699,1
http:%2f/www.keliweb.it,1,percent_encode,http://www.keliweb.it,0.9716264521253895,1
http:%2f/www.baagii.sportsnewsa.net,1,percent_encode,http://www.baagii.sportsnewsa.net,0.9971677187886456,1
https:%2f/s3.ap-southeast-1.wasabisys.com/mailbusiness/appsuite/tlyappioox/mailfolderdefault9/inbox.html#redacted@abuse.ionos.com,1,percent_encode,https://s3.ap-southeast-1.wasabisys.com/mailbusiness/appsuite/tlyappioox/mailfolderdefault9/inbox.html#redacted@abuse.ionos.com,0.9971677187886456,1
https:%2f/lowes-solicitors.co.uk/ch/panel/,1,percent_encode,https://lowes-solicitors.co.uk/ch/panel/,0.9572389184468907,1
http:%2f/www.clientcentre.net,1,percent_encode,http://www.clientcentre.net,0.9971677187886456,1
https:%2f/euygy.square.site/,1,percent_encode,https://euygy.square.site/,0.9856445580358427,1
http:%2f/www.automan-1301476296.cos.eu-moscow.myqcloud.com,1,percent_encode,http://www.automan-1301476296.cos.eu-moscow.myqcloud.com,0.9797701923260036,1
http:%2f/www.aleksandartaskov.com,1,percent_encode,http://www.aleksandartaskov.com,0.9971677187886456,1
http:%2f/www.whoer.net,1,percent_encode,http://www.whoer.net,0.9581968386233649,1
https:%2f/terapiaespecializada.es/mtb/app/verify.php,1,percent_encode,https://terapiaespecializada.es/mtb/app/verify.php,0.9902732796631373,1
http:%2f/www.nogiledeneli.ru,1,percent_encode,http://www.nogiledeneli.ru,0.9756122198420311,1
http:%2f/www.reco.ws,1,percent_encode,http://www.reco.ws,0.9940671889252449,1
http:%2f/www.polevoyton.store,1,percent_encode,http://www.polevoyton.store,0.9971677187886456,1
https:%2f/antai-gouv.net/,1,percent_encode,https://antai-gouv.net/,0.9676398491057299,1
https:%2f/shrtco.de/1d9yeo,1,percent_encode,https://shrtco.de/1d9yeo,1.0,1
http:%2f/fti.unmerpas.ac.id/wp-admin/user/webgenkic/investopia/index.php?email=get@get.get,1,percent_encode,http://fti.unmerpas.ac.id/wp-admin/user/webgenkic/investopia/index.php?email=get@get.get,0.9971677187886456,1
https:%2f/ejjud0.wixsite.com/attt,1,percent_encode,https://ejjud0.wixsite.com/attt,0.9788081284152556,1
http:%2f/www.campbellz.cf,1,percent_encode,http://www.campbellz.cf,0.9414497266276275,1
http:%2f/www.lwac.com,1,percent_encode,http://www.lwac.com,0.9709959773376354,1
http:%2f/centrica.comrqzrofxnhwwgrqzrofrofxnhwagx2nfse2nfagx2nfsesewxnhwagxwgrqzg.mustaccio.com/0.php#ywnjb3vudhnay2vudhjpy2euy29t,1,percent_encode,http://centrica.comrqzrofxnhwwgrqzrofrofxnhwagx2nfse2nfagx2nfsesewxnhwagxwgrqzg.mustaccio.com/0.php#ywnjb3vudhnay2vudhjpy2euy29t,0.9971677187886456,1
https:%2f/00-coveriy-tm.quest/,1,percent_encode,https://00-coveriy-tm.quest/,0.9150642279167597,1
https:%2f/attcom-101978.square.site/,1,percent_encode,https://attcom-101978.square.site/,0.8857314645670101,1
https:%2f/docs.google.com/forms/d/e/1faipqlscckv1-rxhipcmrhnwfvq2lhuxx18nzcm1e7e0oz8ienixtgw/viewform,1,percent_encode,https://docs.google.com/forms/d/e/1faipqlscckv1-rxhipcmrhnwfvq2lhuxx18nzcm1e7e0oz8ienixtgw/viewform,0.9971677187886456,1
http:%2f/www.oosp.pplink.club,1,percent_encode,http://www.oosp.pplink.club,0.9768651334850318,1
https:%2f/www-info-cr-mufg.huiwenfeng.com/jp.php,1,percent_encode,https://www-info-cr-mufg.huiwenfeng.com/jp.php,0.9822389184468907,1
http:%2f/www.karizcustomizeme.com,1,percent_encode,http://www.karizcustomizeme.com,0.9971677187886456,1
http:%2f/dj-wedding.tk/besst/,1,percent_encode,http://dj-wedding.tk/besst/,0.9333297009750904,1
https:%2f/www.google.com/url?q=https://ipfs.io/ipfs/qmpovsvevlyhp2gj6vfhkqvhaydz1o7y2xn3xt87kkghtv%23%5bemail%5d&amp;source=gmail&amp;ust=1663915474090000&amp;usg=aovvaw1usggtmp1ivavtzsxcz8g1,1,percent_encode,https://www.google.com/url?q=https://ipfs.io/ipfs/qmpovsvevlyhp2gj6vfhkqvhaydz1o7y2xn3xt87kkghtv%23%5bemail%5d&amp;source=gmail&amp;ust=1663915474090000&amp;usg=aovvaw1usggtmp1ivavtzsxcz8g1,0.967510160890453,1
http:%2f/www.iiorinmf.pplink.club,1,percent_encode,http://www.iiorinmf.pplink.club,0.9863956493340652,1
https:%2f/dmbelectricinc.com/,1,percent_encode,https://dmbelectricinc.com/,0.9971677187886456,1
http:%2f/www.intelsupportcenter.com,1,percent_encode,http://www.intelsupportcenter.com,0.9971677187886456,1
http:%2f/4710463d43910.bonactech.com/#zfhobgnrqmtimjfoyvc0dwrhegs,1,percent_encode,http://4710463d43910.bonactech.com/#zfhobgnrqmtimjfoyvc0dwrhegs,0.9797701923260036,1
http:%2f/www.www--wellsfargo--com--t249329d48d6c.wsipv6.com,1,percent_encode,http://www.www--wellsfargo--com--t249329d48d6c.wsipv6.com,0.9457581322822328,1
https:%2f/www.id292468292.ru,1,percent_encode,https://www.id292468292.ru,0.9621259059342859,1
https:%2f/www.danieltolson.com/home.php,1,percent_encode,https://www.danieltolson.com/home.php,0.9921225409765082,1
http:%2f/www.icloud-id-services.com,1,percent_encode,http://www.icloud-id-services.com,0.9705074878941513,1
http:%2f/www.tripadvisorsapp.com,1,percent_encode,http://www.tripadvisorsapp.com,0.9971677187886456,1
http:%2f/my-business-106173-106262.square.site/,1,percent_encode,http://my-business-106173-106262.square.site/,0.9233101503365111,1
http:%2f/cek58793690694674609.rf.gd/,1,percent_encode,http://cek58793690694674609.rf.gd/,0.9146426771219074,1
https:%2f/meinedkb.me/,1,percent_encode,https://meinedkb.me/,0.9601894835271345,1
http:%2f/www.pmbfytlkm.ml,1,percent_encode,http://www.pmbfytlkm.ml,0.9414497266276275,1
https:%2f/www.solutionfun.info,1,percent_encode,https://www.solutionfun.info,0.9931637665014922,1
https:%2f/fladestateins.com/4ecc9875-1bec-4eb4-b4b8-859e345aa26a,1,percent_encode,https://fladestateins.com/4ecc9875-1bec-4eb4-b4b8-859e345aa26a,0.9797701923260036,1
https:%2f/www.ioginunlcovlabcp.com/,1,percent_encode,https://www.ioginunlcovlabcp.com/,0.978333119713396,1
https:%2f/opmklw.com/,1,percent_encode,https://opmklw.com/,0.9807188625861322,1
https:%2f/pyyplapp.com/,1,percent_encode,https://pyyplapp.com/,0.9852529803829428,1
http:%2f/hkmulane.cn/bnl51,1,percent_encode,http://hkmulane.cn/bnl51,1.0,1
http:%2f/www.winconnectors.com,1,percent_encode,http://www.winconnectors.com,0.9931637665014922,1
http:%2f/www.wikaba.com,1,percent_encode,http://www.wikaba.com,0.9716264521253895,1
http:%2f/yzxlsc.com/wordpress/wp-includes/fonts/aupost/track/index2.php,1,percent_encode,http://yzxlsc.com/wordpress/wp-includes/fonts/aupost/track/index2.php,0.9971677187886456,1
http:%2f/www.shbc.pplink.club,1,percent_encode,http://www.shbc.pplink.club,0.9768651334850318,1
http:%2f/www.towncenterhotel.com,1,percent_encode,http://www.towncenterhotel.com,0.9971677187886456,1
http:%2f/www.mail-nepalarmymil-np.gq,1,percent_encode,http://www.mail-nepalarmymil-np.gq,0.9755154588431797,1
http:%2f/www.dyskurs.com.ua,1,percent_encode,http://www.dyskurs.com.ua,0.9628367365738365,1
https:%2f/alertascliente.webcindario.com/,1,percent_encode,https://alertascliente.webcindario.com/,0.9971677187886456,1
http:%2f/www.1shop.de,1,percent_encode,http://www.1shop.de,0.9584544045880836,1
https:%2f/att-102707.square.site/,1,percent_encode,https://att-102707.square.site/,0.9397045653770709,1
https:%2f/auth-dkb-online.de/,1,percent_encode,https://auth-dkb-online.de/,0.9333297009750904,1
http:%2f/www.cachecontent.com,1,percent_encode,http://www.cachecontent.com,0.9971677187886456,1
http:%2f/www.0catch.com,1,percent_encode,http://www.0catch.com,0.9716264521253895,1
http:%2f/lukers.com.sg/chronopostalertee/chronopostalertee,1,percent_encode,http://lukers.com.sg/chronopostalertee/chronopostalertee,0.9971677187886456,1
http:%2f/www.unblockproxy.us,1,percent_encode,http://www.unblockproxy.us,0.9756122198420311,1
https:%2f/crosschainbridge-eth.com/?gclid=cjwkcaia5siebhbneiwar9oh2vy9yq0vuiatdgyarsqdbwlwezejyz3u2ljjjphfzmf2sgpv9hopiboco-wqavd_bwe,1,percent_encode,https://crosschainbridge-eth.com/?gclid=cjwkcaia5siebhbneiwar9oh2vy9yq0vuiatdgyarsqdbwlwezejyz3u2ljjjphfzmf2sgpv9hopiboco-wqavd_bwe,0.9971677187886456,1
http:%2f/www.allsecurehosting.com,1,percent_encode,http://www.allsecurehosting.com,0.9971677187886456,1
http:%2f/www.wearebred.net,1,percent_encode,http://www.wearebred.net,1.0,1
https:%2f/cmac-cajatacna.com/1675952392/cliente/login,1,percent_encode,https://cmac-cajatacna.com/1675952392/cliente/login,0.9797701923260036,1
https:%2f/sampierry11.wixsite.com/my-site-1,1,percent_encode,https://sampierry11.wixsite.com/my-site-1,0.9474225986268694,1
http:%2f/www.oolkjd.pplink.club,1,percent_encode,http://www.oolkjd.pplink.club,0.9819428385101151,1
http:%2f/maharashtra-enterprises.com/feedback/portal.php,1,percent_encode,http://maharashtra-enterprises.com/feedback/portal.php,0.9971677187886456,1
http:%2f/www.antongas-fx.ru,1,percent_encode,http://www.antongas-fx.ru,0.9628367365738365,1
http:%2f/www.tg0913.com,1,percent_encode,http://www.tg0913.com,0.9614585289211981,1
https:%2f/powerlineindustriesinc.myportfolio.com/,1,percent_encode,https://powerlineindustriesinc.myportfolio.com/,0.9971677187886456,1
https:%2f/ayt-103563-100603.square.site/,1,percent_encode,https://ayt-103563-100603.square.site/,0.8925105125005827,1
http:%2f/www.proxify.com,1,percent_encode,http://www.proxify.com,0.9995522667261028,1
http:%2f/www.marketexon.com,1,percent_encode,http://www.marketexon.com,1.0,1
https:%2f/docs.google.com/forms/d/e/1faipqlsdnega_6c_pz9_q9ep9epm4iwqfsrxqsnaz-j9dyldimaoocg/viewform?usp=send_form,1,percent_encode,https://docs.google.com/forms/d/e/1faipqlsdnega_6c_pz9_q9ep9epm4iwqfsrxqsnaz-j9dyldimaoocg/viewform?usp=send_form,0.9971677187886456,1
http:%2f/www.sishendm.com,1,percent_encode,http://www.sishendm.com,0.9414497266276275,1
http:%2f/att-108784.square.site/,1,percent_encode,http://att-108784.square.site/,0.9147045653770709,1
https:%2f/informasjon379820922.blogspot.com/?trkid=pn8322826547413800&sub1=tb4j9lf,1,percent_encode,https://informasjon379820922.blogspot.com/?trkid=pn8322826547413800&sub1=tb4j9lf,0.9797701923260036,1
http:%2f/down.shopeevip11.com/,1,percent_encode,http://down.shopeevip11.com/,0.971559644185281,1
http:%2f/www.omwowxisr.ga,1,percent_encode,http://www.omwowxisr.ga,0.9414497266276275,1
https:%2f/amazon-hgfhtt.zyns.com/mobile/signim.php,1,percent_encode,https://amazon-hgfhtt.zyns.com/mobile/signim.php,0.9602281018509998,1
http:%2f/www.beatleslover.com,1,percent_encode,http://www.beatleslover.com,0.9971677187886456,1
https:%2f/docs.google.com/forms/d/e/1faipqlsfp1eukgsktriyraz2csynqwfwtv6ehlnbszu69dbxz9lirtq/viewform,1,percent_encode,https://docs.google.com/forms/d/e/1faipqlsfp1eukgsktriyraz2csynqwfwtv6ehlnbszu69dbxz9lirtq/viewform,0.9971677187886456,1
https:%2f/acompanhando-meusgastos-online.com/luiza/home.php?userid=&uri=jkluamrfhfwos4cafnmeh7pa1pzx12wuktqwv4swvyw=,1,percent_encode,https://acompanhando-meusgastos-online.com/luiza/home.php?userid=&uri=jkluamrfhfwos4cafnmeh7pa1pzx12wuktqwv4swvyw=,0.9971677187886456,1
http:%2f/www.spoke.ga,1,percent_encode,http://www.spoke.ga,0.9709959773376354,1
https:%2f/att-100984.square.site/,1,percent_encode,https://att-100984.square.site/,0.9397045653770709,1
http:%2f/www.14gjm.xyz,1,percent_encode,http://www.14gjm.xyz,0.9646126575673538,1
https:%2f/my-business-107865-109573.square.site/,1,percent_encode,https://my-business-107865-109573.square.site/,0.9233101503365111,1
http:%2f/www.supportxmr.com,1,percent_encode,http://www.supportxmr.com,1.0,1
http:%2f/sheinaapp.com,1,percent_encode,http://sheinaapp.com,0.9695149221991419,1
http:%2f/www.netshieldkit.com,1,percent_encode,http://www.netshieldkit.com,0.9971677187886456,1
https:%2f/zurbrioerf.com,1,percent_encode,https://zurbrioerf.com,0.9440447168093851,1
http:%2f/www.hotfixmsupload.com,1,percent_encode,http://www.hotfixmsupload.com,0.9927149079646955,1
https:%2f/login-screen-107860.square.site/,1,percent_encode,https://login-screen-107860.square.site/,0.8615953432890393,1
https:%2f/djc74bcd9b51a2-1ebf-4df7-bc61-d371fe9eccf.myportfolio.com/,1,percent_encode,https://djc74bcd9b51a2-1ebf-4df7-bc61-d371fe9eccf.myportfolio.com/,0.9797701923260036,1
https:%2f/yahooconfiguration0.wixsite.com/html,1,percent_encode,https://yahooconfiguration0.wixsite.com/html,0.9952730039757206,1
https:%2f/docs.google.com/forms/d/e/1faipqlsc-nv7qlz6jg_y9ze5k9ds_kzo8hyelurb5j5veve1q4jkiwq/viewform?usp=send_form,1,percent_encode,https://docs.google.com/forms/d/e/1faipqlsc-nv7qlz6jg_y9ze5k9ds_kzo8hyelurb5j5veve1q4jkiwq/viewform?usp=send_form,0.9971677187886456,1
https:%2f/sht.moe/zmrww,1,percent_encode,https://sht.moe/zmrww,0.9852529803829428,1
https:%2f/www.omahanewsbulletin.com,1,percent_encode,https://www.omahanewsbulletin.com,0.9721677187886456,1
https:%2f/bjbbw6.wixsite.com/my-site-2,1,percent_encode,https://bjbbw6.wixsite.com/my-site-2,0.9345647906985688,1
https:%2f/tcpw7mwm.dreamwp.com/auth,1,percent_encode,https://tcpw7mwm.dreamwp.com/auth,0.9688508839816612,1
http:%2f/www.greeaircondition.com,1,percent_encode,http://www.greeaircondition.com,0.9971677187886456,1
https:%2f/dn75852739.wixsite.com/my-site,1,percent_encode,https://dn75852739.wixsite.com/my-site,0.8715035340215905,1
http:%2f/43.153.207.103/v3/signin/identifier?dsh=s-16339560%3a1679418180081355&amp%3bfollowup=https%3a%2f%2faccounts.google.com%2f%3f&amp%3bifkv=awnoghedjeezlxxcukyobikksrlskkbb8naftymojf2pwikab-md99nj9vzjmeshc1trpqxmz-t9&amp%3bpassive=1209600&amp%3bxrealip=107.178.200.216&continue=https%3a%2f%2faccounts.google.com%2f%3f&xrealip=107.21.207.171&flowname=weblitesignin&flowentry=servicelogin&ifkv=awnoghdkbq5_bcbcs7t_jbbb9kh3txpcqomjbjvtodoolkfraglnqnbwsicqnuymo66jb13fvsxv,1,percent_encode,http://43.153.207.103/v3/signin/identifier?dsh=s-16339560%3a1679418180081355&amp%3bfollowup=https%3a%2f%2faccounts.google.com%2f%3f&amp%3bifkv=awnoghedjeezlxxcukyobikksrlskkbb8naftymojf2pwikab-md99nj9vzjmeshc1trpqxmz-t9&amp%3bpassive=1209600&amp%3bxrealip=107.178.200.216&continue=https%3a%2f%2faccounts.google.com%2f%3f&xrealip=107.21.207.171&flowname=weblitesignin&flowentry=servicelogin&ifkv=awnoghdkbq5_bcbcs7t_jbbb9kh3txpcqomjbjvtodoolkfraglnqnbwsicqnuymo66jb13fvsxv,0.9797701923260036,1
http:%2f/www.uzdarakchi.com,1,percent_encode,http://www.uzdarakchi.com,1.0,1
https:%2f/mail-105744.square.site/,1,percent_encode,https://mail-105744.square.site/,0.9204630365296282,1
https:%2f/www.ekni-nct.ekint.lulhbc.top/load.php,1,percent_encode,https://www.ekni-nct.ekint.lulhbc.top/load.php,0.9822389184468907,1
https:%2f/drive.google.com/file/d/1ginbnlpvt7kpfnog9a68fqmn7k3aivui,1,percent_encode,https://drive.google.com/file/d/1ginbnlpvt7kpfnog9a68fqmn7k3aivui,0.9971677187886456,1
http:%2f/www.omwowxisu.gq,1,percent_encode,http://www.omwowxisu.gq,0.9414497266276275,1
http:%2f/www.asymmetricfile.blogspot.com,1,percent_encode,http://www.asymmetricfile.blogspot.com,0.9971677187886456,1
http:%2f/www.inboundmag.com,1,percent_encode,http://www.inboundmag.com,1.0,1
http:%2f/www.pdnw.nowurl.fun,1,percent_encode,http://www.pdnw.nowurl.fun,0.9748724885812621,1
https:%2f/e.vg/24bper,1,percent_encode,https://e.vg/24bper,0.9774117962816241,1
https:%2f/novo-sicredi-black.com/?page=home&amp;a=208a545d9c9920e5b82164095ef319bad2175dc5secure2158133160d9d280afd9baa68ac7d4411e4dfa5aaccess&amp;b=c307f85ef63c038db5451a1042f6f71035959e14secureb88a92fff52f9bef397d01a21ebe53836dcf62fbaccess&amp;c=4b5a9afcee2770f60fda9be064592b20a861a360secure9c2abcaa953117131aa7425287bb7855c77d94e9access,1,percent_encode,https://novo-sicredi-black.com/?page=home&amp;a=208a545d9c9920e5b82164095ef319bad2175dc5secure2158133160d9d280afd9baa68ac7d4411e4dfa5aaccess&amp;b=c307f85ef63c038db5451a1042f6f71035959e14secureb88a92fff52f9bef397d01a21ebe53836dcf62fbaccess&amp;c=4b5a9afcee2770f60fda9be064592b20a861a360secure9c2abcaa953117131aa7425287bb7855c77d94e9access,0.9797701923260036,1
http:%2f/smartdappsauthonline.com,1,percent_encode,http://smartdappsauthonline.com,0.9971677187886456,1
http:%2f/www.helpdesk.autodefragapp.com,1,percent_encode,http://www.helpdesk.autodefragapp.com,0.9971677187886456,1
http:%2f/www.revoadademalandro.top,1,percent_encode,http://www.revoadademalandro.top,0.9721677187886456,1
http:%2f/www.hiphopeconomicdevelopment.com,1,percent_encode,http://www.hiphopeconomicdevelopment.com,0.9903191576596516,1
https:%2f/ount.thejewtangclan.com/jp.php,1,percent_encode,https://ount.thejewtangclan.com/jp.php,0.9971677187886456,1
https:%2f/faturarennersolucoesweb.com/login/seguranca.php,1,percent_encode,https://faturarennersolucoesweb.com/login/seguranca.php,0.9971677187886456,1
http:%2f/www.nvdh.nowurl.fun,1,percent_encode,http://www.nvdh.nowurl.fun,0.9748724885812621,1
http:%2f/www.mailservices.pythonanywhere.com,1,percent_encode,http://www.mailservices.pythonanywhere.com,0.9971677187886456,1
https:%2f/docs.google.com/presentation/d/e/2pacx-1vqp1bs7pp2guhiddnanci5t_elobevup6mr14v_llaxfa_35lnj_gd57iuzq91rm4xioxgt3rstsqqu/pub?start=false&loop=false&delayms=3000&slide=id.p,1,percent_encode,https://docs.google.com/presentation/d/e/2pacx-1vqp1bs7pp2guhiddnanci5t_elobevup6mr14v_llaxfa_35lnj_gd57iuzq91rm4xioxgt3rstsqqu/pub?start=false&loop=false&delayms=3000&slide=id.p,0.9971677187886456,1
https:%2f/arnaz0n.tgfdw.top/ap/signin,1,percent_encode,https://arnaz0n.tgfdw.top/ap/signin,0.9971677187886456,1
http:%2f/www.xsites-dev.xyz,1,percent_encode,http://www.xsites-dev.xyz,0.9628367365738365,1
http:%2f/www.cryptobara.com,1,percent_encode,http://www.cryptobara.com,1.0,1
http:%2f/www.ancient-parrot-9.loca.lt,1,percent_encode,http://www.ancient-parrot-9.loca.lt,0.9595647906985688,1
http:%2f/www.wangluojiumingjingli.org,1,percent_encode,http://www.wangluojiumingjingli.org,0.9783502033854645,1
http:%2f/www.randkey-1301476296.cos.ap-mumbai.myqcloud.com,1,percent_encode,http://www.randkey-1301476296.cos.ap-mumbai.myqcloud.com,0.9797701923260036,1
http:%2f/uniswaplendwap.top,1,percent_encode,http://uniswaplendwap.top,0.9892165705079659,1
https:%2f/late-dingos-suffer-209-127-18-151.loca.lt/,1,percent_encode,https://late-dingos-suffer-209-127-18-151.loca.lt/,0.9641087459163273,1
http:%2f/www.ratlittonrigh.com,1,percent_encode,http://www.ratlittonrigh.com,0.9931637665014922,1
http:%2f/www.adrd.xiaxiab.com,1,percent_encode,http://www.adrd.xiaxiab.com,0.9768651334850318,1
http:%2f/www.sanaradyab.ir,1,percent_encode,http://www.sanaradyab.ir,1.0,1
http:%2f/www.phlhjk.cannca.shop,1,percent_encode,http://www.phlhjk.cannca.shop,0.9819428385101151,1
https:%2f/lizc2f3.myportfolio.com/,1,percent_encode,https://lizc2f3.myportfolio.com/,0.9637694604826296,1
https:%2f/christensengroupinsurance.myportfolio.com/,1,percent_encode,https://christensengroupinsurance.myportfolio.com/,0.9902732796631373,1
http:%2f/www.bruidsfotografie-breda.nl,1,percent_encode,http://www.bruidsfotografie-breda.nl,0.9971677187886456,1
http:%2f/www.originproducts.xyz,1,percent_encode,http://www.originproducts.xyz,0.9927149079646955,1
http:%2f/www.talkischeap.co.za,1,percent_encode,http://www.talkischeap.co.za,0.975552665706289,1
http:%2f/www.universalbumpkeys.com,1,percent_encode,http://www.universalbumpkeys.com,0.9721677187886456,1
http:%2f/www.picnicapp.co.uk,1,percent_encode,http://www.picnicapp.co.uk,0.9748724885812621,1
http:%2f/www.performanceacademia.com.br,1,percent_encode,http://www.performanceacademia.com.br,0.9971677187886456,1
http:%2f/www.cq.tqomz.com,1,percent_encode,http://www.cq.tqomz.com,0.9676398491057299,1
http:%2f/www.flightzy.bid,1,percent_encode,http://www.flightzy.bid,0.9414497266276275,1
https:%2f/docs.google.com/forms/d/e/1faipqlseht4cdltkad8967jjarcb5nafonbaw3dtpynth9mdk94hf-q/viewform?usp=send_form,1,percent_encode,https://docs.google.com/forms/d/e/1faipqlseht4cdltkad8967jjarcb5nafonbaw3dtpynth9mdk94hf-q/viewform?usp=send_form,0.9971677187886456,1
https:%2f/autofieldindia.com/ob,1,percent_encode,https://autofieldindia.com/ob,0.9927149079646955,1
http:%2f/seguroltau.atsnx.com/,1,percent_encode,http://seguroltau.atsnx.com/,0.975552665706289,1
http:%2f/www.server1fermo.exodus.connexxa.it,1,percent_encode,http://www.server1fermo.exodus.connexxa.it,0.9876854830569108,1
https:%2f/www.netflix-vn.com,1,percent_encode,https://www.netflix-vn.com,0.9856445580358427,1
http:%2f/www.repo.do-cu.site,1,percent_encode,http://www.repo.do-cu.site,0.933352863718447,1
http:%2f/www.live-com.gq,1,percent_encode,http://www.live-com.gq,0.9878367365738365,1
http:%2f/www.jrat.io,1,percent_encode,http://www.jrat.io,0.9940671889252449,1
http:%2f/www.iredl.ml,1,percent_encode,http://www.iredl.ml,0.9709959773376354,1
https:%2f/review-docu.myportfolio.com/,1,percent_encode,https://review-docu.myportfolio.com/,0.9921225409765082,1
http:%2f/www.k8381.com,1,percent_encode,http://www.k8381.com,0.9577518006676705,1
http:%2f/www.chromeperfection.com,1,percent_encode,http://www.chromeperfection.com,0.9971677187886456,1
http:%2f/www.111xxxxx.com,1,percent_encode,http://www.111xxxxx.com,0.9164497266276275,1
http:%2f/att-101435-107378.square.site/,1,percent_encode,http://att-101435-107378.square.site/,0.8840770942358649,1
http:%2f/www.hbaa.law,1,percent_encode,http://www.hbaa.law,0.9709959773376354,1
http:%2f/www.entourageaid.com,1,percent_encode,http://www.entourageaid.com,0.9971677187886456,1
http:%2f/www.serveranywhere.cf,1,percent_encode,http://www.serveranywhere.cf,0.9931637665014922,1
http:%2f/www.salesforcesupports.com,1,percent_encode,http://www.salesforcesupports.com,0.9971677187886456,1
http:%2f/ethereum-che.com,1,percent_encode,http://ethereum-che.com,0.9414497266276275,1
http:%2f/www.trkps.com,1,percent_encode,http://www.trkps.com,0.9581968386233649,1
http:%2f/www.dynamic-dns.net,1,percent_encode,http://www.dynamic-dns.net,0.9748724885812621,1
http:%2f/www.mbmb99.com,1,percent_encode,http://www.mbmb99.com,0.9716264521253895,1
http:%2f/www.michkatravel.com,1,percent_encode,http://www.michkatravel.com,0.9971677187886456,1
http:%2f/www.2ww.me,1,percent_encode,http://www.2ww.me,0.9815256161756931,1
http:%2f/www.krawangan.com,1,percent_encode,http://www.krawangan.com,1.0,1
http:%2f/www.meteoprog.ns01.us,1,percent_encode,http://www.meteoprog.ns01.us,0.971559644185281,1
http:%2f/www.amazcaom-co-jp.amaozeon.chalvshe.top/,1,percent_encode,http://www.amazcaom-co-jp.amaozeon.chalvshe.top/,0.9594272618965185,1
http:%2f/www.adiscusion.com,1,percent_encode,http://www.adiscusion.com,1.0,1
http:%2f/www.panorama-otel.ru,1,percent_encode,http://www.panorama-otel.ru,0.9768651334850318,1
http:%2f/www.wildcard.repeta.com.au,1,percent_encode,http://www.wildcard.repeta.com.au,0.9705074878941513,1
https:%2f/attcom-109199.square.site/,1,percent_encode,https://attcom-109199.square.site/,0.8857314645670101,1
http:%2f/www.lbertussbau.com,1,percent_encode,http://www.lbertussbau.com,0.9756122198420311,1
http:%2f/www.kakao.net-all.website,1,percent_encode,http://www.kakao.net-all.website,0.9671133169849184,1
http:%2f/www.axletime.com,1,percent_encode,http://www.axletime.com,0.9414497266276275,1
http:%2f/www.shpk-sanair.gq,1,percent_encode,http://www.shpk-sanair.gq,0.9628367365738365,1
https:%2f/susangerd.ir/refcheck/old.html,1,percent_encode,https://susangerd.ir/refcheck/old.html,0.9971677187886456,1
https:%2f/zenobrands33.wixsite.com/my-site,1,percent_encode,https://zenobrands33.wixsite.com/my-site,0.9876854830569108,1
http:%2f/www.greenphoenix.xyz,1,percent_encode,http://www.greenphoenix.xyz,0.9971677187886456,1
http:%2f/www.tallyandfin.com,1,percent_encode,http://www.tallyandfin.com,0.9756122198420311,1
http:%2f/www.sena-peygri.cf,1,percent_encode,http://www.sena-peygri.cf,0.9628367365738365,1
http:%2f/confirmarcreditoltau.atsnx.com/?i=1,1,percent_encode,http://confirmarcreditoltau.atsnx.com/?i=1,0.9826403052447732,1
http:%2f/work4home.co.za/admin/1cb-47c22-b778a6b-70e64d1225c1fef51/enforcer/login.php,1,percent_encode,http://work4home.co.za/admin/1cb-47c22-b778a6b-70e64d1225c1fef51/enforcer/login.php,0.9797701923260036,1
https:%2f/tcommanderdcd7.myportfolio.com/,1,percent_encode,https://tcommanderdcd7.myportfolio.com/,0.9876854830569108,1
http:%2f/www.211205.top,1,percent_encode,http://www.211205.top,0.9614585289211981,1
http:%2f/www.khmerosja.net,1,percent_encode,http://www.khmerosja.net,1.0,1
http:%2f/www.6.duogz.com,1,percent_encode,http://www.6.duogz.com,0.9752951638242846,1
https:%2f/sites.google.com/view/necrologieinfosfroravocal/accueil,1,percent_encode,https://sites.google.com/view/necrologieinfosfroravocal/accueil,0.9971677187886456,1
https:%2f/adttnetagadfar.square.site/,1,percent_encode,https://adttnetagadfar.square.site/,0.9971677187886456,1
http:%2f/www.waterhousecleaning.co.uk,1,percent_encode,http://www.waterhousecleaning.co.uk,0.9971677187886456,1
http:%2f/www.rysstadsylv.no,1,percent_encode,http://www.rysstadsylv.no,1.0,1
http:%2f/www.dreamportalz.us,1,percent_encode,http://www.dreamportalz.us,0.9756122198420311,1
http:%2f/www.888andro.net,1,percent_encode,http://www.888andro.net,0.9164497266276275,1
http:%2f/verifysup02218115112022.rf.gd/,1,percent_encode,http://verifysup02218115112022.rf.gd/,0.900797283445739,1
https:%2f/amoen.ye958.com/jp,1,percent_encode,https://amoen.ye958.com/jp,0.9807144475699996,1
http:%2f/www.pbhack.ru,1,percent_encode,http://www.pbhack.ru,0.9581968386233649,1
http:%2f/www.office-fonts.herokuapp.com,1,percent_encode,http://www.office-fonts.herokuapp.com,0.9921225409765082,1
http:%2f/www.healthymachinery.com,1,percent_encode,http://www.healthymachinery.com,0.9971677187886456,1
http:%2f/www.stackspay.com,1,percent_encode,http://www.stackspay.com,1.0,1
https:%2f/docs.google.com/presentation/d/e/2pacx-1vtnqm2u8shvhqgtyog36zyxjjwmeiqc2y9yxurmf80c9kijvzeycqsuqexdzvh8rk1b5b1flubend6l/pub?start=false&loop=false&delayms=3000&slide=id.p,1,percent_encode,https://docs.google.com/presentation/d/e/2pacx-1vtnqm2u8shvhqgtyog36zyxjjwmeiqc2y9yxurmf80c9kijvzeycqsuqexdzvh8rk1b5b1flubend6l/pub?start=false&loop=false&delayms=3000&slide=id.p,0.9971677187886456,1
http:%2f/www.amazceom-co-jp.amaczeon.chatdouyin.top/,1,percent_encode,http://www.amazceom-co-jp.amaczeon.chatdouyin.top/,0.9602281018509998,1
http:%2f/www.precisionmechanical.org,1,percent_encode,http://www.precisionmechanical.org,0.9971677187886456,1
http:%2f/www.fotos.lc,1,percent_encode,http://www.fotos.lc,0.9709959773376354,1
http:%2f/www.dadsgetinthegame.com,1,percent_encode,http://www.dadsgetinthegame.com,0.9971677187886456,1
http:%2f/www.3je.sdybv.com,1,percent_encode,http://www.3je.sdybv.com,0.9628367365738365,1
http:%2f/www.ausameetings.com,1,percent_encode,http://www.ausameetings.com,0.9971677187886456,1
http:%2f/www.js.csad.cc,1,percent_encode,http://www.js.csad.cc,0.9727100606873934,1
http:%2f/www.lottoplays.com,1,percent_encode,http://www.lottoplays.com,1.0,1
http:%2f/www.doable.nl,1,percent_encode,http://www.doable.nl,0.9581968386233649,1
http:%2f/www.indeksonline.org,1,percent_encode,http://www.indeksonline.org,0.9971677187886456,1
http:%2f/www.naverserviceteam.com,1,percent_encode,http://www.naverserviceteam.com,0.9971677187886456,1
http:%2f/sweetceidrogerbhimlea.tk/,1,percent_encode,http://sweetceidrogerbhimlea.tk/,0.9721677187886456,1
http:%2f/www.webpartner.fr,1,percent_encode,http://www.webpartner.fr,1.0,1
http:%2f/www.eggsupgrillfranchise.com,1,percent_encode,http://www.eggsupgrillfranchise.com,0.9783502033854645,1
http:%2f/lavozdeloscentauros.com/,1,percent_encode,http://lavozdeloscentauros.com/,0.9971677187886456,1
http:%2f/www.sgnaturn.com,1,percent_encode,http://www.sgnaturn.com,0.9414497266276275,1
http:%2f/walletconnectlive.blogspot.com,1,percent_encode,http://walletconnectlive.blogspot.com,0.9971677187886456,1
https:%2f/link.tkilef.top,1,percent_encode,https://link.tkilef.top,0.9414497266276275,1
http:%2f/www.sartco-ir.com,1,percent_encode,http://www.sartco-ir.com,0.9520302427633356,1
http:%2f/www.pox23.io,1,percent_encode,http://www.pox23.io,0.9774117962816241,1
http:%2f/www.sbdgb.com,1,percent_encode,http://www.sbdgb.com,0.9581968386233649,1
http:%2f/www.senseye.ikwb.com,1,percent_encode,http://www.senseye.ikwb.com,0.9768651334850318,1
https:%2f/www.momeyklte.cattaca.com/sonn/client/index_sp.html,1,percent_encode,https://www.momeyklte.cattaca.com/sonn/client/index_sp.html,0.9921225409765082,1
http:%2f/doc-metamask.rf.gd,1,percent_encode,http://doc-metamask.rf.gd,0.9628367365738365,1
http:%2f/www.timoleary.co.uk,1,percent_encode,http://www.timoleary.co.uk,0.9748724885812621,1
http:%2f/www.afiliadosilva.com,1,percent_encode,http://www.afiliadosilva.com,0.9931637665014922,1
http:%2f/www.eblagh-r.ml,1,percent_encode,http://www.eblagh-r.ml,0.9878367365738365,1
https:%2f/att-102722-106593servcerbusiness.square.site/,1,percent_encode,https://att-102722-106593servcerbusiness.square.site/,0.9797701923260036,1
http:%2f/www.handyman.macleannsw.com,1,percent_encode,http://www.handyman.macleannsw.com,0.9971677187886456,1
http:%2f/turnaroundsupport.co.za/kundenkonto/indexx.html,1,percent_encode,http://turnaroundsupport.co.za/kundenkonto/indexx.html,0.9971677187886456,1
http:%2f/www.datenbank.mobi,1,percent_encode,http://www.datenbank.mobi,1.0,1
https:%2f/attloginpage-mailerlink.square.site/,1,percent_encode,https://attloginpage-mailerlink.square.site/,0.9971677187886456,1
http:%2f/www.tzuzsyfd.net,1,percent_encode,http://www.tzuzsyfd.net,0.9414497266276275,1
https:%2f/att-mail-104057.square.site/,1,percent_encode,https://att-mail-104057.square.site/,0.8262393084854353,1
http:%2f/www.daxberger.at,1,percent_encode,http://www.daxberger.at,0.9414497266276275,1
https:%2f/fladestateins.com/08131e57-e230-465b-bb5e-840b8af30ec4,1,percent_encode,https://fladestateins.com/08131e57-e230-465b-bb5e-840b8af30ec4,0.9797701923260036,1
https:%2f/pold.builderallwppro.com/wp-content/plugins/r/tracking/fv5ejh/details.php,1,percent_encode,https://pold.builderallwppro.com/wp-content/plugins/r/tracking/fv5ejh/details.php,0.9971677187886456,1
http:%2f/www.delphi3135.gorodok.net,1,percent_encode,http://www.delphi3135.gorodok.net,0.9407020358864419,1
http:%2f/www.greencoco.id,1,percent_encode,http://www.greencoco.id,0.9414497266276275,1
http:%2f/www.eblagh-hj.ml,1,percent_encode,http://www.eblagh-hj.ml,0.9676398491057299,1
http:%2f/www.115.at,1,percent_encode,http://www.115.at,0.9730970749550426,1
https:%2f/allegroiokalnie7info.67564534.xyz/bdxl74cx?from_sms=1,1,percent_encode,https://allegroiokalnie7info.67564534.xyz/bdxl74cx?from_sms=1,0.9797701923260036,1
http:%2f/www.app.in-spicy.com,1,percent_encode,http://www.app.in-spicy.com,0.9333297009750904,1
http:%2f/www.rakcten-carb.ofhzuue.cn/,1,percent_encode,http://www.rakcten-carb.ofhzuue.cn/,0.9822389184468907,1
https:%2f/www.cosmoswater.in/otp.php,1,percent_encode,https://www.cosmoswater.in/otp.php,0.9755154588431797,1
http:%2f/yeqk42t.square.site/,1,percent_encode,http://yeqk42t.square.site/,0.9728721119640239,1
https:%2f/my-business-103077.square.site/,1,percent_encode,https://my-business-103077.square.site/,0.859922991581773,1
http:%2f/www.frissoncourier.com/wp-content/plugins/wpcargo/assets/images/,1,percent_encode,http://www.frissoncourier.com/wp-content/plugins/wpcargo/assets/images/,0.9971677187886456,1
https:%2f/docs.google.com/forms/d/e/1faipqlsfjsgjhbjke-mlmni8cfg1tacz-hdpvmy5j2br9upjr1f7nda/viewform?usp=send_form,1,percent_encode,https://docs.google.com/forms/d/e/1faipqlsfjsgjhbjke-mlmni8cfg1tacz-hdpvmy5j2br9upjr1f7nda/viewform?usp=send_form,0.9971677187886456,1
https:%2f/instagrame.net/,1,percent_encode,https://instagrame.net/,0.9414497266276275,1
http:%2f/www.hxc28.com,1,percent_encode,http://www.hxc28.com,0.9646126575673538,1
http:%2f/www.leapmom.com,1,percent_encode,http://www.leapmom.com,0.9995522667261028,1
https:%2f/sites.google.com/view/ptss18/?dn,1,percent_encode,https://sites.google.com/view/ptss18/?dn,0.9345647906985688,1
http:%2f/www.emrahkeskin.com,1,percent_encode,http://www.emrahkeskin.com,0.9756122198420311,1
http:%2f/www.hotelfocus.nl,1,percent_encode,http://www.hotelfocus.nl,1.0,1
http:%2f/www.crophysi.ru,1,percent_encode,http://www.crophysi.ru,0.9995522667261028,1
http:%2f/www.aadl-iran.ml,1,percent_encode,http://www.aadl-iran.ml,0.9676398491057299,1
http:%2f/www.zestevents.co,1,percent_encode,http://www.zestevents.co,1.0,1
http:%2f/www.wj.tqomz.com,1,percent_encode,http://www.wj.tqomz.com,0.9676398491057299,1
http:%2f/www.javaterm.com,1,percent_encode,http://www.javaterm.com,0.9414497266276275,1
http:%2f/www.iamme-label.com,1,percent_encode,http://www.iamme-label.com,0.9748724885812621,1
http:%2f/www.westthamesphysio.com,1,percent_encode,http://www.westthamesphysio.com,0.9971677187886456,1
http:%2f/www.211120bei.top,1,percent_encode,http://www.211120bei.top,0.9931391431003167,1
http:%2f/www.bshades.eu,1,percent_encode,http://www.bshades.eu,0.9716264521253895,1
https:%2f/banbobiinacionall.herokuapp.com/,1,percent_encode,https://banbobiinacionall.herokuapp.com/,0.9903191576596516,1
https:%2f/s3.ap-southeast-1.wasabisys.com/policies/appsuite/tlyappioox/mailfolderdefault0/inbox.html#redacted@abuse.ionos.com,1,percent_encode,https://s3.ap-southeast-1.wasabisys.com/policies/appsuite/tlyappioox/mailfolderdefault0/inbox.html#redacted@abuse.ionos.com,0.9971677187886456,1
http:%2f/www.rspvm.servergame.com,1,percent_encode,http://www.rspvm.servergame.com,0.9863956493340652,1
http:%2f/akewuqekas.sembarriga.com.br/vnafvra97w/?q=3717065149&id=100,1,percent_encode,http://akewuqekas.sembarriga.com.br/vnafvra97w/?q=3717065149&id=100,0.9797701923260036,1
http:%2f/www.creativecombat.com/wp-admin/network/acct/login.php?rand=13inboxlightaspxn.1774256418&fid.4.1252899642&fid=1&fav.1&rand.13inboxlight.aspxn.1774256418&fid.1252899642&fid.1&fav.1&email=&.rand=13inboxlight.aspx?n=1774256418&fid=4#n=1252899642&fid=1&fav=1,1,percent_encode,http://www.creativecombat.com/wp-admin/network/acct/login.php?rand=13inboxlightaspxn.1774256418&fid.4.1252899642&fid=1&fav.1&rand.13inboxlight.aspxn.1774256418&fid.1252899642&fid.1&fav.1&email=&.rand=13inboxlight.aspx?n=1774256418&fid=4#n=1252899642&fid=1&fav=1,0.9797701923260036,1
http:%2f/www.xnxx.c1.biz,1,percent_encode,http://www.xnxx.c1.biz,0.9752951638242846,1
http:%2f/www.jfgsifrptbirusgs.net,1,percent_encode,http://www.jfgsifrptbirusgs.net,0.9971677187886456,1
http:%2f/www.tanilcosmetics.com,1,percent_encode,http://www.tanilcosmetics.com,0.9927149079646955,1
https:%2f/trophterra.tk/164bd,1,percent_encode,https://trophterra.tk/164bd,0.9971677187886456,1
http://secure.www.shprakserf.gq,1,extra_subdomain,http://www.shprakserf.gq,0.9901034831016633,1
http://secure.www.iuhjn.pplink.club,1,extra_subdomain,http://www.iuhjn.pplink.club,1.0,1
https://secure.sabadonoappmagazine.com/,1,extra_subdomain,https://sabadonoappmagazine.com/,0.9849434634075926,1
http://secure.www.nextraload.com,1,extra_subdomain,http://www.nextraload.com,0.9857562544838283,1
http://secure.tkmowpikuk.owl4fsrch.club/vnafvra97w/?q=3717065149&id=100,1,extra_subdomain,http://tkmowpikuk.owl4fsrch.club/vnafvra97w/?q=3717065149&id=100,1.0,1
https://secure.btopenworldwebmailing.square.site/,1,extra_subdomain,https://btopenworldwebmailing.square.site/,0.9971801583213841,1
http://secure.www.fgurb.cannca.shop,1,extra_subdomain,http://www.fgurb.cannca.shop,0.980641861917124,1
https://secure.www.ethmining.info/#/,1,extra_subdomain,https://www.ethmining.info/#/,1.0,1
http://secure.ianacurtis.rmxcontabilidade.com.br,1,extra_subdomain,http://ianacurtis.rmxcontabilidade.com.br,0.9930923885344722,1
http://secure.www.pony4.microsoftups.com,1,extra_subdomain,http://www.pony4.microsoftups.com,0.9385441713320674,1
http://secure.www.play.stream.vidzi.tv,1,extra_subdomain,http://www.play.stream.vidzi.tv,0.9816373438243231,1
http://secure.www.beemail.online,1,extra_subdomain,http://www.beemail.online,1.0,1
http://secure.www.915783.com,1,extra_subdomain,http://www.915783.com,0.9923612928545037,1
https://secure.attcom-102201.square.site/,1,extra_subdomain,https://attcom-102201.square.site/,1.0,1
https://secure.upyq8ess.dreamwp.com/dkskat/,1,extra_subdomain,https://upyq8ess.dreamwp.com/dkskat/,1.0,1
https://secure.www.faewood.com,1,extra_subdomain,https://www.faewood.com,0.22431391679547175,0
https://secure.ennsttsqau.square.site/,1,extra_subdomain,https://ennsttsqau.square.site/,1.0,1
https://secure.docs.google.com/forms/d/1casphevkfdaz2okqj70wdai3pdwwg1weh_rpk9v0z3a/viewform,1,extra_subdomain,https://docs.google.com/forms/d/1casphevkfdaz2okqj70wdai3pdwwg1weh_rpk9v0z3a/viewform,0.7757948922963476,1
http://secure.www.frissoncourier.com,1,extra_subdomain,http://www.frissoncourier.com,1.0,1
http://secure.www.clinicafresa20.com,1,extra_subdomain,http://www.clinicafresa20.com,0.9576323434831785,1
http://secure.chieuphan-bdshotram.com/webs/,1,extra_subdomain,http://chieuphan-bdshotram.com/webs/,0.9892358481472812,1
https://secure.www.ekie-nat.ekaste.bhwkke.top/load.php,1,extra_subdomain,https://www.ekie-nat.ekaste.bhwkke.top/load.php,1.0,1
http://secure.www.keliweb.it,1,extra_subdomain,http://www.keliweb.it,0.9721662713626522,1
http://secure.www.baagii.sportsnewsa.net,1,extra_subdomain,http://www.baagii.sportsnewsa.net,1.0,1
https://secure.s3.ap-southeast-1.wasabisys.com/mailbusiness/appsuite/tlyappioox/mailfolderdefault9/inbox.html#redacted@abuse.ionos.com,1,extra_subdomain,https://s3.ap-southeast-1.wasabisys.com/mailbusiness/appsuite/tlyappioox/mailfolderdefault9/inbox.html#redacted@abuse.ionos.com,1.0,1
https://secure.lowes-solicitors.co.uk/ch/panel/,1,extra_subdomain,https://lowes-solicitors.co.uk/ch/panel/,1.0,1
http://secure.www.clientcentre.net,1,extra_subdomain,http://www.clientcentre.net,0.9909350613020538,1
https://secure.euygy.square.site/,1,extra_subdomain,https://euygy.square.site/,1.0,1
http://secure.www.automan-1301476296.cos.eu-moscow.myqcloud.com,1,extra_subdomain,http://www.automan-1301476296.cos.eu-moscow.myqcloud.com,1.0,1
http://secure.www.aleksandartaskov.com,1,extra_subdomain,http://www.aleksandartaskov.com,1.0,1
http://secure.www.whoer.net,1,extra_subdomain,http://www.whoer.net,0.9570586964349614,1
https://secure.terapiaespecializada.es/mtb/app/verify.php,1,extra_subdomain,https://terapiaespecializada.es/mtb/app/verify.php,1.0,1
http://secure.www.nogiledeneli.ru,1,extra_subdomain,http://www.nogiledeneli.ru,1.0,1
http://secure.www.reco.ws,1,extra_subdomain,http://www.reco.ws,0.9905289275383291,1
http://secure.www.polevoyton.store,1,extra_subdomain,http://www.polevoyton.store,1.0,1
https://secure.antai-gouv.net/,1,extra_subdomain,https://antai-gouv.net/,0.9891570163722235,1
https://secure.shrtco.de/1d9yeo,1,extra_subdomain,https://shrtco.de/1d9yeo,0.8520552417235887,1
http://secure.fti.unmerpas.ac.id/wp-admin/user/webgenkic/investopia/index.php?email=get@get.get,1,extra_subdomain,http://fti.unmerpas.ac.id/wp-admin/user/webgenkic/investopia/index.php?email=get@get.get,0.9848743289057923,1
https://secure.ejjud0.wixsite.com/attt,1,extra_subdomain,https://ejjud0.wixsite.com/attt,1.0,1
http://secure.www.campbellz.cf,1,extra_subdomain,http://www.campbellz.cf,0.9901034831016633,1
http://secure.www.lwac.com,1,extra_subdomain,http://www.lwac.com,1.0,1
http://secure.centrica.comrqzrofxnhwwgrqzrofrofxnhwagx2nfse2nfagx2nfsesewxnhwagxwgrqzg.mustaccio.com/0.php#ywnjb3vudhnay2vudhjpy2euy29t,1,extra_subdomain,http://centrica.comrqzrofxnhwwgrqzrofrofxnhwagx2nfse2nfagx2nfsesewxnhwagxwgrqzg.mustaccio.com/0.php#ywnjb3vudhnay2vudhjpy2euy29t,1.0,1
https://secure.00-coveriy-tm.quest/,1,extra_subdomain,https://00-coveriy-tm.quest/,1.0,1
https://secure.attcom-101978.square.site/,1,extra_subdomain,https://attcom-101978.square.site/,1.0,1
https://secure.docs.google.com/forms/d/e/1faipqlscckv1-rxhipcmrhnwfvq2lhuxx18nzcm1e7e0oz8ienixtgw/viewform,1,extra_subdomain,https://docs.google.com/forms/d/e/1faipqlscckv1-rxhipcmrhnwfvq2lhuxx18nzcm1e7e0oz8ienixtgw/viewform,0.7757948922963476,1
http://secure.www.oosp.pplink.club,1,extra_subdomain,http://www.oosp.pplink.club,1.0,1
https://secure.www-info-cr-mufg.huiwenfeng.com/jp.php,1,extra_subdomain,https://www-info-cr-mufg.huiwenfeng.com/jp.php,1.0,1
http://secure.www.karizcustomizeme.com,1,extra_subdomain,http://www.karizcustomizeme.com,1.0,1
http://secure.dj-wedding.tk/besst/,1,extra_subdomain,http://dj-wedding.tk/besst/,1.0,1
https://secure.www.google.com/url?q=https://ipfs.io/ipfs/qmpovsvevlyhp2gj6vfhkqvhaydz1o7y2xn3xt87kkghtv%23%5bemail%5d&amp;source=gmail&amp;ust=1663915474090000&amp;usg=aovvaw1usggtmp1ivavtzsxcz8g1,1,extra_subdomain,https://www.google.com/url?q=https://ipfs.io/ipfs/qmpovsvevlyhp2gj6vfhkqvhaydz1o7y2xn3xt87kkghtv%23%5bemail%5d&amp;source=gmail&amp;ust=1663915474090000&amp;usg=aovvaw1usggtmp1ivavtzsxcz8g1,0.7775627282953446,1
http://secure.www.iiorinmf.pplink.club,1,extra_subdomain,http://www.iiorinmf.pplink.club,1.0,1
https://secure.dmbelectricinc.com/,1,extra_subdomain,https://dmbelectricinc.com/,0.9783763408286632,1
http://secure.www.intelsupportcenter.com,1,extra_subdomain,http://www.intelsupportcenter.com,1.0,1
http://secure.4710463d43910.bonactech.com/#zfhobgnrqmtimjfoyvc0dwrhegs,1,extra_subdomain,http://4710463d43910.bonactech.com/#zfhobgnrqmtimjfoyvc0dwrhegs,1.0,1
http://secure.www.www--wellsfargo--com--t249329d48d6c.wsipv6.com,1,extra_subdomain,http://www.www--wellsfargo--com--t249329d48d6c.wsipv6.com,1.0,1
https://secure.www.id292468292.ru,1,extra_subdomain,https://www.id292468292.ru,0.5674125708576041,1
https://secure.www.danieltolson.com/home.php,1,extra_subdomain,https://www.danieltolson.com/home.php,1.0,1
http://secure.www.icloud-id-services.com,1,extra_subdomain,http://www.icloud-id-services.com,1.0,1
http://secure.www.tripadvisorsapp.com,1,extra_subdomain,http://www.tripadvisorsapp.com,1.0,1
http://secure.my-business-106173-106262.square.site/,1,extra_subdomain,http://my-business-106173-106262.square.site/,1.0,1
http://secure.cek58793690694674609.rf.gd/,1,extra_subdomain,http://cek58793690694674609.rf.gd/,0.9978323763373051,1
https://secure.meinedkb.me/,1,extra_subdomain,https://meinedkb.me/,0.8533684000967708,1
http://secure.www.pmbfytlkm.ml,1,extra_subdomain,http://www.pmbfytlkm.ml,0.9901034831016633,1
https://secure.www.solutionfun.info,1,extra_subdomain,https://www.solutionfun.info,0.45773874039241813,1
https://secure.fladestateins.com/4ecc9875-1bec-4eb4-b4b8-859e345aa26a,1,extra_subdomain,https://fladestateins.com/4ecc9875-1bec-4eb4-b4b8-859e345aa26a,1.0,1
https://secure.www.ioginunlcovlabcp.com/,1,extra_subdomain,https://www.ioginunlcovlabcp.com/,0.9949621663393117,1
https://secure.opmklw.com/,1,extra_subdomain,https://opmklw.com/,0.8172062185445629,1
https://secure.pyyplapp.com/,1,extra_subdomain,https://pyyplapp.com/,0.8592292010237197,1
http://secure.hkmulane.cn/bnl51,1,extra_subdomain,http://hkmulane.cn/bnl51,0.9215212320076818,1
http://secure.www.winconnectors.com,1,extra_subdomain,http://www.winconnectors.com,1.0,1
http://secure.www.wikaba.com,1,extra_subdomain,http://www.wikaba.com,0.9905289275383291,1
http://secure.yzxlsc.com/wordpress/wp-includes/fonts/aupost/track/index2.php,1,extra_subdomain,http://yzxlsc.com/wordpress/wp-includes/fonts/aupost/track/index2.php,0.9891978092339893,1
http://secure.www.shbc.pplink.club,1,extra_subdomain,http://www.shbc.pplink.club,1.0,1
http://secure.www.towncenterhotel.com,1,extra_subdomain,http://www.towncenterhotel.com,1.0,1
http://secure.www.mail-nepalarmymil-np.gq,1,extra_subdomain,http://www.mail-nepalarmymil-np.gq,1.0,1
http://secure.www.dyskurs.com.ua,1,extra_subdomain,http://www.dyskurs.com.ua,0.9703972713939579,1
https://secure.alertascliente.webcindario.com/,1,extra_subdomain,https://alertascliente.webcindario.com/,1.0,1
http://secure.www.1shop.de,1,extra_subdomain,http://www.1shop.de,0.9923612928545037,1
https://secure.att-102707.square.site/,1,extra_subdomain,https://att-102707.square.site/,1.0,1
https://secure.auth-dkb-online.de/,1,extra_subdomain,https://auth-dkb-online.de/,0.9930923885344722,1
http://secure.www.cachecontent.com,1,extra_subdomain,http://www.cachecontent.com,0.9909350613020538,1
http://secure.www.0catch.com,1,extra_subdomain,http://www.0catch.com,0.9923612928545037,1
http://secure.lukers.com.sg/chronopostalertee/chronopostalertee,1,extra_subdomain,http://lukers.com.sg/chronopostalertee/chronopostalertee,1.0,1
http://secure.www.unblockproxy.us,1,extra_subdomain,http://www.unblockproxy.us,1.0,1
https://secure.crosschainbridge-eth.com/?gclid=cjwkcaia5siebhbneiwar9oh2vy9yq0vuiatdgyarsqdbwlwezejyz3u2ljjjphfzmf2sgpv9hopiboco-wqavd_bwe,1,extra_subdomain,https://crosschainbridge-eth.com/?gclid=cjwkcaia5siebhbneiwar9oh2vy9yq0vuiatdgyarsqdbwlwezejyz3u2ljjjphfzmf2sgpv9hopiboco-wqavd_bwe,1.0,1
http://secure.www.allsecurehosting.com,1,extra_subdomain,http://www.allsecurehosting.com,1.0,1
http://secure.www.wearebred.net,1,extra_subdomain,http://www.wearebred.net,0.9785153458416656,1
https://secure.cmac-cajatacna.com/1675952392/cliente/login,1,extra_subdomain,https://cmac-cajatacna.com/1675952392/cliente/login,1.0,1
https://secure.sampierry11.wixsite.com/my-site-1,1,extra_subdomain,https://sampierry11.wixsite.com/my-site-1,0.9977581991105937,1
http://secure.www.oolkjd.pplink.club,1,extra_subdomain,http://www.oolkjd.pplink.club,1.0,1
http://secure.maharashtra-enterprises.com/feedback/portal.php,1,extra_subdomain,http://maharashtra-enterprises.com/feedback/portal.php,1.0,1
http://secure.www.antongas-fx.ru,1,extra_subdomain,http://www.antongas-fx.ru,1.0,1
http://secure.www.tg0913.com,1,extra_subdomain,http://www.tg0913.com,0.9923612928545037,1
https://secure.powerlineindustriesinc.myportfolio.com/,1,extra_subdomain,https://powerlineindustriesinc.myportfolio.com/,1.0,1
https://secure.ayt-103563-100603.square.site/,1,extra_subdomain,https://ayt-103563-100603.square.site/,1.0,1
http://secure.www.proxify.com,1,extra_subdomain,http://www.proxify.com,1.0,1
http://secure.www.marketexon.com,1,extra_subdomain,http://www.marketexon.com,0.9857562544838283,1
https://secure.docs.google.com/forms/d/e/1faipqlsdnega_6c_pz9_q9ep9epm4iwqfsrxqsnaz-j9dyldimaoocg/viewform?usp=send_form,1,extra_subdomain,https://docs.google.com/forms/d/e/1faipqlsdnega_6c_pz9_q9ep9epm4iwqfsrxqsnaz-j9dyldimaoocg/viewform?usp=send_form,0.733900787338296,1
http://secure.www.sishendm.com,1,extra_subdomain,http://www.sishendm.com,1.0,1
http://secure.att-108784.square.site/,1,extra_subdomain,http://att-108784.square.site/,1.0,1
https://secure.informasjon379820922.blogspot.com/?trkid=pn8322826547413800&sub1=tb4j9lf,1,extra_subdomain,https://informasjon379820922.blogspot.com/?trkid=pn8322826547413800&sub1=tb4j9lf,1.0,1
http://secure.down.shopeevip11.com/,1,extra_subdomain,http://down.shopeevip11.com/,1.0,1
http://secure.www.omwowxisr.ga,1,extra_subdomain,http://www.omwowxisr.ga,1.0,1
https://secure.amazon-hgfhtt.zyns.com/mobile/signim.php,1,extra_subdomain,https://amazon-hgfhtt.zyns.com/mobile/signim.php,0.95,1
http://secure.www.beatleslover.com,1,extra_subdomain,http://www.beatleslover.com,0.9891971207468708,1
https://secure.docs.google.com/forms/d/e/1faipqlsfp1eukgsktriyraz2csynqwfwtv6ehlnbszu69dbxz9lirtq/viewform,1,extra_subdomain,https://docs.google.com/forms/d/e/1faipqlsfp1eukgsktriyraz2csynqwfwtv6ehlnbszu69dbxz9lirtq/viewform,0.7938676422699698,1
https://secure.acompanhando-meusgastos-online.com/luiza/home.php?userid=&uri=jkluamrfhfwos4cafnmeh7pa1pzx12wuktqwv4swvyw=,1,extra_subdomain,https://acompanhando-meusgastos-online.com/luiza/home.php?userid=&uri=jkluamrfhfwos4cafnmeh7pa1pzx12wuktqwv4swvyw=,1.0,1
http://secure.www.spoke.ga,1,extra_subdomain,http://www.spoke.ga,1.0,1
https://secure.att-100984.square.site/,1,extra_subdomain,https://att-100984.square.site/,1.0,1
http://secure.www.14gjm.xyz,1,extra_subdomain,http://www.14gjm.xyz,0.9923612928545037,1
https://secure.my-business-107865-109573.square.site/,1,extra_subdomain,https://my-business-107865-109573.square.site/,1.0,1
http://secure.www.supportxmr.com,1,extra_subdomain,http://www.supportxmr.com,0.9901034831016633,1
http://secure.sheinaapp.com,1,extra_subdomain,http://sheinaapp.com,1.0,1
http://secure.www.netshieldkit.com,1,extra_subdomain,http://www.netshieldkit.com,0.9909350613020538,1
https://secure.zurbrioerf.com,1,extra_subdomain,https://zurbrioerf.com,0.03809482950418363,0
http://secure.www.hotfixmsupload.com,1,extra_subdomain,http://www.hotfixmsupload.com,1.0,1
https://secure.login-screen-107860.square.site/,1,extra_subdomain,https://login-screen-107860.square.site/,1.0,1
https://secure.djc74bcd9b51a2-1ebf-4df7-bc61-d371fe9eccf.myportfolio.com/,1,extra_subdomain,https://djc74bcd9b51a2-1ebf-4df7-bc61-d371fe9eccf.myportfolio.com/,1.0,1
https://secure.yahooconfiguration0.wixsite.com/html,1,extra_subdomain,https://yahooconfiguration0.wixsite.com/html,1.0,1
https://secure.docs.google.com/forms/d/e/1faipqlsc-nv7qlz6jg_y9ze5k9ds_kzo8hyelurb5j5veve1q4jkiwq/viewform?usp=send_form,1,extra_subdomain,https://docs.google.com/forms/d/e/1faipqlsc-nv7qlz6jg_y9ze5k9ds_kzo8hyelurb5j5veve1q4jkiwq/viewform?usp=send_form,0.7507948922963475,1
https://secure.sht.moe/zmrww,1,extra_subdomain,https://sht.moe/zmrww,0.24863057784991768,0
https://secure.www.omahanewsbulletin.com,1,extra_subdomain,https://www.omahanewsbulletin.com,0.5210145240470577,1
https://secure.bjbbw6.wixsite.com/my-site-2,1,extra_subdomain,https://bjbbw6.wixsite.com/my-site-2,0.9849140645657556,1
https://secure.tcpw7mwm.dreamwp.com/auth,1,extra_subdomain,https://tcpw7mwm.dreamwp.com/auth,1.0,1
http://secure.www.greeaircondition.com,1,extra_subdomain,http://www.greeaircondition.com,1.0,1
https://secure.dn75852739.wixsite.com/my-site,1,extra_subdomain,https://dn75852739.wixsite.com/my-site,1.0,1
http://secure.43.153.207.103/v3/signin/identifier?dsh=s-16339560%3a1679418180081355&amp%3bfollowup=https%3a%2f%2faccounts.google.com%2f%3f&amp%3bifkv=awnoghedjeezlxxcukyobikksrlskkbb8naftymojf2pwikab-md99nj9vzjmeshc1trpqxmz-t9&amp%3bpassive=1209600&amp%3bxrealip=107.178.200.216&continue=https%3a%2f%2faccounts.google.com%2f%3f&xrealip=107.21.207.171&flowname=weblitesignin&flowentry=servicelogin&ifkv=awnoghdkbq5_bcbcs7t_jbbb9kh3txpcqomjbjvtodoolkfraglnqnbwsicqnuymo66jb13fvsxv,1,extra_subdomain,http://43.153.207.103/v3/signin/identifier?dsh=s-16339560%3a1679418180081355&amp%3bfollowup=https%3a%2f%2faccounts.google.com%2f%3f&amp%3bifkv=awnoghedjeezlxxcukyobikksrlskkbb8naftymojf2pwikab-md99nj9vzjmeshc1trpqxmz-t9&amp%3bpassive=1209600&amp%3bxrealip=107.178.200.216&continue=https%3a%2f%2faccounts.google.com%2f%3f&xrealip=107.21.207.171&flowname=weblitesignin&flowentry=servicelogin&ifkv=awnoghdkbq5_bcbcs7t_jbbb9kh3txpcqomjbjvtodoolkfraglnqnbwsicqnuymo66jb13fvsxv,1.0,1
http://secure.www.uzdarakchi.com,1,extra_subdomain,http://www.uzdarakchi.com,0.9857562544838283,1
https://secure.mail-105744.square.site/,1,extra_subdomain,https://mail-105744.square.site/,0.9976790500708738,1
https://secure.www.ekni-nct.ekint.lulhbc.top/load.php,1,extra_subdomain,https://www.ekni-nct.ekint.lulhbc.top/load.php,1.0,1
https://secure.drive.google.com/file/d/1ginbnlpvt7kpfnog9a68fqmn7k3aivui,1,extra_subdomain,https://drive.google.com/file/d/1ginbnlpvt7kpfnog9a68fqmn7k3aivui,0.7757948922963476,1
http://secure.www.omwowxisu.gq,1,extra_subdomain,http://www.omwowxisu.gq,1.0,1
http://secure.www.asymmetricfile.blogspot.com,1,extra_subdomain,http://www.asymmetricfile.blogspot.com,0.9822896820767812,1
http://secure.www.inboundmag.com,1,extra_subdomain,http://www.inboundmag.com,0.9857562544838283,1
http://secure.www.pdnw.nowurl.fun,1,extra_subdomain,http://www.pdnw.nowurl.fun,0.9725724051263768,1
https://secure.e.vg/24bper,1,extra_subdomain,https://e.vg/24bper,0.8127776438867302,1
https://secure.novo-sicredi-black.com/?page=home&amp;a=208a545d9c9920e5b82164095ef319bad2175dc5secure2158133160d9d280afd9baa68ac7d4411e4dfa5aaccess&amp;b=c307f85ef63c038db5451a1042f6f71035959e14secureb88a92fff52f9bef397d01a21ebe53836dcf62fbaccess&amp;c=4b5a9afcee2770f60fda9be064592b20a861a360secure9c2abcaa953117131aa7425287bb7855c77d94e9access,1,extra_subdomain,https://novo-sicredi-black.com/?page=home&amp;a=208a545d9c9920e5b82164095ef319bad2175dc5secure2158133160d9d280afd9baa68ac7d4411e4dfa5aaccess&amp;b=c307f85ef63c038db5451a1042f6f71035959e14secureb88a92fff52f9bef397d01a21ebe53836dcf62fbaccess&amp;c=4b5a9afcee2770f60fda9be064592b20a861a360secure9c2abcaa953117131aa7425287bb7855c77d94e9access,1.0,1
http://secure.smartdappsauthonline.com,1,extra_subdomain,http://smartdappsauthonline.com,0.9606345988310189,1
http://secure.www.helpdesk.autodefragapp.com,1,extra_subdomain,http://www.helpdesk.autodefragapp.com,0.9836121124277903,1
http://secure.www.revoadademalandro.top,1,extra_subdomain,http://www.revoadademalandro.top,1.0,1
http://secure.www.hiphopeconomicdevelopment.com,1,extra_subdomain,http://www.hiphopeconomicdevelopment.com,0.9681257186998007,1
https://secure.ount.thejewtangclan.com/jp.php,1,extra_subdomain,https://ount.thejewtangclan.com/jp.php,1.0,1
https://secure.faturarennersolucoesweb.com/login/seguranca.php,1,extra_subdomain,https://faturarennersolucoesweb.com/login/seguranca.php,1.0,1
http://secure.www.nvdh.nowurl.fun,1,extra_subdomain,http://www.nvdh.nowurl.fun,0.9725724051263768,1
http://secure.www.mailservices.pythonanywhere.com,1,extra_subdomain,http://www.mailservices.pythonanywhere.com,0.9865034251101978,1
https://secure.docs.google.com/presentation/d/e/2pacx-1vqp1bs7pp2guhiddnanci5t_elobevup6mr14v_llaxfa_35lnj_gd57iuzq91rm4xioxgt3rstsqqu/pub?start=false&loop=false&delayms=3000&slide=id.p,1,extra_subdomain,https://docs.google.com/presentation/d/e/2pacx-1vqp1bs7pp2guhiddnanci5t_elobevup6mr14v_llaxfa_35lnj_gd57iuzq91rm4xioxgt3rstsqqu/pub?start=false&loop=false&delayms=3000&slide=id.p,0.7507948922963475,1
https://secure.arnaz0n.tgfdw.top/ap/signin,1,extra_subdomain,https://arnaz0n.tgfdw.top/ap/signin,1.0,1
http://secure.www.xsites-dev.xyz,1,extra_subdomain,http://www.xsites-dev.xyz,0.975,1
http://secure.www.cryptobara.com,1,extra_subdomain,http://www.cryptobara.com,0.9909350613020538,1
http://secure.www.ancient-parrot-9.loca.lt,1,extra_subdomain,http://www.ancient-parrot-9.loca.lt,1.0,1
http://secure.www.wangluojiumingjingli.org,1,extra_subdomain,http://www.wangluojiumingjingli.org,1.0,1
http://secure.www.randkey-1301476296.cos.ap-mumbai.myqcloud.com,1,extra_subdomain,http://www.randkey-1301476296.cos.ap-mumbai.myqcloud.com,1.0,1
http://secure.uniswaplendwap.top,1,extra_subdomain,http://uniswaplendwap.top,1.0,1
https://secure.late-dingos-suffer-209-127-18-151.loca.lt/,1,extra_subdomain,https://late-dingos-suffer-209-127-18-151.loca.lt/,1.0,1
http://secure.www.ratlittonrigh.com,1,extra_subdomain,http://www.ratlittonrigh.com,1.0,1
http://secure.www.adrd.xiaxiab.com,1,extra_subdomain,http://www.adrd.xiaxiab.com,1.0,1
http://secure.www.sanaradyab.ir,1,extra_subdomain,http://www.sanaradyab.ir,0.9785153458416656,1
http://secure.www.phlhjk.cannca.shop,1,extra_subdomain,http://www.phlhjk.cannca.shop,0.980641861917124,1
https://secure.lizc2f3.myportfolio.com/,1,extra_subdomain,https://lizc2f3.myportfolio.com/,1.0,1
https://secure.christensengroupinsurance.myportfolio.com/,1,extra_subdomain,https://christensengroupinsurance.myportfolio.com/,1.0,1
http://secure.www.bruidsfotografie-breda.nl,1,extra_subdomain,http://www.bruidsfotografie-breda.nl,0.9849323700311695,1
http://secure.www.originproducts.xyz,1,extra_subdomain,http://www.originproducts.xyz,1.0,1
http://secure.www.talkischeap.co.za,1,extra_subdomain,http://www.talkischeap.co.za,1.0,1
http://secure.www.universalbumpkeys.com,1,extra_subdomain,http://www.universalbumpkeys.com,1.0,1
http://secure.www.picnicapp.co.uk,1,extra_subdomain,http://www.picnicapp.co.uk,0.9725724051263768,1
http://secure.www.performanceacademia.com.br,1,extra_subdomain,http://www.performanceacademia.com.br,0.9836121124277903,1
http://secure.www.cq.tqomz.com,1,extra_subdomain,http://www.cq.tqomz.com,1.0,1
http://secure.www.flightzy.bid,1,extra_subdomain,http://www.flightzy.bid,0.9901034831016633,1
https://secure.docs.google.com/forms/d/e/1faipqlseht4cdltkad8967jjarcb5nafonbaw3dtpynth9mdk94hf-q/viewform?usp=send_form,1,extra_subdomain,https://docs.google.com/forms/d/e/1faipqlseht4cdltkad8967jjarcb5nafonbaw3dtpynth9mdk94hf-q/viewform?usp=send_form,0.7757948922963476,1
https://secure.autofieldindia.com/ob,1,extra_subdomain,https://autofieldindia.com/ob,0.975,1
http://secure.seguroltau.atsnx.com/,1,extra_subdomain,http://seguroltau.atsnx.com/,1.0,1
http://secure.www.server1fermo.exodus.connexxa.it,1,extra_subdomain,http://www.server1fermo.exodus.connexxa.it,1.0,1
https://secure.www.netflix-vn.com,1,extra_subdomain,https://www.netflix-vn.com,0.5782410365198598,1
http://secure.www.repo.do-cu.site,1,extra_subdomain,http://www.repo.do-cu.site,0.9915496509650106,1
http://secure.www.live-com.gq,1,extra_subdomain,http://www.live-com.gq,1.0,1
http://secure.www.jrat.io,1,extra_subdomain,http://www.jrat.io,1.0,1
http://secure.www.iredl.ml,1,extra_subdomain,http://www.iredl.ml,1.0,1
https://secure.review-docu.myportfolio.com/,1,extra_subdomain,https://review-docu.myportfolio.com/,1.0,1
http://secure.www.k8381.com,1,extra_subdomain,http://www.k8381.com,0.9923612928545037,1
http://secure.www.chromeperfection.com,1,extra_subdomain,http://www.chromeperfection.com,1.0,1
http://secure.www.111xxxxx.com,1,extra_subdomain,http://www.111xxxxx.com,0.9873158889709334,1
http://secure.att-101435-107378.square.site/,1,extra_subdomain,http://att-101435-107378.square.site/,1.0,1
http://secure.www.hbaa.law,1,extra_subdomain,http://www.hbaa.law,0.9905289275383291,1
http://secure.www.entourageaid.com,1,extra_subdomain,http://www.entourageaid.com,1.0,1
http://secure.www.serveranywhere.cf,1,extra_subdomain,http://www.serveranywhere.cf,1.0,1
http://secure.www.salesforcesupports.com,1,extra_subdomain,http://www.salesforcesupports.com,1.0,1
http://secure.ethereum-che.com,1,extra_subdomain,http://ethereum-che.com,1.0,1
http://secure.www.trkps.com,1,extra_subdomain,http://www.trkps.com,1.0,1
http://secure.www.dynamic-dns.net,1,extra_subdomain,http://www.dynamic-dns.net,0.9915496509650106,1
http://secure.www.mbmb99.com,1,extra_subdomain,http://www.mbmb99.com,0.9923612928545037,1
http://secure.www.michkatravel.com,1,extra_subdomain,http://www.michkatravel.com,0.9909350613020538,1
http://secure.www.2ww.me,1,extra_subdomain,http://www.2ww.me,0.9673612928545037,1
http://secure.www.krawangan.com,1,extra_subdomain,http://www.krawangan.com,0.9720613317250496,1
http://secure.www.meteoprog.ns01.us,1,extra_subdomain,http://www.meteoprog.ns01.us,0.9891838673698414,1
http://secure.www.amazcaom-co-jp.amaozeon.chalvshe.top/,1,extra_subdomain,http://www.amazcaom-co-jp.amaozeon.chalvshe.top/,1.0,1
http://secure.www.adiscusion.com,1,extra_subdomain,http://www.adiscusion.com,0.9907245626236966,1
http://secure.www.panorama-otel.ru,1,extra_subdomain,http://www.panorama-otel.ru,1.0,1
http://secure.www.wildcard.repeta.com.au,1,extra_subdomain,http://www.wildcard.repeta.com.au,0.9891864491965355,1
https://secure.attcom-109199.square.site/,1,extra_subdomain,https://attcom-109199.square.site/,1.0,1
http://secure.www.lbertussbau.com,1,extra_subdomain,http://www.lbertussbau.com,1.0,1
http://secure.www.kakao.net-all.website,1,extra_subdomain,http://www.kakao.net-all.website,0.9724262964548182,1
http://secure.www.axletime.com,1,extra_subdomain,http://www.axletime.com,0.9769142187291235,1
http://secure.www.shpk-sanair.gq,1,extra_subdomain,http://www.shpk-sanair.gq,1.0,1
https://secure.susangerd.ir/refcheck/old.html,1,extra_subdomain,https://susangerd.ir/refcheck/old.html,0.9311506181500148,1
https://secure.zenobrands33.wixsite.com/my-site,1,extra_subdomain,https://zenobrands33.wixsite.com/my-site,0.9977581991105937,1
http://secure.www.greenphoenix.xyz,1,extra_subdomain,http://www.greenphoenix.xyz,0.9891971207468708,1
http://secure.www.tallyandfin.com,1,extra_subdomain,http://www.tallyandfin.com,1.0,1
http://secure.www.sena-peygri.cf,1,extra_subdomain,http://www.sena-peygri.cf,0.975,1
http://secure.confirmarcreditoltau.atsnx.com/?i=1,1,extra_subdomain,http://confirmarcreditoltau.atsnx.com/?i=1,1.0,1
http://secure.work4home.co.za/admin/1cb-47c22-b778a6b-70e64d1225c1fef51/enforcer/login.php,1,extra_subdomain,http://work4home.co.za/admin/1cb-47c22-b778a6b-70e64d1225c1fef51/enforcer/login.php,1.0,1
https://secure.tcommanderdcd7.myportfolio.com/,1,extra_subdomain,https://tcommanderdcd7.myportfolio.com/,1.0,1
http://secure.www.211205.top,1,extra_subdomain,http://www.211205.top,0.9923612928545037,1
http://secure.www.khmerosja.net,1,extra_subdomain,http://www.khmerosja.net,0.9720613317250496,1
http://secure.www.6.duogz.com,1,extra_subdomain,http://www.6.duogz.com,0.9923612928545037,1
https://secure.sites.google.com/view/necrologieinfosfroravocal/accueil,1,extra_subdomain,https://sites.google.com/view/necrologieinfosfroravocal/accueil,0.7498230521791888,1
https://secure.adttnetagadfar.square.site/,1,extra_subdomain,https://adttnetagadfar.square.site/,1.0,1
http://secure.www.waterhousecleaning.co.uk,1,extra_subdomain,http://www.waterhousecleaning.co.uk,1.0,1
http://secure.www.rysstadsylv.no,1,extra_subdomain,http://www.rysstadsylv.no,0.9901034831016633,1
http://secure.www.dreamportalz.us,1,extra_subdomain,http://www.dreamportalz.us,0.973961863140463,1
http://secure.www.888andro.net,1,extra_subdomain,http://www.888andro.net,0.9873158889709334,1
http://secure.verifysup02218115112022.rf.gd/,1,extra_subdomain,http://verifysup02218115112022.rf.gd/,1.0,1
https://secure.amoen.ye958.com/jp,1,extra_subdomain,https://amoen.ye958.com/jp,0.9843557188505023,1
http://secure.www.pbhack.ru,1,extra_subdomain,http://www.pbhack.ru,1.0,1
http://secure.www.office-fonts.herokuapp.com,1,extra_subdomain,http://www.office-fonts.herokuapp.com,0.9941805380099578,1
http://secure.www.healthymachinery.com,1,extra_subdomain,http://www.healthymachinery.com,1.0,1
http://secure.www.stackspay.com,1,extra_subdomain,http://www.stackspay.com,0.9901034831016633,1
https://secure.docs.google.com/presentation/d/e/2pacx-1vtnqm2u8shvhqgtyog36zyxjjwmeiqc2y9yxurmf80c9kijvzeycqsuqexdzvh8rk1b5b1flubend6l/pub?start=false&loop=false&delayms=3000&slide=id.p,1,extra_subdomain,https://docs.google.com/presentation/d/e/2pacx-1vtnqm2u8shvhqgtyog36zyxjjwmeiqc2y9yxurmf80c9kijvzeycqsuqexdzvh8rk1b5b1flubend6l/pub?start=false&loop=false&delayms=3000&slide=id.p,0.7757948922963476,1
http://secure.www.amazceom-co-jp.amaczeon.chatdouyin.top/,1,extra_subdomain,http://www.amazceom-co-jp.amaczeon.chatdouyin.top/,1.0,1
http://secure.www.precisionmechanical.org,1,extra_subdomain,http://www.precisionmechanical.org,1.0,1
http://secure.www.fotos.lc,1,extra_subdomain,http://www.fotos.lc,0.9721662713626522,1
http://secure.www.dadsgetinthegame.com,1,extra_subdomain,http://www.dadsgetinthegame.com,1.0,1
http://secure.www.3je.sdybv.com,1,extra_subdomain,http://www.3je.sdybv.com,0.9750079339250999,1
http://secure.www.ausameetings.com,1,extra_subdomain,http://www.ausameetings.com,1.0,1
http://secure.www.js.csad.cc,1,extra_subdomain,http://www.js.csad.cc,0.975,1
http://secure.www.lottoplays.com,1,extra_subdomain,http://www.lottoplays.com,0.9909350613020538,1
http://secure.www.doable.nl,1,extra_subdomain,http://www.doable.nl,0.9754213526106383,1
http://secure.www.indeksonline.org,1,extra_subdomain,http://www.indeksonline.org,0.9891971207468708,1
http://secure.www.naverserviceteam.com,1,extra_subdomain,http://www.naverserviceteam.com,1.0,1
http://secure.sweetceidrogerbhimlea.tk/,1,extra_subdomain,http://sweetceidrogerbhimlea.tk/,1.0,1
http://secure.www.webpartner.fr,1,extra_subdomain,http://www.webpartner.fr,0.9909350613020538,1
http://secure.www.eggsupgrillfranchise.com,1,extra_subdomain,http://www.eggsupgrillfranchise.com,1.0,1
http://secure.lavozdeloscentauros.com/,1,extra_subdomain,http://lavozdeloscentauros.com/,0.9955218747819499,1
http://secure.www.sgnaturn.com,1,extra_subdomain,http://www.sgnaturn.com,1.0,1
http://secure.walletconnectlive.blogspot.com,1,extra_subdomain,http://walletconnectlive.blogspot.com,0.987860832141546,1
https://secure.link.tkilef.top,1,extra_subdomain,https://link.tkilef.top,0.23966292876400078,0
http://secure.www.sartco-ir.com,1,extra_subdomain,http://www.sartco-ir.com,0.9423448265918692,1
http://secure.www.pox23.io,1,extra_subdomain,http://www.pox23.io,0.9923612928545037,1
http://secure.www.sbdgb.com,1,extra_subdomain,http://www.sbdgb.com,1.0,1
http://secure.www.senseye.ikwb.com,1,extra_subdomain,http://www.senseye.ikwb.com,1.0,1
https://secure.www.momeyklte.cattaca.com/sonn/client/index_sp.html,1,extra_subdomain,https://www.momeyklte.cattaca.com/sonn/client/index_sp.html,1.0,1
http://secure.doc-metamask.rf.gd,1,extra_subdomain,http://doc-metamask.rf.gd,0.9816531340666739,1
http://secure.www.timoleary.co.uk,1,extra_subdomain,http://www.timoleary.co.uk,0.9816373438243231,1
http://secure.www.afiliadosilva.com,1,extra_subdomain,http://www.afiliadosilva.com,1.0,1
http://secure.www.eblagh-r.ml,1,extra_subdomain,http://www.eblagh-r.ml,1.0,1
https://secure.att-102722-106593servcerbusiness.square.site/,1,extra_subdomain,https://att-102722-106593servcerbusiness.square.site/,1.0,1
http://secure.www.handyman.macleannsw.com,1,extra_subdomain,http://www.handyman.macleannsw.com,1.0,1
http://secure.turnaroundsupport.co.za/kundenkonto/indexx.html,1,extra_subdomain,http://turnaroundsupport.co.za/kundenkonto/indexx.html,1.0,1
http://secure.www.datenbank.mobi,1,extra_subdomain,http://www.datenbank.mobi,0.9757283661900953,1
https://secure.attloginpage-mailerlink.square.site/,1,extra_subdomain,https://attloginpage-mailerlink.square.site/,1.0,1
http://secure.www.tzuzsyfd.net,1,extra_subdomain,http://www.tzuzsyfd.net,0.9901034831016633,1
https://secure.att-mail-104057.square.site/,1,extra_subdomain,https://att-mail-104057.square.site/,1.0,1
http://secure.www.daxberger.at,1,extra_subdomain,http://www.daxberger.at,0.9814639888403829,1
https://secure.fladestateins.com/08131e57-e230-465b-bb5e-840b8af30ec4,1,extra_subdomain,https://fladestateins.com/08131e57-e230-465b-bb5e-840b8af30ec4,1.0,1
https://secure.pold.builderallwppro.com/wp-content/plugins/r/tracking/fv5ejh/details.php,1,extra_subdomain,https://pold.builderallwppro.com/wp-content/plugins/r/tracking/fv5ejh/details.php,1.0,1
http://secure.www.delphi3135.gorodok.net,1,extra_subdomain,http://www.delphi3135.gorodok.net,0.9561521269529731,1
http://secure.www.greencoco.id,1,extra_subdomain,http://www.greencoco.id,0.9769142187291235,1
http://secure.www.eblagh-hj.ml,1,extra_subdomain,http://www.eblagh-hj.ml,1.0,1
http://secure.www.115.at,1,extra_subdomain,http://www.115.at,0.9673612928545037,1
https://secure.allegroiokalnie7info.67564534.xyz/bdxl74cx?from_sms=1,1,extra_subdomain,https://allegroiokalnie7info.67564534.xyz/bdxl74cx?from_sms=1,1.0,1
http://secure.www.app.in-spicy.com,1,extra_subdomain,http://www.app.in-spicy.com,1.0,1
http://secure.www.rakcten-carb.ofhzuue.cn/,1,extra_subdomain,http://www.rakcten-carb.ofhzuue.cn/,0.9992289915080452,1
https://secure.www.cosmoswater.in/otp.php,1,extra_subdomain,https://www.cosmoswater.in/otp.php,1.0,1
http://secure.yeqk42t.square.site/,1,extra_subdomain,http://yeqk42t.square.site/,1.0,1
https://secure.my-business-103077.square.site/,1,extra_subdomain,https://my-business-103077.square.site/,1.0,1
http://secure.www.frissoncourier.com/wp-content/plugins/wpcargo/assets/images/,1,extra_subdomain,http://www.frissoncourier.com/wp-content/plugins/wpcargo/assets/images/,1.0,1
https://secure.docs.google.com/forms/d/e/1faipqlsfjsgjhbjke-mlmni8cfg1tacz-hdpvmy5j2br9upjr1f7nda/viewform?usp=send_form,1,extra_subdomain,https://docs.google.com/forms/d/e/1faipqlsfjsgjhbjke-mlmni8cfg1tacz-hdpvmy5j2br9upjr1f7nda/viewform?usp=send_form,0.7938676422699698,1
https://secure.instagrame.net/,1,extra_subdomain,https://instagrame.net/,0.9575959466639118,1
http://secure.www.hxc28.com,1,extra_subdomain,http://www.hxc28.com,0.9923612928545037,1
http://secure.www.leapmom.com,1,extra_subdomain,http://www.leapmom.com,0.9721662713626522,1
https://secure.sites.google.com/view/ptss18/?dn,1,extra_subdomain,https://sites.google.com/view/ptss18/?dn,0.5187443058355061,1
http://secure.www.emrahkeskin.com,1,extra_subdomain,http://www.emrahkeskin.com,1.0,1
http://secure.www.hotelfocus.nl,1,extra_subdomain,http://www.hotelfocus.nl,0.9785153458416656,1
http://secure.www.crophysi.ru,1,extra_subdomain,http://www.crophysi.ru,1.0,1
http://secure.www.aadl-iran.ml,1,extra_subdomain,http://www.aadl-iran.ml,1.0,1
http://secure.www.zestevents.co,1,extra_subdomain,http://www.zestevents.co,0.9909350613020538,1
http://secure.www.wj.tqomz.com,1,extra_subdomain,http://www.wj.tqomz.com,1.0,1
http://secure.www.javaterm.com,1,extra_subdomain,http://www.javaterm.com,0.9905289275383291,1
http://secure.www.iamme-label.com,1,extra_subdomain,http://www.iamme-label.com,0.9915496509650106,1
http://secure.www.westthamesphysio.com,1,extra_subdomain,http://www.westthamesphysio.com,1.0,1
http://secure.www.211120bei.top,1,extra_subdomain,http://www.211120bei.top,0.9923612928545037,1
http://secure.www.bshades.eu,1,extra_subdomain,http://www.bshades.eu,1.0,1
https://secure.banbobiinacionall.herokuapp.com/,1,extra_subdomain,https://banbobiinacionall.herokuapp.com/,1.0,1
https://secure.s3.ap-southeast-1.wasabisys.com/policies/appsuite/tlyappioox/mailfolderdefault0/inbox.html#redacted@abuse.ionos.com,1,extra_subdomain,https://s3.ap-southeast-1.wasabisys.com/policies/appsuite/tlyappioox/mailfolderdefault0/inbox.html#redacted@abuse.ionos.com,1.0,1
http://secure.www.rspvm.servergame.com,1,extra_subdomain,http://www.rspvm.servergame.com,0.9849011447410156,1
http://secure.akewuqekas.sembarriga.com.br/vnafvra97w/?q=3717065149&id=100,1,extra_subdomain,http://akewuqekas.sembarriga.com.br/vnafvra97w/?q=3717065149&id=100,1.0,1
http://secure.www.creativecombat.com/wp-admin/network/acct/login.php?rand=13inboxlightaspxn.1774256418&fid.4.1252899642&fid=1&fav.1&rand.13inboxlight.aspxn.1774256418&fid.1252899642&fid.1&fav.1&email=&.rand=13inboxlight.aspx?n=1774256418&fid=4#n=1252899642&fid=1&fav=1,1,extra_subdomain,http://www.creativecombat.com/wp-admin/network/acct/login.php?rand=13inboxlightaspxn.1774256418&fid.4.1252899642&fid=1&fav.1&rand.13inboxlight.aspxn.1774256418&fid.1252899642&fid.1&fav.1&email=&.rand=13inboxlight.aspx?n=1774256418&fid=4#n=1252899642&fid=1&fav=1,1.0,1
http://secure.www.xnxx.c1.biz,1,extra_subdomain,http://www.xnxx.c1.biz,0.9923612928545037,1
http://secure.www.jfgsifrptbirusgs.net,1,extra_subdomain,http://www.jfgsifrptbirusgs.net,1.0,1
http://secure.www.tanilcosmetics.com,1,extra_subdomain,http://www.tanilcosmetics.com,1.0,1
https://secure.trophterra.tk/164bd,1,extra_subdomain,https://trophterra.tk/164bd,0.9391744006719633,1
http://www.shprakserf.gq?id=84721,1,query_randomization,http://www.shprakserf.gq,0.9892086529061042,1
http://www.iuhjn.pplink.club?id=84721,1,query_randomization,http://www.iuhjn.pplink.club,0.996692933695492,1
https://sabadonoappmagazine.com/?id=84721,1,query_randomization,https://sabadonoappmagazine.com/,0.9764575083283493,1
http://www.nextraload.com?id=84721,1,query_randomization,http://www.nextraload.com,0.9891819740302659,1
http://tkmowpikuk.owl4fsrch.club/vnafvra97w/?q=3717065149&id=100&id=84721,1,query_randomization,http://tkmowpikuk.owl4fsrch.club/vnafvra97w/?q=3717065149&id=100,1.0,1
https://btopenworldwebmailing.square.site/?id=84721,1,query_randomization,https://btopenworldwebmailing.square.site/,0.9997583966390742,1
http://www.fgurb.cannca.shop?id=84721,1,query_randomization,http://www.fgurb.cannca.shop,1.0,1
https://www.ethmining.info/#/?id=84721,1,query_randomization,https://www.ethmining.info/#/,0.9301392415085397,1
http://ianacurtis.rmxcontabilidade.com.br?id=84721,1,query_randomization,http://ianacurtis.rmxcontabilidade.com.br,0.9931269777178946,1
http://www.pony4.microsoftups.com?id=84721,1,query_randomization,http://www.pony4.microsoftups.com,1.0,1
http://www.play.stream.vidzi.tv?id=84721,1,query_randomization,http://www.play.stream.vidzi.tv,1.0,1
http://www.beemail.online?id=84721,1,query_randomization,http://www.beemail.online,0.9992289915080452,1
http://www.915783.com?id=84721,1,query_randomization,http://www.915783.com,0.8999412746277065,1
https://attcom-102201.square.site/?id=84721,1,query_randomization,https://attcom-102201.square.site/,0.9889817255487152,1
https://upyq8ess.dreamwp.com/dkskat/?id=84721,1,query_randomization,https://upyq8ess.dreamwp.com/dkskat/,0.9828752289357563,1
https://www.faewood.com?id=84721,1,query_randomization,https://www.faewood.com,0.7918842470444185,1
https://ennsttsqau.square.site/?id=84721,1,query_randomization,https://ennsttsqau.square.site/,0.9623589340229852,1
https://docs.google.com/forms/d/1casphevkfdaz2okqj70wdai3pdwwg1weh_rpk9v0z3a/viewform?id=84721,1,query_randomization,https://docs.google.com/forms/d/1casphevkfdaz2okqj70wdai3pdwwg1weh_rpk9v0z3a/viewform,0.7552940187431018,1
http://www.frissoncourier.com?id=84721,1,query_randomization,http://www.frissoncourier.com,0.9692830138588896,1
http://www.clinicafresa20.com?id=84721,1,query_randomization,http://www.clinicafresa20.com,0.9501999730628855,1
http://chieuphan-bdshotram.com/webs/?id=84721,1,query_randomization,http://chieuphan-bdshotram.com/webs/,1.0,1
https://www.ekie-nat.ekaste.bhwkke.top/load.php?id=84721,1,query_randomization,https://www.ekie-nat.ekaste.bhwkke.top/load.php,1.0,1
http://www.keliweb.it?id=84721,1,query_randomization,http://www.keliweb.it,0.9137183815524423,1
http://www.baagii.sportsnewsa.net?id=84721,1,query_randomization,http://www.baagii.sportsnewsa.net,1.0,1
https://s3.ap-southeast-1.wasabisys.com/mailbusiness/appsuite/tlyappioox/mailfolderdefault9/inbox.html#redacted@abuse.ionos.com?id=84721,1,query_randomization,https://s3.ap-southeast-1.wasabisys.com/mailbusiness/appsuite/tlyappioox/mailfolderdefault9/inbox.html#redacted@abuse.ionos.com,1.0,1
https://lowes-solicitors.co.uk/ch/panel/?id=84721,1,query_randomization,https://lowes-solicitors.co.uk/ch/panel/,1.0,1
http://www.clientcentre.net?id=84721,1,query_randomization,http://www.clientcentre.net,1.0,1
https://euygy.square.site/?id=84721,1,query_randomization,https://euygy.square.site/,0.841048405954095,1
http://www.automan-1301476296.cos.eu-moscow.myqcloud.com?id=84721,1,query_randomization,http://www.automan-1301476296.cos.eu-moscow.myqcloud.com,1.0,1
http://www.aleksandartaskov.com?id=84721,1,query_randomization,http://www.aleksandartaskov.com,0.9931269777178946,1
http://www.whoer.net?id=84721,1,query_randomization,http://www.whoer.net,0.9438708516501402,1
https://terapiaespecializada.es/mtb/app/verify.php?id=84721,1,query_randomization,https://terapiaespecializada.es/mtb/app/verify.php,0.9991227125581521,1
http://www.nogiledeneli.ru?id=84721,1,query_randomization,http://www.nogiledeneli.ru,0.9892181196039822,1
http://www.reco.ws?id=84721,1,query_randomization,http://www.reco.ws,0.8787459963349036,1
http://www.polevoyton.store?id=84721,1,query_randomization,http://www.polevoyton.store,1.0,1
https://antai-gouv.net/?id=84721,1,query_randomization,https://antai-gouv.net/,0.9588649221559752,1
https://shrtco.de/1d9yeo?id=84721,1,query_randomization,https://shrtco.de/1d9yeo,0.7937177970689215,1
http://fti.unmerpas.ac.id/wp-admin/user/webgenkic/investopia/index.php?email=get@get.get&id=84721,1,query_randomization,http://fti.unmerpas.ac.id/wp-admin/user/webgenkic/investopia/index.php?email=get@get.get,0.9930438273373083,1
https://ejjud0.wixsite.com/attt?id=84721,1,query_randomization,https://ejjud0.wixsite.com/attt,0.8489596957042636,1
http://www.campbellz.cf?id=84721,1,query_randomization,http://www.campbellz.cf,1.0,1
http://www.lwac.com?id=84721,1,query_randomization,http://www.lwac.com,0.9474983908282149,1
http://centrica.comrqzrofxnhwwgrqzrofrofxnhwagx2nfse2nfagx2nfsesewxnhwagxwgrqzg.mustaccio.com/0.php#ywnjb3vudhnay2vudhjpy2euy29t?id=84721,1,query_randomization,http://centrica.comrqzrofxnhwwgrqzrofrofxnhwagx2nfse2nfagx2nfsesewxnhwagxwgrqzg.mustaccio.com/0.php#ywnjb3vudhnay2vudhjpy2euy29t,1.0,1
https://00-coveriy-tm.quest/?id=84721,1,query_randomization,https://00-coveriy-tm.quest/,0.9909350613020538,1
https://attcom-101978.square.site/?id=84721,1,query_randomization,https://attcom-101978.square.site/,0.9889817255487152,1
https://docs.google.com/forms/d/e/1faipqlscckv1-rxhipcmrhnwfvq2lhuxx18nzcm1e7e0oz8ienixtgw/viewform?id=84721,1,query_randomization,https://docs.google.com/forms/d/e/1faipqlscckv1-rxhipcmrhnwfvq2lhuxx18nzcm1e7e0oz8ienixtgw/viewform,0.7353754422421334,1
http://www.oosp.pplink.club?id=84721,1,query_randomization,http://www.oosp.pplink.club,0.996692933695492,1
https://www-info-cr-mufg.huiwenfeng.com/jp.php?id=84721,1,query_randomization,https://www-info-cr-mufg.huiwenfeng.com/jp.php,0.9998699063742865,1
http://www.karizcustomizeme.com?id=84721,1,query_randomization,http://www.karizcustomizeme.com,0.9822839940901182,1
http://dj-wedding.tk/besst/?id=84721,1,query_randomization,http://dj-wedding.tk/besst/,0.9980073550962303,1
https://www.google.com/url?q=https://ipfs.io/ipfs/qmpovsvevlyhp2gj6vfhkqvhaydz1o7y2xn3xt87kkghtv%23%5bemail%5d&amp;source=gmail&amp;ust=1663915474090000&amp;usg=aovvaw1usggtmp1ivavtzsxcz8g1&id=84721,1,query_randomization,https://www.google.com/url?q=https://ipfs.io/ipfs/qmpovsvevlyhp2gj6vfhkqvhaydz1o7y2xn3xt87kkghtv%23%5bemail%5d&amp;source=gmail&amp;ust=1663915474090000&amp;usg=aovvaw1usggtmp1ivavtzsxcz8g1,0.8202681918630713,1
http://www.iiorinmf.pplink.club?id=84721,1,query_randomization,http://www.iiorinmf.pplink.club,1.0,1
https://dmbelectricinc.com/?id=84721,1,query_randomization,https://dmbelectricinc.com/,0.9266649169937548,1
http://www.intelsupportcenter.com?id=84721,1,query_randomization,http://www.intelsupportcenter.com,1.0,1
http://4710463d43910.bonactech.com/#zfhobgnrqmtimjfoyvc0dwrhegs?id=84721,1,query_randomization,http://4710463d43910.bonactech.com/#zfhobgnrqmtimjfoyvc0dwrhegs,1.0,1
http://www.www--wellsfargo--com--t249329d48d6c.wsipv6.com?id=84721,1,query_randomization,http://www.www--wellsfargo--com--t249329d48d6c.wsipv6.com,1.0,1
https://www.id292468292.ru?id=84721,1,query_randomization,https://www.id292468292.ru,0.8981918185374237,1
https://www.danieltolson.com/home.php?id=84721,1,query_randomization,https://www.danieltolson.com/home.php,0.9657502598831715,1
http://www.icloud-id-services.com?id=84721,1,query_randomization,http://www.icloud-id-services.com,0.99496114982354,1
http://www.tripadvisorsapp.com?id=84721,1,query_randomization,http://www.tripadvisorsapp.com,1.0,1
http://my-business-106173-106262.square.site/?id=84721,1,query_randomization,http://my-business-106173-106262.square.site/,1.0,1
http://cek58793690694674609.rf.gd/?id=84721,1,query_randomization,http://cek58793690694674609.rf.gd/,1.0,1
https://meinedkb.me/?id=84721,1,query_randomization,https://meinedkb.me/,0.7769850850560371,1
http://www.pmbfytlkm.ml?id=84721,1,query_randomization,http://www.pmbfytlkm.ml,0.998217926519984,1
https://www.solutionfun.info?id=84721,1,query_randomization,https://www.solutionfun.info,0.9744993329563133,1
https://fladestateins.com/4ecc9875-1bec-4eb4-b4b8-859e345aa26a?id=84721,1,query_randomization,https://fladestateins.com/4ecc9875-1bec-4eb4-b4b8-859e345aa26a,1.0,1
https://www.ioginunlcovlabcp.com/?id=84721,1,query_randomization,https://www.ioginunlcovlabcp.com/,1.0,1
https://opmklw.com/?id=84721,1,query_randomization,https://opmklw.com/,0.9520815688854484,1
https://pyyplapp.com/?id=84721,1,query_randomization,https://pyyplapp.com/,0.8574513345437678,1
http://hkmulane.cn/bnl51?id=84721,1,query_randomization,http://hkmulane.cn/bnl51,0.9409780119139611,1
http://www.winconnectors.com?id=84721,1,query_randomization,http://www.winconnectors.com,1.0,1
http://www.wikaba.com?id=84721,1,query_randomization,http://www.wikaba.com,0.9187864220380634,1
http://yzxlsc.com/wordpress/wp-includes/fonts/aupost/track/index2.php?id=84721,1,query_randomization,http://yzxlsc.com/wordpress/wp-includes/fonts/aupost/track/index2.php,0.9949548221878624,1
http://www.shbc.pplink.club?id=84721,1,query_randomization,http://www.shbc.pplink.club,0.996692933695492,1
http://www.towncenterhotel.com?id=84721,1,query_randomization,http://www.towncenterhotel.com,1.0,1
http://www.mail-nepalarmymil-np.gq?id=84721,1,query_randomization,http://www.mail-nepalarmymil-np.gq,1.0,1
http://www.dyskurs.com.ua?id=84721,1,query_randomization,http://www.dyskurs.com.ua,0.9931012180070015,1
https://alertascliente.webcindario.com/?id=84721,1,query_randomization,https://alertascliente.webcindario.com/,0.9906557388499845,1
http://www.1shop.de?id=84721,1,query_randomization,http://www.1shop.de,0.9474983908282149,1
https://att-102707.square.site/?id=84721,1,query_randomization,https://att-102707.square.site/,0.988423379833462,1
https://auth-dkb-online.de/?id=84721,1,query_randomization,https://auth-dkb-online.de/,1.0,1
http://www.cachecontent.com?id=84721,1,query_randomization,http://www.cachecontent.com,1.0,1
http://www.0catch.com?id=84721,1,query_randomization,http://www.0catch.com,0.9508658372047313,1
http://lukers.com.sg/chronopostalertee/chronopostalertee?id=84721,1,query_randomization,http://lukers.com.sg/chronopostalertee/chronopostalertee,1.0,1
http://www.unblockproxy.us?id=84721,1,query_randomization,http://www.unblockproxy.us,0.9892181196039822,1
https://crosschainbridge-eth.com/?gclid=cjwkcaia5siebhbneiwar9oh2vy9yq0vuiatdgyarsqdbwlwezejyz3u2ljjjphfzmf2sgpv9hopiboco-wqavd_bwe&id=84721,1,query_randomization,https://crosschainbridge-eth.com/?gclid=cjwkcaia5siebhbneiwar9oh2vy9yq0vuiatdgyarsqdbwlwezejyz3u2ljjjphfzmf2sgpv9hopiboco-wqavd_bwe,1.0,1
http://www.allsecurehosting.com?id=84721,1,query_randomization,http://www.allsecurehosting.com,0.9784539677512634,1
http://www.wearebred.net?id=84721,1,query_randomization,http://www.wearebred.net,0.9747147763877475,1
https://cmac-cajatacna.com/1675952392/cliente/login?id=84721,1,query_randomization,https://cmac-cajatacna.com/1675952392/cliente/login,1.0,1
https://sampierry11.wixsite.com/my-site-1?id=84721,1,query_randomization,https://sampierry11.wixsite.com/my-site-1,0.9466794248133503,1
http://www.oolkjd.pplink.club?id=84721,1,query_randomization,http://www.oolkjd.pplink.club,1.0,1
http://maharashtra-enterprises.com/feedback/portal.php?id=84721,1,query_randomization,http://maharashtra-enterprises.com/feedback/portal.php,1.0,1
http://www.antongas-fx.ru?id=84721,1,query_randomization,http://www.antongas-fx.ru,1.0,1
http://www.tg0913.com?id=84721,1,query_randomization,http://www.tg0913.com,0.8999412746277065,1
https://powerlineindustriesinc.myportfolio.com/?id=84721,1,query_randomization,https://powerlineindustriesinc.myportfolio.com/,1.0,1
https://ayt-103563-100603.square.site/?id=84721,1,query_randomization,https://ayt-103563-100603.square.site/,1.0,1
http://www.proxify.com?id=84721,1,query_randomization,http://www.proxify.com,0.9570025642830118,1
http://www.marketexon.com?id=84721,1,query_randomization,http://www.marketexon.com,0.9891819740302659,1
https://docs.google.com/forms/d/e/1faipqlsdnega_6c_pz9_q9ep9epm4iwqfsrxqsnaz-j9dyldimaoocg/viewform?usp=send_form&id=84721,1,query_randomization,https://docs.google.com/forms/d/e/1faipqlsdnega_6c_pz9_q9ep9epm4iwqfsrxqsnaz-j9dyldimaoocg/viewform?usp=send_form,0.7003496153621029,1
http://www.sishendm.com?id=84721,1,query_randomization,http://www.sishendm.com,0.9764465602596994,1
http://att-108784.square.site/?id=84721,1,query_randomization,http://att-108784.square.site/,0.9978411410076194,1
https://informasjon379820922.blogspot.com/?trkid=pn8322826547413800&sub1=tb4j9lf&id=84721,1,query_randomization,https://informasjon379820922.blogspot.com/?trkid=pn8322826547413800&sub1=tb4j9lf,0.990001939977813,1
http://down.shopeevip11.com/?id=84721,1,query_randomization,http://down.shopeevip11.com/,0.990848955077821,1
http://www.omwowxisr.ga?id=84721,1,query_randomization,http://www.omwowxisr.ga,1.0,1
https://amazon-hgfhtt.zyns.com/mobile/signim.php?id=84721,1,query_randomization,https://amazon-hgfhtt.zyns.com/mobile/signim.php,0.9949754830987818,1
http://www.beatleslover.com?id=84721,1,query_randomization,http://www.beatleslover.com,0.9849019834003758,1
https://docs.google.com/forms/d/e/1faipqlsfp1eukgsktriyraz2csynqwfwtv6ehlnbszu69dbxz9lirtq/viewform?id=84721,1,query_randomization,https://docs.google.com/forms/d/e/1faipqlsfp1eukgsktriyraz2csynqwfwtv6ehlnbszu69dbxz9lirtq/viewform,0.7353754422421334,1
https://acompanhando-meusgastos-online.com/luiza/home.php?userid=&uri=jkluamrfhfwos4cafnmeh7pa1pzx12wuktqwv4swvyw=&id=84721,1,query_randomization,https://acompanhando-meusgastos-online.com/luiza/home.php?userid=&uri=jkluamrfhfwos4cafnmeh7pa1pzx12wuktqwv4swvyw=,1.0,1
http://www.spoke.ga?id=84721,1,query_randomization,http://www.spoke.ga,0.9835940695723313,1
https://att-100984.square.site/?id=84721,1,query_randomization,https://att-100984.square.site/,0.988423379833462,1
http://www.14gjm.xyz?id=84721,1,query_randomization,http://www.14gjm.xyz,0.9880886528153306,1
https://my-business-107865-109573.square.site/?id=84721,1,query_randomization,https://my-business-107865-109573.square.site/,1.0,1
http://www.supportxmr.com?id=84721,1,query_randomization,http://www.supportxmr.com,0.9750835606318621,1
http://sheinaapp.com?id=84721,1,query_randomization,http://sheinaapp.com,0.9661481514727107,1
http://www.netshieldkit.com?id=84721,1,query_randomization,http://www.netshieldkit.com,1.0,1
https://zurbrioerf.com?id=84721,1,query_randomization,https://zurbrioerf.com,0.8214997599372568,1
http://www.hotfixmsupload.com?id=84721,1,query_randomization,http://www.hotfixmsupload.com,1.0,1
https://login-screen-107860.square.site/?id=84721,1,query_randomization,https://login-screen-107860.square.site/,1.0,1
https://djc74bcd9b51a2-1ebf-4df7-bc61-d371fe9eccf.myportfolio.com/?id=84721,1,query_randomization,https://djc74bcd9b51a2-1ebf-4df7-bc61-d371fe9eccf.myportfolio.com/,1.0,1
https://yahooconfiguration0.wixsite.com/html?id=84721,1,query_randomization,https://yahooconfiguration0.wixsite.com/html,0.9897603366168873,1
https://docs.google.com/forms/d/e/1faipqlsc-nv7qlz6jg_y9ze5k9ds_kzo8hyelurb5j5veve1q4jkiwq/viewform?usp=send_form&id=84721,1,query_randomization,https://docs.google.com/forms/d/e/1faipqlsc-nv7qlz6jg_y9ze5k9ds_kzo8hyelurb5j5veve1q4jkiwq/viewform?usp=send_form,0.6853097320514753,1
https://sht.moe/zmrww?id=84721,1,query_randomization,https://sht.moe/zmrww,0.5977355222375215,1
https://www.omahanewsbulletin.com?id=84721,1,query_randomization,https://www.omahanewsbulletin.com,1.0,1
https://bjbbw6.wixsite.com/my-site-2?id=84721,1,query_randomization,https://bjbbw6.wixsite.com/my-site-2,0.8910564224825854,1
https://tcpw7mwm.dreamwp.com/auth?id=84721,1,query_randomization,https://tcpw7mwm.dreamwp.com/auth,0.9932632623939208,1
http://www.greeaircondition.com?id=84721,1,query_randomization,http://www.greeaircondition.com,0.9822839940901182,1
https://dn75852739.wixsite.com/my-site?id=84721,1,query_randomization,https://dn75852739.wixsite.com/my-site,0.9947836732774386,1
http://43.153.207.103/v3/signin/identifier?dsh=s-16339560%3a1679418180081355&amp%3bfollowup=https%3a%2f%2faccounts.google.com%2f%3f&amp%3bifkv=awnoghedjeezlxxcukyobikksrlskkbb8naftymojf2pwikab-md99nj9vzjmeshc1trpqxmz-t9&amp%3bpassive=1209600&amp%3bxrealip=107.178.200.216&continue=https%3a%2f%2faccounts.google.com%2f%3f&xrealip=107.21.207.171&flowname=weblitesignin&flowentry=servicelogin&ifkv=awnoghdkbq5_bcbcs7t_jbbb9kh3txpcqomjbjvtodoolkfraglnqnbwsicqnuymo66jb13fvsxv&id=84721,1,query_randomization,http://43.153.207.103/v3/signin/identifier?dsh=s-16339560%3a1679418180081355&amp%3bfollowup=https%3a%2f%2faccounts.google.com%2f%3f&amp%3bifkv=awnoghedjeezlxxcukyobikksrlskkbb8naftymojf2pwikab-md99nj9vzjmeshc1trpqxmz-t9&amp%3bpassive=1209600&amp%3bxrealip=107.178.200.216&continue=https%3a%2f%2faccounts.google.com%2f%3f&xrealip=107.21.207.171&flowname=weblitesignin&flowentry=servicelogin&ifkv=awnoghdkbq5_bcbcs7t_jbbb9kh3txpcqomjbjvtodoolkfraglnqnbwsicqnuymo66jb13fvsxv,1.0,1
http://www.uzdarakchi.com?id=84721,1,query_randomization,http://www.uzdarakchi.com,0.9891819740302659,1
https://mail-105744.square.site/?id=84721,1,query_randomization,https://mail-105744.square.site/,0.9889817255487152,1
https://www.ekni-nct.ekint.lulhbc.top/load.php?id=84721,1,query_randomization,https://www.ekni-nct.ekint.lulhbc.top/load.php,1.0,1
https://drive.google.com/file/d/1ginbnlpvt7kpfnog9a68fqmn7k3aivui?id=84721,1,query_randomization,https://drive.google.com/file/d/1ginbnlpvt7kpfnog9a68fqmn7k3aivui,0.7855587571930703,1
http://www.omwowxisu.gq?id=84721,1,query_randomization,http://www.omwowxisu.gq,1.0,1
http://www.asymmetricfile.blogspot.com?id=84721,1,query_randomization,http://www.asymmetricfile.blogspot.com,1.0,1
http://www.inboundmag.com?id=84721,1,query_randomization,http://www.inboundmag.com,0.9891819740302659,1
http://www.pdnw.nowurl.fun?id=84721,1,query_randomization,http://www.pdnw.nowurl.fun,0.9823193376109838,1
https://e.vg/24bper?id=84721,1,query_randomization,https://e.vg/24bper,0.7086094406393988,1
https://novo-sicredi-black.com/?page=home&amp;a=208a545d9c9920e5b82164095ef319bad2175dc5secure2158133160d9d280afd9baa68ac7d4411e4dfa5aaccess&amp;b=c307f85ef63c038db5451a1042f6f71035959e14secureb88a92fff52f9bef397d01a21ebe53836dcf62fbaccess&amp;c=4b5a9afcee2770f60fda9be064592b20a861a360secure9c2abcaa953117131aa7425287bb7855c77d94e9access&id=84721,1,query_randomization,https://novo-sicredi-black.com/?page=home&amp;a=208a545d9c9920e5b82164095ef319bad2175dc5secure2158133160d9d280afd9baa68ac7d4411e4dfa5aaccess&amp;b=c307f85ef63c038db5451a1042f6f71035959e14secureb88a92fff52f9bef397d01a21ebe53836dcf62fbaccess&amp;c=4b5a9afcee2770f60fda9be064592b20a861a360secure9c2abcaa953117131aa7425287bb7855c77d94e9access,1.0,1
http://smartdappsauthonline.com?id=84721,1,query_randomization,http://smartdappsauthonline.com,0.9995195402352064,1
http://www.helpdesk.autodefragapp.com?id=84721,1,query_randomization,http://www.helpdesk.autodefragapp.com,0.9931269777178946,1
http://www.revoadademalandro.top?id=84721,1,query_randomization,http://www.revoadademalandro.top,0.9891570163722235,1
http://www.hiphopeconomicdevelopment.com?id=84721,1,query_randomization,http://www.hiphopeconomicdevelopment.com,1.0,1
https://ount.thejewtangclan.com/jp.php?id=84721,1,query_randomization,https://ount.thejewtangclan.com/jp.php,0.9983208827923477,1
https://faturarennersolucoesweb.com/login/seguranca.php?id=84721,1,query_randomization,https://faturarennersolucoesweb.com/login/seguranca.php,1.0,1
http://www.nvdh.nowurl.fun?id=84721,1,query_randomization,http://www.nvdh.nowurl.fun,0.9823193376109838,1
http://www.mailservices.pythonanywhere.com?id=84721,1,query_randomization,http://www.mailservices.pythonanywhere.com,1.0,1
https://docs.google.com/presentation/d/e/2pacx-1vqp1bs7pp2guhiddnanci5t_elobevup6mr14v_llaxfa_35lnj_gd57iuzq91rm4xioxgt3rstsqqu/pub?start=false&loop=false&delayms=3000&slide=id.p&id=84721,1,query_randomization,https://docs.google.com/presentation/d/e/2pacx-1vqp1bs7pp2guhiddnanci5t_elobevup6mr14v_llaxfa_35lnj_gd57iuzq91rm4xioxgt3rstsqqu/pub?start=false&loop=false&delayms=3000&slide=id.p,0.7401951634841174,1
https://arnaz0n.tgfdw.top/ap/signin?id=84721,1,query_randomization,https://arnaz0n.tgfdw.top/ap/signin,0.9614085473820879,1
http://www.xsites-dev.xyz?id=84721,1,query_randomization,http://www.xsites-dev.xyz,1.0,1
http://www.cryptobara.com?id=84721,1,query_randomization,http://www.cryptobara.com,0.9858749077257578,1
http://www.ancient-parrot-9.loca.lt?id=84721,1,query_randomization,http://www.ancient-parrot-9.loca.lt,1.0,1
http://www.wangluojiumingjingli.org?id=84721,1,query_randomization,http://www.wangluojiumingjingli.org,0.9931269777178946,1
http://www.randkey-1301476296.cos.ap-mumbai.myqcloud.com?id=84721,1,query_randomization,http://www.randkey-1301476296.cos.ap-mumbai.myqcloud.com,1.0,1
http://uniswaplendwap.top?id=84721,1,query_randomization,http://uniswaplendwap.top,0.992018133617264,1
https://late-dingos-suffer-209-127-18-151.loca.lt/?id=84721,1,query_randomization,https://late-dingos-suffer-209-127-18-151.loca.lt/,0.9827649537572054,1
http://www.ratlittonrigh.com?id=84721,1,query_randomization,http://www.ratlittonrigh.com,1.0,1
http://www.adrd.xiaxiab.com?id=84721,1,query_randomization,http://www.adrd.xiaxiab.com,0.9987833618072104,1
http://www.sanaradyab.ir?id=84721,1,query_randomization,http://www.sanaradyab.ir,0.9797536265642075,1
http://www.phlhjk.cannca.shop?id=84721,1,query_randomization,http://www.phlhjk.cannca.shop,1.0,1
https://lizc2f3.myportfolio.com/?id=84721,1,query_randomization,https://lizc2f3.myportfolio.com/,1.0,1
https://christensengroupinsurance.myportfolio.com/?id=84721,1,query_randomization,https://christensengroupinsurance.myportfolio.com/,1.0,1
http://www.bruidsfotografie-breda.nl?id=84721,1,query_randomization,http://www.bruidsfotografie-breda.nl,1.0,1
http://www.originproducts.xyz?id=84721,1,query_randomization,http://www.originproducts.xyz,1.0,1
http://www.talkischeap.co.za?id=84721,1,query_randomization,http://www.talkischeap.co.za,0.9973955113067847,1
http://www.universalbumpkeys.com?id=84721,1,query_randomization,http://www.universalbumpkeys.com,1.0,1
http://www.picnicapp.co.uk?id=84721,1,query_randomization,http://www.picnicapp.co.uk,0.9823193376109838,1
http://www.performanceacademia.com.br?id=84721,1,query_randomization,http://www.performanceacademia.com.br,0.9931269777178946,1
http://www.cq.tqomz.com?id=84721,1,query_randomization,http://www.cq.tqomz.com,0.9897947121389477,1
http://www.flightzy.bid?id=84721,1,query_randomization,http://www.flightzy.bid,0.9656629586458856,1
https://docs.google.com/forms/d/e/1faipqlseht4cdltkad8967jjarcb5nafonbaw3dtpynth9mdk94hf-q/viewform?usp=send_form&id=84721,1,query_randomization,https://docs.google.com/forms/d/e/1faipqlseht4cdltkad8967jjarcb5nafonbaw3dtpynth9mdk94hf-q/viewform?usp=send_form,0.7353754422421334,1
https://autofieldindia.com/ob?id=84721,1,query_randomization,https://autofieldindia.com/ob,0.8852798472323181,1
http://seguroltau.atsnx.com/?id=84721,1,query_randomization,http://seguroltau.atsnx.com/,0.996692933695492,1
http://www.server1fermo.exodus.connexxa.it?id=84721,1,query_randomization,http://www.server1fermo.exodus.connexxa.it,0.9931269777178946,1
https://www.netflix-vn.com?id=84721,1,query_randomization,https://www.netflix-vn.com,0.9916318613753694,1
http://www.repo.do-cu.site?id=84721,1,query_randomization,http://www.repo.do-cu.site,0.9949733402409514,1
http://www.live-com.gq?id=84721,1,query_randomization,http://www.live-com.gq,0.9865359735700064,1
http://www.jrat.io?id=84721,1,query_randomization,http://www.jrat.io,0.8749498716909333,1
http://www.iredl.ml?id=84721,1,query_randomization,http://www.iredl.ml,0.9835940695723313,1
https://review-docu.myportfolio.com/?id=84721,1,query_randomization,https://review-docu.myportfolio.com/,1.0,1
http://www.k8381.com?id=84721,1,query_randomization,http://www.k8381.com,0.9389920589108574,1
http://www.chromeperfection.com?id=84721,1,query_randomization,http://www.chromeperfection.com,0.9931269777178946,1
http://www.111xxxxx.com?id=84721,1,query_randomization,http://www.111xxxxx.com,0.9750532671986522,1
http://att-101435-107378.square.site/?id=84721,1,query_randomization,http://att-101435-107378.square.site/,1.0,1
http://www.hbaa.law?id=84721,1,query_randomization,http://www.hbaa.law,0.9146326445683158,1
http://www.entourageaid.com?id=84721,1,query_randomization,http://www.entourageaid.com,0.9949557264153374,1
http://www.serveranywhere.cf?id=84721,1,query_randomization,http://www.serveranywhere.cf,1.0,1
http://www.salesforcesupports.com?id=84721,1,query_randomization,http://www.salesforcesupports.com,1.0,1
http://ethereum-che.com?id=84721,1,query_randomization,http://ethereum-che.com,0.9816064442371815,1
http://www.trkps.com?id=84721,1,query_randomization,http://www.trkps.com,0.9389920589108574,1
http://www.dynamic-dns.net?id=84721,1,query_randomization,http://www.dynamic-dns.net,1.0,1
http://www.mbmb99.com?id=84721,1,query_randomization,http://www.mbmb99.com,0.8999412746277065,1
http://www.michkatravel.com?id=84721,1,query_randomization,http://www.michkatravel.com,1.0,1
http://www.2ww.me?id=84721,1,query_randomization,http://www.2ww.me,0.9063139080899354,1
http://www.krawangan.com?id=84721,1,query_randomization,http://www.krawangan.com,0.9797536265642075,1
http://www.meteoprog.ns01.us?id=84721,1,query_randomization,http://www.meteoprog.ns01.us,0.9838835330591275,1
http://www.amazcaom-co-jp.amaozeon.chalvshe.top/?id=84721,1,query_randomization,http://www.amazcaom-co-jp.amaozeon.chalvshe.top/,1.0,1
http://www.adiscusion.com?id=84721,1,query_randomization,http://www.adiscusion.com,0.9887363443294312,1
http://www.panorama-otel.ru?id=84721,1,query_randomization,http://www.panorama-otel.ru,1.0,1
http://www.wildcard.repeta.com.au?id=84721,1,query_randomization,http://www.wildcard.repeta.com.au,1.0,1
https://attcom-109199.square.site/?id=84721,1,query_randomization,https://attcom-109199.square.site/,0.9889817255487152,1
http://www.lbertussbau.com?id=84721,1,query_randomization,http://www.lbertussbau.com,0.9892181196039822,1
http://www.kakao.net-all.website?id=84721,1,query_randomization,http://www.kakao.net-all.website,1.0,1
http://www.axletime.com?id=84721,1,query_randomization,http://www.axletime.com,0.9742625929798026,1
http://www.shpk-sanair.gq?id=84721,1,query_randomization,http://www.shpk-sanair.gq,1.0,1
https://susangerd.ir/refcheck/old.html?id=84721,1,query_randomization,https://susangerd.ir/refcheck/old.html,0.6081648306712573,1
https://zenobrands33.wixsite.com/my-site?id=84721,1,query_randomization,https://zenobrands33.wixsite.com/my-site,0.9634334261729272,1
http://www.greenphoenix.xyz?id=84721,1,query_randomization,http://www.greenphoenix.xyz,1.0,1
http://www.tallyandfin.com?id=84721,1,query_randomization,http://www.tallyandfin.com,0.9892181196039822,1
http://www.sena-peygri.cf?id=84721,1,query_randomization,http://www.sena-peygri.cf,1.0,1
http://confirmarcreditoltau.atsnx.com/?i=1&id=84721,1,query_randomization,http://confirmarcreditoltau.atsnx.com/?i=1,0.983752914923748,1
http://work4home.co.za/admin/1cb-47c22-b778a6b-70e64d1225c1fef51/enforcer/login.php?id=84721,1,query_randomization,http://work4home.co.za/admin/1cb-47c22-b778a6b-70e64d1225c1fef51/enforcer/login.php,1.0,1
https://tcommanderdcd7.myportfolio.com/?id=84721,1,query_randomization,https://tcommanderdcd7.myportfolio.com/,0.9977581991105937,1
http://www.211205.top?id=84721,1,query_randomization,http://www.211205.top,0.9761187940162536,1
http://www.khmerosja.net?id=84721,1,query_randomization,http://www.khmerosja.net,0.9797536265642075,1
http://www.6.duogz.com?id=84721,1,query_randomization,http://www.6.duogz.com,0.9808204124418136,1
https://sites.google.com/view/necrologieinfosfroravocal/accueil?id=84721,1,query_randomization,https://sites.google.com/view/necrologieinfosfroravocal/accueil,0.7337129306657243,1
https://adttnetagadfar.square.site/?id=84721,1,query_randomization,https://adttnetagadfar.square.site/,0.9859785689100683,1
http://www.waterhousecleaning.co.uk?id=84721,1,query_randomization,http://www.waterhousecleaning.co.uk,0.9931269777178946,1
http://www.rysstadsylv.no?id=84721,1,query_randomization,http://www.rysstadsylv.no,0.9750835606318621,1
http://www.dreamportalz.us?id=84721,1,query_randomization,http://www.dreamportalz.us,0.9892181196039822,1
http://www.888andro.net?id=84721,1,query_randomization,http://www.888andro.net,0.9949545961164297,1
http://verifysup02218115112022.rf.gd/?id=84721,1,query_randomization,http://verifysup02218115112022.rf.gd/,1.0,1
https://amoen.ye958.com/jp?id=84721,1,query_randomization,https://amoen.ye958.com/jp,0.6337589467414346,1
http://www.pbhack.ru?id=84721,1,query_randomization,http://www.pbhack.ru,0.9949548221878624,1
http://www.office-fonts.herokuapp.com?id=84721,1,query_randomization,http://www.office-fonts.herokuapp.com,1.0,1
http://www.healthymachinery.com?id=84721,1,query_randomization,http://www.healthymachinery.com,1.0,1
http://www.stackspay.com?id=84721,1,query_randomization,http://www.stackspay.com,0.9656552131658035,1
https://docs.google.com/presentation/d/e/2pacx-1vtnqm2u8shvhqgtyog36zyxjjwmeiqc2y9yxurmf80c9kijvzeycqsuqexdzvh8rk1b5b1flubend6l/pub?start=false&loop=false&delayms=3000&slide=id.p&id=84721,1,query_randomization,https://docs.google.com/presentation/d/e/2pacx-1vtnqm2u8shvhqgtyog36zyxjjwmeiqc2y9yxurmf80c9kijvzeycqsuqexdzvh8rk1b5b1flubend6l/pub?start=false&loop=false&delayms=3000&slide=id.p,0.7552940187431018,1
http://www.amazceom-co-jp.amaczeon.chatdouyin.top/?id=84721,1,query_randomization,http://www.amazceom-co-jp.amaczeon.chatdouyin.top/,1.0,1
http://www.precisionmechanical.org?id=84721,1,query_randomization,http://www.precisionmechanical.org,0.9822839940901182,1
http://www.fotos.lc?id=84721,1,query_randomization,http://www.fotos.lc,0.9515865543537423,1
http://www.dadsgetinthegame.com?id=84721,1,query_randomization,http://www.dadsgetinthegame.com,0.9931269777178946,1
http://www.3je.sdybv.com?id=84721,1,query_randomization,http://www.3je.sdybv.com,0.996692933695492,1
http://www.ausameetings.com?id=84721,1,query_randomization,http://www.ausameetings.com,0.9949557264153374,1
http://www.js.csad.cc?id=84721,1,query_randomization,http://www.js.csad.cc,0.962746906152878,1
http://www.lottoplays.com?id=84721,1,query_randomization,http://www.lottoplays.com,0.9858749077257578,1
http://www.doable.nl?id=84721,1,query_randomization,http://www.doable.nl,0.9069355990713268,1
http://www.indeksonline.org?id=84721,1,query_randomization,http://www.indeksonline.org,0.9849019834003758,1
http://www.naverserviceteam.com?id=84721,1,query_randomization,http://www.naverserviceteam.com,0.9822839940901182,1
http://sweetceidrogerbhimlea.tk/?id=84721,1,query_randomization,http://sweetceidrogerbhimlea.tk/,0.9891570163722235,1
http://www.webpartner.fr?id=84721,1,query_randomization,http://www.webpartner.fr,0.9764465602596994,1
http://www.eggsupgrillfranchise.com?id=84721,1,query_randomization,http://www.eggsupgrillfranchise.com,1.0,1
http://lavozdeloscentauros.com/?id=84721,1,query_randomization,http://lavozdeloscentauros.com/,0.9833137179399832,1
http://www.sgnaturn.com?id=84721,1,query_randomization,http://www.sgnaturn.com,0.9764465602596994,1
http://walletconnectlive.blogspot.com?id=84721,1,query_randomization,http://walletconnectlive.blogspot.com,1.0,1
https://link.tkilef.top?id=84721,1,query_randomization,https://link.tkilef.top,0.9062797288654393,1
http://www.sartco-ir.com?id=84721,1,query_randomization,http://www.sartco-ir.com,0.9931017784434557,1
http://www.pox23.io?id=84721,1,query_randomization,http://www.pox23.io,0.9446877723607436,1
http://www.sbdgb.com?id=84721,1,query_randomization,http://www.sbdgb.com,0.9389920589108574,1
http://www.senseye.ikwb.com?id=84721,1,query_randomization,http://www.senseye.ikwb.com,0.996692933695492,1
https://www.momeyklte.cattaca.com/sonn/client/index_sp.html?id=84721,1,query_randomization,https://www.momeyklte.cattaca.com/sonn/client/index_sp.html,0.9983219990847949,1
http://doc-metamask.rf.gd?id=84721,1,query_randomization,http://doc-metamask.rf.gd,0.9891439351169741,1
http://www.timoleary.co.uk?id=84721,1,query_randomization,http://www.timoleary.co.uk,0.9841914598449335,1
http://www.afiliadosilva.com?id=84721,1,query_randomization,http://www.afiliadosilva.com,0.9978411410076194,1
http://www.eblagh-r.ml?id=84721,1,query_randomization,http://www.eblagh-r.ml,1.0,1
https://att-102722-106593servcerbusiness.square.site/?id=84721,1,query_randomization,https://att-102722-106593servcerbusiness.square.site/,1.0,1
http://www.handyman.macleannsw.com?id=84721,1,query_randomization,http://www.handyman.macleannsw.com,1.0,1
http://turnaroundsupport.co.za/kundenkonto/indexx.html?id=84721,1,query_randomization,http://turnaroundsupport.co.za/kundenkonto/indexx.html,0.9986177527773128,1
http://www.datenbank.mobi?id=84721,1,query_randomization,http://www.datenbank.mobi,0.9891819740302659,1
https://attloginpage-mailerlink.square.site/?id=84721,1,query_randomization,https://attloginpage-mailerlink.square.site/,1.0,1
http://www.tzuzsyfd.net?id=84721,1,query_randomization,http://www.tzuzsyfd.net,0.9656629586458856,1
https://att-mail-104057.square.site/?id=84721,1,query_randomization,https://att-mail-104057.square.site/,0.9889817255487152,1
http://www.daxberger.at?id=84721,1,query_randomization,http://www.daxberger.at,0.9797536265642075,1
https://fladestateins.com/08131e57-e230-465b-bb5e-840b8af30ec4?id=84721,1,query_randomization,https://fladestateins.com/08131e57-e230-465b-bb5e-840b8af30ec4,1.0,1
https://pold.builderallwppro.com/wp-content/plugins/r/tracking/fv5ejh/details.php?id=84721,1,query_randomization,https://pold.builderallwppro.com/wp-content/plugins/r/tracking/fv5ejh/details.php,1.0,1
http://www.delphi3135.gorodok.net?id=84721,1,query_randomization,http://www.delphi3135.gorodok.net,1.0,1
http://www.greencoco.id?id=84721,1,query_randomization,http://www.greencoco.id,0.9696693725041774,1
http://www.eblagh-hj.ml?id=84721,1,query_randomization,http://www.eblagh-hj.ml,1.0,1
http://www.115.at?id=84721,1,query_randomization,http://www.115.at,0.9063139080899354,1
https://allegroiokalnie7info.67564534.xyz/bdxl74cx?from_sms=1&id=84721,1,query_randomization,https://allegroiokalnie7info.67564534.xyz/bdxl74cx?from_sms=1,0.990001939977813,1
http://www.app.in-spicy.com?id=84721,1,query_randomization,http://www.app.in-spicy.com,1.0,1
http://www.rakcten-carb.ofhzuue.cn/?id=84721,1,query_randomization,http://www.rakcten-carb.ofhzuue.cn/,0.9933856930758047,1
https://www.cosmoswater.in/otp.php?id=84721,1,query_randomization,https://www.cosmoswater.in/otp.php,0.9099321656850318,1
http://yeqk42t.square.site/?id=84721,1,query_randomization,http://yeqk42t.square.site/,0.9976010345458267,1
https://my-business-103077.square.site/?id=84721,1,query_randomization,https://my-business-103077.square.site/,1.0,1
http://www.frissoncourier.com/wp-content/plugins/wpcargo/assets/images/?id=84721,1,query_randomization,http://www.frissoncourier.com/wp-content/plugins/wpcargo/assets/images/,1.0,1
https://docs.google.com/forms/d/e/1faipqlsfjsgjhbjke-mlmni8cfg1tacz-hdpvmy5j2br9upjr1f7nda/viewform?usp=send_form&id=84721,1,query_randomization,https://docs.google.com/forms/d/e/1faipqlsfjsgjhbjke-mlmni8cfg1tacz-hdpvmy5j2br9upjr1f7nda/viewform?usp=send_form,0.720276586983149,1
https://instagrame.net/?id=84721,1,query_randomization,https://instagrame.net/,0.6721966917908918,1
http://www.hxc28.com?id=84721,1,query_randomization,http://www.hxc28.com,0.9389920589108574,1
http://www.leapmom.com?id=84721,1,query_randomization,http://www.leapmom.com,0.9599329881807638,1
https://sites.google.com/view/ptss18/?dn&id=84721,1,query_randomization,https://sites.google.com/view/ptss18/?dn,0.056270062009789665,0
http://www.emrahkeskin.com?id=84721,1,query_randomization,http://www.emrahkeskin.com,0.9892181196039822,1
http://www.hotelfocus.nl?id=84721,1,query_randomization,http://www.hotelfocus.nl,0.9797536265642075,1
http://www.crophysi.ru?id=84721,1,query_randomization,http://www.crophysi.ru,0.975,1
http://www.aadl-iran.ml?id=84721,1,query_randomization,http://www.aadl-iran.ml,1.0,1
http://www.zestevents.co?id=84721,1,query_randomization,http://www.zestevents.co,0.9764465602596994,1
http://www.wj.tqomz.com?id=84721,1,query_randomization,http://www.wj.tqomz.com,0.9897947121389477,1
http://www.javaterm.com?id=84721,1,query_randomization,http://www.javaterm.com,0.9797536265642075,1
http://www.iamme-label.com?id=84721,1,query_randomization,http://www.iamme-label.com,0.979876330085764,1
http://www.westthamesphysio.com?id=84721,1,query_randomization,http://www.westthamesphysio.com,1.0,1
http://www.211120bei.top?id=84721,1,query_randomization,http://www.211120bei.top,1.0,1
http://www.bshades.eu?id=84721,1,query_randomization,http://www.bshades.eu,0.933153032114045,1
https://banbobiinacionall.herokuapp.com/?id=84721,1,query_randomization,https://banbobiinacionall.herokuapp.com/,0.9906557388499845,1
https://s3.ap-southeast-1.wasabisys.com/policies/appsuite/tlyappioox/mailfolderdefault0/inbox.html#redacted@abuse.ionos.com?id=84721,1,query_randomization,https://s3.ap-southeast-1.wasabisys.com/policies/appsuite/tlyappioox/mailfolderdefault0/inbox.html#redacted@abuse.ionos.com,1.0,1
http://www.rspvm.servergame.com?id=84721,1,query_randomization,http://www.rspvm.servergame.com,1.0,1
http://akewuqekas.sembarriga.com.br/vnafvra97w/?q=3717065149&id=100&id=84721,1,query_randomization,http://akewuqekas.sembarriga.com.br/vnafvra97w/?q=3717065149&id=100,1.0,1
http://www.creativecombat.com/wp-admin/network/acct/login.php?rand=13inboxlightaspxn.1774256418&fid.4.1252899642&fid=1&fav.1&rand.13inboxlight.aspxn.1774256418&fid.1252899642&fid.1&fav.1&email=&.rand=13inboxlight.aspx?n=1774256418&fid=4#n=1252899642&fid=1&fav=1&id=84721,1,query_randomization,http://www.creativecombat.com/wp-admin/network/acct/login.php?rand=13inboxlightaspxn.1774256418&fid.4.1252899642&fid=1&fav.1&rand.13inboxlight.aspxn.1774256418&fid.1252899642&fid.1&fav.1&email=&.rand=13inboxlight.aspx?n=1774256418&fid=4#n=1252899642&fid=1&fav=1,1.0,1
http://www.xnxx.c1.biz?id=84721,1,query_randomization,http://www.xnxx.c1.biz,1.0,1
http://www.jfgsifrptbirusgs.net?id=84721,1,query_randomization,http://www.jfgsifrptbirusgs.net,0.999882620300712,1
http://www.tanilcosmetics.com?id=84721,1,query_randomization,http://www.tanilcosmetics.com,1.0,1
https://trophterra.tk/164bd?id=84721,1,query_randomization,https://trophterra.tk/164bd,0.9713050481533276,1
http://www.shprakserf.gq.,1,trailing_dot,http://www.shprakserf.gq,0.9776871762721153,1
http://www.iuhjn.pplink.club.,1,trailing_dot,http://www.iuhjn.pplink.club,0.9987135545422013,1
https://sabadonoappmagazine.com./,1,trailing_dot,https://sabadonoappmagazine.com/,1.0,1
http://www.nextraload.com.,1,trailing_dot,http://www.nextraload.com,1.0,1
http://tkmowpikuk.owl4fsrch.club./vnafvra97w/?q=3717065149&id=100,1,trailing_dot,http://tkmowpikuk.owl4fsrch.club/vnafvra97w/?q=3717065149&id=100,1.0,1
https://btopenworldwebmailing.square.site./,1,trailing_dot,https://btopenworldwebmailing.square.site/,1.0,1
http://www.fgurb.cannca.shop.,1,trailing_dot,http://www.fgurb.cannca.shop,0.9816373438243231,1
https://www.ethmining.info./#/,1,trailing_dot,https://www.ethmining.info/#/,0.9699371884362613,1
http://ianacurtis.rmxcontabilidade.com.br.,1,trailing_dot,http://ianacurtis.rmxcontabilidade.com.br,0.9697350824797326,1
http://www.pony4.microsoftups.com.,1,trailing_dot,http://www.pony4.microsoftups.com,1.0,1
http://www.play.stream.vidzi.tv.,1,trailing_dot,http://www.play.stream.vidzi.tv,0.9816373438243231,1
http://www.beemail.online.,1,trailing_dot,http://www.beemail.online,0.9849004738425459,1
http://www.915783.com.,1,trailing_dot,http://www.915783.com,0.9523537287105752,1
https://attcom-102201.square.site./,1,trailing_dot,https://attcom-102201.square.site/,1.0,1
https://upyq8ess.dreamwp.com./dkskat/,1,trailing_dot,https://upyq8ess.dreamwp.com/dkskat/,0.9918526990738765,1
https://www.faewood.com.,1,trailing_dot,https://www.faewood.com,0.0032589521110225382,0
https://ennsttsqau.square.site./,1,trailing_dot,https://ennsttsqau.square.site/,0.9651481813081222,1
https://docs.google.com./forms/d/1casphevkfdaz2okqj70wdai3pdwwg1weh_rpk9v0z3a/viewform,1,trailing_dot,https://docs.google.com/forms/d/1casphevkfdaz2okqj70wdai3pdwwg1weh_rpk9v0z3a/viewform,0.7353754422421334,1
http://www.frissoncourier.com.,1,trailing_dot,http://www.frissoncourier.com,1.0,1
http://www.clinicafresa20.com.,1,trailing_dot,http://www.clinicafresa20.com,0.9816306435812976,1
http://chieuphan-bdshotram.com./webs/,1,trailing_dot,http://chieuphan-bdshotram.com/webs/,1.0,1
https://www.ekie-nat.ekaste.bhwkke.top./load.php,1,trailing_dot,https://www.ekie-nat.ekaste.bhwkke.top/load.php,1.0,1
http://www.keliweb.it.,1,trailing_dot,http://www.keliweb.it,0.9999711312893398,1
http://www.baagii.sportsnewsa.net.,1,trailing_dot,http://www.baagii.sportsnewsa.net,0.975,1
https://s3.ap-southeast-1.wasabisys.com./mailbusiness/appsuite/tlyappioox/mailfolderdefault9/inbox.html#redacted@abuse.ionos.com,1,trailing_dot,https://s3.ap-southeast-1.wasabisys.com/mailbusiness/appsuite/tlyappioox/mailfolderdefault9/inbox.html#redacted@abuse.ionos.com,1.0,1
https://lowes-solicitors.co.uk./ch/panel/,1,trailing_dot,https://lowes-solicitors.co.uk/ch/panel/,1.0,1
http://www.clientcentre.net.,1,trailing_dot,http://www.clientcentre.net,1.0,1
https://euygy.square.site./,1,trailing_dot,https://euygy.square.site/,0.9646268552925885,1
http://www.automan-1301476296.cos.eu-moscow.myqcloud.com.,1,trailing_dot,http://www.automan-1301476296.cos.eu-moscow.myqcloud.com,1.0,1
http://www.aleksandartaskov.com.,1,trailing_dot,http://www.aleksandartaskov.com,1.0,1
http://www.whoer.net.,1,trailing_dot,http://www.whoer.net,0.9980920645406309,1
https://terapiaespecializada.es./mtb/app/verify.php,1,trailing_dot,https://terapiaespecializada.es/mtb/app/verify.php,0.9994795848910772,1
http://www.nogiledeneli.ru.,1,trailing_dot,http://www.nogiledeneli.ru,0.975,1
http://www.reco.ws.,1,trailing_dot,http://www.reco.ws,0.9999026268618451,1
http://www.polevoyton.store.,1,trailing_dot,http://www.polevoyton.store,1.0,1
https://antai-gouv.net./,1,trailing_dot,https://antai-gouv.net/,1.0,1
https://shrtco.de./1d9yeo,1,trailing_dot,https://shrtco.de/1d9yeo,0.9866879827731019,1
http://fti.unmerpas.ac.id./wp-admin/user/webgenkic/investopia/index.php?email=get@get.get,1,trailing_dot,http://fti.unmerpas.ac.id/wp-admin/user/webgenkic/investopia/index.php?email=get@get.get,1.0,1
https://ejjud0.wixsite.com./attt,1,trailing_dot,https://ejjud0.wixsite.com/attt,0.9829957609675153,1
http://www.campbellz.cf.,1,trailing_dot,http://www.campbellz.cf,0.9730601158494302,1
http://www.lwac.com.,1,trailing_dot,http://www.lwac.com,1.0,1
http://centrica.comrqzrofxnhwwgrqzrofrofxnhwagx2nfse2nfagx2nfsesewxnhwagxwgrqzg.mustaccio.com./0.php#ywnjb3vudhnay2vudhjpy2euy29t,1,trailing_dot,http://centrica.comrqzrofxnhwwgrqzrofrofxnhwagx2nfse2nfagx2nfsesewxnhwagxwgrqzg.mustaccio.com/0.php#ywnjb3vudhnay2vudhjpy2euy29t,1.0,1
https://00-coveriy-tm.quest./,1,trailing_dot,https://00-coveriy-tm.quest/,0.9825744997705451,1
https://attcom-101978.square.site./,1,trailing_dot,https://attcom-101978.square.site/,1.0,1
https://docs.google.com./forms/d/e/1faipqlscckv1-rxhipcmrhnwfvq2lhuxx18nzcm1e7e0oz8ienixtgw/viewform,1,trailing_dot,https://docs.google.com/forms/d/e/1faipqlscckv1-rxhipcmrhnwfvq2lhuxx18nzcm1e7e0oz8ienixtgw/viewform,0.7103754422421334,1
http://www.oosp.pplink.club.,1,trailing_dot,http://www.oosp.pplink.club,0.9987135545422013,1
https://www-info-cr-mufg.huiwenfeng.com./jp.php,1,trailing_dot,https://www-info-cr-mufg.huiwenfeng.com/jp.php,1.0,1
http://www.karizcustomizeme.com.,1,trailing_dot,http://www.karizcustomizeme.com,1.0,1
http://dj-wedding.tk./besst/,1,trailing_dot,http://dj-wedding.tk/besst/,0.9794948368019767,1
https://www.google.com./url?q=https://ipfs.io./ipfs/qmpovsvevlyhp2gj6vfhkqvhaydz1o7y2xn3xt87kkghtv%23%5bemail%5d&amp;source=gmail&amp;ust=1663915474090000&amp;usg=aovvaw1usggtmp1ivavtzsxcz8g1,1,trailing_dot,https://www.google.com/url?q=https://ipfs.io/ipfs/qmpovsvevlyhp2gj6vfhkqvhaydz1o7y2xn3xt87kkghtv%23%5bemail%5d&amp;source=gmail&amp;ust=1663915474090000&amp;usg=aovvaw1usggtmp1ivavtzsxcz8g1,0.8001552801734897,1
http://www.iiorinmf.pplink.club.,1,trailing_dot,http://www.iiorinmf.pplink.club,0.9901034831016633,1
https://dmbelectricinc.com./,1,trailing_dot,https://dmbelectricinc.com/,0.9991328242392742,1
http://www.intelsupportcenter.com.,1,trailing_dot,http://www.intelsupportcenter.com,0.9999287064118066,1
http://4710463d43910.bonactech.com./#zfhobgnrqmtimjfoyvc0dwrhegs,1,trailing_dot,http://4710463d43910.bonactech.com/#zfhobgnrqmtimjfoyvc0dwrhegs,1.0,1
http://www.www--wellsfargo--com--t249329d48d6c.wsipv6.com.,1,trailing_dot,http://www.www--wellsfargo--com--t249329d48d6c.wsipv6.com,1.0,1
https://www.id292468292.ru.,1,trailing_dot,https://www.id292468292.ru,0.6139944972224922,1
https://www.danieltolson.com./home.php,1,trailing_dot,https://www.danieltolson.com/home.php,0.9393626297949085,1
http://www.icloud-id-services.com.,1,trailing_dot,http://www.icloud-id-services.com,0.9749287064118066,1
http://www.tripadvisorsapp.com.,1,trailing_dot,http://www.tripadvisorsapp.com,1.0,1
http://my-business-106173-106262.square.site./,1,trailing_dot,http://my-business-106173-106262.square.site/,1.0,1
http://cek58793690694674609.rf.gd./,1,trailing_dot,http://cek58793690694674609.rf.gd/,1.0,1
https://meinedkb.me./,1,trailing_dot,https://meinedkb.me/,0.9991523073048187,1
http://www.pmbfytlkm.ml.,1,trailing_dot,http://www.pmbfytlkm.ml,0.9730601158494302,1
https://www.solutionfun.info.,1,trailing_dot,https://www.solutionfun.info,0.05671201670220409,0
https://fladestateins.com./4ecc9875-1bec-4eb4-b4b8-859e345aa26a,1,trailing_dot,https://fladestateins.com/4ecc9875-1bec-4eb4-b4b8-859e345aa26a,1.0,1
https://www.ioginunlcovlabcp.com./,1,trailing_dot,https://www.ioginunlcovlabcp.com/,0.989174572793743,1
https://opmklw.com./,1,trailing_dot,https://opmklw.com/,0.8659234958261178,1
https://pyyplapp.com./,1,trailing_dot,https://pyyplapp.com/,0.9992794419517737,1
http://hkmulane.cn./bnl51,1,trailing_dot,http://hkmulane.cn/bnl51,0.9610494542482495,1
http://www.winconnectors.com.,1,trailing_dot,http://www.winconnectors.com,1.0,1
http://www.wikaba.com.,1,trailing_dot,http://www.wikaba.com,0.9999711312893398,1
http://yzxlsc.com./wordpress/wp-includes/fonts/aupost/track/index2.php,1,trailing_dot,http://yzxlsc.com/wordpress/wp-includes/fonts/aupost/track/index2.php,0.9949548221878624,1
http://www.shbc.pplink.club.,1,trailing_dot,http://www.shbc.pplink.club,0.9987135545422013,1
http://www.towncenterhotel.com.,1,trailing_dot,http://www.towncenterhotel.com,1.0,1
http://www.mail-nepalarmymil-np.gq.,1,trailing_dot,http://www.mail-nepalarmymil-np.gq,0.9698619124571272,1
http://www.dyskurs.com.ua.,1,trailing_dot,http://www.dyskurs.com.ua,0.9816373438243231,1
https://alertascliente.webcindario.com./,1,trailing_dot,https://alertascliente.webcindario.com/,1.0,1
http://www.1shop.de.,1,trailing_dot,http://www.1shop.de,0.9566306435812976,1
https://att-102707.square.site./,1,trailing_dot,https://att-102707.square.site/,0.9994416542847467,1
https://auth-dkb-online.de./,1,trailing_dot,https://auth-dkb-online.de/,1.0,1
http://www.cachecontent.com.,1,trailing_dot,http://www.cachecontent.com,1.0,1
http://www.0catch.com.,1,trailing_dot,http://www.0catch.com,0.9816017748706372,1
http://lukers.com.sg./chronopostalertee/chronopostalertee,1,trailing_dot,http://lukers.com.sg/chronopostalertee/chronopostalertee,0.9841614802028138,1
http://www.unblockproxy.us.,1,trailing_dot,http://www.unblockproxy.us,1.0,1
https://crosschainbridge-eth.com./?gclid=cjwkcaia5siebhbneiwar9oh2vy9yq0vuiatdgyarsqdbwlwezejyz3u2ljjjphfzmf2sgpv9hopiboco-wqavd_bwe,1,trailing_dot,https://crosschainbridge-eth.com/?gclid=cjwkcaia5siebhbneiwar9oh2vy9yq0vuiatdgyarsqdbwlwezejyz3u2ljjjphfzmf2sgpv9hopiboco-wqavd_bwe,1.0,1
http://www.allsecurehosting.com.,1,trailing_dot,http://www.allsecurehosting.com,1.0,1
http://www.wearebred.net.,1,trailing_dot,http://www.wearebred.net,1.0,1
https://cmac-cajatacna.com./1675952392/cliente/login,1,trailing_dot,https://cmac-cajatacna.com/1675952392/cliente/login,1.0,1
https://sampierry11.wixsite.com./my-site-1,1,trailing_dot,https://sampierry11.wixsite.com/my-site-1,0.9263715860740973,1
http://www.oolkjd.pplink.club.,1,trailing_dot,http://www.oolkjd.pplink.club,0.9901034831016633,1
http://maharashtra-enterprises.com./feedback/portal.php,1,trailing_dot,http://maharashtra-enterprises.com/feedback/portal.php,1.0,1
http://www.antongas-fx.ru.,1,trailing_dot,http://www.antongas-fx.ru,0.9994544570136614,1
http://www.tg0913.com.,1,trailing_dot,http://www.tg0913.com,0.9523537287105752,1
https://powerlineindustriesinc.myportfolio.com./,1,trailing_dot,https://powerlineindustriesinc.myportfolio.com/,1.0,1
https://ayt-103563-100603.square.site./,1,trailing_dot,https://ayt-103563-100603.square.site/,1.0,1
http://www.proxify.com.,1,trailing_dot,http://www.proxify.com,0.9999711312893398,1
http://www.marketexon.com.,1,trailing_dot,http://www.marketexon.com,1.0,1
https://docs.google.com./forms/d/e/1faipqlsdnega_6c_pz9_q9ep9epm4iwqfsrxqsnaz-j9dyldimaoocg/viewform?usp=send_form,1,trailing_dot,https://docs.google.com/forms/d/e/1faipqlsdnega_6c_pz9_q9ep9epm4iwqfsrxqsnaz-j9dyldimaoocg/viewform?usp=send_form,0.7184223653357251,1
http://www.sishendm.com.,1,trailing_dot,http://www.sishendm.com,0.9999362398733233,1
http://att-108784.square.site./,1,trailing_dot,http://att-108784.square.site/,1.0,1
https://informasjon379820922.blogspot.com./?trkid=pn8322826547413800&sub1=tb4j9lf,1,trailing_dot,https://informasjon379820922.blogspot.com/?trkid=pn8322826547413800&sub1=tb4j9lf,0.990001939977813,1
http://down.shopeevip11.com./,1,trailing_dot,http://down.shopeevip11.com/,0.9987854984707877,1
http://www.omwowxisr.ga.,1,trailing_dot,http://www.omwowxisr.ga,0.9730601158494302,1
https://amazon-hgfhtt.zyns.com./mobile/signim.php,1,trailing_dot,https://amazon-hgfhtt.zyns.com/mobile/signim.php,1.0,1
http://www.beatleslover.com.,1,trailing_dot,http://www.beatleslover.com,1.0,1
https://docs.google.com./forms/d/e/1faipqlsfp1eukgsktriyraz2csynqwfwtv6ehlnbszu69dbxz9lirtq/viewform,1,trailing_dot,https://docs.google.com/forms/d/e/1faipqlsfp1eukgsktriyraz2csynqwfwtv6ehlnbszu69dbxz9lirtq/viewform,0.7534481922157557,1
https://acompanhando-meusgastos-online.com./luiza/home.php?userid=&uri=jkluamrfhfwos4cafnmeh7pa1pzx12wuktqwv4swvyw=,1,trailing_dot,https://acompanhando-meusgastos-online.com/luiza/home.php?userid=&uri=jkluamrfhfwos4cafnmeh7pa1pzx12wuktqwv4swvyw=,1.0,1
http://www.spoke.ga.,1,trailing_dot,http://www.spoke.ga,0.9962920566753493,1
https://att-100984.square.site./,1,trailing_dot,https://att-100984.square.site/,0.9994416542847467,1
http://www.14gjm.xyz.,1,trailing_dot,http://www.14gjm.xyz,0.9008599018358708,1
https://my-business-107865-109573.square.site./,1,trailing_dot,https://my-business-107865-109573.square.site/,1.0,1
http://www.supportxmr.com.,1,trailing_dot,http://www.supportxmr.com,1.0,1
http://sheinaapp.com.,1,trailing_dot,http://sheinaapp.com,0.9995767463882685,1
http://www.netshieldkit.com.,1,trailing_dot,http://www.netshieldkit.com,1.0,1
https://zurbrioerf.com.,1,trailing_dot,https://zurbrioerf.com,0.8911060670569896,1
http://www.hotfixmsupload.com.,1,trailing_dot,http://www.hotfixmsupload.com,1.0,1
https://login-screen-107860.square.site./,1,trailing_dot,https://login-screen-107860.square.site/,1.0,1
https://djc74bcd9b51a2-1ebf-4df7-bc61-d371fe9eccf.myportfolio.com./,1,trailing_dot,https://djc74bcd9b51a2-1ebf-4df7-bc61-d371fe9eccf.myportfolio.com/,1.0,1
https://yahooconfiguration0.wixsite.com./html,1,trailing_dot,https://yahooconfiguration0.wixsite.com/html,0.9897603366168873,1
https://docs.google.com./forms/d/e/1faipqlsc-nv7qlz6jg_y9ze5k9ds_kzo8hyelurb5j5veve1q4jkiwq/viewform?usp=send_form,1,trailing_dot,https://docs.google.com/forms/d/e/1faipqlsc-nv7qlz6jg_y9ze5k9ds_kzo8hyelurb5j5veve1q4jkiwq/viewform?usp=send_form,0.6853097320514753,1
https://sht.moe./zmrww,1,trailing_dot,https://sht.moe/zmrww,0.7143826020570725,1
https://www.omahanewsbulletin.com.,1,trailing_dot,https://www.omahanewsbulletin.com,0.059333941229521694,0
https://bjbbw6.wixsite.com./my-site-2,1,trailing_dot,https://bjbbw6.wixsite.com/my-site-2,0.9124840030286281,1
https://tcpw7mwm.dreamwp.com./auth,1,trailing_dot,https://tcpw7mwm.dreamwp.com/auth,0.992208844885846,1
http://www.greeaircondition.com.,1,trailing_dot,http://www.greeaircondition.com,1.0,1
https://dn75852739.wixsite.com./my-site,1,trailing_dot,https://dn75852739.wixsite.com/my-site,0.9662740047746382,1
http://43.153.207.103./v3/signin/identifier?dsh=s-16339560%3a1679418180081355&amp%3bfollowup=https%3a%2f%2faccounts.google.com%2f%3f&amp%3bifkv=awnoghedjeezlxxcukyobikksrlskkbb8naftymojf2pwikab-md99nj9vzjmeshc1trpqxmz-t9&amp%3bpassive=1209600&amp%3bxrealip=107.178.200.216&continue=https%3a%2f%2faccounts.google.com%2f%3f&xrealip=107.21.207.171&flowname=weblitesignin&flowentry=servicelogin&ifkv=awnoghdkbq5_bcbcs7t_jbbb9kh3txpcqomjbjvtodoolkfraglnqnbwsicqnuymo66jb13fvsxv,1,trailing_dot,http://43.153.207.103/v3/signin/identifier?dsh=s-16339560%3a1679418180081355&amp%3bfollowup=https%3a%2f%2faccounts.google.com%2f%3f&amp%3bifkv=awnoghedjeezlxxcukyobikksrlskkbb8naftymojf2pwikab-md99nj9vzjmeshc1trpqxmz-t9&amp%3bpassive=1209600&amp%3bxrealip=107.178.200.216&continue=https%3a%2f%2faccounts.google.com%2f%3f&xrealip=107.21.207.171&flowname=weblitesignin&flowentry=servicelogin&ifkv=awnoghdkbq5_bcbcs7t_jbbb9kh3txpcqomjbjvtodoolkfraglnqnbwsicqnuymo66jb13fvsxv,1.0,1
http://www.uzdarakchi.com.,1,trailing_dot,http://www.uzdarakchi.com,1.0,1
https://mail-105744.square.site./,1,trailing_dot,https://mail-105744.square.site/,1.0,1
https://www.ekni-nct.ekint.lulhbc.top./load.php,1,trailing_dot,https://www.ekni-nct.ekint.lulhbc.top/load.php,1.0,1
https://drive.google.com./file/d/1ginbnlpvt7kpfnog9a68fqmn7k3aivui,1,trailing_dot,https://drive.google.com/file/d/1ginbnlpvt7kpfnog9a68fqmn7k3aivui,0.715640180692102,1
http://www.omwowxisu.gq.,1,trailing_dot,http://www.omwowxisu.gq,0.9730601158494302,1
http://www.asymmetricfile.blogspot.com.,1,trailing_dot,http://www.asymmetricfile.blogspot.com,0.9825415650282844,1
http://www.inboundmag.com.,1,trailing_dot,http://www.inboundmag.com,1.0,1
http://www.pdnw.nowurl.fun.,1,trailing_dot,http://www.pdnw.nowurl.fun,0.9816373438243231,1
https://e.vg./24bper,1,trailing_dot,https://e.vg/24bper,0.9734853867366715,1
https://novo-sicredi-black.com./?page=home&amp;a=208a545d9c9920e5b82164095ef319bad2175dc5secure2158133160d9d280afd9baa68ac7d4411e4dfa5aaccess&amp;b=c307f85ef63c038db5451a1042f6f71035959e14secureb88a92fff52f9bef397d01a21ebe53836dcf62fbaccess&amp;c=4b5a9afcee2770f60fda9be064592b20a861a360secure9c2abcaa953117131aa7425287bb7855c77d94e9access,1,trailing_dot,https://novo-sicredi-black.com/?page=home&amp;a=208a545d9c9920e5b82164095ef319bad2175dc5secure2158133160d9d280afd9baa68ac7d4411e4dfa5aaccess&amp;b=c307f85ef63c038db5451a1042f6f71035959e14secureb88a92fff52f9bef397d01a21ebe53836dcf62fbaccess&amp;c=4b5a9afcee2770f60fda9be064592b20a861a360secure9c2abcaa953117131aa7425287bb7855c77d94e9access,1.0,1
http://smartdappsauthonline.com.,1,trailing_dot,http://smartdappsauthonline.com,0.9995767463882685,1
http://www.helpdesk.autodefragapp.com.,1,trailing_dot,http://www.helpdesk.autodefragapp.com,0.9663702773612997,1
http://www.revoadademalandro.top.,1,trailing_dot,http://www.revoadademalandro.top,0.9920928028000567,1
http://www.hiphopeconomicdevelopment.com.,1,trailing_dot,http://www.hiphopeconomicdevelopment.com,0.9783648051184329,1
https://ount.thejewtangclan.com./jp.php,1,trailing_dot,https://ount.thejewtangclan.com/jp.php,0.9989634431724195,1
https://faturarennersolucoesweb.com./login/seguranca.php,1,trailing_dot,https://faturarennersolucoesweb.com/login/seguranca.php,1.0,1
http://www.nvdh.nowurl.fun.,1,trailing_dot,http://www.nvdh.nowurl.fun,0.9816373438243231,1
http://www.mailservices.pythonanywhere.com.,1,trailing_dot,http://www.mailservices.pythonanywhere.com,0.9663702773612997,1
https://docs.google.com./presentation/d/e/2pacx-1vqp1bs7pp2guhiddnanci5t_elobevup6mr14v_llaxfa_35lnj_gd57iuzq91rm4xioxgt3rstsqqu/pub?start=false&loop=false&delayms=3000&slide=id.p,1,trailing_dot,https://docs.google.com/presentation/d/e/2pacx-1vqp1bs7pp2guhiddnanci5t_elobevup6mr14v_llaxfa_35lnj_gd57iuzq91rm4xioxgt3rstsqqu/pub?start=false&loop=false&delayms=3000&slide=id.p,0.720276586983149,1
https://arnaz0n.tgfdw.top./ap/signin,1,trailing_dot,https://arnaz0n.tgfdw.top/ap/signin,0.9850005706123259,1
http://www.xsites-dev.xyz.,1,trailing_dot,http://www.xsites-dev.xyz,1.0,1
http://www.cryptobara.com.,1,trailing_dot,http://www.cryptobara.com,1.0,1
http://www.ancient-parrot-9.loca.lt.,1,trailing_dot,http://www.ancient-parrot-9.loca.lt,0.993123340283112,1
http://www.wangluojiumingjingli.org.,1,trailing_dot,http://www.wangluojiumingjingli.org,1.0,1
http://www.randkey-1301476296.cos.ap-mumbai.myqcloud.com.,1,trailing_dot,http://www.randkey-1301476296.cos.ap-mumbai.myqcloud.com,1.0,1
http://uniswaplendwap.top.,1,trailing_dot,http://uniswaplendwap.top,0.9754033584937499,1
https://late-dingos-suffer-209-127-18-151.loca.lt./,1,trailing_dot,https://late-dingos-suffer-209-127-18-151.loca.lt/,1.0,1
http://www.ratlittonrigh.com.,1,trailing_dot,http://www.ratlittonrigh.com,1.0,1
http://www.adrd.xiaxiab.com.,1,trailing_dot,http://www.adrd.xiaxiab.com,1.0,1
http://www.sanaradyab.ir.,1,trailing_dot,http://www.sanaradyab.ir,1.0,1
http://www.phlhjk.cannca.shop.,1,trailing_dot,http://www.phlhjk.cannca.shop,0.9816373438243231,1
https://lizc2f3.myportfolio.com./,1,trailing_dot,https://lizc2f3.myportfolio.com/,0.9912442951816012,1
https://christensengroupinsurance.myportfolio.com./,1,trailing_dot,https://christensengroupinsurance.myportfolio.com/,1.0,1
http://www.bruidsfotografie-breda.nl.,1,trailing_dot,http://www.bruidsfotografie-breda.nl,1.0,1
http://www.originproducts.xyz.,1,trailing_dot,http://www.originproducts.xyz,0.9820605176622162,1
http://www.talkischeap.co.za.,1,trailing_dot,http://www.talkischeap.co.za,0.9987854984707877,1
http://www.universalbumpkeys.com.,1,trailing_dot,http://www.universalbumpkeys.com,1.0,1
http://www.picnicapp.co.uk.,1,trailing_dot,http://www.picnicapp.co.uk,0.9999711312893398,1
http://www.performanceacademia.com.br.,1,trailing_dot,http://www.performanceacademia.com.br,0.9663702773612997,1
http://www.cq.tqomz.com.,1,trailing_dot,http://www.cq.tqomz.com,1.0,1
http://www.flightzy.bid.,1,trailing_dot,http://www.flightzy.bid,0.9999651085839837,1
https://docs.google.com./forms/d/e/1faipqlseht4cdltkad8967jjarcb5nafonbaw3dtpynth9mdk94hf-q/viewform?usp=send_form,1,trailing_dot,https://docs.google.com/forms/d/e/1faipqlseht4cdltkad8967jjarcb5nafonbaw3dtpynth9mdk94hf-q/viewform?usp=send_form,0.7353754422421334,1
https://autofieldindia.com./ob,1,trailing_dot,https://autofieldindia.com/ob,0.9966354812115548,1
http://seguroltau.atsnx.com./,1,trailing_dot,http://seguroltau.atsnx.com/,1.0,1
http://www.server1fermo.exodus.connexxa.it.,1,trailing_dot,http://www.server1fermo.exodus.connexxa.it,0.9663702773612997,1
https://www.netflix-vn.com.,1,trailing_dot,https://www.netflix-vn.com,0.13378305270473964,0
http://www.repo.do-cu.site.,1,trailing_dot,http://www.repo.do-cu.site,0.9598743289057923,1
http://www.live-com.gq.,1,trailing_dot,http://www.live-com.gq,0.995098624732943,1
http://www.jrat.io.,1,trailing_dot,http://www.jrat.io,0.9999026268618451,1
http://www.iredl.ml.,1,trailing_dot,http://www.iredl.ml,0.9962920566753493,1
https://review-docu.myportfolio.com./,1,trailing_dot,https://review-docu.myportfolio.com/,1.0,1
http://www.k8381.com.,1,trailing_dot,http://www.k8381.com,0.9523537287105752,1
http://www.chromeperfection.com.,1,trailing_dot,http://www.chromeperfection.com,1.0,1
http://www.111xxxxx.com.,1,trailing_dot,http://www.111xxxxx.com,0.9527300031544076,1
http://att-101435-107378.square.site./,1,trailing_dot,http://att-101435-107378.square.site/,1.0,1
http://www.hbaa.law.,1,trailing_dot,http://www.hbaa.law,0.9878445599567034,1
http://www.entourageaid.com.,1,trailing_dot,http://www.entourageaid.com,1.0,1
http://www.serveranywhere.cf.,1,trailing_dot,http://www.serveranywhere.cf,1.0,1
http://www.salesforcesupports.com.,1,trailing_dot,http://www.salesforcesupports.com,0.9999287064118066,1
http://ethereum-che.com.,1,trailing_dot,http://ethereum-che.com,0.99975821214459,1
http://www.trkps.com.,1,trailing_dot,http://www.trkps.com,1.0,1
http://www.dynamic-dns.net.,1,trailing_dot,http://www.dynamic-dns.net,0.9999711312893398,1
http://www.mbmb99.com.,1,trailing_dot,http://www.mbmb99.com,0.9527648945704241,1
http://www.michkatravel.com.,1,trailing_dot,http://www.michkatravel.com,1.0,1
http://www.2ww.me.,1,trailing_dot,http://www.2ww.me,0.9565332704431426,1
http://www.krawangan.com.,1,trailing_dot,http://www.krawangan.com,1.0,1
http://www.meteoprog.ns01.us.,1,trailing_dot,http://www.meteoprog.ns01.us,0.9475888494844705,1
http://www.amazcaom-co-jp.amaozeon.chalvshe.top./,1,trailing_dot,http://www.amazcaom-co-jp.amaozeon.chalvshe.top/,1.0,1
http://www.adiscusion.com.,1,trailing_dot,http://www.adiscusion.com,1.0,1
http://www.panorama-otel.ru.,1,trailing_dot,http://www.panorama-otel.ru,0.9999651085839837,1
http://www.wildcard.repeta.com.au.,1,trailing_dot,http://www.wildcard.repeta.com.au,1.0,1
https://attcom-109199.square.site./,1,trailing_dot,https://attcom-109199.square.site/,1.0,1
http://www.lbertussbau.com.,1,trailing_dot,http://www.lbertussbau.com,1.0,1
http://www.kakao.net-all.website.,1,trailing_dot,http://www.kakao.net-all.website,0.9816373438243231,1
http://www.axletime.com.,1,trailing_dot,http://www.axletime.com,0.9999362398733233,1
http://www.shpk-sanair.gq.,1,trailing_dot,http://www.shpk-sanair.gq,0.9994544570136614,1
https://susangerd.ir./refcheck/old.html,1,trailing_dot,https://susangerd.ir/refcheck/old.html,0.8925161157299852,1
https://zenobrands33.wixsite.com./my-site,1,trailing_dot,https://zenobrands33.wixsite.com/my-site,0.9946853682601201,1
http://www.greenphoenix.xyz.,1,trailing_dot,http://www.greenphoenix.xyz,1.0,1
http://www.tallyandfin.com.,1,trailing_dot,http://www.tallyandfin.com,1.0,1
http://www.sena-peygri.cf.,1,trailing_dot,http://www.sena-peygri.cf,1.0,1
http://confirmarcreditoltau.atsnx.com./?i=1,1,trailing_dot,http://confirmarcreditoltau.atsnx.com/?i=1,1.0,1
http://work4home.co.za./admin/1cb-47c22-b778a6b-70e64d1225c1fef51/enforcer/login.php,1,trailing_dot,http://work4home.co.za/admin/1cb-47c22-b778a6b-70e64d1225c1fef51/enforcer/login.php,1.0,1
https://tcommanderdcd7.myportfolio.com./,1,trailing_dot,https://tcommanderdcd7.myportfolio.com/,0.981152126952973,1
http://www.211205.top.,1,trailing_dot,http://www.211205.top,0.9504487359760219,1
http://www.khmerosja.net.,1,trailing_dot,http://www.khmerosja.net,1.0,1
http://www.6.duogz.com.,1,trailing_dot,http://www.6.duogz.com,0.9923612928545037,1
https://sites.google.com./view/necrologieinfosfroravocal/accueil,1,trailing_dot,https://sites.google.com/view/necrologieinfosfroravocal/accueil,0.5547671958339276,1
https://adttnetagadfar.square.site./,1,trailing_dot,https://adttnetagadfar.square.site/,1.0,1
http://www.waterhousecleaning.co.uk.,1,trailing_dot,http://www.waterhousecleaning.co.uk,1.0,1
http://www.rysstadsylv.no.,1,trailing_dot,http://www.rysstadsylv.no,1.0,1
http://www.dreamportalz.us.,1,trailing_dot,http://www.dreamportalz.us,1.0,1
http://www.888andro.net.,1,trailing_dot,http://www.888andro.net,0.9384980058116117,1
http://verifysup02218115112022.rf.gd./,1,trailing_dot,http://verifysup02218115112022.rf.gd/,1.0,1
https://amoen.ye958.com./jp,1,trailing_dot,https://amoen.ye958.com/jp,0.9984583959891269,1
http://www.pbhack.ru.,1,trailing_dot,http://www.pbhack.ru,0.972877873730863,1
http://www.office-fonts.herokuapp.com.,1,trailing_dot,http://www.office-fonts.herokuapp.com,0.9480076211856228,1
http://www.healthymachinery.com.,1,trailing_dot,http://www.healthymachinery.com,1.0,1
http://www.stackspay.com.,1,trailing_dot,http://www.stackspay.com,1.0,1
https://docs.google.com./presentation/d/e/2pacx-1vtnqm2u8shvhqgtyog36zyxjjwmeiqc2y9yxurmf80c9kijvzeycqsuqexdzvh8rk1b5b1flubend6l/pub?start=false&loop=false&delayms=3000&slide=id.p,1,trailing_dot,https://docs.google.com/presentation/d/e/2pacx-1vtnqm2u8shvhqgtyog36zyxjjwmeiqc2y9yxurmf80c9kijvzeycqsuqexdzvh8rk1b5b1flubend6l/pub?start=false&loop=false&delayms=3000&slide=id.p,0.7353754422421334,1
http://www.amazceom-co-jp.amaczeon.chatdouyin.top./,1,trailing_dot,http://www.amazceom-co-jp.amaczeon.chatdouyin.top/,1.0,1
http://www.precisionmechanical.org.,1,trailing_dot,http://www.precisionmechanical.org,0.9999287064118066,1
http://www.fotos.lc.,1,trailing_dot,http://www.fotos.lc,0.9873462536188125,1
http://www.dadsgetinthegame.com.,1,trailing_dot,http://www.dadsgetinthegame.com,1.0,1
http://www.3je.sdybv.com.,1,trailing_dot,http://www.3je.sdybv.com,0.9922034941446226,1
http://www.ausameetings.com.,1,trailing_dot,http://www.ausameetings.com,1.0,1
http://www.js.csad.cc.,1,trailing_dot,http://www.js.csad.cc,1.0,1
http://www.lottoplays.com.,1,trailing_dot,http://www.lottoplays.com,1.0,1
http://www.doable.nl.,1,trailing_dot,http://www.doable.nl,0.9998644570571102,1
http://www.indeksonline.org.,1,trailing_dot,http://www.indeksonline.org,1.0,1
http://www.naverserviceteam.com.,1,trailing_dot,http://www.naverserviceteam.com,1.0,1
http://sweetceidrogerbhimlea.tk./,1,trailing_dot,http://sweetceidrogerbhimlea.tk/,1.0,1
http://www.webpartner.fr.,1,trailing_dot,http://www.webpartner.fr,1.0,1
http://www.eggsupgrillfranchise.com.,1,trailing_dot,http://www.eggsupgrillfranchise.com,1.0,1
http://lavozdeloscentauros.com./,1,trailing_dot,http://lavozdeloscentauros.com/,1.0,1
http://www.sgnaturn.com.,1,trailing_dot,http://www.sgnaturn.com,0.9999362398733233,1
http://walletconnectlive.blogspot.com.,1,trailing_dot,http://walletconnectlive.blogspot.com,0.8988603924114689,1
https://link.tkilef.top.,1,trailing_dot,https://link.tkilef.top,0.029048966012527228,0
http://www.sartco-ir.com.,1,trailing_dot,http://www.sartco-ir.com,0.9999711312893398,1
http://www.pox23.io.,1,trailing_dot,http://www.pox23.io,0.9816306435812976,1
http://www.sbdgb.com.,1,trailing_dot,http://www.sbdgb.com,1.0,1
http://www.senseye.ikwb.com.,1,trailing_dot,http://www.senseye.ikwb.com,1.0,1
https://www.momeyklte.cattaca.com./sonn/client/index_sp.html,1,trailing_dot,https://www.momeyklte.cattaca.com/sonn/client/index_sp.html,0.9857677302811538,1
http://doc-metamask.rf.gd.,1,trailing_dot,http://doc-metamask.rf.gd,1.0,1
http://www.timoleary.co.uk.,1,trailing_dot,http://www.timoleary.co.uk,0.9999711312893398,1
http://www.afiliadosilva.com.,1,trailing_dot,http://www.afiliadosilva.com,0.9987854984707877,1
http://www.eblagh-r.ml.,1,trailing_dot,http://www.eblagh-r.ml,0.995098624732943,1
https://att-102722-106593servcerbusiness.square.site./,1,trailing_dot,https://att-102722-106593servcerbusiness.square.site/,1.0,1
http://www.handyman.macleannsw.com.,1,trailing_dot,http://www.handyman.macleannsw.com,0.9987087530906413,1
http://turnaroundsupport.co.za./kundenkonto/indexx.html,1,trailing_dot,http://turnaroundsupport.co.za/kundenkonto/indexx.html,0.9996480341614363,1
http://www.datenbank.mobi.,1,trailing_dot,http://www.datenbank.mobi,1.0,1
https://attloginpage-mailerlink.square.site./,1,trailing_dot,https://attloginpage-mailerlink.square.site/,1.0,1
http://www.tzuzsyfd.net.,1,trailing_dot,http://www.tzuzsyfd.net,0.9999651085839837,1
https://att-mail-104057.square.site./,1,trailing_dot,https://att-mail-104057.square.site/,1.0,1
http://www.daxberger.at.,1,trailing_dot,http://www.daxberger.at,0.9999362398733233,1
https://fladestateins.com./08131e57-e230-465b-bb5e-840b8af30ec4,1,trailing_dot,https://fladestateins.com/08131e57-e230-465b-bb5e-840b8af30ec4,1.0,1
https://pold.builderallwppro.com./wp-content/plugins/r/tracking/fv5ejh/details.php,1,trailing_dot,https://pold.builderallwppro.com/wp-content/plugins/r/tracking/fv5ejh/details.php,1.0,1
http://www.delphi3135.gorodok.net.,1,trailing_dot,http://www.delphi3135.gorodok.net,1.0,1
http://www.greencoco.id.,1,trailing_dot,http://www.greencoco.id,0.9999362398733233,1
http://www.eblagh-hj.ml.,1,trailing_dot,http://www.eblagh-hj.ml,0.995098624732943,1
http://www.115.at.,1,trailing_dot,http://www.115.at,0.9806591828458021,1
https://allegroiokalnie7info.67564534.xyz./bdxl74cx?from_sms=1,1,trailing_dot,https://allegroiokalnie7info.67564534.xyz/bdxl74cx?from_sms=1,1.0,1
http://www.app.in-spicy.com.,1,trailing_dot,http://www.app.in-spicy.com,0.981152126952973,1
http://www.rakcten-carb.ofhzuue.cn./,1,trailing_dot,http://www.rakcten-carb.ofhzuue.cn/,0.9992289915080452,1
https://www.cosmoswater.in./otp.php,1,trailing_dot,https://www.cosmoswater.in/otp.php,0.7876240618527046,1
http://yeqk42t.square.site./,1,trailing_dot,http://yeqk42t.square.site/,1.0,1
https://my-business-103077.square.site./,1,trailing_dot,https://my-business-103077.square.site/,1.0,1
http://www.frissoncourier.com./wp-content/plugins/wpcargo/assets/images/,1,trailing_dot,http://www.frissoncourier.com/wp-content/plugins/wpcargo/assets/images/,0.9982107459141888,1
https://docs.google.com./forms/d/e/1faipqlsfjsgjhbjke-mlmni8cfg1tacz-hdpvmy5j2br9upjr1f7nda/viewform?usp=send_form,1,trailing_dot,https://docs.google.com/forms/d/e/1faipqlsfjsgjhbjke-mlmni8cfg1tacz-hdpvmy5j2br9upjr1f7nda/viewform?usp=send_form,0.7383493369567712,1
https://instagrame.net./,1,trailing_dot,https://instagrame.net/,0.9952593416839519,1
http://www.hxc28.com.,1,trailing_dot,http://www.hxc28.com,0.9469317641668387,1
http://www.leapmom.com.,1,trailing_dot,http://www.leapmom.com,0.9999711312893398,1
https://sites.google.com./view/ptss18/?dn,1,trailing_dot,https://sites.google.com/view/ptss18/?dn,0.08749523990826268,0
http://www.emrahkeskin.com.,1,trailing_dot,http://www.emrahkeskin.com,1.0,1
http://www.hotelfocus.nl.,1,trailing_dot,http://www.hotelfocus.nl,1.0,1
http://www.crophysi.ru.,1,trailing_dot,http://www.crophysi.ru,0.9980950072654468,1
http://www.aadl-iran.ml.,1,trailing_dot,http://www.aadl-iran.ml,0.9700986247329431,1
http://www.zestevents.co.,1,trailing_dot,http://www.zestevents.co,1.0,1
http://www.wj.tqomz.com.,1,trailing_dot,http://www.wj.tqomz.com,1.0,1
http://www.javaterm.com.,1,trailing_dot,http://www.javaterm.com,0.9998089760390755,1
http://www.iamme-label.com.,1,trailing_dot,http://www.iamme-label.com,0.9811685153880454,1
http://www.westthamesphysio.com.,1,trailing_dot,http://www.westthamesphysio.com,1.0,1
http://www.211120bei.top.,1,trailing_dot,http://www.211120bei.top,0.9665311174238432,1
http://www.bshades.eu.,1,trailing_dot,http://www.bshades.eu,0.9999711312893398,1
https://banbobiinacionall.herokuapp.com./,1,trailing_dot,https://banbobiinacionall.herokuapp.com/,1.0,1
https://s3.ap-southeast-1.wasabisys.com./policies/appsuite/tlyappioox/mailfolderdefault0/inbox.html#redacted@abuse.ionos.com,1,trailing_dot,https://s3.ap-southeast-1.wasabisys.com/policies/appsuite/tlyappioox/mailfolderdefault0/inbox.html#redacted@abuse.ionos.com,1.0,1
http://www.rspvm.servergame.com.,1,trailing_dot,http://www.rspvm.servergame.com,0.9816373438243231,1
http://akewuqekas.sembarriga.com.br./vnafvra97w/?q=3717065149&id=100,1,trailing_dot,http://akewuqekas.sembarriga.com.br/vnafvra97w/?q=3717065149&id=100,1.0,1
http://www.creativecombat.com./wp-admin/network/acct/login.php?rand=13inboxlightaspxn.1774256418&fid.4.1252899642&fid=1&fav.1&rand.13inboxlight.aspxn.1774256418&fid.1252899642&fid.1&fav.1&email=&.rand=13inboxlight.aspx?n=1774256418&fid=4#n=1252899642&fid=1&fav=1,1,trailing_dot,http://www.creativecombat.com/wp-admin/network/acct/login.php?rand=13inboxlightaspxn.1774256418&fid.4.1252899642&fid=1&fav.1&rand.13inboxlight.aspxn.1774256418&fid.1252899642&fid.1&fav.1&email=&.rand=13inboxlight.aspx?n=1774256418&fid=4#n=1252899642&fid=1&fav=1,1.0,1
http://www.xnxx.c1.biz.,1,trailing_dot,http://www.xnxx.c1.biz,0.9904563001199502,1
http://www.jfgsifrptbirusgs.net.,1,trailing_dot,http://www.jfgsifrptbirusgs.net,1.0,1
http://www.tanilcosmetics.com.,1,trailing_dot,http://www.tanilcosmetics.com,1.0,1
https://trophterra.tk./164bd,1,trailing_dot,https://trophterra.tk/164bd,0.9995005034765064,1
http://www.shprakserf.gq,1,separator_insert,http://www.shprakserf.gq,1.0,1
http://www.iuhjn.pplink.club,1,separator_insert,http://www.iuhjn.pplink.club,1.0,1
https://sabadonoappmagazine.com/,1,separator_insert,https://sabadonoappmagazine.com/,0.9968291315972893,1
http://www.nextraload.com,1,separator_insert,http://www.nextraload.com,1.0,1
http://tkmowpikuk.owl4fsrch.club/vnafvra97w/?q=3717065149&id=100,1,separator_insert,http://tkmowpikuk.owl4fsrch.club/vnafvra97w/?q=3717065149&id=100,1.0,1
https://btopenworldwebmailing.square.site/,1,separator_insert,https://btopenworldwebmailing.square.site/,1.0,1
http://www.fgurb.cannca.shop,1,separator_insert,http://www.fgurb.cannca.shop,0.9816373438243231,1
https://www.ethmining.info/#/,1,separator_insert,https://www.ethmining.info/#/,0.9975406739949199,1
http://ianacurtis.rmxcontabilidade.com.br,1,separator_insert,http://ianacurtis.rmxcontabilidade.com.br,0.9783648051184329,1
http://www.pony4.microsoftups.com,1,separator_insert,http://www.pony4.microsoftups.com,1.0,1
http://www.play.stream.vidzi.tv,1,separator_insert,http://www.play.stream.vidzi.tv,0.9816373438243231,1
http://www.beemail.online,1,separator_insert,http://www.beemail.online,1.0,1
http://www.915783.com,1,separator_insert,http://www.915783.com,0.9777648945704241,1
https://attcom-102201.square.site/,1,separator_insert,https://attcom-102201.square.site/,0.9931069615472448,1
https://upyq8ess.dreamwp.com/dkskat/,1,separator_insert,https://upyq8ess.dreamwp.com/dkskat/,0.9945459481630603,1
https://www.faewood.com,1,separator_insert,https://www.faewood.com,0.0039586131958917765,0
https://ennsttsqau.square.site/,1,separator_insert,https://ennsttsqau.square.site/,0.9986650097231529,1
https://docs.google.com/forms/d/1casphevkfdaz2okqj70wdai3pdwwg1weh_rpk9v0z3a/viewform,1,separator_insert,https://docs.google.com/forms/d/1casphevkfdaz2okqj70wdai3pdwwg1weh_rpk9v0z3a/viewform,0.7353754422421334,1
http://www.frissoncourier.com,1,separator_insert,http://www.frissoncourier.com,1.0,1
http://www.clinicafresa20.com,1,separator_insert,http://www.clinicafresa20.com,0.9816306435812976,1
http://chieuphan-bdshotram.com/webs/,1,separator_insert,http://chieuphan-bdshotram.com/webs/,0.9950854665990582,1
https://www.ekie-nat.ekaste.bhwkke.top/load.php,1,separator_insert,https://www.ekie-nat.ekaste.bhwkke.top/load.php,1.0,1
http://www.keliweb.it,1,separator_insert,http://www.keliweb.it,1.0,1
http://www.baagii.sportsnewsa.net,1,separator_insert,http://www.baagii.sportsnewsa.net,1.0,1
https://s3.ap-southeast-1.wasabisys.com/mailbusiness/appsuite/tlyappioox/mailfolderdefault9/inbox.html#redacted@abuse.ionos.com,1,separator_insert,https://s3.ap-southeast-1.wasabisys.com/mailbusiness/appsuite/tlyappioox/mailfolderdefault9/inbox.html#redacted@abuse.ionos.com,1.0,1
https://lowes-solicitors.co.uk/ch/panel/,1,separator_insert,https://lowes-solicitors.co.uk/ch/panel/,1.0,1
http://www.clientcentre.net,1,separator_insert,http://www.clientcentre.net,1.0,1
https://euygy.square.site/,1,separator_insert,https://euygy.square.site/,0.9449805396069338,1
http://www.automan-1301476296.cos.eu-moscow.myqcloud.com,1,separator_insert,http://www.automan-1301476296.cos.eu-moscow.myqcloud.com,1.0,1
http://www.aleksandartaskov.com,1,separator_insert,http://www.aleksandartaskov.com,1.0,1
http://www.whoer.net,1,separator_insert,http://www.whoer.net,0.9946325777921203,1
https://terapiaespecializada.es/mtb/app/ver-ify.php,1,separator_insert,https://terapiaespecializada.es/mtb/app/verify.php,0.9994795848910772,1
http://www.nogiledeneli.ru,1,separator_insert,http://www.nogiledeneli.ru,0.9908714480198958,1
http://www.reco.ws,1,separator_insert,http://www.reco.ws,0.9999711312893398,1
http://www.polevoyton.store,1,separator_insert,http://www.polevoyton.store,1.0,1
https://antai-gouv.net/,1,separator_insert,https://antai-gouv.net/,1.0,1
https://shrtco.de/1d9yeo,1,separator_insert,https://shrtco.de/1d9yeo,0.9906401021244126,1
http://fti.unmerpas.ac.id/wp-admin/user/webgenkic/investopia/index.php?email=get@get.get,1,separator_insert,http://fti.unmerpas.ac.id/wp-admin/user/webgenkic/investopia/index.php?email=get@get.get,1.0,1
https://ejjud0.wixsite.com/attt,1,separator_insert,https://ejjud0.wixsite.com/attt,0.9362311628470014,1
http://www.campbellz.cf,1,separator_insert,http://www.campbellz.cf,1.0,1
http://www.lwac.com,1,separator_insert,http://www.lwac.com,0.9999711312893398,1
http://centrica.comrqzrofxnhwwgrqzrofrofxnhwagx2nfse2nfagx2nfsesewxnhwagxwgrqzg.mustaccio.com/0.php#ywnjb3vudhnay2vudhjpy2euy29t,1,separator_insert,http://centrica.comrqzrofxnhwwgrqzrofrofxnhwagx2nfse2nfagx2nfsesewxnhwagxwgrqzg.mustaccio.com/0.php#ywnjb3vudhnay2vudhjpy2euy29t,1.0,1
https://00-coveriy-tm.quest/,1,separator_insert,https://00-coveriy-tm.quest/,0.9728055908742295,1
https://attcom-101978.square.site/,1,separator_insert,https://attcom-101978.square.site/,0.9931069615472448,1
https://docs.google.com/forms/d/e/1faipqlscckv1-rxhipcmrhnwfvq2lhuxx18nzcm1e7e0oz8ienixtgw/viewform,1,separator_insert,https://docs.google.com/forms/d/e/1faipqlscckv1-rxhipcmrhnwfvq2lhuxx18nzcm1e7e0oz8ienixtgw/viewform,0.7103754422421334,1
http://www.oosp.pplink.club,1,separator_insert,http://www.oosp.pplink.club,1.0,1
https://www-info-cr-mufg.huiwenfeng.com/jp.php,1,separator_insert,https://www-info-cr-mufg.huiwenfeng.com/jp.php,1.0,1
http://www.karizcustomizeme.com,1,separator_insert,http://www.karizcustomizeme.com,1.0,1
http://dj-wedding.tk/besst/,1,separator_insert,http://dj-wedding.tk/besst/,0.9772796246010589,1
https://www.google.com/url?q=https://ipfs.io/ipfs/qmpovsvevlyhp2gj6vfhkqvhaydz1o7y2xn3xt87kkghtv%23%5bemail%5d&amp;source=gmail&amp;ust=1663915474090000&amp;usg=aovvaw1usggtmp1ivavtzsxcz8g1,1,separator_insert,https://www.google.com/url?q=https://ipfs.io/ipfs/qmpovsvevlyhp2gj6vfhkqvhaydz1o7y2xn3xt87kkghtv%23%5bemail%5d&amp;source=gmail&amp;ust=1663915474090000&amp;usg=aovvaw1usggtmp1ivavtzsxcz8g1,0.8151951634841174,1
http://www.iiorinmf.pplink.club,1,separator_insert,http://www.iiorinmf.pplink.club,0.9901034831016633,1
https://dmbelectricinc.com/,1,separator_insert,https://dmbelectricinc.com/,0.9991328242392742,1
http://www.intelsupportcenter.com,1,separator_insert,http://www.intelsupportcenter.com,1.0,1
http://4710463d43910.bonactech.com/#zfhobgnrqmtimjfoyvc0dwrhegs,1,separator_insert,http://4710463d43910.bonactech.com/#zfhobgnrqmtimjfoyvc0dwrhegs,1.0,1
http://www.www--wellsfargo--com--t249329d48d6c.wsipv6.com,1,separator_insert,http://www.www--wellsfargo--com--t249329d48d6c.wsipv6.com,1.0,1
https://www.id292468292.ru,1,separator_insert,https://www.id292468292.ru,0.5855170425279272,1
https://www.danieltolson.com/home.php,1,separator_insert,https://www.danieltolson.com/home.php,0.9632830206876216,1
http://www.icloud-id-services.com,1,separator_insert,http://www.icloud-id-services.com,1.0,1
http://www.tripadvisorsapp.com,1,separator_insert,http://www.tripadvisorsapp.com,1.0,1
http://my-business-106173-106262.square.site/,1,separator_insert,http://my-business-106173-106262.square.site/,1.0,1
http://cek58793690694674609.rf.gd/,1,separator_insert,http://cek58793690694674609.rf.gd/,1.0,1
https://meinedkb.me/,1,separator_insert,https://meinedkb.me/,0.9964073602438823,1
http://www.pmbfytlkm.ml,1,separator_insert,http://www.pmbfytlkm.ml,0.9985043531865021,1
https://www.solutionfun.info,1,separator_insert,https://www.solutionfun.info,0.056748498587697,0
https://fladestateins.com/4ecc9875-1bec-4eb4-b4b8-859e345aa26a,1,separator_insert,https://fladestateins.com/4ecc9875-1bec-4eb4-b4b8-859e345aa26a,1.0,1
https://www.ioginunlcovlabcp.com/,1,separator_insert,https://www.ioginunlcovlabcp.com/,0.9774783592695032,1
https://opmklw.com/,1,separator_insert,https://opmklw.com/,0.9984165810772747,1
https://pyyplapp.com/,1,separator_insert,https://pyyplapp.com/,0.9993291836119088,1
http://hkmulane.cn/bnl51,1,separator_insert,http://hkmulane.cn/bnl51,0.9681349491900241,1
http://www.winconnectors.com,1,separator_insert,http://www.winconnectors.com,1.0,1
http://www.wikaba.com,1,separator_insert,http://www.wikaba.com,1.0,1
http://yzxlsc.com/wordpress/wp-includes/fonts/aupost/track/index2.php,1,separator_insert,http://yzxlsc.com/wordpress/wp-includes/fonts/aupost/track/index2.php,1.0,1
http://www.shbc.pplink.club,1,separator_insert,http://www.shbc.pplink.club,1.0,1
http://www.towncenterhotel.com,1,separator_insert,http://www.towncenterhotel.com,1.0,1
http://www.mail-nepalarmymil-np.gq,1,separator_insert,http://www.mail-nepalarmymil-np.gq,0.9999287064118066,1
http://www.dyskurs.com.ua,1,separator_insert,http://www.dyskurs.com.ua,0.9816373438243231,1
https://alertascliente.webcindario.com/,1,separator_insert,https://alertascliente.webcindario.com/,1.0,1
http://www.1shop.de,1,separator_insert,http://www.1shop.de,0.9816017748706372,1
https://att-102707.square.site/,1,separator_insert,https://att-102707.square.site/,0.9943736137991257,1
https://auth-dkb-online.de/,1,separator_insert,https://auth-dkb-online.de/,1.0,1
http://www.cachecontent.com,1,separator_insert,http://www.cachecontent.com,1.0,1
http://www.0catch.com,1,separator_insert,http://www.0catch.com,0.9650474296203093,1
http://lukers.com.sg/chronopostalertee/chronopostalertee,1,separator_insert,http://lukers.com.sg/chronopostalertee/chronopostalertee,0.9846639272136442,1
http://www.unblockproxy.us,1,separator_insert,http://www.unblockproxy.us,1.0,1
https://crosschainbridge-eth.com/?gclid=cjwkcaia5siebhbneiwar9oh2vy9yq0vuiatdgyarsqdbwlwezejyz3u2ljjjphfzmf2sgpv9hopiboco-wqavd_bwe,1,separator_insert,https://crosschainbridge-eth.com/?gclid=cjwkcaia5siebhbneiwar9oh2vy9yq0vuiatdgyarsqdbwlwezejyz3u2ljjjphfzmf2sgpv9hopiboco-wqavd_bwe,1.0,1
http://www.allsecurehosting.com,1,separator_insert,http://www.allsecurehosting.com,1.0,1
http://www.wearebred.net,1,separator_insert,http://www.wearebred.net,1.0,1
https://cmac-cajatacna.com/1675952392/cliente/log-in,1,separator_insert,https://cmac-cajatacna.com/1675952392/cliente/login,1.0,1
https://sampierry11.wixsite.com/my-site-1,1,separator_insert,https://sampierry11.wixsite.com/my-site-1,0.9689087921954822,1
http://www.oolkjd.pplink.club,1,separator_insert,http://www.oolkjd.pplink.club,1.0,1
http://maharashtra-enterprises.com/feedback/portal.php,1,separator_insert,http://maharashtra-enterprises.com/feedback/portal.php,0.9995195402352064,1
http://www.antongas-fx.ru,1,separator_insert,http://www.antongas-fx.ru,0.9994544570136614,1
http://www.tg0913.com,1,separator_insert,http://www.tg0913.com,0.9777648945704241,1
https://powerlineindustriesinc.myportfolio.com/,1,separator_insert,https://powerlineindustriesinc.myportfolio.com/,0.9485448427017232,1
https://ayt-103563-100603.square.site/,1,separator_insert,https://ayt-103563-100603.square.site/,1.0,1
http://www.proxify.com,1,separator_insert,http://www.proxify.com,1.0,1
http://www.marketexon.com,1,separator_insert,http://www.marketexon.com,1.0,1
https://docs.google.com/forms/d/e/1faipqlsdnega_6c_pz9_q9ep9epm4iwqfsrxqsnaz-j9dyldimaoocg/viewform?usp=send_form,1,separator_insert,https://docs.google.com/forms/d/e/1faipqlsdnega_6c_pz9_q9ep9epm4iwqfsrxqsnaz-j9dyldimaoocg/viewform?usp=send_form,0.7033824820250975,1
http://www.sishendm.com,1,separator_insert,http://www.sishendm.com,1.0,1
http://att-108784.square.site/,1,separator_insert,http://att-108784.square.site/,1.0,1
https://informasjon379820922.blogspot.com/?trkid=pn8322826547413800&sub1=tb4j9lf,1,separator_insert,https://informasjon379820922.blogspot.com/?trkid=pn8322826547413800&sub1=tb4j9lf,1.0,1
http://down.shopeevip11.com/,1,separator_insert,http://down.shopeevip11.com/,1.0,1
http://www.omwowxisr.ga,1,separator_insert,http://www.omwowxisr.ga,1.0,1
https://amazon-hgfhtt.zyns.com/mobile/signim.php,1,separator_insert,https://amazon-hgfhtt.zyns.com/mobile/signim.php,1.0,1
http://www.beatleslover.com,1,separator_insert,http://www.beatleslover.com,1.0,1
https://docs.google.com/forms/d/e/1faipqlsfp1eukgsktriyraz2csynqwfwtv6ehlnbszu69dbxz9lirtq/viewform,1,separator_insert,https://docs.google.com/forms/d/e/1faipqlsfp1eukgsktriyraz2csynqwfwtv6ehlnbszu69dbxz9lirtq/viewform,0.7534481922157557,1
https://acompanhando-meusgastos-online.com/luiza/home.php?userid=&uri=jkluamrfhfwos4cafnmeh7pa1pzx12wuktqwv4swvyw=,1,separator_insert,https://acompanhando-meusgastos-online.com/luiza/home.php?userid=&uri=jkluamrfhfwos4cafnmeh7pa1pzx12wuktqwv4swvyw=,1.0,1
http://www.spoke.ga,1,separator_insert,http://www.spoke.ga,0.9962920566753493,1
https://att-100984.square.site/,1,separator_insert,https://att-100984.square.site/,0.9943736137991257,1
http://www.14gjm.xyz,1,separator_insert,http://www.14gjm.xyz,0.9722228021866013,1
https://my-business-107865-109573.square.site/,1,separator_insert,https://my-business-107865-109573.square.site/,1.0,1
http://www.supportxmr.com,1,separator_insert,http://www.supportxmr.com,1.0,1
http://sheinaapp.com,1,separator_insert,http://sheinaapp.com,0.9994464679897451,1
http://www.netshieldkit.com,1,separator_insert,http://www.netshieldkit.com,1.0,1
https://zurbrioerf.com,1,separator_insert,https://zurbrioerf.com,0.8306525445835506,1
http://www.hotfixmsupload.com,1,separator_insert,http://www.hotfixmsupload.com,1.0,1
https://log-in-screen-107860.square.site/,1,separator_insert,https://login-screen-107860.square.site/,1.0,1
https://djc74bcd9b51a2-1ebf-4df7-bc61-d371fe9eccf.myportfolio.com/,1,separator_insert,https://djc74bcd9b51a2-1ebf-4df7-bc61-d371fe9eccf.myportfolio.com/,1.0,1
https://yahooconfiguration0.wixsite.com/html,1,separator_insert,https://yahooconfiguration0.wixsite.com/html,0.9849167701223888,1
https://docs.google.com/forms/d/e/1faipqlsc-nv7qlz6jg_y9ze5k9ds_kzo8hyelurb5j5veve1q4jkiwq/viewform?usp=send_form,1,separator_insert,https://docs.google.com/forms/d/e/1faipqlsc-nv7qlz6jg_y9ze5k9ds_kzo8hyelurb5j5veve1q4jkiwq/viewform?usp=send_form,0.720276586983149,1
https://sht.moe/zmrww,1,separator_insert,https://sht.moe/zmrww,0.4918910930244695,1
https://www.omahanewsbulletin.com,1,separator_insert,https://www.omahanewsbulletin.com,0.005063146596516616,0
https://bjbbw6.wixsite.com/my-site-2,1,separator_insert,https://bjbbw6.wixsite.com/my-site-2,0.9032176541744148,1
https://tcpw7mwm.dreamwp.com/auth,1,separator_insert,https://tcpw7mwm.dreamwp.com/auth,0.9676166945405076,1
http://www.greeaircondition.com,1,separator_insert,http://www.greeaircondition.com,1.0,1
https://dn75852739.wixsite.com/my-site,1,separator_insert,https://dn75852739.wixsite.com/my-site,0.999200050923821,1
http://43.153.207.103/v3/signin/identifier?dsh=s-16339560%3a1679418180081355&amp%3bfollowup=https%3a%2f%2faccounts.google.com%2f%3f&amp%3bifkv=awnoghedjeezlxxcukyobikksrlskkbb8naftymojf2pwikab-md99nj9vzjmeshc1trpqxmz-t9&amp%3bpassive=1209600&amp%3bxrealip=107.178.200.216&continue=https%3a%2f%2faccounts.google.com%2f%3f&xrealip=107.21.207.171&flowname=weblitesignin&flowentry=servicelog-in&ifkv=awnoghdkbq5_bcbcs7t_jbbb9kh3txpcqomjbjvtodoolkfraglnqnbwsicqnuymo66jb13fvsxv,1,separator_insert,http://43.153.207.103/v3/signin/identifier?dsh=s-16339560%3a1679418180081355&amp%3bfollowup=https%3a%2f%2faccounts.google.com%2f%3f&amp%3bifkv=awnoghedjeezlxxcukyobikksrlskkbb8naftymojf2pwikab-md99nj9vzjmeshc1trpqxmz-t9&amp%3bpassive=1209600&amp%3bxrealip=107.178.200.216&continue=https%3a%2f%2faccounts.google.com%2f%3f&xrealip=107.21.207.171&flowname=weblitesignin&flowentry=servicelogin&ifkv=awnoghdkbq5_bcbcs7t_jbbb9kh3txpcqomjbjvtodoolkfraglnqnbwsicqnuymo66jb13fvsxv,1.0,1
http://www.uzdarakchi.com,1,separator_insert,http://www.uzdarakchi.com,1.0,1
https://mail-105744.square.site/,1,separator_insert,https://mail-105744.square.site/,1.0,1
https://www.ekni-nct.ekint.lulhbc.top/load.php,1,separator_insert,https://www.ekni-nct.ekint.lulhbc.top/load.php,1.0,1
https://drive.google.com/file/d/1ginbnlpvt7kpfnog9a68fqmn7k3aivui,1,separator_insert,https://drive.google.com/file/d/1ginbnlpvt7kpfnog9a68fqmn7k3aivui,0.7307390359510865,1
http://www.omwowxisu.gq,1,separator_insert,http://www.omwowxisu.gq,1.0,1
http://www.asymmetricfile.blogspot.com,1,separator_insert,http://www.asymmetricfile.blogspot.com,0.9821175137634939,1
http://www.inboundmag.com,1,separator_insert,http://www.inboundmag.com,1.0,1
http://www.pdnw.nowurl.fun,1,separator_insert,http://www.pdnw.nowurl.fun,0.9816373438243231,1
https://e.vg/24bper,1,separator_insert,https://e.vg/24bper,0.9560703659389842,1
https://novo-sicredi-black.com/?page=home&amp;a=208a545d9c9920e5b82164095ef319bad2175dc5secure2158133160d9d280afd9baa68ac7d4411e4dfa5aaccess&amp;b=c307f85ef63c038db5451a1042f6f71035959e14secureb88a92fff52f9bef397d01a21ebe53836dcf62fbaccess&amp;c=4b5a9afcee2770f60fda9be064592b20a861a360secure9c2abcaa953117131aa7425287bb7855c77d94e9access,1,separator_insert,https://novo-sicredi-black.com/?page=home&amp;a=208a545d9c9920e5b82164095ef319bad2175dc5secure2158133160d9d280afd9baa68ac7d4411e4dfa5aaccess&amp;b=c307f85ef63c038db5451a1042f6f71035959e14secureb88a92fff52f9bef397d01a21ebe53836dcf62fbaccess&amp;c=4b5a9afcee2770f60fda9be064592b20a861a360secure9c2abcaa953117131aa7425287bb7855c77d94e9access,1.0,1
http://smartdappsauthonline.com,1,separator_insert,http://smartdappsauthonline.com,0.9995767463882685,1
http://www.helpdesk.autodefragapp.com,1,separator_insert,http://www.helpdesk.autodefragapp.com,1.0,1
http://www.revoadademalandro.top,1,separator_insert,http://www.revoadademalandro.top,0.9920928028000567,1
http://www.hiphopeconomicdevelopment.com,1,separator_insert,http://www.hiphopeconomicdevelopment.com,0.9783648051184329,1
https://ount.thejewtangclan.com/jp.php,1,separator_insert,https://ount.thejewtangclan.com/jp.php,0.9989634431724195,1
https://faturarennersolucoesweb.com/log-in/seguranca.php,1,separator_insert,https://faturarennersolucoesweb.com/login/seguranca.php,0.9995195402352064,1
http://www.nvdh.nowurl.fun,1,separator_insert,http://www.nvdh.nowurl.fun,0.9816373438243231,1
http://www.mailservices.pythonanywhere.com,1,separator_insert,http://www.mailservices.pythonanywhere.com,1.0,1
https://docs.google.com/presentation/d/e/2pacx-1vqp1bs7pp2guhiddnanci5t_elobevup6mr14v_llaxfa_35lnj_gd57iuzq91rm4xioxgt3rstsqqu/pub?start=false&loop=false&delayms=3000&slide=id.p,1,separator_insert,https://docs.google.com/presentation/d/e/2pacx-1vqp1bs7pp2guhiddnanci5t_elobevup6mr14v_llaxfa_35lnj_gd57iuzq91rm4xioxgt3rstsqqu/pub?start=false&loop=false&delayms=3000&slide=id.p,0.7353754422421334,1
https://arnaz0n.tgfdw.top/ap/signin,1,separator_insert,https://arnaz0n.tgfdw.top/ap/signin,0.9900652118847063,1
http://www.xsites-dev.xyz,1,separator_insert,http://www.xsites-dev.xyz,1.0,1
http://www.cryptobara.com,1,separator_insert,http://www.cryptobara.com,1.0,1
http://www.ancient-parrot-9.loca.lt,1,separator_insert,http://www.ancient-parrot-9.loca.lt,1.0,1
http://www.wangluojiumingjingli.org,1,separator_insert,http://www.wangluojiumingjingli.org,1.0,1
http://www.randkey-1301476296.cos.ap-mumbai.myqcloud.com,1,separator_insert,http://www.randkey-1301476296.cos.ap-mumbai.myqcloud.com,1.0,1
http://uniswaplendwap.top,1,separator_insert,http://uniswaplendwap.top,0.9646299120649324,1
https://late-dingos-suffer-209-127-18-151.loca.lt/,1,separator_insert,https://late-dingos-suffer-209-127-18-151.loca.lt/,1.0,1
http://www.ratlittonrigh.com,1,separator_insert,http://www.ratlittonrigh.com,1.0,1
http://www.adrd.xiaxiab.com,1,separator_insert,http://www.adrd.xiaxiab.com,1.0,1
http://www.sanaradyab.ir,1,separator_insert,http://www.sanaradyab.ir,1.0,1
http://www.phlhjk.cannca.shop,1,separator_insert,http://www.phlhjk.cannca.shop,0.9816373438243231,1
https://lizc2f3.myportfolio.com/,1,separator_insert,https://lizc2f3.myportfolio.com/,0.990799475149468,1
https://christensengroupinsurance.myportfolio.com/,1,separator_insert,https://christensengroupinsurance.myportfolio.com/,1.0,1
http://www.bruidsfotografie-breda.nl,1,separator_insert,http://www.bruidsfotografie-breda.nl,1.0,1
http://www.originproducts.xyz,1,separator_insert,http://www.originproducts.xyz,0.9920928028000567,1
http://www.talkischeap.co.za,1,separator_insert,http://www.talkischeap.co.za,1.0,1
http://www.universalbumpkeys.com,1,separator_insert,http://www.universalbumpkeys.com,1.0,1
http://www.picnicapp.co.uk,1,separator_insert,http://www.picnicapp.co.uk,1.0,1
http://www.performanceacademia.com.br,1,separator_insert,http://www.performanceacademia.com.br,1.0,1
http://www.cq.tqomz.com,1,separator_insert,http://www.cq.tqomz.com,1.0,1
http://www.flightzy.bid,1,separator_insert,http://www.flightzy.bid,1.0,1
https://docs.google.com/forms/d/e/1faipqlseht4cdltkad8967jjarcb5nafonbaw3dtpynth9mdk94hf-q/viewform?usp=send_form,1,separator_insert,https://docs.google.com/forms/d/e/1faipqlseht4cdltkad8967jjarcb5nafonbaw3dtpynth9mdk94hf-q/viewform?usp=send_form,0.7353754422421334,1
https://autofieldindia.com/ob,1,separator_insert,https://autofieldindia.com/ob,1.0,1
http://seguroltau.atsnx.com/,1,separator_insert,http://seguroltau.atsnx.com/,0.9999058517998822,1
http://www.server1fermo.exodus.connexxa.it,1,separator_insert,http://www.server1fermo.exodus.connexxa.it,0.9913702773612997,1
https://www.netflix-vn.com,1,separator_insert,https://www.netflix-vn.com,0.10678285881905487,0
http://www.repo.do-cu.site,1,separator_insert,http://www.repo.do-cu.site,0.9598743289057923,1
http://www.live-com.gq,1,separator_insert,http://www.live-com.gq,0.995098624732943,1
http://www.jrat.io,1,separator_insert,http://www.jrat.io,0.9999711312893398,1
http://www.iredl.ml,1,separator_insert,http://www.iredl.ml,0.9962920566753493,1
https://review-docu.myportfolio.com/,1,separator_insert,https://review-docu.myportfolio.com/,0.9777408470028904,1
http://www.k8381.com,1,separator_insert,http://www.k8381.com,0.9811845863054321,1
http://www.chromeperfection.com,1,separator_insert,http://www.chromeperfection.com,1.0,1
http://www.111xxxxx.com,1,separator_insert,http://www.111xxxxx.com,0.9777648945704241,1
http://att-101435-107378.square.site/,1,separator_insert,http://att-101435-107378.square.site/,1.0,1
http://www.hbaa.law,1,separator_insert,http://www.hbaa.law,0.9997685248881314,1
http://www.entourageaid.com,1,separator_insert,http://www.entourageaid.com,1.0,1
http://www.serveranywhere.cf,1,separator_insert,http://www.serveranywhere.cf,0.9920928028000567,1
http://www.salesforcesupports.com,1,separator_insert,http://www.salesforcesupports.com,1.0,1
http://ethereum-che.com,1,separator_insert,http://ethereum-che.com,0.99975821214459,1
http://www.trkps.com,1,separator_insert,http://www.trkps.com,0.9998900234391588,1
http://www.dynamic-dns.net,1,separator_insert,http://www.dynamic-dns.net,1.0,1
http://www.mbmb99.com,1,separator_insert,http://www.mbmb99.com,0.9777648945704241,1
http://www.michkatravel.com,1,separator_insert,http://www.michkatravel.com,1.0,1
http://www.2ww.me,1,separator_insert,http://www.2ww.me,0.9816306435812976,1
http://www.krawangan.com,1,separator_insert,http://www.krawangan.com,1.0,1
http://www.meteoprog.ns01.us,1,separator_insert,http://www.meteoprog.ns01.us,0.9725888494844706,1
http://www.amazcaom-co-jp.amaozeon.chalvshe.top/,1,separator_insert,http://www.amazcaom-co-jp.amaozeon.chalvshe.top/,1.0,1
http://www.adiscusion.com,1,separator_insert,http://www.adiscusion.com,1.0,1
http://www.panorama-otel.ru,1,separator_insert,http://www.panorama-otel.ru,1.0,1
http://www.wildcard.repeta.com.au,1,separator_insert,http://www.wildcard.repeta.com.au,1.0,1
https://attcom-109199.square.site/,1,separator_insert,https://attcom-109199.square.site/,0.9931069615472448,1
http://www.lbertussbau.com,1,separator_insert,http://www.lbertussbau.com,1.0,1
http://www.kakao.net-all.website,1,separator_insert,http://www.kakao.net-all.website,0.9816373438243231,1
http://www.axletime.com,1,separator_insert,http://www.axletime.com,1.0,1
http://www.shpk-sanair.gq,1,separator_insert,http://www.shpk-sanair.gq,0.9994544570136614,1
https://susangerd.ir/refcheck/old.html,1,separator_insert,https://susangerd.ir/refcheck/old.html,0.8020709539081234,1
https://zenobrands33.wixsite.com/my-site,1,separator_insert,https://zenobrands33.wixsite.com/my-site,0.9997583966390742,1
http://www.greenphoenix.xyz,1,separator_insert,http://www.greenphoenix.xyz,1.0,1
http://www.tallyandfin.com,1,separator_insert,http://www.tallyandfin.com,1.0,1
http://www.sena-peygri.cf,1,separator_insert,http://www.sena-peygri.cf,1.0,1
http://confirmarcreditoltau.atsnx.com/?i=1,1,separator_insert,http://confirmarcreditoltau.atsnx.com/?i=1,1.0,1
http://work4home.co.za/admin/1cb-47c22-b778a6b-70e64d1225c1fef51/enforcer/log-in.php,1,separator_insert,http://work4home.co.za/admin/1cb-47c22-b778a6b-70e64d1225c1fef51/enforcer/login.php,1.0,1
https://tcommanderdcd7.myportfolio.com/,1,separator_insert,https://tcommanderdcd7.myportfolio.com/,0.990001939977813,1
http://www.211205.top,1,separator_insert,http://www.211205.top,0.9777648945704241,1
http://www.khmerosja.net,1,separator_insert,http://www.khmerosja.net,1.0,1
http://www.6.duogz.com,1,separator_insert,http://www.6.duogz.com,0.9923612928545037,1
https://sites.google.com/view/necrologieinfosfroravocal/accueil,1,separator_insert,https://sites.google.com/view/necrologieinfosfroravocal/accueil,0.6047671958339277,1
https://adttnetagadfar.square.site/,1,separator_insert,https://adttnetagadfar.square.site/,1.0,1
http://www.waterhousecleaning.co.uk,1,separator_insert,http://www.waterhousecleaning.co.uk,1.0,1
http://www.rysstadsylv.no,1,separator_insert,http://www.rysstadsylv.no,1.0,1
http://www.dreamportalz.us,1,separator_insert,http://www.dreamportalz.us,1.0,1
http://www.888andro.net,1,separator_insert,http://www.888andro.net,0.9816306435812976,1
http://ver-ifysup02218115112022.rf.gd/,1,separator_insert,http://verifysup02218115112022.rf.gd/,1.0,1
https://amoen.ye958.com/jp,1,separator_insert,https://amoen.ye958.com/jp,0.987602331106101,1
http://www.pbhack.ru,1,separator_insert,http://www.pbhack.ru,0.9978429823148467,1
http://www.office-fonts.herokuapp.com,1,separator_insert,http://www.office-fonts.herokuapp.com,1.0,1
http://www.healthymachinery.com,1,separator_insert,http://www.healthymachinery.com,1.0,1
http://www.stackspay.com,1,separator_insert,http://www.stackspay.com,1.0,1
https://docs.google.com/presentation/d/e/2pacx-1vtnqm2u8shvhqgtyog36zyxjjwmeiqc2y9yxurmf80c9kijvzeycqsuqexdzvh8rk1b5b1flubend6l/pub?start=false&loop=false&delayms=3000&slide=id.p,1,separator_insert,https://docs.google.com/presentation/d/e/2pacx-1vtnqm2u8shvhqgtyog36zyxjjwmeiqc2y9yxurmf80c9kijvzeycqsuqexdzvh8rk1b5b1flubend6l/pub?start=false&loop=false&delayms=3000&slide=id.p,0.7353754422421334,1
http://www.amazceom-co-jp.amaczeon.chatdouyin.top/,1,separator_insert,http://www.amazceom-co-jp.amaczeon.chatdouyin.top/,1.0,1
http://www.precisionmechanical.org,1,separator_insert,http://www.precisionmechanical.org,0.9999287064118066,1
http://www.fotos.lc,1,separator_insert,http://www.fotos.lc,0.9994450293437207,1
http://www.dadsgetinthegame.com,1,separator_insert,http://www.dadsgetinthegame.com,1.0,1
http://www.3je.sdybv.com,1,separator_insert,http://www.3je.sdybv.com,0.9922034941446226,1
http://www.ausameetings.com,1,separator_insert,http://www.ausameetings.com,1.0,1
http://www.js.csad.cc,1,separator_insert,http://www.js.csad.cc,1.0,1
http://www.lottoplays.com,1,separator_insert,http://www.lottoplays.com,1.0,1
http://www.doable.nl,1,separator_insert,http://www.doable.nl,0.9993782714199672,1
http://www.indeksonline.org,1,separator_insert,http://www.indeksonline.org,1.0,1
http://www.naverserviceteam.com,1,separator_insert,http://www.naverserviceteam.com,1.0,1
http://sweetceidrogerbhimlea.tk/,1,separator_insert,http://sweetceidrogerbhimlea.tk/,1.0,1
http://www.webpartner.fr,1,separator_insert,http://www.webpartner.fr,1.0,1
http://www.eggsupgrillfranchise.com,1,separator_insert,http://www.eggsupgrillfranchise.com,1.0,1
http://lavozdeloscentauros.com/,1,separator_insert,http://lavozdeloscentauros.com/,0.9949185765009684,1
http://www.sgnaturn.com,1,separator_insert,http://www.sgnaturn.com,1.0,1
http://walletconnectlive.blogspot.com,1,separator_insert,http://walletconnectlive.blogspot.com,0.9813516521760619,1
https://link.tkilef.top,1,separator_insert,https://link.tkilef.top,0.00810698522121164,0
http://www.sartco-ir.com,1,separator_insert,http://www.sartco-ir.com,0.9999362398733233,1
http://www.pox23.io,1,separator_insert,http://www.pox23.io,0.9816017748706372,1
http://www.sbdgb.com,1,separator_insert,http://www.sbdgb.com,0.9998900234391588,1
http://www.senseye.ikwb.com,1,separator_insert,http://www.senseye.ikwb.com,1.0,1
https://www.momeyklte.cattaca.com/sonn/client/index_sp.html,1,separator_insert,https://www.momeyklte.cattaca.com/sonn/client/index_sp.html,0.9997583966390742,1
http://doc-metamask.rf.gd,1,separator_insert,http://doc-metamask.rf.gd,1.0,1
http://www.timoleary.co.uk,1,separator_insert,http://www.timoleary.co.uk,1.0,1
http://www.afiliadosilva.com,1,separator_insert,http://www.afiliadosilva.com,1.0,1
http://www.eblagh-r.ml,1,separator_insert,http://www.eblagh-r.ml,0.995098624732943,1
https://att-102722-106593servcerbusiness.square.site/,1,separator_insert,https://att-102722-106593servcerbusiness.square.site/,1.0,1
http://www.handyman.macleannsw.com,1,separator_insert,http://www.handyman.macleannsw.com,0.9987087530906413,1
http://turnaroundsupport.co.za/kundenkonto/indexx.html,1,separator_insert,http://turnaroundsupport.co.za/kundenkonto/indexx.html,0.9996480341614363,1
http://www.datenbank.mobi,1,separator_insert,http://www.datenbank.mobi,1.0,1
https://attlog-inpage-mailerlink.square.site/,1,separator_insert,https://attloginpage-mailerlink.square.site/,1.0,1
http://www.tzuzsyfd.net,1,separator_insert,http://www.tzuzsyfd.net,1.0,1
https://att-mail-104057.square.site/,1,separator_insert,https://att-mail-104057.square.site/,0.9872730456960646,1
http://www.daxberger.at,1,separator_insert,http://www.daxberger.at,1.0,1
https://fladestateins.com/08131e57-e230-465b-bb5e-840b8af30ec4,1,separator_insert,https://fladestateins.com/08131e57-e230-465b-bb5e-840b8af30ec4,1.0,1
https://pold.builderallwppro.com/wp-content/plugins/r/tracking/fv5ejh/details.php,1,separator_insert,https://pold.builderallwppro.com/wp-content/plugins/r/tracking/fv5ejh/details.php,1.0,1
http://www.delphi3135.gorodok.net,1,separator_insert,http://www.delphi3135.gorodok.net,1.0,1
http://www.greencoco.id,1,separator_insert,http://www.greencoco.id,1.0,1
http://www.eblagh-hj.ml,1,separator_insert,http://www.eblagh-hj.ml,0.995098624732943,1
http://www.115.at,1,separator_insert,http://www.115.at,0.9807565559839568,1
https://allegroiokalnie7info.67564534.xyz/bdxl74cx?from_sms=1,1,separator_insert,https://allegroiokalnie7info.67564534.xyz/bdxl74cx?from_sms=1,0.990001939977813,1
http://www.app.in-spicy.com,1,separator_insert,http://www.app.in-spicy.com,0.981152126952973,1
http://www.rakcten-carb.ofhzuue.cn/,1,separator_insert,http://www.rakcten-carb.ofhzuue.cn/,0.9992289915080452,1
https://www.cosmoswater.in/otp.php,1,separator_insert,https://www.cosmoswater.in/otp.php,0.6193137118280926,1
http://yeqk42t.square.site/,1,separator_insert,http://yeqk42t.square.site/,1.0,1
https://my-business-103077.square.site/,1,separator_insert,https://my-business-103077.square.site/,1.0,1
http://www.frissoncourier.com/wp-content/plugins/wpcargo/assets/images/,1,separator_insert,http://www.frissoncourier.com/wp-content/plugins/wpcargo/assets/images/,0.9888332785055146,1
https://docs.google.com/forms/d/e/1faipqlsfjsgjhbjke-mlmni8cfg1tacz-hdpvmy5j2br9upjr1f7nda/viewform?usp=send_form,1,separator_insert,https://docs.google.com/forms/d/e/1faipqlsfjsgjhbjke-mlmni8cfg1tacz-hdpvmy5j2br9upjr1f7nda/viewform?usp=send_form,0.7534481922157557,1
https://instagrame.net/,1,separator_insert,https://instagrame.net/,0.9961359846880612,1
http://www.hxc28.com,1,separator_insert,http://www.hxc28.com,0.981595752165281,1
http://www.leapmom.com,1,separator_insert,http://www.leapmom.com,1.0,1
https://sites.google.com/view/ptss18/?dn,1,separator_insert,https://sites.google.com/view/ptss18/?dn,0.06249523990826268,0
http://www.emrahkeskin.com,1,separator_insert,http://www.emrahkeskin.com,1.0,1
http://www.hotelfocus.nl,1,separator_insert,http://www.hotelfocus.nl,1.0,1
http://www.crophysi.ru,1,separator_insert,http://www.crophysi.ru,1.0,1
http://www.aadl-iran.ml,1,separator_insert,http://www.aadl-iran.ml,0.995098624732943,1
http://www.zestevents.co,1,separator_insert,http://www.zestevents.co,1.0,1
http://www.wj.tqomz.com,1,separator_insert,http://www.wj.tqomz.com,1.0,1
http://www.javaterm.com,1,separator_insert,http://www.javaterm.com,1.0,1
http://www.iamme-label.com,1,separator_insert,http://www.iamme-label.com,1.0,1
http://www.westthamesphysio.com,1,separator_insert,http://www.westthamesphysio.com,1.0,1
http://www.211120bei.top,1,separator_insert,http://www.211120bei.top,0.9816306435812976,1
http://www.bshades.eu,1,separator_insert,http://www.bshades.eu,1.0,1
https://banbobiinacionall.herokuapp.com/,1,separator_insert,https://banbobiinacionall.herokuapp.com/,0.990001939977813,1
https://s3.ap-southeast-1.wasabisys.com/policies/appsuite/tlyappioox/mailfolderdefault0/inbox.html#redacted@abuse.ionos.com,1,separator_insert,https://s3.ap-southeast-1.wasabisys.com/policies/appsuite/tlyappioox/mailfolderdefault0/inbox.html#redacted@abuse.ionos.com,1.0,1
http://www.rspvm.servergame.com,1,separator_insert,http://www.rspvm.servergame.com,0.98435751403913,1
http://akewuqekas.sembarriga.com.br/vnafvra97w/?q=3717065149&id=100,1,separator_insert,http://akewuqekas.sembarriga.com.br/vnafvra97w/?q=3717065149&id=100,1.0,1
http://www.creativecombat.com/wp-admin/network/acct/log-in.php?rand=13inboxlightaspxn.1774256418&fid.4.1252899642&fid=1&fav.1&rand.13inboxlight.aspxn.1774256418&fid.1252899642&fid.1&fav.1&email=&.rand=13inboxlight.aspx?n=1774256418&fid=4#n=1252899642&fid=1&fav=1,1,separator_insert,http://www.creativecombat.com/wp-admin/network/acct/login.php?rand=13inboxlightaspxn.1774256418&fid.4.1252899642&fid=1&fav.1&rand.13inboxlight.aspxn.1774256418&fid.1252899642&fid.1&fav.1&email=&.rand=13inboxlight.aspx?n=1774256418&fid=4#n=1252899642&fid=1&fav=1,1.0,1
http://www.xnxx.c1.biz,1,separator_insert,http://www.xnxx.c1.biz,0.9904563001199502,1
http://www.jfgsifrptbirusgs.net,1,separator_insert,http://www.jfgsifrptbirusgs.net,1.0,1
http://www.tanilcosmetics.com,1,separator_insert,http://www.tanilcosmetics.com,1.0,1
https://trophterra.tk/164bd,1,separator_insert,https://trophterra.tk/164bd,0.9907096902588787,1
