url,label,attack_family,score,predicted
http://www.shprаkserf.gq,1,homoglyph_like,0.9895181438648244,1
http://www.iuhjn.pplink.club,1,homoglyph_like,0.9974061222005899,1
https://sаbadonoappmagazine.com/,1,homoglyph_like,0.5922964622364977,1
http://www.nextrаload.com,1,homoglyph_like,0.9782841346255726,1
http://tkmowpikuk.owl4fsrch.club/vnаfvra97w/?q=3717065149&id=100,1,homoglyph_like,0.9993187635174984,1
https://btopenworldwebmаiling.square.site/,1,homoglyph_like,0.4525419587631722,1
http://www.fgurb.cаnnca.shop,1,homoglyph_like,0.9974061222005899,1
https://www.ethmining.info/#/,1,homoglyph_like,0.6740908151219085,1
http://iаnacurtis.rmxcontabilidade.com.br,1,homoglyph_like,0.9657830534661638,1
http://www.pony4.microsoftups.com,1,homoglyph_like,0.9926336769932732,1
http://www.plаy.stream.vidzi.tv,1,homoglyph_like,0.9985133814237116,1
http://www.beemаil.online,1,homoglyph_like,0.9880623383825153,1
http://www.915783.com,1,homoglyph_like,0.9989545160996691,1
https://аttcom-102201.square.site/,1,homoglyph_like,0.8142430750418533,1
https://upyq8ess.dreаmwp.com/dkskat/,1,homoglyph_like,0.5072253308268051,1
https://www.fаewood.com,1,homoglyph_like,0.05435320436800709,0
https://ennsttsqаu.square.site/,1,homoglyph_like,0.21421511713184058,0
https://docs.google.com/forms/d/1cаsphevkfdaz2okqj70wdai3pdwwg1weh_rpk9v0z3a/viewform,1,homoglyph_like,0.48579656197233145,1
http://www.frissoncourier.com,1,homoglyph_like,0.9981162658926552,1
http://www.clinicаfresa20.com,1,homoglyph_like,0.9981175891128556,1
http://chieuphаn-bdshotram.com/webs/,1,homoglyph_like,0.9922005803323597,1
https://www.ekie-nаt.ekaste.bhwkke.top/load.php,1,homoglyph_like,0.9659044852304154,1
http://www.keliweb.it,1,homoglyph_like,0.9980987944219356,1
http://www.bаagii.sportsnewsa.net,1,homoglyph_like,0.9949931433444632,1
https://s3.аp-southeast-1.wasabisys.com/mailbusiness/appsuite/tlyappioox/mailfolderdefault9/inbox.html#redacted@abuse.ionos.com,1,homoglyph_like,0.9686575810559507,1
https://lowes-solicitors.co.uk/ch/pаnel/,1,homoglyph_like,0.809802351150989,1
http://www.clientcentre.net,1,homoglyph_like,0.9782879704765799,1
https://euygy.squаre.site/,1,homoglyph_like,0.15889250707327524,0
http://www.аutoman-1301476296.cos.eu-moscow.myqcloud.com,1,homoglyph_like,0.9994483389147664,1
http://www.аleksandartaskov.com,1,homoglyph_like,0.9783383899338502,1
http://www.whoer.net,1,homoglyph_like,0.9779853434661291,1
https://terаpiaespecializada.es/mtb/app/verify.php,1,homoglyph_like,0.4350835924132537,0
http://www.nogiledeneli.ru,1,homoglyph_like,0.9768992393704654,1
http://www.reco.ws,1,homoglyph_like,0.9980801781539268,1
http://www.polevoyton.store,1,homoglyph_like,0.9782788500545603,1
https://аntai-gouv.net/,1,homoglyph_like,0.7219077654324486,1
https://shrtco.de/1d9yeo,1,homoglyph_like,0.6769275401058054,1
http://fti.unmerpаs.ac.id/wp-admin/user/webgenkic/investopia/index.php?email=get@get.get,1,homoglyph_like,0.9828237933861494,1
https://ejjud0.wixsite.com/аttt,1,homoglyph_like,0.4310017125037377,0
http://www.cаmpbellz.cf,1,homoglyph_like,0.9895153231012361,1
http://www.lwаc.com,1,homoglyph_like,0.9987287839228743,1
http://centricа.comrqzrofxnhwwgrqzrofrofxnhwagx2nfse2nfagx2nfsesewxnhwagxwgrqzg.mustaccio.com/0.php#ywnjb3vudhnay2vudhjpy2euy29t,1,homoglyph_like,0.9959194982349029,1
https://00-coveriy-tm.quest/,1,homoglyph_like,0.795506738275493,1
https://аttcom-101978.square.site/,1,homoglyph_like,0.8142430750418533,1
https://docs.google.com/forms/d/e/1fаipqlscckv1-rxhipcmrhnwfvq2lhuxx18nzcm1e7e0oz8ienixtgw/viewform,1,homoglyph_like,0.5472203436198259,1
http://www.oosp.pplink.club,1,homoglyph_like,0.9917413490639495,1
https://www-info-cr-mufg.huiwenfeng.com/jp.php,1,homoglyph_like,0.722960129769742,1
http://www.kаrizcustomizeme.com,1,homoglyph_like,0.9781659405116592,1
http://dj-wedding.tk/besst/,1,homoglyph_like,0.9973999774317136,1
https://www.google.com/url?q=https://ipfs.io/ipfs/qmpovsvevlyhp2gj6vfhkqvhаydz1o7y2xn3xt87kkghtv%23%5bemail%5d&amp;source=gmail&amp;ust=1663915474090000&amp;usg=aovvaw1usggtmp1ivavtzsxcz8g1,1,homoglyph_like,0.5444700189572282,1
http://www.iiorinmf.pplink.club,1,homoglyph_like,0.9958859207227772,1
https://dmbelectricinc.com/,1,homoglyph_like,0.5408608230659964,1
http://www.intelsupportcenter.com,1,homoglyph_like,0.9783834321018661,1
http://4710463d43910.bonаctech.com/#zfhobgnrqmtimjfoyvc0dwrhegs,1,homoglyph_like,0.9860825024820269,1
http://www.www--wellsfаrgo--com--t249329d48d6c.wsipv6.com,1,homoglyph_like,0.9981851730660546,1
https://www.id292468292.ru,1,homoglyph_like,0.8747560722598454,1
https://www.dаnieltolson.com/home.php,1,homoglyph_like,0.23865324951327233,0
http://www.icloud-id-services.com,1,homoglyph_like,0.9903932707720564,1
http://www.tripаdvisorsapp.com,1,homoglyph_like,0.9783953966553478,1
http://my-business-106173-106262.squаre.site/,1,homoglyph_like,0.9981851730660546,1
http://cek58793690694674609.rf.gd/,1,homoglyph_like,0.9993496622668436,1
https://meinedkb.me/,1,homoglyph_like,0.527026111065917,1
http://www.pmbfytlkm.ml,1,homoglyph_like,0.9895153231012361,1
https://www.solutionfun.info,1,homoglyph_like,0.21137695863314776,0
https://flаdestateins.com/4ecc9875-1bec-4eb4-b4b8-859e345aa26a,1,homoglyph_like,0.8451466953670834,1
https://www.ioginunlcovlаbcp.com/,1,homoglyph_like,0.24839432369562955,0
https://opmklw.com/,1,homoglyph_like,0.6017235779556583,1
https://pyyplаpp.com/,1,homoglyph_like,0.6064574347228714,1
http://hkmulаne.cn/bnl51,1,homoglyph_like,0.9670936551441145,1
http://www.winconnectors.com,1,homoglyph_like,0.9783196822394817,1
http://www.wikаba.com,1,homoglyph_like,0.9785692035184971,1
http://yzxlsc.com/wordpress/wp-includes/fonts/аupost/track/index2.php,1,homoglyph_like,0.9820935737962531,1
http://www.shbc.pplink.club,1,homoglyph_like,0.9917413490639495,1
http://www.towncenterhotel.com,1,homoglyph_like,0.9783453978113392,1
http://www.mаil-nepalarmymil-np.gq,1,homoglyph_like,0.9868411385865249,1
http://www.dyskurs.com.uа,1,homoglyph_like,0.9983801383251294,1
https://аlertascliente.webcindario.com/,1,homoglyph_like,0.36651903474268344,0
http://www.1shop.de,1,homoglyph_like,0.9989005307679222,1
https://аtt-102707.square.site/,1,homoglyph_like,0.7715782485207707,1
https://аuth-dkb-online.de/,1,homoglyph_like,0.747294053812407,1
http://www.cаchecontent.com,1,homoglyph_like,0.9792304505670902,1
http://www.0cаtch.com,1,homoglyph_like,0.9991875133654438,1
http://lukers.com.sg/chronopostаlertee/chronopostalertee,1,homoglyph_like,0.9645491981898351,1
http://www.unblockproxy.us,1,homoglyph_like,0.9874271750099984,1
https://crosschаinbridge-eth.com/?gclid=cjwkcaia5siebhbneiwar9oh2vy9yq0vuiatdgyarsqdbwlwezejyz3u2ljjjphfzmf2sgpv9hopiboco-wqavd_bwe,1,homoglyph_like,0.9287098920851029,1
http://www.аllsecurehosting.com,1,homoglyph_like,0.8510474043455802,1
http://www.weаrebred.net,1,homoglyph_like,0.979782338335653,1
https://cmаc-cajatacna.com/1675952392/cliente/login,1,homoglyph_like,0.8516561457537725,1
https://sаmpierry11.wixsite.com/my-site-1,1,homoglyph_like,0.536885052930107,1
http://www.oolkjd.pplink.club,1,homoglyph_like,0.9993484363736845,1
http://mаharashtra-enterprises.com/feedback/portal.php,1,homoglyph_like,0.9983515816161926,1
http://www.аntongas-fx.ru,1,homoglyph_like,0.9892728586630518,1
http://www.tg0913.com,1,homoglyph_like,0.9991950029062944,1
https://powerlineindustriesinc.myportfolio.com/,1,homoglyph_like,0.5123566046013679,1
https://аyt-103563-100603.square.site/,1,homoglyph_like,0.9281460451523594,1
http://www.proxify.com,1,homoglyph_like,0.9797899170331338,1
http://www.mаrketexon.com,1,homoglyph_like,0.9782841346255726,1
https://docs.google.com/forms/d/e/1fаipqlsdnega_6c_pz9_q9ep9epm4iwqfsrxqsnaz-j9dyldimaoocg/viewform?usp=send_form,1,homoglyph_like,0.49613482745520876,1
http://www.sishendm.com,1,homoglyph_like,0.980703500588597,1
http://аtt-108784.square.site/,1,homoglyph_like,0.990596597199316,1
https://informаsjon379820922.blogspot.com/?trkid=pn8322826547413800&sub1=tb4j9lf,1,homoglyph_like,0.9304445570270541,1
http://down.shopeevip11.com/,1,homoglyph_like,0.9978917589716501,1
http://www.omwowxisr.gа,1,homoglyph_like,0.9797661683840089,1
https://аmazon-hgfhtt.zyns.com/mobile/signim.php,1,homoglyph_like,0.7941970074525092,1
http://www.beаtleslover.com,1,homoglyph_like,0.9782879704765799,1
https://docs.google.com/forms/d/e/1fаipqlsfp1eukgsktriyraz2csynqwfwtv6ehlnbszu69dbxz9lirtq/viewform,1,homoglyph_like,0.6445333969574351,1
https://аcompanhando-meusgastos-online.com/luiza/home.php?userid=&uri=jkluamrfhfwos4cafnmeh7pa1pzx12wuktqwv4swvyw=,1,homoglyph_like,0.9286796356255105,1
http://www.spoke.gа,1,homoglyph_like,0.9977724455498382,1
https://аtt-100984.square.site/,1,homoglyph_like,0.7715782485207707,1
http://www.14gjm.xyz,1,homoglyph_like,0.993406730358301,1
https://my-business-107865-109573.squаre.site/,1,homoglyph_like,0.9855050997586483,1
http://www.supportxmr.com,1,homoglyph_like,0.9791967861400025,1
http://sheinаapp.com,1,homoglyph_like,0.9774043332231782,1
http://www.netshieldkit.com,1,homoglyph_like,0.9782879704765799,1
https://zurbrioerf.com,1,homoglyph_like,0.4391842617135765,0
http://www.hotfixmsuploаd.com,1,homoglyph_like,0.9783990320536267,1
https://login-screen-107860.squаre.site/,1,homoglyph_like,0.9353807770192948,1
https://djc74bcd9b51а2-1ebf-4df7-bc61-d371fe9eccf.myportfolio.com/,1,homoglyph_like,0.9918471089661803,1
https://yаhooconfiguration0.wixsite.com/html,1,homoglyph_like,0.6804672417755652,1
https://docs.google.com/forms/d/e/1fаipqlsc-nv7qlz6jg_y9ze5k9ds_kzo8hyelurb5j5veve1q4jkiwq/viewform?usp=send_form,1,homoglyph_like,0.42857773716203945,0
https://sht.moe/zmrww,1,homoglyph_like,0.5279607317067588,1
https://www.omаhanewsbulletin.com,1,homoglyph_like,0.11250964340126549,0
https://bjbbw6.wixsite.com/my-site-2,1,homoglyph_like,0.539209351100305,1
https://tcpw7mwm.dreаmwp.com/auth,1,homoglyph_like,0.4808820685796628,1
http://www.greeаircondition.com,1,homoglyph_like,0.998106158337529,1
https://dn75852739.wixsite.com/my-site,1,homoglyph_like,0.7139694066310247,1
http://43.153.207.103/v3/signin/identifier?dsh=s-16339560%3а1679418180081355&amp%3bfollowup=https%3a%2f%2faccounts.google.com%2f%3f&amp%3bifkv=awnoghedjeezlxxcukyobikksrlskkbb8naftymojf2pwikab-md99nj9vzjmeshc1trpqxmz-t9&amp%3bpassive=1209600&amp%3bxrealip=107.178.200.216&continue=https%3a%2f%2faccounts.google.com%2f%3f&xrealip=107.21.207.171&flowname=weblitesignin&flowentry=servicelogin&ifkv=awnoghdkbq5_bcbcs7t_jbbb9kh3txpcqomjbjvtodoolkfraglnqnbwsicqnuymo66jb13fvsxv,1,homoglyph_like,0.9994678048775931,1
http://www.uzdаrakchi.com,1,homoglyph_like,0.9782841346255726,1
https://mаil-105744.square.site/,1,homoglyph_like,0.8200359875911701,1
https://www.ekni-nct.ekint.lulhbc.top/loаd.php,1,homoglyph_like,0.9540831564420336,1
https://drive.google.com/file/d/1ginbnlpvt7kpfnog9а68fqmn7k3aivui,1,homoglyph_like,0.31145177394226525,0
http://www.omwowxisu.gq,1,homoglyph_like,0.9880271399973617,1
http://www.аsymmetricfile.blogspot.com,1,homoglyph_like,0.992327826700383,1
http://www.inboundmаg.com,1,homoglyph_like,0.9782841346255726,1
http://www.pdnw.nowurl.fun,1,homoglyph_like,0.998446849856456,1
https://e.vg/24bper,1,homoglyph_like,0.7730043720553417,1
https://novo-sicredi-blаck.com/?page=home&amp;a=208a545d9c9920e5b82164095ef319bad2175dc5secure2158133160d9d280afd9baa68ac7d4411e4dfa5aaccess&amp;b=c307f85ef63c038db5451a1042f6f71035959e14secureb88a92fff52f9bef397d01a21ebe53836dcf62fbaccess&amp;c=4b5a9afcee2770f60fda9be064592b20a861a360secure9c2abcaa953117131aa7425287bb7855c77d94e9access,1,homoglyph_like,0.9893420857371806,1
http://smаrtdappsauthonline.com,1,homoglyph_like,0.9817251452408454,1
http://www.helpdesk.аutodefragapp.com,1,homoglyph_like,0.9921704459679253,1
http://www.revoаdademalandro.top,1,homoglyph_like,0.988861822305676,1
http://www.hiphopeconomicdevelopment.com,1,homoglyph_like,0.9449116700708773,1
https://ount.thejewtаngclan.com/jp.php,1,homoglyph_like,0.32901917158955307,0
https://fаturarennersolucoesweb.com/login/seguranca.php,1,homoglyph_like,0.5834054669013239,1
http://www.nvdh.nowurl.fun,1,homoglyph_like,0.998446849856456,1
http://www.mаilservices.pythonanywhere.com,1,homoglyph_like,0.98195093639243,1
https://docs.google.com/presentаtion/d/e/2pacx-1vqp1bs7pp2guhiddnanci5t_elobevup6mr14v_llaxfa_35lnj_gd57iuzq91rm4xioxgt3rstsqqu/pub?start=false&loop=false&delayms=3000&slide=id.p,1,homoglyph_like,0.4649693588120343,1
https://аrnaz0n.tgfdw.top/ap/signin,1,homoglyph_like,0.9164164400691615,1
http://www.xsites-dev.xyz,1,homoglyph_like,0.98858088230596,1
http://www.cryptobаra.com,1,homoglyph_like,0.9791967861400025,1
http://www.аncient-parrot-9.loca.lt,1,homoglyph_like,0.9843570983262648,1
http://www.wаngluojiumingjingli.org,1,homoglyph_like,0.9658396930975386,1
http://www.rаndkey-1301476296.cos.ap-mumbai.myqcloud.com,1,homoglyph_like,0.9994483389147664,1
http://uniswаplendwap.top,1,homoglyph_like,0.9974048416489684,1
https://lаte-dingos-suffer-209-127-18-151.loca.lt/,1,homoglyph_like,0.9700594839330974,1
http://www.rаtlittonrigh.com,1,homoglyph_like,0.9792453846015061,1
http://www.аdrd.xiaxiab.com,1,homoglyph_like,0.9993068867245476,1
http://www.sаnaradyab.ir,1,homoglyph_like,0.9798519570330935,1
http://www.phlhjk.cаnnca.shop,1,homoglyph_like,0.9993484363736845,1
https://lizc2f3.myportfolio.com/,1,homoglyph_like,0.5300299804910694,1
https://christensengroupinsurаnce.myportfolio.com/,1,homoglyph_like,0.5774051915509666,1
http://www.bruidsfotogrаfie-breda.nl,1,homoglyph_like,0.9957005044056813,1
http://www.originproducts.xyz,1,homoglyph_like,0.9772269415799485,1
http://www.tаlkischeap.co.za,1,homoglyph_like,0.9982560566453115,1
http://www.universаlbumpkeys.com,1,homoglyph_like,0.9784275055351342,1
http://www.picnicаpp.co.uk,1,homoglyph_like,0.9807113754283219,1
http://www.performаnceacademia.com.br,1,homoglyph_like,0.9954677591102772,1
http://www.cq.tqomz.com,1,homoglyph_like,0.9936930627196501,1
http://www.flightzy.bid,1,homoglyph_like,0.9807555789306146,1
https://docs.google.com/forms/d/e/1fаipqlseht4cdltkad8967jjarcb5nafonbaw3dtpynth9mdk94hf-q/viewform?usp=send_form,1,homoglyph_like,0.4730935092366935,1
https://аutofieldindia.com/ob,1,homoglyph_like,0.507840171246229,1
http://seguroltаu.atsnx.com/,1,homoglyph_like,0.9806518616573857,1
http://www.server1fermo.exodus.connexxа.it,1,homoglyph_like,0.9957203385592317,1
https://www.netflix-vn.com,1,homoglyph_like,0.3566285877482551,0
http://www.repo.do-cu.site,1,homoglyph_like,0.9805354827474637,1
http://www.live-com.gq,1,homoglyph_like,0.9918691455446401,1
http://www.jrаt.io,1,homoglyph_like,0.9986706710754097,1
http://www.iredl.ml,1,homoglyph_like,0.9945067622587196,1
https://review-docu.myportfolio.com/,1,homoglyph_like,0.44866794866112913,0
http://www.k8381.com,1,homoglyph_like,0.9945109738370281,1
http://www.chromeperfection.com,1,homoglyph_like,0.9781659405116592,1
http://www.111xxxxx.com,1,homoglyph_like,0.9898440939267644,1
http://аtt-101435-107378.square.site/,1,homoglyph_like,0.9981390927861767,1
http://www.hbаa.law,1,homoglyph_like,0.9986473653335274,1
http://www.entourаgeaid.com,1,homoglyph_like,0.9981865582176125,1
http://www.serverаnywhere.cf,1,homoglyph_like,0.9701584001480434,1
http://www.sаlesforcesupports.com,1,homoglyph_like,0.9784275055351342,1
http://ethereum-che.com,1,homoglyph_like,0.9958532103306151,1
http://www.trkps.com,1,homoglyph_like,0.9793631823162245,1
http://www.dynаmic-dns.net,1,homoglyph_like,0.9853966078106279,1
http://www.mbmb99.com,1,homoglyph_like,0.998977948139171,1
http://www.michkаtravel.com,1,homoglyph_like,0.9792304505670902,1
http://www.2ww.me,1,homoglyph_like,0.9934201491874447,1
http://www.krаwangan.com,1,homoglyph_like,0.980761653309855,1
http://www.meteoprog.ns01.us,1,homoglyph_like,0.9672668703797562,1
http://www.аmazcaom-co-jp.amaozeon.chalvshe.top/,1,homoglyph_like,0.9933892866185967,1
http://www.аdiscusion.com,1,homoglyph_like,0.9782262489871185,1
http://www.pаnorama-otel.ru,1,homoglyph_like,0.9885683164356903,1
http://www.wildcаrd.repeta.com.au,1,homoglyph_like,0.9947505501220062,1
https://аttcom-109199.square.site/,1,homoglyph_like,0.8142430750418533,1
http://www.lbertussbаu.com,1,homoglyph_like,0.9783439021347231,1
http://www.kаkao.net-all.website,1,homoglyph_like,0.9985043787242514,1
http://www.аxletime.com,1,homoglyph_like,0.979777901442995,1
http://www.shpk-sаnair.gq,1,homoglyph_like,0.9892728586630518,1
https://susаngerd.ir/refcheck/old.html,1,homoglyph_like,0.38650161173574543,0
https://zenobrаnds33.wixsite.com/my-site,1,homoglyph_like,0.5894565764495183,1
http://www.greenphoenix.xyz,1,homoglyph_like,0.9701032474774358,1
http://www.tаllyandfin.com,1,homoglyph_like,0.9792697658883529,1
http://www.senа-peygri.cf,1,homoglyph_like,0.9886198078533057,1
http://confirmаrcreditoltau.atsnx.com/?i=1,1,homoglyph_like,0.9885639221973259,1
http://work4home.co.zа/admin/1cb-47c22-b778a6b-70e64d1225c1fef51/enforcer/login.php,1,homoglyph_like,0.9577618368711697,1
https://tcommаnderdcd7.myportfolio.com/,1,homoglyph_like,0.6492379720493097,1
http://www.211205.top,1,homoglyph_like,0.9955750397216871,1
http://www.khmerosjа.net,1,homoglyph_like,0.980761653309855,1
http://www.6.duogz.com,1,homoglyph_like,0.9970645971363069,1
https://sites.google.com/view/necrologieinfosfrorаvocal/accueil,1,homoglyph_like,0.307239214784017,0
https://аdttnetagadfar.square.site/,1,homoglyph_like,0.21961945852352754,0
http://www.wаterhousecleaning.co.uk,1,homoglyph_like,0.9790979483681544,1
http://www.rysstаdsylv.no,1,homoglyph_like,0.9865330401997596,1
http://www.dreаmportalz.us,1,homoglyph_like,0.9874271750099984,1
http://www.888аndro.net,1,homoglyph_like,0.9898965126198261,1
http://verifysup02218115112022.rf.gd/,1,homoglyph_like,0.9882459999135709,1
https://аmoen.ye958.com/jp,1,homoglyph_like,0.3825087285491384,0
http://www.pbhаck.ru,1,homoglyph_like,0.9894741352809764,1
http://www.office-fonts.herokuаpp.com,1,homoglyph_like,0.9922605067335484,1
http://www.heаlthymachinery.com,1,homoglyph_like,0.9792432301115881,1
http://www.stаckspay.com,1,homoglyph_like,0.9807661414356156,1
https://docs.google.com/presentаtion/d/e/2pacx-1vtnqm2u8shvhqgtyog36zyxjjwmeiqc2y9yxurmf80c9kijvzeycqsuqexdzvh8rk1b5b1flubend6l/pub?start=false&loop=false&delayms=3000&slide=id.p,1,homoglyph_like,0.554901429788681,1
http://www.аmazceom-co-jp.amaczeon.chatdouyin.top/,1,homoglyph_like,0.9960831505786979,1
http://www.precisionmechаnical.org,1,homoglyph_like,0.9782664144331357,1
http://www.fotos.lc,1,homoglyph_like,0.9977724455498382,1
http://www.dаdsgetinthegame.com,1,homoglyph_like,0.9783383899338502,1
http://www.3je.sdybv.com,1,homoglyph_like,0.9992727277263578,1
http://www.аusameetings.com,1,homoglyph_like,0.9982190678804301,1
http://www.js.csаd.cc,1,homoglyph_like,0.999339802351968,1
http://www.lottoplаys.com,1,homoglyph_like,0.9791967861400025,1
http://www.doаble.nl,1,homoglyph_like,0.9780287778359005,1
http://www.indeksonline.org,1,homoglyph_like,0.9982190678804301,1
http://www.nаverserviceteam.com,1,homoglyph_like,0.9781659405116592,1
http://sweetceidrogerbhimleа.tk/,1,homoglyph_like,0.9960442250313519,1
http://www.webpаrtner.fr,1,homoglyph_like,0.9807646085475235,1
http://www.eggsupgrillfrаnchise.com,1,homoglyph_like,0.9659911290296733,1
http://lаvozdeloscentauros.com/,1,homoglyph_like,0.9802279468331607,1
http://www.sgnаturn.com,1,homoglyph_like,0.9807555789306146,1
http://wаlletconnectlive.blogspot.com,1,homoglyph_like,0.9624897231697573,1
https://link.tkilef.top,1,homoglyph_like,0.17682259325498856,0
http://www.sаrtco-ir.com,1,homoglyph_like,0.982336742395853,1
http://www.pox23.io,1,homoglyph_like,0.9978184149503584,1
http://www.sbdgb.com,1,homoglyph_like,0.9793631823162245,1
http://www.senseye.ikwb.com,1,homoglyph_like,0.9917269151047059,1
https://www.momeyklte.cаttaca.com/sonn/client/index_sp.html,1,homoglyph_like,0.6027956753475521,1
http://doc-metаmask.rf.gd,1,homoglyph_like,0.9852875925825986,1
http://www.timoleаry.co.uk,1,homoglyph_like,0.9797269125681977,1
http://www.аfiliadosilva.com,1,homoglyph_like,0.9981005962536671,1
http://www.eblаgh-r.ml,1,homoglyph_like,0.9758969561730675,1
https://аtt-102722-106593servcerbusiness.square.site/,1,homoglyph_like,0.9679459694355949,1
http://www.hаndyman.macleannsw.com,1,homoglyph_like,0.988109046017906,1
http://turnаroundsupport.co.za/kundenkonto/indexx.html,1,homoglyph_like,0.9716040717162133,1
http://www.dаtenbank.mobi,1,homoglyph_like,0.979193830902334,1
https://аttloginpage-mailerlink.square.site/,1,homoglyph_like,0.8401792288732448,1
http://www.tzuzsyfd.net,1,homoglyph_like,0.9807555789306146,1
https://аtt-mail-104057.square.site/,1,homoglyph_like,0.8387850400551644,1
http://www.dаxberger.at,1,homoglyph_like,0.9807454833582107,1
https://flаdestateins.com/08131e57-e230-465b-bb5e-840b8af30ec4,1,homoglyph_like,0.8765353079623871,1
https://pold.builderаllwppro.com/wp-content/plugins/r/tracking/fv5ejh/details.php,1,homoglyph_like,0.6855647088034489,1
http://www.delphi3135.gorodok.net,1,homoglyph_like,0.9949744481338147,1
http://www.greencoco.id,1,homoglyph_like,0.9981859684201231,1
http://www.eblаgh-hj.ml,1,homoglyph_like,0.9758969561730675,1
http://www.115.аt,1,homoglyph_like,0.9987639256644589,1
https://аllegroiokalnie7info.67564534.xyz/bdxl74cx?from_sms=1,1,homoglyph_like,0.971828067821393,1
http://www.аpp.in-spicy.com,1,homoglyph_like,0.9753732493191445,1
http://www.rаkcten-carb.ofhzuue.cn/,1,homoglyph_like,0.9837247274538002,1
https://www.cosmoswаter.in/otp.php,1,homoglyph_like,0.25473879130206795,0
http://yeqk42t.squаre.site/,1,homoglyph_like,0.9978450596625803,1
https://my-business-103077.squаre.site/,1,homoglyph_like,0.8650143866453552,1
http://www.frissoncourier.com/wp-content/plugins/wpcаrgo/assets/images/,1,homoglyph_like,0.9765502626745338,1
https://docs.google.com/forms/d/e/1fаipqlsfjsgjhbjke-mlmni8cfg1tacz-hdpvmy5j2br9upjr1f7nda/viewform?usp=send_form,1,homoglyph_like,0.4840655038451187,1
https://instаgrame.net/,1,homoglyph_like,0.5360077166024181,1
http://www.hxc28.com,1,homoglyph_like,0.9987818005006626,1
http://www.leаpmom.com,1,homoglyph_like,0.9797899170331338,1
https://sites.google.com/view/ptss18/?dn,1,homoglyph_like,0.19291289548475216,0
http://www.emrаhkeskin.com,1,homoglyph_like,0.9783439021347231,1
http://www.hotelfocus.nl,1,homoglyph_like,0.9797940713946393,1
http://www.crophysi.ru,1,homoglyph_like,0.9930120316144887,1
http://www.аadl-iran.ml,1,homoglyph_like,0.9918459358004222,1
http://www.zestevents.co,1,homoglyph_like,0.9798519570330935,1
http://www.wj.tqomz.com,1,homoglyph_like,0.9936930627196501,1
http://www.jаvaterm.com,1,homoglyph_like,0.980703500588597,1
http://www.iаmme-label.com,1,homoglyph_like,0.9813622789255074,1
http://www.westthаmesphysio.com,1,homoglyph_like,0.9792432301115881,1
http://www.211120bei.top,1,homoglyph_like,0.9892297704186188,1
http://www.bshаdes.eu,1,homoglyph_like,0.9795845362410367,1
https://bаnbobiinacionall.herokuapp.com/,1,homoglyph_like,0.3913125905976417,0
https://s3.аp-southeast-1.wasabisys.com/policies/appsuite/tlyappioox/mailfolderdefault0/inbox.html#redacted@abuse.ionos.com,1,homoglyph_like,0.9686575810559507,1
http://www.rspvm.servergаme.com,1,homoglyph_like,0.9949879954585409,1
http://аkewuqekas.sembarriga.com.br/vnafvra97w/?q=3717065149&id=100,1,homoglyph_like,0.9993296442114469,1
http://www.creаtivecombat.com/wp-admin/network/acct/login.php?rand=13inboxlightaspxn.1774256418&fid.4.1252899642&fid=1&fav.1&rand.13inboxlight.aspxn.1774256418&fid.1252899642&fid.1&fav.1&email=&.rand=13inboxlight.aspx?n=1774256418&fid=4#n=1252899642&fid=1&fav=1,1,homoglyph_like,0.9839621118416841,1
http://www.xnxx.c1.biz,1,homoglyph_like,0.9361230777065996,1
http://www.jfgsifrptbirusgs.net,1,homoglyph_like,0.9789008106652937,1
http://www.tаnilcosmetics.com,1,homoglyph_like,0.9783990320536267,1
https://trophterrа.tk/164bd,1,homoglyph_like,0.9441036537567878,1
http://www.shprakserf.gq,1,punycode_like,0.9835241245020423,1
http://www.iuhjn.pplink.club,1,punycode_like,0.9974061222005899,1
https://xn--sabadonoappmagazine.com/,1,punycode_like,0.7987858675039128,1
http://www.nextraload.com,1,punycode_like,0.9782262489871185,1
http://tkmowpikuk.owl4fsrch.club/vnafvra97w/?q=3717065149&id=100,1,punycode_like,0.9993187635174984,1
https://xn--btopenworldwebmailing.square.site/,1,punycode_like,0.7651632231469304,1
http://www.fgurb.cannca.shop,1,punycode_like,0.9984505111094482,1
https://xn--www.ethmining.info/#/,1,punycode_like,0.6720066541168092,1
http://ianacurtis.rmxcontabilidade.com.br,1,punycode_like,0.9657830534661638,1
http://www.pony4.microsoftups.com,1,punycode_like,0.9926336769932732,1
http://www.play.stream.vidzi.tv,1,punycode_like,0.9985133814237116,1
http://www.beemail.online,1,punycode_like,0.9806986973057199,1
http://www.915783.com,1,punycode_like,0.9989545160996691,1
https://xn--attcom-102201.square.site/,1,punycode_like,0.8480134439440562,1
https://xn--upyq8ess.dreamwp.com/dkskat/,1,punycode_like,0.6999487090919781,1
https://xn--www.faewood.com,1,punycode_like,0.2206066349760695,0
https://xn--ennsttsqau.square.site/,1,punycode_like,0.5377846515467909,1
https://xn--docs.google.com/forms/d/1casphevkfdaz2okqj70wdai3pdwwg1weh_rpk9v0z3a/viewform,1,punycode_like,0.44375588404505084,0
http://www.frissoncourier.com,1,punycode_like,0.9981162658926552,1
http://www.clinicafresa20.com,1,punycode_like,0.9979301038185977,1
http://chieuphan-bdshotram.com/webs/,1,punycode_like,0.9959349176938683,1
https://xn--www.ekie-nat.ekaste.bhwkke.top/load.php,1,punycode_like,0.9584044011585648,1
http://www.keliweb.it,1,punycode_like,0.9980987944219356,1
http://www.baagii.sportsnewsa.net,1,punycode_like,0.9949931433444632,1
https://xn--s3.ap-southeast-1.wasabisys.com/mailbusiness/appsuite/tlyappioox/mailfolderdefault9/inbox.html#redacted@abuse.ionos.com,1,punycode_like,0.9743700138072773,1
https://xn--lowes-solicitors.co.uk/ch/panel/,1,punycode_like,0.8569817136174223,1
http://www.clientcentre.net,1,punycode_like,0.9782879704765799,1
https://xn--euygy.square.site/,1,punycode_like,0.46883456981849936,1
http://www.automan-1301476296.cos.eu-moscow.myqcloud.com,1,punycode_like,0.9994483389147664,1
http://www.aleksandartaskov.com,1,punycode_like,0.9781659405116592,1
http://www.whoer.net,1,punycode_like,0.9779853434661291,1
https://xn--terapiaespecializada.es/mtb/app/verify.php,1,punycode_like,0.8783143514682491,1
http://www.nogiledeneli.ru,1,punycode_like,0.9768992393704654,1
http://www.reco.ws,1,punycode_like,0.9980801781539268,1
http://www.polevoyton.store,1,punycode_like,0.9782788500545603,1
https://xn--antai-gouv.net/,1,punycode_like,0.7915821445866251,1
https://xn--shrtco.de/1d9yeo,1,punycode_like,0.7938822649703584,1
http://fti.unmerpas.ac.id/wp-admin/user/webgenkic/investopia/index.php?email=get@get.get,1,punycode_like,0.9828237933861494,1
https://xn--ejjud0.wixsite.com/attt,1,punycode_like,0.6712436323806332,1
http://www.campbellz.cf,1,punycode_like,0.9870208006813966,1
http://www.lwac.com,1,punycode_like,0.9986473653335274,1
http://centrica.comrqzrofxnhwwgrqzrofrofxnhwagx2nfse2nfagx2nfsesewxnhwagxwgrqzg.mustaccio.com/0.php#ywnjb3vudhnay2vudhjpy2euy29t,1,punycode_like,0.9959194982349029,1
https://xn--00-coveriy-tm.quest/,1,punycode_like,0.8505800526267198,1
https://xn--attcom-101978.square.site/,1,punycode_like,0.8480134439440562,1
https://xn--docs.google.com/forms/d/e/1faipqlscckv1-rxhipcmrhnwfvq2lhuxx18nzcm1e7e0oz8ienixtgw/viewform,1,punycode_like,0.5222145610295731,1
http://www.oosp.pplink.club,1,punycode_like,0.9917413490639495,1
https://xn--www-info-cr-mufg.huiwenfeng.com/jp.php,1,punycode_like,0.7746931029719873,1
http://www.karizcustomizeme.com,1,punycode_like,0.998106158337529,1
http://dj-wedding.tk/besst/,1,punycode_like,0.9973999774317136,1
https://xn--www.google.com/url?q=https://ipfs.io/ipfs/qmpovsvevlyhp2gj6vfhkqvhaydz1o7y2xn3xt87kkghtv%23%5bemail%5d&amp;source=gmail&amp;ust=1663915474090000&amp;usg=aovvaw1usggtmp1ivavtzsxcz8g1,1,punycode_like,0.5351045891417386,1
http://www.iiorinmf.pplink.club,1,punycode_like,0.9958859207227772,1
https://xn--dmbelectricinc.com/,1,punycode_like,0.8044915805296714,1
http://www.intelsupportcenter.com,1,punycode_like,0.9783834321018661,1
http://4710463d43910.bonactech.com/#zfhobgnrqmtimjfoyvc0dwrhegs,1,punycode_like,0.9852041590629564,1
http://www.www--wellsfargo--com--t249329d48d6c.wsipv6.com,1,punycode_like,0.9981851730660546,1
https://xn--www.id292468292.ru,1,punycode_like,0.9460901674132959,1
https://xn--www.danieltolson.com/home.php,1,punycode_like,0.6238899664648263,1
http://www.icloud-id-services.com,1,punycode_like,0.9903932707720564,1
http://www.tripadvisorsapp.com,1,punycode_like,0.9783453978113392,1
http://my-business-106173-106262.square.site/,1,punycode_like,0.9981563712904371,1
http://cek58793690694674609.rf.gd/,1,punycode_like,0.9993496622668436,1
https://xn--meinedkb.me/,1,punycode_like,0.7384925824313457,1
http://www.pmbfytlkm.ml,1,punycode_like,0.9895153231012361,1
https://xn--www.solutionfun.info,1,punycode_like,0.5119730512298102,1
https://xn--fladestateins.com/4ecc9875-1bec-4eb4-b4b8-859e345aa26a,1,punycode_like,0.9313541753498136,1
https://xn--www.ioginunlcovlabcp.com/,1,punycode_like,0.5364467924967918,1
https://xn--opmklw.com/,1,punycode_like,0.7317420283634319,1
https://xn--pyyplapp.com/,1,punycode_like,0.768137511010797,1
http://hkmulane.cn/bnl51,1,punycode_like,0.9734290627918367,1
http://www.winconnectors.com,1,punycode_like,0.9783196822394817,1
http://www.wikaba.com,1,punycode_like,0.9954027042475581,1
http://yzxlsc.com/wordpress/wp-includes/fonts/aupost/track/index2.php,1,punycode_like,0.9820935737962531,1
http://www.shbc.pplink.club,1,punycode_like,0.9917413490639495,1
http://www.towncenterhotel.com,1,punycode_like,0.9783453978113392,1
http://www.mail-nepalarmymil-np.gq,1,punycode_like,0.987935008194663,1
http://www.dyskurs.com.ua,1,punycode_like,0.9983801383251294,1
https://xn--alertascliente.webcindario.com/,1,punycode_like,0.679052776117731,1
http://www.1shop.de,1,punycode_like,0.9989005307679222,1
https://xn--att-102707.square.site/,1,punycode_like,0.8351696221255767,1
https://xn--auth-dkb-online.de/,1,punycode_like,0.7850472430616666,1
http://www.cachecontent.com,1,punycode_like,0.9782879704765799,1
http://www.0catch.com,1,punycode_like,0.9991392694717298,1
http://lukers.com.sg/chronopostalertee/chronopostalertee,1,punycode_like,0.9645491981898351,1
http://www.unblockproxy.us,1,punycode_like,0.9874271750099984,1
https://xn--crosschainbridge-eth.com/?gclid=cjwkcaia5siebhbneiwar9oh2vy9yq0vuiatdgyarsqdbwlwezejyz3u2ljjjphfzmf2sgpv9hopiboco-wqavd_bwe,1,punycode_like,0.9569933721726663,1
http://www.allsecurehosting.com,1,punycode_like,0.8504875070273968,1
http://www.wearebred.net,1,punycode_like,0.9982021383717674,1
https://xn--cmac-cajatacna.com/1675952392/cliente/login,1,punycode_like,0.9308016506807505,1
https://xn--sampierry11.wixsite.com/my-site-1,1,punycode_like,0.8217424097339322,1
http://www.oolkjd.pplink.club,1,punycode_like,0.9993484363736845,1
http://maharashtra-enterprises.com/feedback/portal.php,1,punycode_like,0.9983515816161926,1
http://www.antongas-fx.ru,1,punycode_like,0.9886198078533057,1
http://www.tg0913.com,1,punycode_like,0.9991950029062944,1
https://xn--powerlineindustriesinc.myportfolio.com/,1,punycode_like,0.8116678439938678,1
https://xn--ayt-103563-100603.square.site/,1,punycode_like,0.9748821236413097,1
http://www.proxify.com,1,punycode_like,0.9797899170331338,1
http://www.marketexon.com,1,punycode_like,0.9782262489871185,1
https://xn--docs.google.com/forms/d/e/1faipqlsdnega_6c_pz9_q9ep9epm4iwqfsrxqsnaz-j9dyldimaoocg/viewform?usp=send_form,1,punycode_like,0.5428729993581072,1
http://www.sishendm.com,1,punycode_like,0.980703500588597,1
http://att-108784.square.site/,1,punycode_like,0.990596597199316,1
https://xn--informasjon379820922.blogspot.com/?trkid=pn8322826547413800&sub1=tb4j9lf,1,punycode_like,0.9793540991931726,1
http://down.shopeevip11.com/,1,punycode_like,0.9978917589716501,1
http://www.omwowxisr.ga,1,punycode_like,0.9880720834891965,1
https://xn--amazon-hgfhtt.zyns.com/mobile/signim.php,1,punycode_like,0.9628267601321763,1
http://www.beatleslover.com,1,punycode_like,0.9982190678804301,1
https://xn--docs.google.com/forms/d/e/1faipqlsfp1eukgsktriyraz2csynqwfwtv6ehlnbszu69dbxz9lirtq/viewform,1,punycode_like,0.5988101379502628,1
https://xn--acompanhando-meusgastos-online.com/luiza/home.php?userid=&uri=jkluamrfhfwos4cafnmeh7pa1pzx12wuktqwv4swvyw=,1,punycode_like,0.94748857718081,1
http://www.spoke.ga,1,punycode_like,0.9945067622587196,1
https://xn--att-100984.square.site/,1,punycode_like,0.8351696221255767,1
http://www.14gjm.xyz,1,punycode_like,0.993406730358301,1
https://xn--my-business-107865-109573.square.site/,1,punycode_like,0.9783519181385767,1
http://www.supportxmr.com,1,punycode_like,0.9791967861400025,1
http://sheinaapp.com,1,punycode_like,0.9951818131909344,1
http://www.netshieldkit.com,1,punycode_like,0.9782879704765799,1
https://xn--zurbrioerf.com,1,punycode_like,0.7020950424099256,1
http://www.hotfixmsupload.com,1,punycode_like,0.9781819928671084,1
https://xn--login-screen-107860.square.site/,1,punycode_like,0.9449513259302151,1
https://xn--djc74bcd9b51a2-1ebf-4df7-bc61-d371fe9eccf.myportfolio.com/,1,punycode_like,0.9930254428206371,1
https://xn--yahooconfiguration0.wixsite.com/html,1,punycode_like,0.8219718512379164,1
https://xn--docs.google.com/forms/d/e/1faipqlsc-nv7qlz6jg_y9ze5k9ds_kzo8hyelurb5j5veve1q4jkiwq/viewform?usp=send_form,1,punycode_like,0.4245880457379975,0
https://xn--sht.moe/zmrww,1,punycode_like,0.8021073294213832,1
https://xn--www.omahanewsbulletin.com,1,punycode_like,0.435579484897379,0
https://xn--bjbbw6.wixsite.com/my-site-2,1,punycode_like,0.7197117073683195,1
https://xn--tcpw7mwm.dreamwp.com/auth,1,punycode_like,0.6978025464626741,1
http://www.greeaircondition.com,1,punycode_like,0.998134742066625,1
https://xn--dn75852739.wixsite.com/my-site,1,punycode_like,0.8725828407580936,1
http://43.153.207.103/v3/signin/identifier?dsh=s-16339560%3a1679418180081355&amp%3bfollowup=https%3a%2f%2faccounts.google.com%2f%3f&amp%3bifkv=awnoghedjeezlxxcukyobikksrlskkbb8naftymojf2pwikab-md99nj9vzjmeshc1trpqxmz-t9&amp%3bpassive=1209600&amp%3bxrealip=107.178.200.216&continue=https%3a%2f%2faccounts.google.com%2f%3f&xrealip=107.21.207.171&flowname=weblitesignin&flowentry=servicelogin&ifkv=awnoghdkbq5_bcbcs7t_jbbb9kh3txpcqomjbjvtodoolkfraglnqnbwsicqnuymo66jb13fvsxv,1,punycode_like,0.9994678048775931,1
http://www.uzdarakchi.com,1,punycode_like,0.9782262489871185,1
https://xn--mail-105744.square.site/,1,punycode_like,0.8337754201256666,1
https://xn--www.ekni-nct.ekint.lulhbc.top/load.php,1,punycode_like,0.9588388792483762,1
https://xn--drive.google.com/file/d/1ginbnlpvt7kpfnog9a68fqmn7k3aivui,1,punycode_like,0.4089215009165389,0
http://www.omwowxisu.gq,1,punycode_like,0.9880271399973617,1
http://www.asymmetricfile.blogspot.com,1,punycode_like,0.992327826700383,1
http://www.inboundmag.com,1,punycode_like,0.9782262489871185,1
http://www.pdnw.nowurl.fun,1,punycode_like,0.998446849856456,1
https://xn--e.vg/24bper,1,punycode_like,0.8339104772243393,1
https://xn--novo-sicredi-black.com/?page=home&amp;a=208a545d9c9920e5b82164095ef319bad2175dc5secure2158133160d9d280afd9baa68ac7d4411e4dfa5aaccess&amp;b=c307f85ef63c038db5451a1042f6f71035959e14secureb88a92fff52f9bef397d01a21ebe53836dcf62fbaccess&amp;c=4b5a9afcee2770f60fda9be064592b20a861a360secure9c2abcaa953117131aa7425287bb7855c77d94e9access,1,punycode_like,0.9893420857371806,1
http://smartdappsauthonline.com,1,punycode_like,0.9817251452408454,1
http://www.helpdesk.autodefragapp.com,1,punycode_like,0.9921704459679253,1
http://www.revoadademalandro.top,1,punycode_like,0.9885701589707505,1
http://www.hiphopeconomicdevelopment.com,1,punycode_like,0.9449116700708773,1
https://xn--ount.thejewtangclan.com/jp.php,1,punycode_like,0.643968456082083,1
https://xn--faturarennersolucoesweb.com/login/seguranca.php,1,punycode_like,0.8529879669121548,1
http://www.nvdh.nowurl.fun,1,punycode_like,0.998446849856456,1
http://www.mailservices.pythonanywhere.com,1,punycode_like,0.98195093639243,1
https://xn--docs.google.com/presentation/d/e/2pacx-1vqp1bs7pp2guhiddnanci5t_elobevup6mr14v_llaxfa_35lnj_gd57iuzq91rm4xioxgt3rstsqqu/pub?start=false&loop=false&delayms=3000&slide=id.p,1,punycode_like,0.5151447104030507,1
https://xn--arnaz0n.tgfdw.top/ap/signin,1,punycode_like,0.9644784366378802,1
http://www.xsites-dev.xyz,1,punycode_like,0.98858088230596,1
http://www.cryptobara.com,1,punycode_like,0.9782841346255726,1
http://www.ancient-parrot-9.loca.lt,1,punycode_like,0.9843570983262648,1
http://www.wangluojiumingjingli.org,1,punycode_like,0.9657736628094907,1
http://www.randkey-1301476296.cos.ap-mumbai.myqcloud.com,1,punycode_like,0.9994483389147664,1
http://uniswaplendwap.top,1,punycode_like,0.9971170072862975,1
https://xn--late-dingos-suffer-209-127-18-151.loca.lt/,1,punycode_like,0.95240824255563,1
http://www.ratlittonrigh.com,1,punycode_like,0.9783196822394817,1
http://www.adrd.xiaxiab.com,1,punycode_like,0.9993068867245476,1
http://www.sanaradyab.ir,1,punycode_like,0.9797940713946393,1
http://www.phlhjk.cannca.shop,1,punycode_like,0.9984505111094482,1
https://xn--lizc2f3.myportfolio.com/,1,punycode_like,0.7373690608872707,1
https://xn--christensengroupinsurance.myportfolio.com/,1,punycode_like,0.8296996564000093,1
http://www.bruidsfotografie-breda.nl,1,punycode_like,0.9956879385354117,1
http://www.originproducts.xyz,1,punycode_like,0.9772269415799485,1
http://www.talkischeap.co.za,1,punycode_like,0.9982560566453115,1
http://www.universalbumpkeys.com,1,punycode_like,0.9782169274799981,1
http://www.picnicapp.co.uk,1,punycode_like,0.9797269125681977,1
http://www.performanceacademia.com.br,1,punycode_like,0.9954547586194848,1
http://www.cq.tqomz.com,1,punycode_like,0.9936930627196501,1
http://www.flightzy.bid,1,punycode_like,0.9807555789306146,1
https://xn--docs.google.com/forms/d/e/1faipqlseht4cdltkad8967jjarcb5nafonbaw3dtpynth9mdk94hf-q/viewform?usp=send_form,1,punycode_like,0.4660698812638288,1
https://xn--autofieldindia.com/ob,1,punycode_like,0.7966152509050781,1
http://seguroltau.atsnx.com/,1,punycode_like,0.9806518616573857,1
http://www.server1fermo.exodus.connexxa.it,1,punycode_like,0.9958360480818322,1
https://xn--www.netflix-vn.com,1,punycode_like,0.7004037248066568,1
http://www.repo.do-cu.site,1,punycode_like,0.9805354827474637,1
http://www.live-com.gq,1,punycode_like,0.9918691455446401,1
http://www.jrat.io,1,punycode_like,0.9987397586877005,1
http://www.iredl.ml,1,punycode_like,0.9945067622587196,1
https://xn--review-docu.myportfolio.com/,1,punycode_like,0.6324494826333955,1
http://www.k8381.com,1,punycode_like,0.9945109738370281,1
http://www.chromeperfection.com,1,punycode_like,0.9781659405116592,1
http://www.111xxxxx.com,1,punycode_like,0.9898440939267644,1
http://att-101435-107378.square.site/,1,punycode_like,0.9981390927861767,1
http://www.hbaa.law,1,punycode_like,0.9980706907967771,1
http://www.entourageaid.com,1,punycode_like,0.9991613291228656,1
http://www.serveranywhere.cf,1,punycode_like,0.9701194746006976,1
http://www.salesforcesupports.com,1,punycode_like,0.9783834321018661,1
http://ethereum-che.com,1,punycode_like,0.9958532103306151,1
http://www.trkps.com,1,punycode_like,0.9793631823162245,1
http://www.dynamic-dns.net,1,punycode_like,0.9823546327796058,1
http://www.mbmb99.com,1,punycode_like,0.998977948139171,1
http://www.michkatravel.com,1,punycode_like,0.9782879704765799,1
http://www.2ww.me,1,punycode_like,0.9934201491874447,1
http://www.krawangan.com,1,punycode_like,0.979782338335653,1
http://www.meteoprog.ns01.us,1,punycode_like,0.9672668703797562,1
http://www.amazcaom-co-jp.amaozeon.chalvshe.top/,1,punycode_like,0.9933892866185967,1
http://www.adiscusion.com,1,punycode_like,0.9980452760069053,1
http://www.panorama-otel.ru,1,punycode_like,0.98858088230596,1
http://www.wildcard.repeta.com.au,1,punycode_like,0.9947505501220062,1
https://xn--attcom-109199.square.site/,1,punycode_like,0.8480134439440562,1
http://www.lbertussbau.com,1,punycode_like,0.9782590131669858,1
http://www.kakao.net-all.website,1,punycode_like,0.9985043787242514,1
http://www.axletime.com,1,punycode_like,0.9981502147427699,1
http://www.shpk-sanair.gq,1,punycode_like,0.9886198078533057,1
https://xn--susangerd.ir/refcheck/old.html,1,punycode_like,0.7993994214666831,1
https://xn--zenobrands33.wixsite.com/my-site,1,punycode_like,0.7830606874116052,1
http://www.greenphoenix.xyz,1,punycode_like,0.9701032474774358,1
http://www.tallyandfin.com,1,punycode_like,0.9783439021347231,1
http://www.sena-peygri.cf,1,punycode_like,0.98858088230596,1
http://confirmarcreditoltau.atsnx.com/?i=1,1,punycode_like,0.9885639221973259,1
http://work4home.co.za/admin/1cb-47c22-b778a6b-70e64d1225c1fef51/enforcer/login.php,1,punycode_like,0.9577618368711697,1
https://xn--tcommanderdcd7.myportfolio.com/,1,punycode_like,0.7740125638110997,1
http://www.211205.top,1,punycode_like,0.9955750397216871,1
http://www.khmerosja.net,1,punycode_like,0.979782338335653,1
http://www.6.duogz.com,1,punycode_like,0.9970645971363069,1
https://xn--sites.google.com/view/necrologieinfosfroravocal/accueil,1,punycode_like,0.4318089581748873,0
https://xn--adttnetagadfar.square.site/,1,punycode_like,0.6769407551518564,1
http://www.waterhousecleaning.co.uk,1,punycode_like,0.999046045275503,1
http://www.rysstadsylv.no,1,punycode_like,0.9791983190280946,1
http://www.dreamportalz.us,1,punycode_like,0.9863748187782949,1
http://www.888andro.net,1,punycode_like,0.9978431991798153,1
http://verifysup02218115112022.rf.gd/,1,punycode_like,0.9882459999135709,1
https://xn--amoen.ye958.com/jp,1,punycode_like,0.6313598732193497,1
http://www.pbhack.ru,1,punycode_like,0.9895104588839814,1
http://www.office-fonts.herokuapp.com,1,punycode_like,0.9910257034257859,1
http://www.healthymachinery.com,1,punycode_like,0.9783383899338502,1
http://www.stackspay.com,1,punycode_like,0.980761653309855,1
https://xn--docs.google.com/presentation/d/e/2pacx-1vtnqm2u8shvhqgtyog36zyxjjwmeiqc2y9yxurmf80c9kijvzeycqsuqexdzvh8rk1b5b1flubend6l/pub?start=false&loop=false&delayms=3000&slide=id.p,1,punycode_like,0.5579094244698828,1
http://www.amazceom-co-jp.amaczeon.chatdouyin.top/,1,punycode_like,0.9960831505786979,1
http://www.precisionmechanical.org,1,punycode_like,0.9981484810524364,1
http://www.fotos.lc,1,punycode_like,0.9977724455498382,1
http://www.dadsgetinthegame.com,1,punycode_like,0.9781659405116592,1
http://www.3je.sdybv.com,1,punycode_like,0.9992727277263578,1
http://www.ausameetings.com,1,punycode_like,0.9981865582176125,1
http://www.js.csad.cc,1,punycode_like,0.9993411793584496,1
http://www.lottoplays.com,1,punycode_like,0.9782841346255726,1
http://www.doable.nl,1,punycode_like,0.9952497195307959,1
http://www.indeksonline.org,1,punycode_like,0.9982190678804301,1
http://www.naverserviceteam.com,1,punycode_like,0.998106158337529,1
http://sweetceidrogerbhimlea.tk/,1,punycode_like,0.9960316591610825,1
http://www.webpartner.fr,1,punycode_like,0.9798519570330935,1
http://www.eggsupgrillfranchise.com,1,punycode_like,0.9660035578183516,1
http://lavozdeloscentauros.com/,1,punycode_like,0.9960531892708545,1
http://www.sgnaturn.com,1,punycode_like,0.980703500588597,1
http://walletconnectlive.blogspot.com,1,punycode_like,0.889108866613272,1
https://xn--link.tkilef.top,1,punycode_like,0.3269446012711289,0
http://www.sartco-ir.com,1,punycode_like,0.9813821898703882,1
http://www.pox23.io,1,punycode_like,0.9978184149503584,1
http://www.sbdgb.com,1,punycode_like,0.9793631823162245,1
http://www.senseye.ikwb.com,1,punycode_like,0.9917269151047059,1
https://xn--www.momeyklte.cattaca.com/sonn/client/index_sp.html,1,punycode_like,0.7693200328530146,1
http://doc-metamask.rf.gd,1,punycode_like,0.9852875925825986,1
http://www.timoleary.co.uk,1,punycode_like,0.9981437966522163,1
http://www.afiliadosilva.com,1,punycode_like,0.9983163819381679,1
http://www.eblagh-r.ml,1,punycode_like,0.9918691455446401,1
https://xn--att-102722-106593servcerbusiness.square.site/,1,punycode_like,0.9765399857731314,1
http://www.handyman.macleannsw.com,1,punycode_like,0.988109046017906,1
http://turnaroundsupport.co.za/kundenkonto/indexx.html,1,punycode_like,0.9716040717162133,1
http://www.datenbank.mobi,1,punycode_like,0.9782145159281322,1
https://xn--attloginpage-mailerlink.square.site/,1,punycode_like,0.8891726732014996,1
http://www.tzuzsyfd.net,1,punycode_like,0.9807555789306146,1
https://xn--att-mail-104057.square.site/,1,punycode_like,0.9099771221755424,1
http://www.daxberger.at,1,punycode_like,0.9797661683840089,1
https://xn--fladestateins.com/08131e57-e230-465b-bb5e-840b8af30ec4,1,punycode_like,0.9495358508600737,1
https://xn--pold.builderallwppro.com/wp-content/plugins/r/tracking/fv5ejh/details.php,1,punycode_like,0.8907735308559775,1
http://www.delphi3135.gorodok.net,1,punycode_like,0.9949744481338147,1
http://www.greencoco.id,1,punycode_like,0.9981859684201231,1
http://www.eblagh-hj.ml,1,punycode_like,0.9907909917396301,1
http://www.115.at,1,punycode_like,0.9987639256644589,1
https://xn--allegroiokalnie7info.67564534.xyz/bdxl74cx?from_sms=1,1,punycode_like,0.9844423850177992,1
http://www.app.in-spicy.com,1,punycode_like,0.9753732493191445,1
http://www.rakcten-carb.ofhzuue.cn/,1,punycode_like,0.9837247274538002,1
https://xn--www.cosmoswater.in/otp.php,1,punycode_like,0.5515186864991387,1
http://yeqk42t.square.site/,1,punycode_like,0.9978480046791012,1
https://xn--my-business-103077.square.site/,1,punycode_like,0.9212620040688749,1
http://www.frissoncourier.com/wp-content/plugins/wpcargo/assets/images/,1,punycode_like,0.9765502626745338,1
https://xn--docs.google.com/forms/d/e/1faipqlsfjsgjhbjke-mlmni8cfg1tacz-hdpvmy5j2br9upjr1f7nda/viewform?usp=send_form,1,punycode_like,0.5446001175990058,1
https://xn--instagrame.net/,1,punycode_like,0.8421109974065049,1
http://www.hxc28.com,1,punycode_like,0.9987818005006626,1
http://www.leapmom.com,1,punycode_like,0.9981766598034805,1
https://xn--sites.google.com/view/ptss18/?dn,1,punycode_like,0.37011084433419994,0
http://www.emrahkeskin.com,1,punycode_like,0.9782590131669858,1
http://www.hotelfocus.nl,1,punycode_like,0.9797940713946393,1
http://www.crophysi.ru,1,punycode_like,0.9930120316144887,1
http://www.aadl-iran.ml,1,punycode_like,0.9918459358004222,1
http://www.zestevents.co,1,punycode_like,0.9798519570330935,1
http://www.wj.tqomz.com,1,punycode_like,0.9936930627196501,1
http://www.javaterm.com,1,punycode_like,0.979777901442995,1
http://www.iamme-label.com,1,punycode_like,0.9802812414657925,1
http://www.westthamesphysio.com,1,punycode_like,0.9783383899338502,1
http://www.211120bei.top,1,punycode_like,0.9892297704186188,1
http://www.bshades.eu,1,punycode_like,0.9786457689786154,1
https://xn--banbobiinacionall.herokuapp.com/,1,punycode_like,0.707965948277337,1
https://xn--s3.ap-southeast-1.wasabisys.com/policies/appsuite/tlyappioox/mailfolderdefault0/inbox.html#redacted@abuse.ionos.com,1,punycode_like,0.9743700138072773,1
http://www.rspvm.servergame.com,1,punycode_like,0.9948181859374046,1
http://akewuqekas.sembarriga.com.br/vnafvra97w/?q=3717065149&id=100,1,punycode_like,0.9993296442114469,1
http://www.creativecombat.com/wp-admin/network/acct/login.php?rand=13inboxlightaspxn.1774256418&fid.4.1252899642&fid=1&fav.1&rand.13inboxlight.aspxn.1774256418&fid.1252899642&fid.1&fav.1&email=&.rand=13inboxlight.aspx?n=1774256418&fid=4#n=1252899642&fid=1&fav=1,1,punycode_like,0.9839621118416841,1
http://www.xnxx.c1.biz,1,punycode_like,0.9361230777065996,1
http://www.jfgsifrptbirusgs.net,1,punycode_like,0.9789008106652937,1
http://www.tanilcosmetics.com,1,punycode_like,0.9781819928671084,1
https://xn--trophterra.tk/164bd,1,punycode_like,0.9710868960075099,1
http:%2f/www.shprakserf.gq,1,percent_encoding,0.9874635365099016,1
http:%2f/www.iuhjn.pplink.club,1,percent_encoding,0.959529990536924,1
https:%2f/sabadonoappmagazine.com/,1,percent_encoding,0.968951335639059,1
http:%2f/www.nextraload.com,1,percent_encoding,0.963511800505452,1
http:%2f/tkmowpikuk.owl4fsrch.club/vnafvra97w/?q=3717065149&id=100,1,percent_encoding,0.9839362442486864,1
https:%2f/btopenworldwebmailing.square.site/,1,percent_encoding,0.9743998354024616,1
http:%2f/www.fgurb.cannca.shop,1,percent_encoding,0.959529990536924,1
https:%2f/www.ethmining.info/#/,1,percent_encoding,0.9632092324254684,1
http:%2f/ianacurtis.rmxcontabilidade.com.br,1,percent_encoding,0.9749104876659821,1
http:%2f/www.pony4.microsoftups.com,1,percent_encoding,0.9730613009305321,1
http:%2f/www.play.stream.vidzi.tv,1,percent_encoding,0.9722403065021142,1
http:%2f/www.beemail.online,1,percent_encoding,0.963511800505452,1
http:%2f/www.915783.com,1,percent_encoding,0.9896168315160356,1
https:%2f/attcom-102201.square.site/,1,percent_encoding,0.9702927976162371,1
https:%2f/upyq8ess.dreamwp.com/dkskat/,1,percent_encoding,0.9676187278325313,1
https:%2f/www.faewood.com,1,percent_encoding,0.9824676099132358,1
https:%2f/ennsttsqau.square.site/,1,percent_encoding,0.9681773874491506,1
https:%2f/docs.google.com/forms/d/1casphevkfdaz2okqj70wdai3pdwwg1weh_rpk9v0z3a/viewform,1,percent_encoding,0.9819508360115063,1
http:%2f/www.frissoncourier.com,1,percent_encoding,0.9721508510794896,1
http:%2f/www.clinicafresa20.com,1,percent_encoding,0.9726870577627166,1
http:%2f/chieuphan-bdshotram.com/webs/,1,percent_encoding,0.9737378341754075,1
https:%2f/www.ekie-nat.ekaste.bhwkke.top/load.php,1,percent_encoding,0.975666062070737,1
http:%2f/www.keliweb.it,1,percent_encoding,0.9803842733906046,1
http:%2f/www.baagii.sportsnewsa.net,1,percent_encoding,0.9737378341754075,1
https:%2f/s3.ap-southeast-1.wasabisys.com/mailbusiness/appsuite/tlyappioox/mailfolderdefault9/inbox.html#redacted@abuse.ionos.com,1,percent_encoding,0.9991906408046433,1
https:%2f/lowes-solicitors.co.uk/ch/panel/,1,percent_encoding,0.973229233207505,1
http:%2f/www.clientcentre.net,1,percent_encoding,0.9724094835966086,1
https:%2f/euygy.square.site/,1,percent_encoding,0.9538726426601931,1
http:%2f/www.automan-1301476296.cos.eu-moscow.myqcloud.com,1,percent_encoding,0.9816230572402445,1
http:%2f/www.aleksandartaskov.com,1,percent_encoding,0.9729671612283886,1
http:%2f/www.whoer.net,1,percent_encoding,0.9810010423528679,1
https:%2f/terapiaespecializada.es/mtb/app/verify.php,1,percent_encoding,0.6328209120047977,1
http:%2f/www.nogiledeneli.ru,1,percent_encoding,0.9624511354480842,1
http:%2f/www.reco.ws,1,percent_encoding,0.9823748581758137,1
http:%2f/www.polevoyton.store,1,percent_encoding,0.9724094835966086,1
https:%2f/antai-gouv.net/,1,percent_encoding,0.9775952417169969,1
https:%2f/shrtco.de/1d9yeo,1,percent_encoding,0.9806274259123928,1
http:%2f/fti.unmerpas.ac.id/wp-admin/user/webgenkic/investopia/index.php?email=get@get.get,1,percent_encoding,0.9991906408046433,1
https:%2f/ejjud0.wixsite.com/attt,1,percent_encoding,0.9821150227778425,1
http:%2f/www.campbellz.cf,1,percent_encoding,0.9874655878055195,1
http:%2f/www.lwac.com,1,percent_encoding,0.9799058602830314,1
http:%2f/centrica.comrqzrofxnhwwgrqzrofrofxnhwagx2nfse2nfagx2nfsesewxnhwagxwgrqzg.mustaccio.com/0.php#ywnjb3vudhnay2vudhjpy2euy29t,1,percent_encoding,0.9831751356117783,1
https:%2f/00-coveriy-tm.quest/,1,percent_encoding,0.9741792823502493,1
https:%2f/attcom-101978.square.site/,1,percent_encoding,0.9702927976162371,1
https:%2f/docs.google.com/forms/d/e/1faipqlscckv1-rxhipcmrhnwfvq2lhuxx18nzcm1e7e0oz8ienixtgw/viewform,1,percent_encoding,0.9823647131707345,1
http:%2f/www.oosp.pplink.club,1,percent_encoding,0.959529990536924,1
https:%2f/www-info-cr-mufg.huiwenfeng.com/jp.php,1,percent_encoding,0.978025574442605,1
http:%2f/www.karizcustomizeme.com,1,percent_encoding,0.9729671612283886,1
http:%2f/dj-wedding.tk/besst/,1,percent_encoding,0.9654090050043435,1
https:%2f/www.google.com/url?q=https://ipfs.io/ipfs/qmpovsvevlyhp2gj6vfhkqvhaydz1o7y2xn3xt87kkghtv%23%5bemail%5d&amp;source=gmail&amp;ust=1663915474090000&amp;usg=aovvaw1usggtmp1ivavtzsxcz8g1,1,percent_encoding,0.9517444278101627,1
http:%2f/www.iiorinmf.pplink.club,1,percent_encoding,0.9722382552064962,1
https:%2f/dmbelectricinc.com/,1,percent_encoding,0.9683486158392632,1
http:%2f/www.intelsupportcenter.com,1,percent_encoding,0.9745117823653157,1
http:%2f/4710463d43910.bonactech.com/#zfhobgnrqmtimjfoyvc0dwrhegs,1,percent_encoding,0.9847194379332802,1
http:%2f/www.www--wellsfargo--com--t249329d48d6c.wsipv6.com,1,percent_encoding,0.970359603528515,1
https:%2f/www.id292468292.ru,1,percent_encoding,0.9819899061576732,1
https:%2f/www.danieltolson.com/home.php,1,percent_encoding,0.969676966418062,1
http:%2f/www.icloud-id-services.com,1,percent_encoding,0.9737398854710255,1
http:%2f/www.tripadvisorsapp.com,1,percent_encoding,0.973138389618501,1
http:%2f/my-business-106173-106262.square.site/,1,percent_encoding,0.9742000257409285,1
http:%2f/cek58793690694674609.rf.gd/,1,percent_encoding,0.9833464455931544,1
https:%2f/meinedkb.me/,1,percent_encoding,0.9758449925256858,1
http:%2f/www.pmbfytlkm.ml,1,percent_encoding,0.9874655878055195,1
https:%2f/www.solutionfun.info,1,percent_encoding,0.9680899833221442,1
https:%2f/fladestateins.com/4ecc9875-1bec-4eb4-b4b8-859e345aa26a,1,percent_encoding,0.9846944732378844,1
https:%2f/www.ioginunlcovlabcp.com/,1,percent_encoding,0.969676966418062,1
https:%2f/opmklw.com/,1,percent_encoding,0.9765000596471604,1
https:%2f/pyyplapp.com/,1,percent_encoding,0.9763234056332593,1
http:%2f/hkmulane.cn/bnl51,1,percent_encoding,0.9750472506690672,1
http:%2f/www.winconnectors.com,1,percent_encoding,0.9721508510794896,1
http:%2f/www.wikaba.com,1,percent_encoding,0.9803842733906046,1
http:%2f/yzxlsc.com/wordpress/wp-includes/fonts/aupost/track/index2.php,1,percent_encoding,0.9817432921952269,1
http:%2f/www.shbc.pplink.club,1,percent_encoding,0.959529990536924,1
http:%2f/www.towncenterhotel.com,1,percent_encoding,0.973138389618501,1
http:%2f/www.mail-nepalarmymil-np.gq,1,percent_encoding,0.9737378341754075,1
http:%2f/www.dyskurs.com.ua,1,percent_encoding,0.9594345181199652,1
https:%2f/alertascliente.webcindario.com/,1,percent_encoding,0.9704509146079703,1
http:%2f/www.1shop.de,1,percent_encoding,0.977010574666469,1
https:%2f/att-102707.square.site/,1,percent_encoding,0.9810929170170407,1
https:%2f/auth-dkb-online.de/,1,percent_encoding,0.9603786764146592,1
http:%2f/www.cachecontent.com,1,percent_encoding,0.9724094835966086,1
http:%2f/www.0catch.com,1,percent_encoding,0.9819844237840278,1
http:%2f/lukers.com.sg/chronopostalertee/chronopostalertee,1,percent_encoding,0.982679508933967,1
http:%2f/www.unblockproxy.us,1,percent_encoding,0.9624511354480842,1
https:%2f/crosschainbridge-eth.com/?gclid=cjwkcaia5siebhbneiwar9oh2vy9yq0vuiatdgyarsqdbwlwezejyz3u2ljjjphfzmf2sgpv9hopiboco-wqavd_bwe,1,percent_encoding,0.9831751356117783,1
http:%2f/www.allsecurehosting.com,1,percent_encoding,0.4989112452339449,1
http:%2f/www.wearebred.net,1,percent_encoding,0.9874635365099016,1
https:%2f/cmac-cajatacna.com/1675952392/cliente/login,1,percent_encoding,0.8485173126257836,1
https:%2f/sampierry11.wixsite.com/my-site-1,1,percent_encoding,0.9665989148368613,1
http:%2f/www.oolkjd.pplink.club,1,percent_encoding,0.9724094835966086,1
http:%2f/maharashtra-enterprises.com/feedback/portal.php,1,percent_encoding,0.9818981484619428,1
http:%2f/www.antongas-fx.ru,1,percent_encoding,0.9594345181199652,1
http:%2f/www.tg0913.com,1,percent_encoding,0.9758118046082753,1
https:%2f/powerlineindustriesinc.myportfolio.com/,1,percent_encoding,0.981997628280334,1
https:%2f/ayt-103563-100603.square.site/,1,percent_encoding,0.9766660791642907,1
http:%2f/www.proxify.com,1,percent_encoding,0.9865284776705814,1
http:%2f/www.marketexon.com,1,percent_encoding,0.963511800505452,1
https:%2f/docs.google.com/forms/d/e/1faipqlsdnega_6c_pz9_q9ep9epm4iwqfsrxqsnaz-j9dyldimaoocg/viewform?usp=send_form,1,percent_encoding,0.982162485105014,1
http:%2f/www.sishendm.com,1,percent_encoding,0.9874655878055195,1
http:%2f/att-108784.square.site/,1,percent_encoding,0.9767699852291779,1
https:%2f/informasjon379820922.blogspot.com/?trkid=pn8322826547413800&sub1=tb4j9lf,1,percent_encoding,0.9854681084768318,1
http:%2f/down.shopeevip11.com/,1,percent_encoding,0.9620179589679564,1
http:%2f/www.omwowxisr.ga,1,percent_encoding,0.9874655878055195,1
https:%2f/amazon-hgfhtt.zyns.com/mobile/signim.php,1,percent_encoding,0.9794196187735806,1
http:%2f/www.beatleslover.com,1,percent_encoding,0.9724094835966086,1
https:%2f/docs.google.com/forms/d/e/1faipqlsfp1eukgsktriyraz2csynqwfwtv6ehlnbszu69dbxz9lirtq/viewform,1,percent_encoding,0.9825129618715296,1
https:%2f/acompanhando-meusgastos-online.com/luiza/home.php?userid=&uri=jkluamrfhfwos4cafnmeh7pa1pzx12wuktqwv4swvyw=,1,percent_encoding,0.9823404728545564,1
http:%2f/www.spoke.ga,1,percent_encoding,0.9799058602830314,1
https:%2f/att-100984.square.site/,1,percent_encoding,0.9810929170170407,1
http:%2f/www.14gjm.xyz,1,percent_encoding,0.9621072069557034,1
https:%2f/my-business-107865-109573.square.site/,1,percent_encoding,0.9742000257409285,1
http:%2f/www.supportxmr.com,1,percent_encoding,0.963511800505452,1
http:%2f/sheinaapp.com,1,percent_encoding,0.9849018984211501,1
http:%2f/www.netshieldkit.com,1,percent_encoding,0.9724094835966086,1
https:%2f/zurbrioerf.com,1,percent_encoding,0.9831440362354369,1
http:%2f/www.hotfixmsupload.com,1,percent_encoding,0.9721508510794896,1
https:%2f/login-screen-107860.square.site/,1,percent_encoding,0.7298225510928606,1
https:%2f/djc74bcd9b51a2-1ebf-4df7-bc61-d371fe9eccf.myportfolio.com/,1,percent_encoding,0.9845414501837378,1
https:%2f/yahooconfiguration0.wixsite.com/html,1,percent_encoding,0.9728132224146433,1
https:%2f/docs.google.com/forms/d/e/1faipqlsc-nv7qlz6jg_y9ze5k9ds_kzo8hyelurb5j5veve1q4jkiwq/viewform?usp=send_form,1,percent_encoding,0.9823267982047396,1
https:%2f/sht.moe/zmrww,1,percent_encoding,0.9763234056332593,1
https:%2f/www.omahanewsbulletin.com,1,percent_encoding,0.9704509146079703,1
https:%2f/bjbbw6.wixsite.com/my-site-2,1,percent_encoding,0.9616606990991251,1
https:%2f/tcpw7mwm.dreamwp.com/auth,1,percent_encoding,0.9690004331731867,1
http:%2f/www.greeaircondition.com,1,percent_encoding,0.9729671612283886,1
https:%2f/dn75852739.wixsite.com/my-site,1,percent_encoding,0.9741424870428125,1
http:%2f/43.153.207.103/v3/signin/identifier?dsh=s-16339560%3a1679418180081355&amp%3bfollowup=https%3a%2f%2faccounts.google.com%2f%3f&amp%3bifkv=awnoghedjeezlxxcukyobikksrlskkbb8naftymojf2pwikab-md99nj9vzjmeshc1trpqxmz-t9&amp%3bpassive=1209600&amp%3bxrealip=107.178.200.216&continue=https%3a%2f%2faccounts.google.com%2f%3f&xrealip=107.21.207.171&flowname=weblitesignin&flowentry=servicelogin&ifkv=awnoghdkbq5_bcbcs7t_jbbb9kh3txpcqomjbjvtodoolkfraglnqnbwsicqnuymo66jb13fvsxv,1,percent_encoding,0.9374258861834797,1
http:%2f/www.uzdarakchi.com,1,percent_encoding,0.963511800505452,1
https:%2f/mail-105744.square.site/,1,percent_encoding,0.9788897621903473,1
https:%2f/www.ekni-nct.ekint.lulhbc.top/load.php,1,percent_encoding,0.978025574442605,1
https:%2f/drive.google.com/file/d/1ginbnlpvt7kpfnog9a68fqmn7k3aivui,1,percent_encoding,0.9814401837479858,1
http:%2f/www.omwowxisu.gq,1,percent_encoding,0.9874655878055195,1
http:%2f/www.asymmetricfile.blogspot.com,1,percent_encoding,0.9745117823653157,1
http:%2f/www.inboundmag.com,1,percent_encoding,0.963511800505452,1
http:%2f/www.pdnw.nowurl.fun,1,percent_encoding,0.9579335104175387,1
https:%2f/e.vg/24bper,1,percent_encoding,0.9658215541772167,1
https:%2f/novo-sicredi-black.com/?page=home&amp;a=208a545d9c9920e5b82164095ef319bad2175dc5secure2158133160d9d280afd9baa68ac7d4411e4dfa5aaccess&amp;b=c307f85ef63c038db5451a1042f6f71035959e14secureb88a92fff52f9bef397d01a21ebe53836dcf62fbaccess&amp;c=4b5a9afcee2770f60fda9be064592b20a861a360secure9c2abcaa953117131aa7425287bb7855c77d94e9access,1,percent_encoding,0.9374258861834797,1
http:%2f/smartdappsauthonline.com,1,percent_encoding,0.9880629922366326,1
http:%2f/www.helpdesk.autodefragapp.com,1,percent_encoding,0.9744667401972998,1
http:%2f/www.revoadademalandro.top,1,percent_encoding,0.9876263719699715,1
http:%2f/www.hiphopeconomicdevelopment.com,1,percent_encoding,0.9525507613422439,1
https:%2f/ount.thejewtangclan.com/jp.php,1,percent_encoding,0.969676966418062,1
https:%2f/faturarennersolucoesweb.com/login/seguranca.php,1,percent_encoding,0.7242213952944488,1
http:%2f/www.nvdh.nowurl.fun,1,percent_encoding,0.9579335104175387,1
http:%2f/www.mailservices.pythonanywhere.com,1,percent_encoding,0.9749104876659821,1
https:%2f/docs.google.com/presentation/d/e/2pacx-1vqp1bs7pp2guhiddnanci5t_elobevup6mr14v_llaxfa_35lnj_gd57iuzq91rm4xioxgt3rstsqqu/pub?start=false&loop=false&delayms=3000&slide=id.p,1,percent_encoding,0.9823647131707345,1
https:%2f/arnaz0n.tgfdw.top/ap/signin,1,percent_encoding,0.5937656644826227,1
http:%2f/www.xsites-dev.xyz,1,percent_encoding,0.9594345181199652,1
http:%2f/www.cryptobara.com,1,percent_encoding,0.963511800505452,1
http:%2f/www.ancient-parrot-9.loca.lt,1,percent_encoding,0.9671619705593312,1
http:%2f/www.wangluojiumingjingli.org,1,percent_encoding,0.9749104876659821,1
http:%2f/www.randkey-1301476296.cos.ap-mumbai.myqcloud.com,1,percent_encoding,0.9816230572402445,1
http:%2f/uniswaplendwap.top,1,percent_encoding,0.9742440968438848,1
https:%2f/late-dingos-suffer-209-127-18-151.loca.lt/,1,percent_encoding,0.9431192114420371,1
http:%2f/www.ratlittonrigh.com,1,percent_encoding,0.9721508510794896,1
http:%2f/www.adrd.xiaxiab.com,1,percent_encoding,0.959529990536924,1
http:%2f/www.sanaradyab.ir,1,percent_encoding,0.9874635365099016,1
http:%2f/www.phlhjk.cannca.shop,1,percent_encoding,0.9724094835966086,1
https:%2f/lizc2f3.myportfolio.com/,1,percent_encoding,0.9786477019647238,1
https:%2f/christensengroupinsurance.myportfolio.com/,1,percent_encoding,0.981997628280334,1
http:%2f/www.bruidsfotografie-breda.nl,1,percent_encoding,0.9741923884794703,1
http:%2f/www.originproducts.xyz,1,percent_encoding,0.9721508510794896,1
http:%2f/www.talkischeap.co.za,1,percent_encoding,0.959529990536924,1
http:%2f/www.universalbumpkeys.com,1,percent_encoding,0.9876263719699715,1
http:%2f/www.picnicapp.co.uk,1,percent_encoding,0.9579335104175387,1
http:%2f/www.performanceacademia.com.br,1,percent_encoding,0.9744667401972998,1
http:%2f/www.cq.tqomz.com,1,percent_encoding,0.9835626804416192,1
http:%2f/www.flightzy.bid,1,percent_encoding,0.9874655878055195,1
https:%2f/docs.google.com/forms/d/e/1faipqlseht4cdltkad8967jjarcb5nafonbaw3dtpynth9mdk94hf-q/viewform?usp=send_form,1,percent_encoding,0.9823647131707345,1
https:%2f/autofieldindia.com/ob,1,percent_encoding,0.9680899833221442,1
http:%2f/seguroltau.atsnx.com/,1,percent_encoding,0.959529990536924,1
http:%2f/www.server1fermo.exodus.connexxa.it,1,percent_encoding,0.9725678605256574,1
https:%2f/www.netflix-vn.com,1,percent_encoding,0.9538726426601931,1
http:%2f/www.repo.do-cu.site,1,percent_encoding,0.9682395610151525,1
http:%2f/www.live-com.gq,1,percent_encoding,0.98347004024565,1
http:%2f/www.jrat.io,1,percent_encoding,0.9823748581758137,1
http:%2f/www.iredl.ml,1,percent_encoding,0.9799058602830314,1
https:%2f/review-docu.myportfolio.com/,1,percent_encoding,0.969676966418062,1
http:%2f/www.k8381.com,1,percent_encoding,0.9779809284307038,1
http:%2f/www.chromeperfection.com,1,percent_encoding,0.9729671612283886,1
http:%2f/www.111xxxxx.com,1,percent_encoding,0.9621008509668421,1
http:%2f/att-101435-107378.square.site/,1,percent_encoding,0.9766660791642907,1
http:%2f/www.hbaa.law,1,percent_encoding,0.9799058602830314,1
http:%2f/www.entourageaid.com,1,percent_encoding,0.9724094835966086,1
http:%2f/www.serveranywhere.cf,1,percent_encoding,0.9721508510794896,1
http:%2f/www.salesforcesupports.com,1,percent_encoding,0.9745117823653157,1
http:%2f/ethereum-che.com,1,percent_encoding,0.9874655878055195,1
http:%2f/www.trkps.com,1,percent_encoding,0.9810010423528679,1
http:%2f/www.dynamic-dns.net,1,percent_encoding,0.9579335104175387,1
http:%2f/www.mbmb99.com,1,percent_encoding,0.9712383760757666,1
http:%2f/www.michkatravel.com,1,percent_encoding,0.9724094835966086,1
http:%2f/www.2ww.me,1,percent_encoding,0.9864501799761962,1
http:%2f/www.krawangan.com,1,percent_encoding,0.9874635365099016,1
http:%2f/www.meteoprog.ns01.us,1,percent_encoding,0.9620179589679564,1
http:%2f/www.amazcaom-co-jp.amaozeon.chalvshe.top/,1,percent_encoding,0.9799323223327194,1
http:%2f/www.adiscusion.com,1,percent_encoding,0.963511800505452,1
http:%2f/www.panorama-otel.ru,1,percent_encoding,0.959529990536924,1
http:%2f/www.wildcard.repeta.com.au,1,percent_encoding,0.9737398854710255,1
https:%2f/attcom-109199.square.site/,1,percent_encoding,0.9702927976162371,1
http:%2f/www.lbertussbau.com,1,percent_encoding,0.9624511354480842,1
http:%2f/www.kakao.net-all.website,1,percent_encoding,0.9868544750756814,1
http:%2f/www.axletime.com,1,percent_encoding,0.9874655878055195,1
http:%2f/www.shpk-sanair.gq,1,percent_encoding,0.9594345181199652,1
https:%2f/susangerd.ir/refcheck/old.html,1,percent_encoding,0.969676966418062,1
https:%2f/zenobrands33.wixsite.com/my-site,1,percent_encoding,0.9709848592910694,1
http:%2f/www.greenphoenix.xyz,1,percent_encoding,0.9724094835966086,1
http:%2f/www.tallyandfin.com,1,percent_encoding,0.9624511354480842,1
http:%2f/www.sena-peygri.cf,1,percent_encoding,0.9594345181199652,1
http:%2f/confirmarcreditoltau.atsnx.com/?i=1,1,percent_encoding,0.9721133062215943,1
http:%2f/work4home.co.za/admin/1cb-47c22-b778a6b-70e64d1225c1fef51/enforcer/login.php,1,percent_encoding,0.8866312724727539,1
https:%2f/tcommanderdcd7.myportfolio.com/,1,percent_encoding,0.968826386654157,1
http:%2f/www.211205.top,1,percent_encoding,0.9896168315160356,1
http:%2f/www.khmerosja.net,1,percent_encoding,0.9874635365099016,1
http:%2f/www.6.duogz.com,1,percent_encoding,0.9837629678331135,1
https:%2f/sites.google.com/view/necrologieinfosfroravocal/accueil,1,percent_encoding,0.9821688566704465,1
https:%2f/adttnetagadfar.square.site/,1,percent_encoding,0.9694183339009429,1
http:%2f/www.waterhousecleaning.co.uk,1,percent_encoding,0.9734792016582885,1
http:%2f/www.rysstadsylv.no,1,percent_encoding,0.963511800505452,1
http:%2f/www.dreamportalz.us,1,percent_encoding,0.9624511354480842,1
http:%2f/www.888andro.net,1,percent_encoding,0.9621008509668421,1
http:%2f/verifysup02218115112022.rf.gd/,1,percent_encoding,0.8071077577145355,1
https:%2f/amoen.ye958.com/jp,1,percent_encoding,0.957060499242767,1
http:%2f/www.pbhack.ru,1,percent_encoding,0.9810010423528679,1
http:%2f/www.office-fonts.herokuapp.com,1,percent_encoding,0.9737378341754075,1
http:%2f/www.healthymachinery.com,1,percent_encoding,0.9729671612283886,1
http:%2f/www.stackspay.com,1,percent_encoding,0.9874635365099016,1
https:%2f/docs.google.com/presentation/d/e/2pacx-1vtnqm2u8shvhqgtyog36zyxjjwmeiqc2y9yxurmf80c9kijvzeycqsuqexdzvh8rk1b5b1flubend6l/pub?start=false&loop=false&delayms=3000&slide=id.p,1,percent_encoding,0.9823647131707345,1
http:%2f/www.amazceom-co-jp.amaczeon.chatdouyin.top/,1,percent_encoding,0.9799302710371013,1
http:%2f/www.precisionmechanical.org,1,percent_encoding,0.9749104876659821,1
http:%2f/www.fotos.lc,1,percent_encoding,0.9799058602830314,1
http:%2f/www.dadsgetinthegame.com,1,percent_encoding,0.9729671612283886,1
http:%2f/www.3je.sdybv.com,1,percent_encoding,0.9838556080290827,1
http:%2f/www.ausameetings.com,1,percent_encoding,0.9724094835966086,1
http:%2f/www.js.csad.cc,1,percent_encoding,0.9897688233240591,1
http:%2f/www.lottoplays.com,1,percent_encoding,0.963511800505452,1
http:%2f/www.doable.nl,1,percent_encoding,0.9810010423528679,1
http:%2f/www.indeksonline.org,1,percent_encoding,0.9724094835966086,1
http:%2f/www.naverserviceteam.com,1,percent_encoding,0.9729671612283886,1
http:%2f/sweetceidrogerbhimlea.tk/,1,percent_encoding,0.9876263719699715,1
http:%2f/www.webpartner.fr,1,percent_encoding,0.9874635365099016,1
http:%2f/www.eggsupgrillfranchise.com,1,percent_encoding,0.9749104876659821,1
http:%2f/lavozdeloscentauros.com/,1,percent_encoding,0.9729671612283886,1
http:%2f/www.sgnaturn.com,1,percent_encoding,0.9874655878055195,1
http:%2f/walletconnectlive.blogspot.com,1,percent_encoding,0.6595224920398286,1
https:%2f/link.tkilef.top,1,percent_encoding,0.9824676099132358,1
http:%2f/www.sartco-ir.com,1,percent_encoding,0.9833862541244145,1
http:%2f/www.pox23.io,1,percent_encoding,0.9708518827669008,1
http:%2f/www.sbdgb.com,1,percent_encoding,0.9810010423528679,1
http:%2f/www.senseye.ikwb.com,1,percent_encoding,0.959529990536924,1
https:%2f/www.momeyklte.cattaca.com/sonn/client/index_sp.html,1,percent_encoding,0.9806292672092244,1
http:%2f/doc-metamask.rf.gd,1,percent_encoding,0.9594345181199652,1
http:%2f/www.timoleary.co.uk,1,percent_encoding,0.9579335104175387,1
http:%2f/www.afiliadosilva.com,1,percent_encoding,0.9721508510794896,1
http:%2f/www.eblagh-r.ml,1,percent_encoding,0.98347004024565,1
https:%2f/att-102722-106593servcerbusiness.square.site/,1,percent_encoding,0.9845414501837378,1
http:%2f/www.handyman.macleannsw.com,1,percent_encoding,0.9734792016582885,1
http:%2f/turnaroundsupport.co.za/kundenkonto/indexx.html,1,percent_encoding,0.9818981484619428,1
http:%2f/www.datenbank.mobi,1,percent_encoding,0.963511800505452,1
https:%2f/attloginpage-mailerlink.square.site/,1,percent_encoding,0.5666026222299173,1
http:%2f/www.tzuzsyfd.net,1,percent_encoding,0.9874655878055195,1
https:%2f/att-mail-104057.square.site/,1,percent_encoding,0.9613266784709179,1
http:%2f/www.daxberger.at,1,percent_encoding,0.9874655878055195,1
https:%2f/fladestateins.com/08131e57-e230-465b-bb5e-840b8af30ec4,1,percent_encoding,0.9846944732378844,1
https:%2f/pold.builderallwppro.com/wp-content/plugins/r/tracking/fv5ejh/details.php,1,percent_encoding,0.9834981816130535,1
http:%2f/www.delphi3135.gorodok.net,1,percent_encoding,0.9488804318299898,1
http:%2f/www.greencoco.id,1,percent_encoding,0.9874655878055195,1
http:%2f/www.eblagh-hj.ml,1,percent_encoding,0.9835626804416192,1
http:%2f/www.115.at,1,percent_encoding,0.9825650624577069,1
https:%2f/allegroiokalnie7info.67564534.xyz/bdxl74cx?from_sms=1,1,percent_encoding,0.9845414501837378,1
http:%2f/www.app.in-spicy.com,1,percent_encoding,0.9654090050043435,1
http:%2f/www.rakcten-carb.ofhzuue.cn/,1,percent_encoding,0.969220209144862,1
https:%2f/www.cosmoswater.in/otp.php,1,percent_encoding,0.969676966418062,1
http:%2f/yeqk42t.square.site/,1,percent_encoding,0.982842405236188,1
https:%2f/my-business-103077.square.site/,1,percent_encoding,0.9427058764661188,1
http:%2f/www.frissoncourier.com/wp-content/plugins/wpcargo/assets/images/,1,percent_encoding,0.9834054611540921,1
https:%2f/docs.google.com/forms/d/e/1faipqlsfjsgjhbjke-mlmni8cfg1tacz-hdpvmy5j2br9upjr1f7nda/viewform?usp=send_form,1,percent_encoding,0.9823404728545564,1
https:%2f/instagrame.net/,1,percent_encoding,0.9824676099132358,1
http:%2f/www.hxc28.com,1,percent_encoding,0.9621072069557034,1
http:%2f/www.leapmom.com,1,percent_encoding,0.9865284776705814,1
https:%2f/sites.google.com/view/ptss18/?dn,1,percent_encoding,0.9676953276099818,1
http:%2f/www.emrahkeskin.com,1,percent_encoding,0.9624511354480842,1
http:%2f/www.hotelfocus.nl,1,percent_encoding,0.9874635365099016,1
http:%2f/www.crophysi.ru,1,percent_encoding,0.9865284776705814,1
http:%2f/www.aadl-iran.ml,1,percent_encoding,0.9835626804416192,1
http:%2f/www.zestevents.co,1,percent_encoding,0.9874635365099016,1
http:%2f/www.wj.tqomz.com,1,percent_encoding,0.9835626804416192,1
http:%2f/www.javaterm.com,1,percent_encoding,0.9874655878055195,1
http:%2f/www.iamme-label.com,1,percent_encoding,0.9579335104175387,1
http:%2f/www.westthamesphysio.com,1,percent_encoding,0.9729671612283886,1
http:%2f/www.211120bei.top,1,percent_encoding,0.9842335833798043,1
http:%2f/www.bshades.eu,1,percent_encoding,0.9803842733906046,1
https:%2f/banbobiinacionall.herokuapp.com/,1,percent_encoding,0.9740011301017951,1
https:%2f/s3.ap-southeast-1.wasabisys.com/policies/appsuite/tlyappioox/mailfolderdefault0/inbox.html#redacted@abuse.ionos.com,1,percent_encoding,0.9991906408046433,1
http:%2f/www.rspvm.servergame.com,1,percent_encoding,0.9722382552064962,1
http:%2f/akewuqekas.sembarriga.com.br/vnafvra97w/?q=3717065149&id=100,1,percent_encoding,0.9837832211945399,1
http:%2f/www.creativecombat.com/wp-admin/network/acct/login.php?rand=13inboxlightaspxn.1774256418&fid.4.1252899642&fid=1&fav.1&rand.13inboxlight.aspxn.1774256418&fid.1252899642&fid.1&fav.1&email=&.rand=13inboxlight.aspx?n=1774256418&fid=4#n=1252899642&fid=1&fav=1,1,percent_encoding,0.9374258861834797,1
http:%2f/www.xnxx.c1.biz,1,percent_encoding,0.9837629678331135,1
http:%2f/www.jfgsifrptbirusgs.net,1,percent_encoding,0.9729671612283886,1
http:%2f/www.tanilcosmetics.com,1,percent_encoding,0.9721508510794896,1
https:%2f/trophterra.tk/164bd,1,percent_encoding,0.9454833683171682,1
http:%252f/www.shprakserf.gq,1,double_encoding,0.9718684373162787,1
http:%252f/www.iuhjn.pplink.club,1,double_encoding,0.9773542017724255,1
https:%252f/sabadonoappmagazine.com/,1,double_encoding,0.9685443518098324,1
http:%252f/www.nextraload.com,1,double_encoding,0.9720056079283934,1
http:%252f/tkmowpikuk.owl4fsrch.club/vnafvra97w/?q=3717065149&id=100,1,double_encoding,0.9839362442486864,1
https:%252f/btopenworldwebmailing.square.site/,1,double_encoding,0.9721324822696522,1
http:%252f/www.fgurb.cannca.shop,1,double_encoding,0.9773542017724255,1
https:%252f/www.ethmining.info/#/,1,double_encoding,0.9769070098507371,1
http:%252f/ianacurtis.rmxcontabilidade.com.br,1,double_encoding,0.9726431345331727,1
http:%252f/www.pony4.microsoftups.com,1,double_encoding,0.9710334046816422,1
http:%252f/www.play.stream.vidzi.tv,1,double_encoding,0.9671116183959999,1
http:%252f/www.beemail.online,1,double_encoding,0.9720056079283934,1
http:%252f/www.915783.com,1,double_encoding,0.9948097625111328,1
https:%252f/attcom-102201.square.site/,1,double_encoding,0.9741424870428125,1
https:%252f/upyq8ess.dreamwp.com/dkskat/,1,double_encoding,0.9655573526762462,1
https:%252f/www.faewood.com,1,double_encoding,0.9812482066300351,1
https:%252f/ennsttsqau.square.site/,1,double_encoding,0.965533112360068,1
https:%252f/docs.google.com/forms/d/1casphevkfdaz2okqj70wdai3pdwwg1weh_rpk9v0z3a/viewform,1,double_encoding,0.9627402961505849,1
http:%252f/www.frissoncourier.com,1,double_encoding,0.9831158977488558,1
http:%252f/www.clinicafresa20.com,1,double_encoding,0.9726193301270758,1
http:%252f/chieuphan-bdshotram.com/webs/,1,double_encoding,0.971754144071709,1
https:%252f/www.ekie-nat.ekaste.bhwkke.top/load.php,1,double_encoding,0.975510991775578,1
http:%252f/www.keliweb.it,1,double_encoding,0.9846903449653563,1
http:%252f/www.baagii.sportsnewsa.net,1,double_encoding,0.9693353476002944,1
https:%252f/s3.ap-southeast-1.wasabisys.com/mailbusiness/appsuite/tlyappioox/mailfolderdefault9/inbox.html#redacted@abuse.ionos.com,1,double_encoding,0.9991906408046433,1
https:%252f/lowes-solicitors.co.uk/ch/panel/,1,double_encoding,0.9725526999626297,1
http:%252f/www.clientcentre.net,1,double_encoding,0.9726870577627166,1
https:%252f/euygy.square.site/,1,double_encoding,0.9705167321287542,1
http:%252f/www.automan-1301476296.cos.eu-moscow.myqcloud.com,1,double_encoding,0.9816230572402445,1
http:%252f/www.aleksandartaskov.com,1,double_encoding,0.9722065142665114,1
http:%252f/www.whoer.net,1,double_encoding,0.9773678123856498,1
https:%252f/terapiaespecializada.es/mtb/app/verify.php,1,double_encoding,0.7725823222011313,1
http:%252f/www.nogiledeneli.ru,1,double_encoding,0.968887463692286,1
http:%252f/www.reco.ws,1,double_encoding,0.9603941869551791,1
http:%252f/www.polevoyton.store,1,double_encoding,0.9726870577627166,1
https:%252f/antai-gouv.net/,1,double_encoding,0.980476975348387,1
https:%252f/shrtco.de/1d9yeo,1,double_encoding,0.96907086616717,1
http:%252f/fti.unmerpas.ac.id/wp-admin/user/webgenkic/investopia/index.php?email=get@get.get,1,double_encoding,0.9991906408046433,1
https:%252f/ejjud0.wixsite.com/attt,1,double_encoding,0.9671437653144093,1
http:%252f/www.campbellz.cf,1,double_encoding,0.9853090743873805,1
http:%252f/www.lwac.com,1,double_encoding,0.9695253560752422,1
http:%252f/centrica.comrqzrofxnhwwgrqzrofrofxnhwagx2nfse2nfagx2nfsesewxnhwagxwgrqzg.mustaccio.com/0.php#ywnjb3vudhnay2vudhjpy2euy29t,1,double_encoding,0.9831751356117783,1
https:%252f/00-coveriy-tm.quest/,1,double_encoding,0.9542210822791857,1
https:%252f/attcom-101978.square.site/,1,double_encoding,0.9741424870428125,1
https:%252f/docs.google.com/forms/d/e/1faipqlscckv1-rxhipcmrhnwfvq2lhuxx18nzcm1e7e0oz8ienixtgw/viewform,1,double_encoding,0.9823647131707345,1
http:%252f/www.oosp.pplink.club,1,double_encoding,0.9773784420886036,1
https:%252f/www-info-cr-mufg.huiwenfeng.com/jp.php,1,double_encoding,0.9779524139202118,1
http:%252f/www.karizcustomizeme.com,1,double_encoding,0.9722065142665114,1
http:%252f/dj-wedding.tk/besst/,1,double_encoding,0.9821328071467119,1
https:%252f/www.google.com/url?q=https://ipfs.io/ipfs/qmpovsvevlyhp2gj6vfhkqvhaydz1o7y2xn3xt87kkghtv%23%5bemail%5d&amp;source=gmail&amp;ust=1663915474090000&amp;usg=aovvaw1usggtmp1ivavtzsxcz8g1,1,double_encoding,0.953027269338501,1
http:%252f/www.iiorinmf.pplink.club,1,double_encoding,0.9695939801174134,1
https:%252f/dmbelectricinc.com/,1,double_encoding,0.968626190005371,1
http:%252f/www.intelsupportcenter.com,1,double_encoding,0.9726052195671778,1
http:%252f/4710463d43910.bonactech.com/#zfhobgnrqmtimjfoyvc0dwrhegs,1,double_encoding,0.9847194379332802,1
http:%252f/www.www--wellsfargo--com--t249329d48d6c.wsipv6.com,1,double_encoding,0.9671900749335725,1
https:%252f/www.id292468292.ru,1,double_encoding,0.9964610351978103,1
https:%252f/www.danieltolson.com/home.php,1,double_encoding,0.9674346437972445,1
http:%252f/www.icloud-id-services.com,1,double_encoding,0.9671095671003818,1
http:%252f/www.tripadvisorsapp.com,1,double_encoding,0.9853211038711672,1
http:%252f/my-business-106173-106262.square.site/,1,double_encoding,0.9742000257409285,1
http:%252f/cek58793690694674609.rf.gd/,1,double_encoding,0.983483616205269,1
https:%252f/meinedkb.me/,1,double_encoding,0.9715939246277803,1
http:%252f/www.pmbfytlkm.ml,1,double_encoding,0.9853090743873805,1
https:%252f/www.solutionfun.info,1,double_encoding,0.9779191015227999,1
https:%252f/fladestateins.com/4ecc9875-1bec-4eb4-b4b8-859e345aa26a,1,double_encoding,0.9848345460214318,1
https:%252f/www.ioginunlcovlabcp.com/,1,double_encoding,0.965274479842949,1
https:%252f/opmklw.com/,1,double_encoding,0.9654644883178969,1
https:%252f/pyyplapp.com/,1,double_encoding,0.980629477208011,1
http:%252f/hkmulane.cn/bnl51,1,double_encoding,0.9596910968534136,1
http:%252f/www.winconnectors.com,1,double_encoding,0.9819799692801452,1
http:%252f/www.wikaba.com,1,double_encoding,0.9846903449653563,1
http:%252f/yzxlsc.com/wordpress/wp-includes/fonts/aupost/track/index2.php,1,double_encoding,0.9810667589503514,1
http:%252f/www.shbc.pplink.club,1,double_encoding,0.9773784420886036,1
http:%252f/www.towncenterhotel.com,1,double_encoding,0.9853211038711672,1
http:%252f/www.mail-nepalarmymil-np.gq,1,double_encoding,0.9671095671003818,1
http:%252f/www.dyskurs.com.ua,1,double_encoding,0.982842405236188,1
https:%252f/alertascliente.webcindario.com/,1,double_encoding,0.9685443518098324,1
http:%252f/www.1shop.de,1,double_encoding,0.9686171219129924,1
https:%252f/att-102707.square.site/,1,double_encoding,0.981763259564738,1
https:%252f/auth-dkb-online.de/,1,double_encoding,0.9780719393893664,1
http:%252f/www.cachecontent.com,1,double_encoding,0.9726870577627166,1
http:%252f/www.0catch.com,1,double_encoding,0.9621008509668421,1
http:%252f/lukers.com.sg/chronopostalertee/chronopostalertee,1,double_encoding,0.981054980980154,1
http:%252f/www.unblockproxy.us,1,double_encoding,0.968887463692286,1
https:%252f/crosschainbridge-eth.com/?gclid=cjwkcaia5siebhbneiwar9oh2vy9yq0vuiatdgyarsqdbwlwezejyz3u2ljjjphfzmf2sgpv9hopiboco-wqavd_bwe,1,double_encoding,0.9831751356117783,1
http:%252f/www.allsecurehosting.com,1,double_encoding,0.7352516020880914,1
http:%252f/www.wearebred.net,1,double_encoding,0.9718684373162787,1
https:%252f/cmac-cajatacna.com/1675952392/cliente/login,1,double_encoding,0.8793143358451507,1
https:%252f/sampierry11.wixsite.com/my-site-1,1,double_encoding,0.9322003966209742,1
http:%252f/www.oolkjd.pplink.club,1,double_encoding,0.9771829733823129,1
http:%252f/maharashtra-enterprises.com/feedback/portal.php,1,double_encoding,0.9805833553824416,1
http:%252f/www.antongas-fx.ru,1,double_encoding,0.982842405236188,1
http:%252f/www.tg0913.com,1,double_encoding,0.9939196685484912,1
https:%252f/powerlineindustriesinc.myportfolio.com/,1,double_encoding,0.9796923601815299,1
https:%252f/ayt-103563-100603.square.site/,1,double_encoding,0.9775360783715252,1
http:%252f/www.proxify.com,1,double_encoding,0.9846882936697383,1
http:%252f/www.marketexon.com,1,double_encoding,0.9720056079283934,1
https:%252f/docs.google.com/forms/d/e/1faipqlsdnega_6c_pz9_q9ep9epm4iwqfsrxqsnaz-j9dyldimaoocg/viewform?usp=send_form,1,double_encoding,0.982162485105014,1
http:%252f/www.sishendm.com,1,double_encoding,0.9853090743873805,1
http:%252f/att-108784.square.site/,1,double_encoding,0.9948778491693938,1
https:%252f/informasjon379820922.blogspot.com/?trkid=pn8322826547413800&sub1=tb4j9lf,1,double_encoding,0.9854681084768318,1
http:%252f/down.shopeevip11.com/,1,double_encoding,0.9504843184259559,1
http:%252f/www.omwowxisr.ga,1,double_encoding,0.9853090743873805,1
https:%252f/amazon-hgfhtt.zyns.com/mobile/signim.php,1,double_encoding,0.9801105265788893,1
http:%252f/www.beatleslover.com,1,double_encoding,0.9726870577627166,1
https:%252f/docs.google.com/forms/d/e/1faipqlsfp1eukgsktriyraz2csynqwfwtv6ehlnbszu69dbxz9lirtq/viewform,1,double_encoding,0.9825372021877078,1
https:%252f/acompanhando-meusgastos-online.com/luiza/home.php?userid=&uri=jkluamrfhfwos4cafnmeh7pa1pzx12wuktqwv4swvyw=,1,double_encoding,0.9823404728545564,1
http:%252f/www.spoke.ga,1,double_encoding,0.9695253560752422,1
https:%252f/att-100984.square.site/,1,double_encoding,0.981763259564738,1
http:%252f/www.14gjm.xyz,1,double_encoding,0.9800917455237403,1
https:%252f/my-business-107865-109573.square.site/,1,double_encoding,0.9742000257409285,1
http:%252f/www.supportxmr.com,1,double_encoding,0.9720056079283934,1
http:%252f/sheinaapp.com,1,double_encoding,0.9752256918911435,1
http:%252f/www.netshieldkit.com,1,double_encoding,0.9726870577627166,1
https:%252f/zurbrioerf.com,1,double_encoding,0.9825530503168995,1
http:%252f/www.hotfixmsupload.com,1,double_encoding,0.9831158977488558,1
https:%252f/login-screen-107860.square.site/,1,double_encoding,0.7497392473899094,1
https:%252f/djc74bcd9b51a2-1ebf-4df7-bc61-d371fe9eccf.myportfolio.com/,1,double_encoding,0.9846944732378844,1
https:%252f/yahooconfiguration0.wixsite.com/html,1,double_encoding,0.9720369979136215,1
https:%252f/docs.google.com/forms/d/e/1faipqlsc-nv7qlz6jg_y9ze5k9ds_kzo8hyelurb5j5veve1q4jkiwq/viewform?usp=send_form,1,double_encoding,0.9823267982047396,1
https:%252f/sht.moe/zmrww,1,double_encoding,0.980629477208011,1
https:%252f/www.omahanewsbulletin.com,1,double_encoding,0.9685443518098324,1
https:%252f/bjbbw6.wixsite.com/my-site-2,1,double_encoding,0.9478620372950228,1
https:%252f/tcpw7mwm.dreamwp.com/auth,1,double_encoding,0.9669725369242969,1
http:%252f/www.greeaircondition.com,1,double_encoding,0.9722065142665114,1
https:%252f/dn75852739.wixsite.com/my-site,1,double_encoding,0.9818553880088368,1
http:%252f/43.153.207.103/v3/signin/identifier?dsh=s-16339560%3a1679418180081355&amp%3bfollowup=https%3a%2f%2faccounts.google.com%2f%3f&amp%3bifkv=awnoghedjeezlxxcukyobikksrlskkbb8naftymojf2pwikab-md99nj9vzjmeshc1trpqxmz-t9&amp%3bpassive=1209600&amp%3bxrealip=107.178.200.216&continue=https%3a%2f%2faccounts.google.com%2f%3f&xrealip=107.21.207.171&flowname=weblitesignin&flowentry=servicelogin&ifkv=awnoghdkbq5_bcbcs7t_jbbb9kh3txpcqomjbjvtodoolkfraglnqnbwsicqnuymo66jb13fvsxv,1,double_encoding,0.9374258861834797,1
http:%252f/www.uzdarakchi.com,1,double_encoding,0.9720056079283934,1
https:%252f/mail-105744.square.site/,1,double_encoding,0.9817182173967222,1
https:%252f/www.ekni-nct.ekint.lulhbc.top/load.php,1,double_encoding,0.9779524139202118,1
https:%252f/drive.google.com/file/d/1ginbnlpvt7kpfnog9a68fqmn7k3aivui,1,double_encoding,0.9708808351767656,1
http:%252f/www.omwowxisu.gq,1,double_encoding,0.9853090743873805,1
http:%252f/www.asymmetricfile.blogspot.com,1,double_encoding,0.9722065142665114,1
http:%252f/www.inboundmag.com,1,double_encoding,0.9720056079283934,1
http:%252f/www.pdnw.nowurl.fun,1,double_encoding,0.9745775998860997,1
https:%252f/e.vg/24bper,1,double_encoding,0.9740987846077511,1
https:%252f/novo-sicredi-black.com/?page=home&amp;a=208a545d9c9920e5b82164095ef319bad2175dc5secure2158133160d9d280afd9baa68ac7d4411e4dfa5aaccess&amp;b=c307f85ef63c038db5451a1042f6f71035959e14secureb88a92fff52f9bef397d01a21ebe53836dcf62fbaccess&amp;c=4b5a9afcee2770f60fda9be064592b20a861a360secure9c2abcaa953117131aa7425287bb7855c77d94e9access,1,double_encoding,0.9374258861834797,1
http:%252f/smartdappsauthonline.com,1,double_encoding,0.9726431345331727,1
http:%252f/www.helpdesk.autodefragapp.com,1,double_encoding,0.9722065142665114,1
http:%252f/www.revoadademalandro.top,1,double_encoding,0.9726052195671778,1
http:%252f/www.hiphopeconomicdevelopment.com,1,double_encoding,0.9726431345331727,1
https:%252f/ount.thejewtangclan.com/jp.php,1,double_encoding,0.9674346437972445,1
https:%252f/faturarennersolucoesweb.com/login/seguranca.php,1,double_encoding,0.7767300221318763,1
http:%252f/www.nvdh.nowurl.fun,1,double_encoding,0.9745775998860997,1
http:%252f/www.mailservices.pythonanywhere.com,1,double_encoding,0.9726431345331727,1
https:%252f/docs.google.com/presentation/d/e/2pacx-1vqp1bs7pp2guhiddnanci5t_elobevup6mr14v_llaxfa_35lnj_gd57iuzq91rm4xioxgt3rstsqqu/pub?start=false&loop=false&delayms=3000&slide=id.p,1,double_encoding,0.9729021113921397,1
https:%252f/arnaz0n.tgfdw.top/ap/signin,1,double_encoding,0.6582773742101906,1
http:%252f/www.xsites-dev.xyz,1,double_encoding,0.982842405236188,1
http:%252f/www.cryptobara.com,1,double_encoding,0.9720056079283934,1
http:%252f/www.ancient-parrot-9.loca.lt,1,double_encoding,0.9686882135723434,1
http:%252f/www.wangluojiumingjingli.org,1,double_encoding,0.9726431345331727,1
http:%252f/www.randkey-1301476296.cos.ap-mumbai.myqcloud.com,1,double_encoding,0.9816230572402445,1
http:%252f/uniswaplendwap.top,1,double_encoding,0.9874676327382895,1
https:%252f/late-dingos-suffer-209-127-18-151.loca.lt/,1,double_encoding,0.9700424237247492,1
http:%252f/www.ratlittonrigh.com,1,double_encoding,0.9819799692801452,1
http:%252f/www.adrd.xiaxiab.com,1,double_encoding,0.9773784420886036,1
http:%252f/www.sanaradyab.ir,1,double_encoding,0.9718684373162787,1
http:%252f/www.phlhjk.cannca.shop,1,double_encoding,0.9771829733823129,1
https:%252f/lizc2f3.myportfolio.com/,1,double_encoding,0.9448195640726444,1
https:%252f/christensengroupinsurance.myportfolio.com/,1,double_encoding,0.9814923234255712,1
http:%252f/www.bruidsfotografie-breda.nl,1,double_encoding,0.9722065142665114,1
http:%252f/www.originproducts.xyz,1,double_encoding,0.9831158977488558,1
http:%252f/www.talkischeap.co.za,1,double_encoding,0.9773542017724255,1
http:%252f/www.universalbumpkeys.com,1,double_encoding,0.9726052195671778,1
http:%252f/www.picnicapp.co.uk,1,double_encoding,0.9745775998860997,1
http:%252f/www.performanceacademia.com.br,1,double_encoding,0.9722065142665114,1
http:%252f/www.cq.tqomz.com,1,double_encoding,0.9845378431057323,1
http:%252f/www.flightzy.bid,1,double_encoding,0.9853090743873805,1
https:%252f/docs.google.com/forms/d/e/1faipqlseht4cdltkad8967jjarcb5nafonbaw3dtpynth9mdk94hf-q/viewform?usp=send_form,1,double_encoding,0.9823647131707345,1
https:%252f/autofieldindia.com/ob,1,double_encoding,0.9790550299915104,1
http:%252f/seguroltau.atsnx.com/,1,double_encoding,0.9773542017724255,1
http:%252f/www.server1fermo.exodus.connexxa.it,1,double_encoding,0.9623459458762916,1
https:%252f/www.netflix-vn.com,1,double_encoding,0.9705167321287542,1
http:%252f/www.repo.do-cu.site,1,double_encoding,0.9792096109399336,1
http:%252f/www.live-com.gq,1,double_encoding,0.9874672778819151,1
http:%252f/www.jrat.io,1,double_encoding,0.9603941869551791,1
http:%252f/www.iredl.ml,1,double_encoding,0.9695253560752422,1
https:%252f/review-docu.myportfolio.com/,1,double_encoding,0.9676932763143636,1
http:%252f/www.k8381.com,1,double_encoding,0.9939397633038984,1
http:%252f/www.chromeperfection.com,1,double_encoding,0.9722065142665114,1
http:%252f/www.111xxxxx.com,1,double_encoding,0.9822628298059296,1
http:%252f/att-101435-107378.square.site/,1,double_encoding,0.9775360783715252,1
http:%252f/www.hbaa.law,1,double_encoding,0.9695253560752422,1
http:%252f/www.entourageaid.com,1,double_encoding,0.9726870577627166,1
http:%252f/www.serveranywhere.cf,1,double_encoding,0.9819799692801452,1
http:%252f/www.salesforcesupports.com,1,double_encoding,0.9726052195671778,1
http:%252f/ethereum-che.com,1,double_encoding,0.9853090743873805,1
http:%252f/www.trkps.com,1,double_encoding,0.9773678123856498,1
http:%252f/www.dynamic-dns.net,1,double_encoding,0.9745775998860997,1
http:%252f/www.mbmb99.com,1,double_encoding,0.9779315815694449,1
http:%252f/www.michkatravel.com,1,double_encoding,0.9726870577627166,1
http:%252f/www.2ww.me,1,double_encoding,0.9809987435458005,1
http:%252f/www.krawangan.com,1,double_encoding,0.9718684373162787,1
http:%252f/www.meteoprog.ns01.us,1,double_encoding,0.9504843184259559,1
http:%252f/www.amazcaom-co-jp.amaozeon.chalvshe.top/,1,double_encoding,0.9784610148881141,1
http:%252f/www.adiscusion.com,1,double_encoding,0.9720056079283934,1
http:%252f/www.panorama-otel.ru,1,double_encoding,0.9773784420886036,1
http:%252f/www.wildcard.repeta.com.au,1,double_encoding,0.9671095671003818,1
https:%252f/attcom-109199.square.site/,1,double_encoding,0.9741424870428125,1
http:%252f/www.lbertussbau.com,1,double_encoding,0.968887463692286,1
http:%252f/www.kakao.net-all.website,1,double_encoding,0.9671095671003818,1
http:%252f/www.axletime.com,1,double_encoding,0.9853090743873805,1
http:%252f/www.shpk-sanair.gq,1,double_encoding,0.982842405236188,1
https:%252f/susangerd.ir/refcheck/old.html,1,double_encoding,0.9674346437972445,1
https:%252f/zenobrands33.wixsite.com/my-site,1,double_encoding,0.9715443382415309,1
http:%252f/www.greenphoenix.xyz,1,double_encoding,0.9726870577627166,1
http:%252f/www.tallyandfin.com,1,double_encoding,0.968887463692286,1
http:%252f/www.sena-peygri.cf,1,double_encoding,0.982842405236188,1
http:%252f/confirmarcreditoltau.atsnx.com/?i=1,1,double_encoding,0.9619386178495051,1
http:%252f/work4home.co.za/admin/1cb-47c22-b778a6b-70e64d1225c1fef51/enforcer/login.php,1,double_encoding,0.8866312724727539,1
https:%252f/tcommanderdcd7.myportfolio.com/,1,double_encoding,0.9685443518098324,1
http:%252f/www.211205.top,1,double_encoding,0.9948097625111328,1
http:%252f/www.khmerosja.net,1,double_encoding,0.9718684373162787,1
http:%252f/www.6.duogz.com,1,double_encoding,0.9707583982454047,1
https:%252f/sites.google.com/view/necrologieinfosfroravocal/accueil,1,double_encoding,0.9805443287166333,1
https:%252f/adttnetagadfar.square.site/,1,double_encoding,0.9659404403868546,1
http:%252f/www.waterhousecleaning.co.uk,1,double_encoding,0.9700013081442,1
http:%252f/www.rysstadsylv.no,1,double_encoding,0.9720056079283934,1
http:%252f/www.dreamportalz.us,1,double_encoding,0.968887463692286,1
http:%252f/www.888andro.net,1,double_encoding,0.9822628298059296,1
http:%252f/verifysup02218115112022.rf.gd/,1,double_encoding,0.8674313899930752,1
https:%252f/amoen.ye958.com/jp,1,double_encoding,0.97346437380384,1
http:%252f/www.pbhack.ru,1,double_encoding,0.9773678123856498,1
http:%252f/www.office-fonts.herokuapp.com,1,double_encoding,0.97149551155459,1
http:%252f/www.healthymachinery.com,1,double_encoding,0.9722065142665114,1
http:%252f/www.stackspay.com,1,double_encoding,0.9718684373162787,1
https:%252f/docs.google.com/presentation/d/e/2pacx-1vtnqm2u8shvhqgtyog36zyxjjwmeiqc2y9yxurmf80c9kijvzeycqsuqexdzvh8rk1b5b1flubend6l/pub?start=false&loop=false&delayms=3000&slide=id.p,1,double_encoding,0.982860459540664,1
http:%252f/www.amazceom-co-jp.amaczeon.chatdouyin.top/,1,double_encoding,0.9786322432782267,1
http:%252f/www.precisionmechanical.org,1,double_encoding,0.9726431345331727,1
http:%252f/www.fotos.lc,1,double_encoding,0.9695253560752422,1
http:%252f/www.dadsgetinthegame.com,1,double_encoding,0.9722065142665114,1
http:%252f/www.3je.sdybv.com,1,double_encoding,0.9611213670001122,1
http:%252f/www.ausameetings.com,1,double_encoding,0.9726870577627166,1
http:%252f/www.js.csad.cc,1,double_encoding,0.9874672778819151,1
http:%252f/www.lottoplays.com,1,double_encoding,0.9720056079283934,1
http:%252f/www.doable.nl,1,double_encoding,0.9773678123856498,1
http:%252f/www.indeksonline.org,1,double_encoding,0.9726870577627166,1
http:%252f/www.naverserviceteam.com,1,double_encoding,0.9722065142665114,1
http:%252f/sweetceidrogerbhimlea.tk/,1,double_encoding,0.9726052195671778,1
http:%252f/www.webpartner.fr,1,double_encoding,0.9718684373162787,1
http:%252f/www.eggsupgrillfranchise.com,1,double_encoding,0.9726431345331727,1
http:%252f/lavozdeloscentauros.com/,1,double_encoding,0.9722065142665114,1
http:%252f/www.sgnaturn.com,1,double_encoding,0.9853090743873805,1
http:%252f/walletconnectlive.blogspot.com,1,double_encoding,0.7791760070798133,1
https:%252f/link.tkilef.top,1,double_encoding,0.9812482066300351,1
http:%252f/www.sartco-ir.com,1,double_encoding,0.9842383792913225,1
http:%252f/www.pox23.io,1,double_encoding,0.9740987846077511,1
http:%252f/www.sbdgb.com,1,double_encoding,0.9773678123856498,1
http:%252f/www.senseye.ikwb.com,1,double_encoding,0.9773784420886036,1
https:%252f/www.momeyklte.cattaca.com/sonn/client/index_sp.html,1,double_encoding,0.9796081119778934,1
http:%252f/doc-metamask.rf.gd,1,double_encoding,0.982842405236188,1
http:%252f/www.timoleary.co.uk,1,double_encoding,0.9745775998860997,1
http:%252f/www.afiliadosilva.com,1,double_encoding,0.9819799692801452,1
http:%252f/www.eblagh-r.ml,1,double_encoding,0.9874672778819151,1
https:%252f/att-102722-106593servcerbusiness.square.site/,1,double_encoding,0.9848345460214318,1
http:%252f/www.handyman.macleannsw.com,1,double_encoding,0.9684197995675478,1
http:%252f/turnaroundsupport.co.za/kundenkonto/indexx.html,1,double_encoding,0.9805833553824416,1
http:%252f/www.datenbank.mobi,1,double_encoding,0.9720056079283934,1
https:%252f/attloginpage-mailerlink.square.site/,1,double_encoding,0.78557356017503,1
http:%252f/www.tzuzsyfd.net,1,double_encoding,0.9853090743873805,1
https:%252f/att-mail-104057.square.site/,1,double_encoding,0.9597095047361405,1
http:%252f/www.daxberger.at,1,double_encoding,0.9853090743873805,1
https:%252f/fladestateins.com/08131e57-e230-465b-bb5e-840b8af30ec4,1,double_encoding,0.9854301935108369,1
https:%252f/pold.builderallwppro.com/wp-content/plugins/r/tracking/fv5ejh/details.php,1,double_encoding,0.9834981816130535,1
http:%252f/www.delphi3135.gorodok.net,1,double_encoding,0.9702927976162371,1
http:%252f/www.greencoco.id,1,double_encoding,0.9853090743873805,1
http:%252f/www.eblagh-hj.ml,1,double_encoding,0.9845378431057323,1
http:%252f/www.115.at,1,double_encoding,0.990306990244388,1
https:%252f/allegroiokalnie7info.67564534.xyz/bdxl74cx?from_sms=1,1,double_encoding,0.9846815229672853,1
http:%252f/www.app.in-spicy.com,1,double_encoding,0.9821328071467119,1
http:%252f/www.rakcten-carb.ofhzuue.cn/,1,double_encoding,0.9671116183959999,1
https:%252f/www.cosmoswater.in/otp.php,1,double_encoding,0.9630486993430363,1
http:%252f/yeqk42t.square.site/,1,double_encoding,0.951791475284779,1
https:%252f/my-business-103077.square.site/,1,double_encoding,0.9659102919021881,1
http:%252f/www.frissoncourier.com/wp-content/plugins/wpcargo/assets/images/,1,double_encoding,0.984008833876574,1
https:%252f/docs.google.com/forms/d/e/1faipqlsfjsgjhbjke-mlmni8cfg1tacz-hdpvmy5j2br9upjr1f7nda/viewform?usp=send_form,1,double_encoding,0.9823404728545564,1
https:%252f/instagrame.net/,1,double_encoding,0.9812482066300351,1
http:%252f/www.hxc28.com,1,double_encoding,0.9800917455237403,1
http:%252f/www.leapmom.com,1,double_encoding,0.9846882936697383,1
https:%252f/sites.google.com/view/ptss18/?dn,1,double_encoding,0.967282987222142,1
http:%252f/www.emrahkeskin.com,1,double_encoding,0.968887463692286,1
http:%252f/www.hotelfocus.nl,1,double_encoding,0.9718684373162787,1
http:%252f/www.crophysi.ru,1,double_encoding,0.9846882936697383,1
http:%252f/www.aadl-iran.ml,1,double_encoding,0.9845378431057323,1
http:%252f/www.zestevents.co,1,double_encoding,0.9718684373162787,1
http:%252f/www.wj.tqomz.com,1,double_encoding,0.9845378431057323,1
http:%252f/www.javaterm.com,1,double_encoding,0.9853090743873805,1
http:%252f/www.iamme-label.com,1,double_encoding,0.9745775998860997,1
http:%252f/www.westthamesphysio.com,1,double_encoding,0.9722065142665114,1
http:%252f/www.211120bei.top,1,double_encoding,0.9810748647824228,1
http:%252f/www.bshades.eu,1,double_encoding,0.9846903449653563,1
https:%252f/banbobiinacionall.herokuapp.com/,1,double_encoding,0.9720945673036573,1
https:%252f/s3.ap-southeast-1.wasabisys.com/policies/appsuite/tlyappioox/mailfolderdefault0/inbox.html#redacted@abuse.ionos.com,1,double_encoding,0.9991906408046433,1
http:%252f/www.rspvm.servergame.com,1,double_encoding,0.9695939801174134,1
http:%252f/akewuqekas.sembarriga.com.br/vnafvra97w/?q=3717065149&id=100,1,double_encoding,0.9839362442486864,1
http:%252f/www.creativecombat.com/wp-admin/network/acct/login.php?rand=13inboxlightaspxn.1774256418&fid.4.1252899642&fid=1&fav.1&rand.13inboxlight.aspxn.1774256418&fid.1252899642&fid.1&fav.1&email=&.rand=13inboxlight.aspx?n=1774256418&fid=4#n=1252899642&fid=1&fav=1,1,double_encoding,0.9374258861834797,1
http:%252f/www.xnxx.c1.biz,1,double_encoding,0.9707583982454047,1
http:%252f/www.jfgsifrptbirusgs.net,1,double_encoding,0.9722065142665114,1
http:%252f/www.tanilcosmetics.com,1,double_encoding,0.9831158977488558,1
https:%252f/trophterra.tk/164bd,1,double_encoding,0.9734490390723686,1
http://www.shprakserf.gq,1,path_manipulation,0.9835241245020423,1
http://www.iuhjn.pplink.club,1,path_manipulation,0.9974061222005899,1
https://sabadonoappmagazine.com/,1,path_manipulation,0.5799967264639021,1
http://www.nextraload.com,1,path_manipulation,0.9782262489871185,1
http://tkmowpikuk.owl4fsrch.club/vnafvra97w/?q=3717065149&id=100,1,path_manipulation,0.9993187635174984,1
https://btopenworldwebmailing.square.site/,1,path_manipulation,0.4525419587631722,1
http://www.fgurb.cannca.shop,1,path_manipulation,0.9984505111094482,1
https://www.ethmining.info/#/,1,path_manipulation,0.6740908151219085,1
http://ianacurtis.rmxcontabilidade.com.br,1,path_manipulation,0.9657830534661638,1
http://www.pony4.microsoftups.com,1,path_manipulation,0.9926336769932732,1
http://www.play.stream.vidzi.tv,1,path_manipulation,0.9985133814237116,1
http://www.beemail.online,1,path_manipulation,0.9806986973057199,1
http://www.915783.com,1,path_manipulation,0.9989545160996691,1
https://attcom-102201.square.site/,1,path_manipulation,0.8142430750418533,1
https://upyq8ess.dreamwp.com/dkskat/,1,path_manipulation,0.468593316644193,1
https://www.faewood.com,1,path_manipulation,0.051159031159912695,0
https://ennsttsqau.square.site/,1,path_manipulation,0.21421511713184058,0
https://docs.google.com/forms/d/1casphevkfdaz2okqj70wdai3pdwwg1weh_rpk9v0z3a/viewform,1,path_manipulation,0.48579656197233145,1
http://www.frissoncourier.com,1,path_manipulation,0.9981162658926552,1
http://www.clinicafresa20.com,1,path_manipulation,0.9979301038185977,1
http://chieuphan-bdshotram.com/webs/,1,path_manipulation,0.9959349176938683,1
https://www.ekie-nat.ekaste.bhwkke.top/load.php,1,path_manipulation,0.9659044852304154,1
http://www.keliweb.it,1,path_manipulation,0.9980987944219356,1
http://www.baagii.sportsnewsa.net,1,path_manipulation,0.9949931433444632,1
https://s3.ap-southeast-1.wasabisys.com/mailbusiness/appsuite/tlyappioox/mailfolderdefault9/inbox.html#redacted@abuse.ionos.com,1,path_manipulation,0.9686575810559507,1
https://lowes-solicitors.co.uk/ch/panel/,1,path_manipulation,0.809802351150989,1
http://www.clientcentre.net,1,path_manipulation,0.9782879704765799,1
https://euygy.square.site/,1,path_manipulation,0.15663379932030555,0
http://www.automan-1301476296.cos.eu-moscow.myqcloud.com,1,path_manipulation,0.9994483389147664,1
http://www.aleksandartaskov.com,1,path_manipulation,0.9781659405116592,1
http://www.whoer.net,1,path_manipulation,0.9779853434661291,1
https://terapiaespecializada.es/mtb/app/verify.php,1,path_manipulation,0.4474158965689357,0
http://www.nogiledeneli.ru,1,path_manipulation,0.9768992393704654,1
http://www.reco.ws,1,path_manipulation,0.9980801781539268,1
http://www.polevoyton.store,1,path_manipulation,0.9782788500545603,1
https://antai-gouv.net/,1,path_manipulation,0.6846847125815567,1
https://shrtco.de/1d9yeo,1,path_manipulation,0.6769275401058054,1
http://fti.unmerpas.ac.id/wp-admin/user/webgenkic/investopia/index.php?email=get@get.get,1,path_manipulation,0.9828237933861494,1
https://ejjud0.wixsite.com/attt,1,path_manipulation,0.4310017125037377,0
http://www.campbellz.cf,1,path_manipulation,0.9870208006813966,1
http://www.lwac.com,1,path_manipulation,0.9986473653335274,1
http://centrica.comrqzrofxnhwwgrqzrofrofxnhwagx2nfse2nfagx2nfsesewxnhwagxwgrqzg.mustaccio.com/0.php#ywnjb3vudhnay2vudhjpy2euy29t,1,path_manipulation,0.9959194982349029,1
https://00-coveriy-tm.quest/,1,path_manipulation,0.795506738275493,1
https://attcom-101978.square.site/,1,path_manipulation,0.8142430750418533,1
https://docs.google.com/forms/d/e/1faipqlscckv1-rxhipcmrhnwfvq2lhuxx18nzcm1e7e0oz8ienixtgw/viewform,1,path_manipulation,0.5472203436198259,1
http://www.oosp.pplink.club,1,path_manipulation,0.9917413490639495,1
https://www-info-cr-mufg.huiwenfeng.com/jp.php,1,path_manipulation,0.722960129769742,1
http://www.karizcustomizeme.com,1,path_manipulation,0.998106158337529,1
http://dj-wedding.tk/besst/,1,path_manipulation,0.9973999774317136,1
https://www.google.com/url?q=https://ipfs.io/ipfs/qmpovsvevlyhp2gj6vfhkqvhaydz1o7y2xn3xt87kkghtv%23%5bemail%5d&amp;source=gmail&amp;ust=1663915474090000&amp;usg=aovvaw1usggtmp1ivavtzsxcz8g1,1,path_manipulation,0.5444700189572282,1
http://www.iiorinmf.pplink.club,1,path_manipulation,0.9958859207227772,1
https://dmbelectricinc.com/,1,path_manipulation,0.5408608230659964,1
http://www.intelsupportcenter.com,1,path_manipulation,0.9783834321018661,1
http://4710463d43910.bonactech.com/#zfhobgnrqmtimjfoyvc0dwrhegs,1,path_manipulation,0.9852041590629564,1
http://www.www--wellsfargo--com--t249329d48d6c.wsipv6.com,1,path_manipulation,0.9981851730660546,1
https://www.id292468292.ru,1,path_manipulation,0.8747560722598454,1
https://www.danieltolson.com/home.php,1,path_manipulation,0.2677507720047293,0
http://www.icloud-id-services.com,1,path_manipulation,0.9903932707720564,1
http://www.tripadvisorsapp.com,1,path_manipulation,0.9783453978113392,1
http://my-business-106173-106262.square.site/,1,path_manipulation,0.9981563712904371,1
http://cek58793690694674609.rf.gd/,1,path_manipulation,0.9993496622668436,1
https://meinedkb.me/,1,path_manipulation,0.527026111065917,1
http://www.pmbfytlkm.ml,1,path_manipulation,0.9895153231012361,1
https://www.solutionfun.info,1,path_manipulation,0.21137695863314776,0
https://fladestateins.com/4ecc9875-1bec-4eb4-b4b8-859e345aa26a,1,path_manipulation,0.8348808705753623,1
https://www.ioginunlcovlabcp.com/,1,path_manipulation,0.24974652966632055,0
https://opmklw.com/,1,path_manipulation,0.6017235779556583,1
https://pyyplapp.com/,1,path_manipulation,0.5692292964864925,1
http://hkmulane.cn/bnl51,1,path_manipulation,0.9734290627918367,1
http://www.winconnectors.com,1,path_manipulation,0.9783196822394817,1
http://www.wikaba.com,1,path_manipulation,0.9954027042475581,1
http://yzxlsc.com/wordpress/wp-includes/fonts/aupost/track/index2.php,1,path_manipulation,0.9820935737962531,1
http://www.shbc.pplink.club,1,path_manipulation,0.9917413490639495,1
http://www.towncenterhotel.com,1,path_manipulation,0.9783453978113392,1
http://www.mail-nepalarmymil-np.gq,1,path_manipulation,0.987935008194663,1
http://www.dyskurs.com.ua,1,path_manipulation,0.9983801383251294,1
https://alertascliente.webcindario.com/,1,path_manipulation,0.36651903474268344,0
http://www.1shop.de,1,path_manipulation,0.9989005307679222,1
https://att-102707.square.site/,1,path_manipulation,0.7715782485207707,1
https://auth-dkb-online.de/,1,path_manipulation,0.7350940386256377,1
http://www.cachecontent.com,1,path_manipulation,0.9782879704765799,1
http://www.0catch.com,1,path_manipulation,0.9991392694717298,1
http://lukers.com.sg/chronopostalertee/chronopostalertee,1,path_manipulation,0.9645491981898351,1
http://www.unblockproxy.us,1,path_manipulation,0.9874271750099984,1
https://crosschainbridge-eth.com/?gclid=cjwkcaia5siebhbneiwar9oh2vy9yq0vuiatdgyarsqdbwlwezejyz3u2ljjjphfzmf2sgpv9hopiboco-wqavd_bwe,1,path_manipulation,0.9287098920851029,1
http://www.allsecurehosting.com,1,path_manipulation,0.8504875070273968,1
http://www.wearebred.net,1,path_manipulation,0.9982021383717674,1
https://cmac-cajatacna.com/1675952392/cliente//login/../login,1,path_manipulation,0.8292023348844278,1
https://sampierry11.wixsite.com/my-site-1,1,path_manipulation,0.536885052930107,1
http://www.oolkjd.pplink.club,1,path_manipulation,0.9993484363736845,1
http://maharashtra-enterprises.com/feedback/portal.php,1,path_manipulation,0.9983515816161926,1
http://www.antongas-fx.ru,1,path_manipulation,0.9886198078533057,1
http://www.tg0913.com,1,path_manipulation,0.9991950029062944,1
https://powerlineindustriesinc.myportfolio.com/,1,path_manipulation,0.5123566046013679,1
https://ayt-103563-100603.square.site/,1,path_manipulation,0.9281460451523594,1
http://www.proxify.com,1,path_manipulation,0.9797899170331338,1
http://www.marketexon.com,1,path_manipulation,0.9782262489871185,1
https://docs.google.com/forms/d/e/1faipqlsdnega_6c_pz9_q9ep9epm4iwqfsrxqsnaz-j9dyldimaoocg/viewform?usp=send_form,1,path_manipulation,0.49613482745520876,1
http://www.sishendm.com,1,path_manipulation,0.980703500588597,1
http://att-108784.square.site/,1,path_manipulation,0.990596597199316,1
https://informasjon379820922.blogspot.com/?trkid=pn8322826547413800&sub1=tb4j9lf,1,path_manipulation,0.9304445570270541,1
http://down.shopeevip11.com/,1,path_manipulation,0.9978917589716501,1
http://www.omwowxisr.ga,1,path_manipulation,0.9880720834891965,1
https://amazon-hgfhtt.zyns.com/mobile/signim.php,1,path_manipulation,0.8667678738961959,1
http://www.beatleslover.com,1,path_manipulation,0.9982190678804301,1
https://docs.google.com/forms/d/e/1faipqlsfp1eukgsktriyraz2csynqwfwtv6ehlnbszu69dbxz9lirtq/viewform,1,path_manipulation,0.6445333969574351,1
https://acompanhando-meusgastos-online.com/luiza/home.php?userid=&uri=jkluamrfhfwos4cafnmeh7pa1pzx12wuktqwv4swvyw=,1,path_manipulation,0.9536249197995235,1
http://www.spoke.ga,1,path_manipulation,0.9945067622587196,1
https://att-100984.square.site/,1,path_manipulation,0.7715782485207707,1
http://www.14gjm.xyz,1,path_manipulation,0.993406730358301,1
https://my-business-107865-109573.square.site/,1,path_manipulation,0.9815861609472402,1
http://www.supportxmr.com,1,path_manipulation,0.9791967861400025,1
http://sheinaapp.com,1,path_manipulation,0.9951818131909344,1
http://www.netshieldkit.com,1,path_manipulation,0.9782879704765799,1
https://zurbrioerf.com,1,path_manipulation,0.4391842617135765,0
http://www.hotfixmsupload.com,1,path_manipulation,0.9781819928671084,1
https:///login/../login-screen-107860.square.site/,1,path_manipulation,0.8114947022020313,1
https://djc74bcd9b51a2-1ebf-4df7-bc61-d371fe9eccf.myportfolio.com/,1,path_manipulation,0.9918471089661803,1
https://yahooconfiguration0.wixsite.com/html,1,path_manipulation,0.6804672417755652,1
https://docs.google.com/forms/d/e/1faipqlsc-nv7qlz6jg_y9ze5k9ds_kzo8hyelurb5j5veve1q4jkiwq/viewform?usp=send_form,1,path_manipulation,0.42857773716203945,0
https://sht.moe/zmrww,1,path_manipulation,0.5279607317067588,1
https://www.omahanewsbulletin.com,1,path_manipulation,0.11770996100204553,0
https://bjbbw6.wixsite.com/my-site-2,1,path_manipulation,0.539209351100305,1
https://tcpw7mwm.dreamwp.com/auth,1,path_manipulation,0.4328918783667891,0
http://www.greeaircondition.com,1,path_manipulation,0.998134742066625,1
https://dn75852739.wixsite.com/my-site,1,path_manipulation,0.7139694066310247,1
http://43.153.207.103/v3/signin/identifier?dsh=s-16339560%3a1679418180081355&amp%3bfollowup=https%3a%2f%2faccounts.google.com%2f%3f&amp%3bifkv=awnoghedjeezlxxcukyobikksrlskkbb8naftymojf2pwikab-md99nj9vzjmeshc1trpqxmz-t9&amp%3bpassive=1209600&amp%3bxrealip=107.178.200.216&continue=https%3a%2f%2faccounts.google.com%2f%3f&xrealip=107.21.207.171&flowname=weblitesignin&flowentry=servicelogin&ifkv=awnoghdkbq5_bcbcs7t_jbbb9kh3txpcqomjbjvtodoolkfraglnqnbwsicqnuymo66jb13fvsxv,1,path_manipulation,0.9994678048775931,1
http://www.uzdarakchi.com,1,path_manipulation,0.9782262489871185,1
https://mail-105744.square.site/,1,path_manipulation,0.8200359875911701,1
https://www.ekni-nct.ekint.lulhbc.top/load.php,1,path_manipulation,0.9540831564420336,1
https://drive.google.com/file/d/1ginbnlpvt7kpfnog9a68fqmn7k3aivui,1,path_manipulation,0.31145177394226525,0
http://www.omwowxisu.gq,1,path_manipulation,0.9880271399973617,1
http://www.asymmetricfile.blogspot.com,1,path_manipulation,0.992327826700383,1
http://www.inboundmag.com,1,path_manipulation,0.9782262489871185,1
http://www.pdnw.nowurl.fun,1,path_manipulation,0.998446849856456,1
https://e.vg/24bper,1,path_manipulation,0.7730043720553417,1
https://novo-sicredi-black.com/?page=home&amp;a=208a545d9c9920e5b82164095ef319bad2175dc5secure2158133160d9d280afd9baa68ac7d4411e4dfa5aaccess&amp;b=c307f85ef63c038db5451a1042f6f71035959e14secureb88a92fff52f9bef397d01a21ebe53836dcf62fbaccess&amp;c=4b5a9afcee2770f60fda9be064592b20a861a360secure9c2abcaa953117131aa7425287bb7855c77d94e9access,1,path_manipulation,0.9893420857371806,1
http://smartdappsauthonline.com,1,path_manipulation,0.9817251452408454,1
http://www.helpdesk.autodefragapp.com,1,path_manipulation,0.9921704459679253,1
http://www.revoadademalandro.top,1,path_manipulation,0.9885701589707505,1
http://www.hiphopeconomicdevelopment.com,1,path_manipulation,0.9449116700708773,1
https://ount.thejewtangclan.com/jp.php,1,path_manipulation,0.30006843558594354,0
https://faturarennersolucoesweb.com//login/../login/seguranca.php,1,path_manipulation,0.6406284930137602,1
http://www.nvdh.nowurl.fun,1,path_manipulation,0.998446849856456,1
http://www.mailservices.pythonanywhere.com,1,path_manipulation,0.98195093639243,1
https://docs.google.com/presentation/d/e/2pacx-1vqp1bs7pp2guhiddnanci5t_elobevup6mr14v_llaxfa_35lnj_gd57iuzq91rm4xioxgt3rstsqqu/pub?start=false&loop=false&delayms=3000&slide=id.p,1,path_manipulation,0.4649693588120343,1
https://arnaz0n.tgfdw.top/ap/signin,1,path_manipulation,0.9164164400691615,1
http://www.xsites-dev.xyz,1,path_manipulation,0.98858088230596,1
http://www.cryptobara.com,1,path_manipulation,0.9782841346255726,1
http://www.ancient-parrot-9.loca.lt,1,path_manipulation,0.9843570983262648,1
http://www.wangluojiumingjingli.org,1,path_manipulation,0.9657736628094907,1
http://www.randkey-1301476296.cos.ap-mumbai.myqcloud.com,1,path_manipulation,0.9994483389147664,1
http://uniswaplendwap.top,1,path_manipulation,0.9971170072862975,1
https://late-dingos-suffer-209-127-18-151.loca.lt/,1,path_manipulation,0.9700594839330974,1
http://www.ratlittonrigh.com,1,path_manipulation,0.9783196822394817,1
http://www.adrd.xiaxiab.com,1,path_manipulation,0.9993068867245476,1
http://www.sanaradyab.ir,1,path_manipulation,0.9797940713946393,1
http://www.phlhjk.cannca.shop,1,path_manipulation,0.9984505111094482,1
https://lizc2f3.myportfolio.com/,1,path_manipulation,0.5300299804910694,1
https://christensengroupinsurance.myportfolio.com/,1,path_manipulation,0.5774051915509666,1
http://www.bruidsfotografie-breda.nl,1,path_manipulation,0.9956879385354117,1
http://www.originproducts.xyz,1,path_manipulation,0.9772269415799485,1
http://www.talkischeap.co.za,1,path_manipulation,0.9982560566453115,1
http://www.universalbumpkeys.com,1,path_manipulation,0.9782169274799981,1
http://www.picnicapp.co.uk,1,path_manipulation,0.9797269125681977,1
http://www.performanceacademia.com.br,1,path_manipulation,0.9954547586194848,1
http://www.cq.tqomz.com,1,path_manipulation,0.9936930627196501,1
http://www.flightzy.bid,1,path_manipulation,0.9807555789306146,1
https://docs.google.com/forms/d/e/1faipqlseht4cdltkad8967jjarcb5nafonbaw3dtpynth9mdk94hf-q/viewform?usp=send_form,1,path_manipulation,0.4730935092366935,1
https://autofieldindia.com/ob,1,path_manipulation,0.5376188839949343,1
http://seguroltau.atsnx.com/,1,path_manipulation,0.9806518616573857,1
http://www.server1fermo.exodus.connexxa.it,1,path_manipulation,0.9958360480818322,1
https://www.netflix-vn.com,1,path_manipulation,0.3566285877482551,0
http://www.repo.do-cu.site,1,path_manipulation,0.9805354827474637,1
http://www.live-com.gq,1,path_manipulation,0.9918691455446401,1
http://www.jrat.io,1,path_manipulation,0.9987397586877005,1
http://www.iredl.ml,1,path_manipulation,0.9945067622587196,1
https://review-docu.myportfolio.com/,1,path_manipulation,0.44866794866112913,0
http://www.k8381.com,1,path_manipulation,0.9945109738370281,1
http://www.chromeperfection.com,1,path_manipulation,0.9781659405116592,1
http://www.111xxxxx.com,1,path_manipulation,0.9898440939267644,1
http://att-101435-107378.square.site/,1,path_manipulation,0.9981390927861767,1
http://www.hbaa.law,1,path_manipulation,0.9980706907967771,1
http://www.entourageaid.com,1,path_manipulation,0.9991613291228656,1
http://www.serveranywhere.cf,1,path_manipulation,0.9701194746006976,1
http://www.salesforcesupports.com,1,path_manipulation,0.9783834321018661,1
http://ethereum-che.com,1,path_manipulation,0.9958532103306151,1
http://www.trkps.com,1,path_manipulation,0.9793631823162245,1
http://www.dynamic-dns.net,1,path_manipulation,0.9823546327796058,1
http://www.mbmb99.com,1,path_manipulation,0.998977948139171,1
http://www.michkatravel.com,1,path_manipulation,0.9782879704765799,1
http://www.2ww.me,1,path_manipulation,0.9934201491874447,1
http://www.krawangan.com,1,path_manipulation,0.979782338335653,1
http://www.meteoprog.ns01.us,1,path_manipulation,0.9672668703797562,1
http://www.amazcaom-co-jp.amaozeon.chalvshe.top/,1,path_manipulation,0.9933892866185967,1
http://www.adiscusion.com,1,path_manipulation,0.9980452760069053,1
http://www.panorama-otel.ru,1,path_manipulation,0.98858088230596,1
http://www.wildcard.repeta.com.au,1,path_manipulation,0.9947505501220062,1
https://attcom-109199.square.site/,1,path_manipulation,0.8142430750418533,1
http://www.lbertussbau.com,1,path_manipulation,0.9782590131669858,1
http://www.kakao.net-all.website,1,path_manipulation,0.9985043787242514,1
http://www.axletime.com,1,path_manipulation,0.9981502147427699,1
http://www.shpk-sanair.gq,1,path_manipulation,0.9886198078533057,1
https://susangerd.ir/refcheck/old.html,1,path_manipulation,0.37746112256153685,0
https://zenobrands33.wixsite.com/my-site,1,path_manipulation,0.5894565764495183,1
http://www.greenphoenix.xyz,1,path_manipulation,0.9701032474774358,1
http://www.tallyandfin.com,1,path_manipulation,0.9783439021347231,1
http://www.sena-peygri.cf,1,path_manipulation,0.98858088230596,1
http://confirmarcreditoltau.atsnx.com/?i=1,1,path_manipulation,0.9885639221973259,1
http://work4home.co.za/admin/1cb-47c22-b778a6b-70e64d1225c1fef51/enforcer//login/../login.php,1,path_manipulation,0.9535574444044859,1
https://tcommanderdcd7.myportfolio.com/,1,path_manipulation,0.6492379720493097,1
http://www.211205.top,1,path_manipulation,0.9955750397216871,1
http://www.khmerosja.net,1,path_manipulation,0.979782338335653,1
http://www.6.duogz.com,1,path_manipulation,0.9970645971363069,1
https://sites.google.com/view/necrologieinfosfroravocal/accueil,1,path_manipulation,0.307239214784017,0
https://adttnetagadfar.square.site/,1,path_manipulation,0.21961945852352754,0
http://www.waterhousecleaning.co.uk,1,path_manipulation,0.999046045275503,1
http://www.rysstadsylv.no,1,path_manipulation,0.9791983190280946,1
http://www.dreamportalz.us,1,path_manipulation,0.9863748187782949,1
http://www.888andro.net,1,path_manipulation,0.9978431991798153,1
http://verifysup02218115112022.rf.gd/,1,path_manipulation,0.9882459999135709,1
https://amoen.ye958.com/jp,1,path_manipulation,0.3825087285491384,0
http://www.pbhack.ru,1,path_manipulation,0.9895104588839814,1
http://www.office-fonts.herokuapp.com,1,path_manipulation,0.9910257034257859,1
http://www.healthymachinery.com,1,path_manipulation,0.9783383899338502,1
http://www.stackspay.com,1,path_manipulation,0.980761653309855,1
https://docs.google.com/presentation/d/e/2pacx-1vtnqm2u8shvhqgtyog36zyxjjwmeiqc2y9yxurmf80c9kijvzeycqsuqexdzvh8rk1b5b1flubend6l/pub?start=false&loop=false&delayms=3000&slide=id.p,1,path_manipulation,0.554901429788681,1
http://www.amazceom-co-jp.amaczeon.chatdouyin.top/,1,path_manipulation,0.9960831505786979,1
http://www.precisionmechanical.org,1,path_manipulation,0.9981484810524364,1
http://www.fotos.lc,1,path_manipulation,0.9977724455498382,1
http://www.dadsgetinthegame.com,1,path_manipulation,0.9781659405116592,1
http://www.3je.sdybv.com,1,path_manipulation,0.9992727277263578,1
http://www.ausameetings.com,1,path_manipulation,0.9981865582176125,1
http://www.js.csad.cc,1,path_manipulation,0.9993411793584496,1
http://www.lottoplays.com,1,path_manipulation,0.9782841346255726,1
http://www.doable.nl,1,path_manipulation,0.9952497195307959,1
http://www.indeksonline.org,1,path_manipulation,0.9982190678804301,1
http://www.naverserviceteam.com,1,path_manipulation,0.998106158337529,1
http://sweetceidrogerbhimlea.tk/,1,path_manipulation,0.9960316591610825,1
http://www.webpartner.fr,1,path_manipulation,0.9798519570330935,1
http://www.eggsupgrillfranchise.com,1,path_manipulation,0.9660035578183516,1
http://lavozdeloscentauros.com/,1,path_manipulation,0.9960531892708545,1
http://www.sgnaturn.com,1,path_manipulation,0.980703500588597,1
http://walletconnectlive.blogspot.com,1,path_manipulation,0.889108866613272,1
https://link.tkilef.top,1,path_manipulation,0.17682259325498856,0
http://www.sartco-ir.com,1,path_manipulation,0.9813821898703882,1
http://www.pox23.io,1,path_manipulation,0.9978184149503584,1
http://www.sbdgb.com,1,path_manipulation,0.9793631823162245,1
http://www.senseye.ikwb.com,1,path_manipulation,0.9917269151047059,1
https://www.momeyklte.cattaca.com/sonn/client/index_sp.html,1,path_manipulation,0.4900209659603454,1
http://doc-metamask.rf.gd,1,path_manipulation,0.9852875925825986,1
http://www.timoleary.co.uk,1,path_manipulation,0.9981437966522163,1
http://www.afiliadosilva.com,1,path_manipulation,0.9983163819381679,1
http://www.eblagh-r.ml,1,path_manipulation,0.9918691455446401,1
https://att-102722-106593servcerbusiness.square.site/,1,path_manipulation,0.9679459694355949,1
http://www.handyman.macleannsw.com,1,path_manipulation,0.988109046017906,1
http://turnaroundsupport.co.za/kundenkonto/indexx.html,1,path_manipulation,0.9716040717162133,1
http://www.datenbank.mobi,1,path_manipulation,0.9782145159281322,1
https://attloginpage-mailerlink.square.site/,1,path_manipulation,0.8401792288732448,1
http://www.tzuzsyfd.net,1,path_manipulation,0.9807555789306146,1
https://att-mail-104057.square.site/,1,path_manipulation,0.8387850400551644,1
http://www.daxberger.at,1,path_manipulation,0.9797661683840089,1
https://fladestateins.com/08131e57-e230-465b-bb5e-840b8af30ec4,1,path_manipulation,0.8660478004398696,1
https://pold.builderallwppro.com/wp-content/plugins/r/tracking/fv5ejh/details.php,1,path_manipulation,0.7039963272926548,1
http://www.delphi3135.gorodok.net,1,path_manipulation,0.9949744481338147,1
http://www.greencoco.id,1,path_manipulation,0.9981859684201231,1
http://www.eblagh-hj.ml,1,path_manipulation,0.9907909917396301,1
http://www.115.at,1,path_manipulation,0.9987639256644589,1
https://allegroiokalnie7info.67564534.xyz/bdxl74cx?from_sms=1,1,path_manipulation,0.971828067821393,1
http://www.app.in-spicy.com,1,path_manipulation,0.9753732493191445,1
http://www.rakcten-carb.ofhzuue.cn/,1,path_manipulation,0.9837247274538002,1
https://www.cosmoswater.in/otp.php,1,path_manipulation,0.21706405861881425,0
http://yeqk42t.square.site/,1,path_manipulation,0.9978480046791012,1
https://my-business-103077.square.site/,1,path_manipulation,0.8783077055866665,1
http://www.frissoncourier.com/wp-content/plugins/wpcargo/assets/images/,1,path_manipulation,0.9765502626745338,1
https://docs.google.com/forms/d/e/1faipqlsfjsgjhbjke-mlmni8cfg1tacz-hdpvmy5j2br9upjr1f7nda/viewform?usp=send_form,1,path_manipulation,0.4840655038451187,1
https://instagrame.net/,1,path_manipulation,0.5797093649587122,1
http://www.hxc28.com,1,path_manipulation,0.9987818005006626,1
http://www.leapmom.com,1,path_manipulation,0.9981766598034805,1
https://sites.google.com/view/ptss18/?dn,1,path_manipulation,0.19291289548475216,0
http://www.emrahkeskin.com,1,path_manipulation,0.9782590131669858,1
http://www.hotelfocus.nl,1,path_manipulation,0.9797940713946393,1
http://www.crophysi.ru,1,path_manipulation,0.9930120316144887,1
http://www.aadl-iran.ml,1,path_manipulation,0.9918459358004222,1
http://www.zestevents.co,1,path_manipulation,0.9798519570330935,1
http://www.wj.tqomz.com,1,path_manipulation,0.9936930627196501,1
http://www.javaterm.com,1,path_manipulation,0.979777901442995,1
http://www.iamme-label.com,1,path_manipulation,0.9802812414657925,1
http://www.westthamesphysio.com,1,path_manipulation,0.9783383899338502,1
http://www.211120bei.top,1,path_manipulation,0.9892297704186188,1
http://www.bshades.eu,1,path_manipulation,0.9786457689786154,1
https://banbobiinacionall.herokuapp.com/,1,path_manipulation,0.3913125905976417,0
https://s3.ap-southeast-1.wasabisys.com/policies/appsuite/tlyappioox/mailfolderdefault0/inbox.html#redacted@abuse.ionos.com,1,path_manipulation,0.9686575810559507,1
http://www.rspvm.servergame.com,1,path_manipulation,0.9948181859374046,1
http://akewuqekas.sembarriga.com.br/vnafvra97w/?q=3717065149&id=100,1,path_manipulation,0.9993296442114469,1
http://www.creativecombat.com/wp-admin/network/acct//login/../login.php?rand=13inboxlightaspxn.1774256418&fid.4.1252899642&fid=1&fav.1&rand.13inboxlight.aspxn.1774256418&fid.1252899642&fid.1&fav.1&email=&.rand=13inboxlight.aspx?n=1774256418&fid=4#n=1252899642&fid=1&fav=1,1,path_manipulation,0.9839621118416841,1
http://www.xnxx.c1.biz,1,path_manipulation,0.9361230777065996,1
http://www.jfgsifrptbirusgs.net,1,path_manipulation,0.9789008106652937,1
http://www.tanilcosmetics.com,1,path_manipulation,0.9781819928671084,1
https://trophterra.tk/164bd,1,path_manipulation,0.950004592442296,1
http://www.shprakserf.gq?ref=84721,1,query_manipulation,0.9938908988119739,1
http://www.iuhjn.pplink.club?ref=84721,1,query_manipulation,0.9948200788353734,1
https://sabadonoappmagazine.com/?ref=84721,1,query_manipulation,0.6619823648836217,1
http://www.nextraload.com?ref=84721,1,query_manipulation,0.9927971060826749,1
http://tkmowpikuk.owl4fsrch.club/vnafvra97w/?q=3717065149&id=100&ref=84721,1,query_manipulation,0.9993187635174984,1
https://btopenworldwebmailing.square.site/?ref=84721,1,query_manipulation,0.7963157299518798,1
http://www.fgurb.cannca.shop?ref=84721,1,query_manipulation,0.9975044220852745,1
https://www.ethmining.info/#/?ref=84721,1,query_manipulation,0.8867220805310934,1
http://ianacurtis.rmxcontabilidade.com.br?ref=84721,1,query_manipulation,0.9948167556469313,1
http://www.pony4.microsoftups.com?ref=84721,1,query_manipulation,0.9855960675135098,1
http://www.play.stream.vidzi.tv?ref=84721,1,query_manipulation,0.9975960816436305,1
http://www.beemail.online?ref=84721,1,query_manipulation,0.9928352245796248,1
http://www.915783.com?ref=84721,1,query_manipulation,0.978399906018326,1
https://attcom-102201.square.site/?ref=84721,1,query_manipulation,0.9251042438943939,1
https://upyq8ess.dreamwp.com/dkskat/?ref=84721,1,query_manipulation,0.4716956161301029,1
https://www.faewood.com?ref=84721,1,query_manipulation,0.4368899384580044,0
https://ennsttsqau.square.site/?ref=84721,1,query_manipulation,0.5002322011864615,1
https://docs.google.com/forms/d/1casphevkfdaz2okqj70wdai3pdwwg1weh_rpk9v0z3a/viewform?ref=84721,1,query_manipulation,0.4665620903158246,1
http://www.frissoncourier.com?ref=84721,1,query_manipulation,0.9802328143436245,1
http://www.clinicafresa20.com?ref=84721,1,query_manipulation,0.9807830294427353,1
http://chieuphan-bdshotram.com/webs/?ref=84721,1,query_manipulation,0.9978025000125263,1
https://www.ekie-nat.ekaste.bhwkke.top/load.php?ref=84721,1,query_manipulation,0.9381411323261155,1
http://www.keliweb.it?ref=84721,1,query_manipulation,0.9604284819889015,1
http://www.baagii.sportsnewsa.net?ref=84721,1,query_manipulation,0.9943033210953203,1
https://s3.ap-southeast-1.wasabisys.com/mailbusiness/appsuite/tlyappioox/mailfolderdefault9/inbox.html#redacted@abuse.ionos.com?ref=84721,1,query_manipulation,0.9686575810559507,1
https://lowes-solicitors.co.uk/ch/panel/?ref=84721,1,query_manipulation,0.7868919552392363,1
http://www.clientcentre.net?ref=84721,1,query_manipulation,0.9928245379662073,1
https://euygy.square.site/?ref=84721,1,query_manipulation,0.47409470904107864,1
http://www.automan-1301476296.cos.eu-moscow.myqcloud.com?ref=84721,1,query_manipulation,0.9994483389147664,1
http://www.aleksandartaskov.com?ref=84721,1,query_manipulation,0.9961298144522198,1
http://www.whoer.net?ref=84721,1,query_manipulation,0.9626723660685904,1
https://terapiaespecializada.es/mtb/app/verify.php?ref=84721,1,query_manipulation,0.7563517418128087,1
http://www.nogiledeneli.ru?ref=84721,1,query_manipulation,0.9959659801166829,1
http://www.reco.ws?ref=84721,1,query_manipulation,0.9707200574744037,1
http://www.polevoyton.store?ref=84721,1,query_manipulation,0.9938906909029189,1
https://antai-gouv.net/?ref=84721,1,query_manipulation,0.7228208114737402,1
https://shrtco.de/1d9yeo?ref=84721,1,query_manipulation,0.6695435367370781,1
http://fti.unmerpas.ac.id/wp-admin/user/webgenkic/investopia/index.php?email=get@get.get&ref=84721,1,query_manipulation,0.9835674698679684,1
https://ejjud0.wixsite.com/attt?ref=84721,1,query_manipulation,0.48276027578749436,1
http://www.campbellz.cf?ref=84721,1,query_manipulation,0.9917307348576785,1
http://www.lwac.com?ref=84721,1,query_manipulation,0.9816020532418847,1
http://centrica.comrqzrofxnhwwgrqzrofrofxnhwagx2nfse2nfagx2nfsesewxnhwagxwgrqzg.mustaccio.com/0.php#ywnjb3vudhnay2vudhjpy2euy29t?ref=84721,1,query_manipulation,0.995943738551081,1
https://00-coveriy-tm.quest/?ref=84721,1,query_manipulation,0.8271399689450988,1
https://attcom-101978.square.site/?ref=84721,1,query_manipulation,0.9251042438943939,1
https://docs.google.com/forms/d/e/1faipqlscckv1-rxhipcmrhnwfvq2lhuxx18nzcm1e7e0oz8ienixtgw/viewform?ref=84721,1,query_manipulation,0.4698752077578289,1
http://www.oosp.pplink.club?ref=84721,1,query_manipulation,0.9955841471630752,1
https://www-info-cr-mufg.huiwenfeng.com/jp.php?ref=84721,1,query_manipulation,0.860021359471728,1
http://www.karizcustomizeme.com?ref=84721,1,query_manipulation,0.9955314753353994,1
http://dj-wedding.tk/besst/?ref=84721,1,query_manipulation,0.9973999774317136,1
https://www.google.com/url?q=https://ipfs.io/ipfs/qmpovsvevlyhp2gj6vfhkqvhaydz1o7y2xn3xt87kkghtv%23%5bemail%5d&amp;source=gmail&amp;ust=1663915474090000&amp;usg=aovvaw1usggtmp1ivavtzsxcz8g1&ref=84721,1,query_manipulation,0.5444700189572282,1
http://www.iiorinmf.pplink.club?ref=84721,1,query_manipulation,0.9910564871555996,1
https://dmbelectricinc.com/?ref=84721,1,query_manipulation,0.5849422528515784,1
http://www.intelsupportcenter.com?ref=84721,1,query_manipulation,0.9961564255062723,1
http://4710463d43910.bonactech.com/#zfhobgnrqmtimjfoyvc0dwrhegs?ref=84721,1,query_manipulation,0.9852041590629564,1
http://www.www--wellsfargo--com--t249329d48d6c.wsipv6.com?ref=84721,1,query_manipulation,0.9981851730660546,1
https://www.id292468292.ru?ref=84721,1,query_manipulation,0.9943829155031778,1
https://www.danieltolson.com/home.php?ref=84721,1,query_manipulation,0.4171913157249592,0
http://www.icloud-id-services.com?ref=84721,1,query_manipulation,0.9889062684048502,1
http://www.tripadvisorsapp.com?ref=84721,1,query_manipulation,0.9949916994602725,1
http://my-business-106173-106262.square.site/?ref=84721,1,query_manipulation,0.9981563712904371,1
http://cek58793690694674609.rf.gd/?ref=84721,1,query_manipulation,0.9949506394850974,1
https://meinedkb.me/?ref=84721,1,query_manipulation,0.5952355920728243,1
http://www.pmbfytlkm.ml?ref=84721,1,query_manipulation,0.9925782291374755,1
https://www.solutionfun.info?ref=84721,1,query_manipulation,0.8617202582402982,1
https://fladestateins.com/4ecc9875-1bec-4eb4-b4b8-859e345aa26a?ref=84721,1,query_manipulation,0.8117540780139313,1
https://www.ioginunlcovlabcp.com/?ref=84721,1,query_manipulation,0.5738044046558864,1
https://opmklw.com/?ref=84721,1,query_manipulation,0.7271463887875784,1
https://pyyplapp.com/?ref=84721,1,query_manipulation,0.5935663809929209,1
http://hkmulane.cn/bnl51?ref=84721,1,query_manipulation,0.969844005712203,1
http://www.winconnectors.com?ref=84721,1,query_manipulation,0.9928795410803002,1
http://www.wikaba.com?ref=84721,1,query_manipulation,0.9708084493095072,1
http://yzxlsc.com/wordpress/wp-includes/fonts/aupost/track/index2.php?ref=84721,1,query_manipulation,0.9894206050457168,1
http://www.shbc.pplink.club?ref=84721,1,query_manipulation,0.9955841471630752,1
http://www.towncenterhotel.com?ref=84721,1,query_manipulation,0.9949916994602725,1
http://www.mail-nepalarmymil-np.gq?ref=84721,1,query_manipulation,0.9941246958837902,1
http://www.dyskurs.com.ua?ref=84721,1,query_manipulation,0.9964060999751899,1
https://alertascliente.webcindario.com/?ref=84721,1,query_manipulation,0.8076332886895112,1
http://www.1shop.de?ref=84721,1,query_manipulation,0.9731232712764981,1
https://att-102707.square.site/?ref=84721,1,query_manipulation,0.9013138721095271,1
https://auth-dkb-online.de/?ref=84721,1,query_manipulation,0.7991393234898891,1
http://www.cachecontent.com?ref=84721,1,query_manipulation,0.9928245379662073,1
http://www.0catch.com?ref=84721,1,query_manipulation,0.9806907144618977,1
http://lukers.com.sg/chronopostalertee/chronopostalertee?ref=84721,1,query_manipulation,0.9812662237450838,1
http://www.unblockproxy.us?ref=84721,1,query_manipulation,0.951848420342345,1
https://crosschainbridge-eth.com/?gclid=cjwkcaia5siebhbneiwar9oh2vy9yq0vuiatdgyarsqdbwlwezejyz3u2ljjjphfzmf2sgpv9hopiboco-wqavd_bwe&ref=84721,1,query_manipulation,0.927573227474344,1
http://www.allsecurehosting.com?ref=84721,1,query_manipulation,0.862362575790381,1
http://www.wearebred.net?ref=84721,1,query_manipulation,0.9910832738491979,1
https://cmac-cajatacna.com/1675952392/cliente/login?ref=84721,1,query_manipulation,0.9225370736861069,1
https://sampierry11.wixsite.com/my-site-1?ref=84721,1,query_manipulation,0.601464420254788,1
http://www.oolkjd.pplink.club?ref=84721,1,query_manipulation,0.9972501034780821,1
http://maharashtra-enterprises.com/feedback/portal.php?ref=84721,1,query_manipulation,0.9944326073085575,1
http://www.antongas-fx.ru?ref=84721,1,query_manipulation,0.996699066654864,1
http://www.tg0913.com?ref=84721,1,query_manipulation,0.9783268199737443,1
https://powerlineindustriesinc.myportfolio.com/?ref=84721,1,query_manipulation,0.787488741564497,1
https://ayt-103563-100603.square.site/?ref=84721,1,query_manipulation,0.9454049421435083,1
http://www.proxify.com?ref=84721,1,query_manipulation,0.9880318223685212,1
http://www.marketexon.com?ref=84721,1,query_manipulation,0.9927971060826749,1
https://docs.google.com/forms/d/e/1faipqlsdnega_6c_pz9_q9ep9epm4iwqfsrxqsnaz-j9dyldimaoocg/viewform?usp=send_form&ref=84721,1,query_manipulation,0.4536614069802991,1
http://www.sishendm.com?ref=84721,1,query_manipulation,0.9917248600264855,1
http://att-108784.square.site/?ref=84721,1,query_manipulation,0.9908207186394197,1
https://informasjon379820922.blogspot.com/?trkid=pn8322826547413800&sub1=tb4j9lf&ref=84721,1,query_manipulation,0.9583805890608252,1
http://down.shopeevip11.com/?ref=84721,1,query_manipulation,0.9957441408726215,1
http://www.omwowxisr.ga?ref=84721,1,query_manipulation,0.9935553351731621,1
https://amazon-hgfhtt.zyns.com/mobile/signim.php?ref=84721,1,query_manipulation,0.8789010758670852,1
http://www.beatleslover.com?ref=84721,1,query_manipulation,0.9795646223732382,1
https://docs.google.com/forms/d/e/1faipqlsfp1eukgsktriyraz2csynqwfwtv6ehlnbszu69dbxz9lirtq/viewform?ref=84721,1,query_manipulation,0.5488990585684066,1
https://acompanhando-meusgastos-online.com/luiza/home.php?userid=&uri=jkluamrfhfwos4cafnmeh7pa1pzx12wuktqwv4swvyw=&ref=84721,1,query_manipulation,0.9473956879138102,1
http://www.spoke.ga?ref=84721,1,query_manipulation,0.9951270062642452,1
https://att-100984.square.site/?ref=84721,1,query_manipulation,0.9013138721095271,1
http://www.14gjm.xyz?ref=84721,1,query_manipulation,0.9762799700868371,1
https://my-business-107865-109573.square.site/?ref=84721,1,query_manipulation,0.9881940457370793,1
http://www.supportxmr.com?ref=84721,1,query_manipulation,0.9927243710367722,1
http://sheinaapp.com?ref=84721,1,query_manipulation,0.981471383273807,1
http://www.netshieldkit.com?ref=84721,1,query_manipulation,0.9928245379662073,1
https://zurbrioerf.com?ref=84721,1,query_manipulation,0.5319487354001579,1
http://www.hotfixmsupload.com?ref=84721,1,query_manipulation,0.9945588828733053,1
https://login-screen-107860.square.site/?ref=84721,1,query_manipulation,0.9823291238969244,1
https://djc74bcd9b51a2-1ebf-4df7-bc61-d371fe9eccf.myportfolio.com/?ref=84721,1,query_manipulation,0.9934038724790817,1
https://yahooconfiguration0.wixsite.com/html?ref=84721,1,query_manipulation,0.8257488861470506,1
https://docs.google.com/forms/d/e/1faipqlsc-nv7qlz6jg_y9ze5k9ds_kzo8hyelurb5j5veve1q4jkiwq/viewform?usp=send_form&ref=84721,1,query_manipulation,0.4515566622071197,0
https://sht.moe/zmrww?ref=84721,1,query_manipulation,0.6428311928319899,1
https://www.omahanewsbulletin.com?ref=84721,1,query_manipulation,0.6786702638441819,1
https://bjbbw6.wixsite.com/my-site-2?ref=84721,1,query_manipulation,0.5173317001526629,1
https://tcpw7mwm.dreamwp.com/auth?ref=84721,1,query_manipulation,0.4844546246783376,1
http://www.greeaircondition.com?ref=84721,1,query_manipulation,0.995700385908228,1
https://dn75852739.wixsite.com/my-site?ref=84721,1,query_manipulation,0.8105877080019157,1
http://43.153.207.103/v3/signin/identifier?dsh=s-16339560%3a1679418180081355&amp%3bfollowup=https%3a%2f%2faccounts.google.com%2f%3f&amp%3bifkv=awnoghedjeezlxxcukyobikksrlskkbb8naftymojf2pwikab-md99nj9vzjmeshc1trpqxmz-t9&amp%3bpassive=1209600&amp%3bxrealip=107.178.200.216&continue=https%3a%2f%2faccounts.google.com%2f%3f&xrealip=107.21.207.171&flowname=weblitesignin&flowentry=servicelogin&ifkv=awnoghdkbq5_bcbcs7t_jbbb9kh3txpcqomjbjvtodoolkfraglnqnbwsicqnuymo66jb13fvsxv&ref=84721,1,query_manipulation,0.9994678048775931,1
http://www.uzdarakchi.com?ref=84721,1,query_manipulation,0.9927971060826749,1
https://mail-105744.square.site/?ref=84721,1,query_manipulation,0.8985094686699311,1
https://www.ekni-nct.ekint.lulhbc.top/load.php?ref=84721,1,query_manipulation,0.9376248264378798,1
https://drive.google.com/file/d/1ginbnlpvt7kpfnog9a68fqmn7k3aivui?ref=84721,1,query_manipulation,0.3387313095234041,0
http://www.omwowxisu.gq?ref=84721,1,query_manipulation,0.9944278449778352,1
http://www.asymmetricfile.blogspot.com?ref=84721,1,query_manipulation,0.9922001180960152,1
http://www.inboundmag.com?ref=84721,1,query_manipulation,0.9927971060826749,1
http://www.pdnw.nowurl.fun?ref=84721,1,query_manipulation,0.9964060999751899,1
https://e.vg/24bper?ref=84721,1,query_manipulation,0.7958442135145991,1
https://novo-sicredi-black.com/?page=home&amp;a=208a545d9c9920e5b82164095ef319bad2175dc5secure2158133160d9d280afd9baa68ac7d4411e4dfa5aaccess&amp;b=c307f85ef63c038db5451a1042f6f71035959e14secureb88a92fff52f9bef397d01a21ebe53836dcf62fbaccess&amp;c=4b5a9afcee2770f60fda9be064592b20a861a360secure9c2abcaa953117131aa7425287bb7855c77d94e9access&ref=84721,1,query_manipulation,0.9893420857371806,1
http://smartdappsauthonline.com?ref=84721,1,query_manipulation,0.9971052188414393,1
http://www.helpdesk.autodefragapp.com?ref=84721,1,query_manipulation,0.9921803466100343,1
http://www.revoadademalandro.top?ref=84721,1,query_manipulation,0.9953773755845937,1
http://www.hiphopeconomicdevelopment.com?ref=84721,1,query_manipulation,0.9786690656931833,1
https://ount.thejewtangclan.com/jp.php?ref=84721,1,query_manipulation,0.5542279991466221,1
https://faturarennersolucoesweb.com/login/seguranca.php?ref=84721,1,query_manipulation,0.7717564764876109,1
http://www.nvdh.nowurl.fun?ref=84721,1,query_manipulation,0.9964060999751899,1
http://www.mailservices.pythonanywhere.com?ref=84721,1,query_manipulation,0.9921679407112378,1
https://docs.google.com/presentation/d/e/2pacx-1vqp1bs7pp2guhiddnanci5t_elobevup6mr14v_llaxfa_35lnj_gd57iuzq91rm4xioxgt3rstsqqu/pub?start=false&loop=false&delayms=3000&slide=id.p&ref=84721,1,query_manipulation,0.5252495327423402,1
https://arnaz0n.tgfdw.top/ap/signin?ref=84721,1,query_manipulation,0.881311091480504,1
http://www.xsites-dev.xyz?ref=84721,1,query_manipulation,0.996699066654864,1
http://www.cryptobara.com?ref=84721,1,query_manipulation,0.9922327932789565,1
http://www.ancient-parrot-9.loca.lt?ref=84721,1,query_manipulation,0.9969503697582921,1
http://www.wangluojiumingjingli.org?ref=84721,1,query_manipulation,0.997367913345073,1
http://www.randkey-1301476296.cos.ap-mumbai.myqcloud.com?ref=84721,1,query_manipulation,0.9994483389147664,1
http://uniswaplendwap.top?ref=84721,1,query_manipulation,0.9973489557332023,1
https://late-dingos-suffer-209-127-18-151.loca.lt/?ref=84721,1,query_manipulation,0.9931753367252544,1
http://www.ratlittonrigh.com?ref=84721,1,query_manipulation,0.9928795410803002,1
http://www.adrd.xiaxiab.com?ref=84721,1,query_manipulation,0.9993067037245158,1
http://www.sanaradyab.ir?ref=84721,1,query_manipulation,0.9910840860821505,1
http://www.phlhjk.cannca.shop?ref=84721,1,query_manipulation,0.9979921325548885,1
https://lizc2f3.myportfolio.com/?ref=84721,1,query_manipulation,0.7117210029860687,1
https://christensengroupinsurance.myportfolio.com/?ref=84721,1,query_manipulation,0.8062655152468372,1
http://www.bruidsfotografie-breda.nl?ref=84721,1,query_manipulation,0.995558891606611,1
http://www.originproducts.xyz?ref=84721,1,query_manipulation,0.9955582656735477,1
http://www.talkischeap.co.za?ref=84721,1,query_manipulation,0.9977201778935095,1
http://www.universalbumpkeys.com?ref=84721,1,query_manipulation,0.9960976625761045,1
http://www.picnicapp.co.uk?ref=84721,1,query_manipulation,0.9903155604930545,1
http://www.performanceacademia.com.br?ref=84721,1,query_manipulation,0.9940023710517719,1
http://www.cq.tqomz.com?ref=84721,1,query_manipulation,0.9958263687090835,1
http://www.flightzy.bid?ref=84721,1,query_manipulation,0.9907899001333416,1
https://docs.google.com/forms/d/e/1faipqlseht4cdltkad8967jjarcb5nafonbaw3dtpynth9mdk94hf-q/viewform?usp=send_form&ref=84721,1,query_manipulation,0.4496387890298064,0
https://autofieldindia.com/ob?ref=84721,1,query_manipulation,0.5576074829483677,1
http://seguroltau.atsnx.com/?ref=84721,1,query_manipulation,0.9853733590927212,1
http://www.server1fermo.exodus.connexxa.it?ref=84721,1,query_manipulation,0.9957218483484462,1
https://www.netflix-vn.com?ref=84721,1,query_manipulation,0.8203004236559845,1
http://www.repo.do-cu.site?ref=84721,1,query_manipulation,0.9825671500575839,1
http://www.live-com.gq?ref=84721,1,query_manipulation,0.9849937980884554,1
http://www.jrat.io?ref=84721,1,query_manipulation,0.9816020532418847,1
http://www.iredl.ml?ref=84721,1,query_manipulation,0.9951270062642452,1
https://review-docu.myportfolio.com/?ref=84721,1,query_manipulation,0.792681692106212,1
http://www.k8381.com?ref=84721,1,query_manipulation,0.9748087339032937,1
http://www.chromeperfection.com?ref=84721,1,query_manipulation,0.9961298144522198,1
http://www.111xxxxx.com?ref=84721,1,query_manipulation,0.9917012577519164,1
http://att-101435-107378.square.site/?ref=84721,1,query_manipulation,0.998167894561794,1
http://www.hbaa.law?ref=84721,1,query_manipulation,0.9707200574744037,1
http://www.entourageaid.com?ref=84721,1,query_manipulation,0.9958145311710382,1
http://www.serveranywhere.cf?ref=84721,1,query_manipulation,0.9955582656735477,1
http://www.salesforcesupports.com?ref=84721,1,query_manipulation,0.9961564255062723,1
http://ethereum-che.com?ref=84721,1,query_manipulation,0.9947981006193775,1
http://www.trkps.com?ref=84721,1,query_manipulation,0.950047070761778,1
http://www.dynamic-dns.net?ref=84721,1,query_manipulation,0.9950990951945075,1
http://www.mbmb99.com?ref=84721,1,query_manipulation,0.9632462060257083,1
http://www.michkatravel.com?ref=84721,1,query_manipulation,0.9928245379662073,1
http://www.2ww.me?ref=84721,1,query_manipulation,0.9543887797425967,1
http://www.krawangan.com?ref=84721,1,query_manipulation,0.990436548222425,1
http://www.meteoprog.ns01.us?ref=84721,1,query_manipulation,0.9693257726267215,1
http://www.amazcaom-co-jp.amaozeon.chalvshe.top/?ref=84721,1,query_manipulation,0.9949892809705597,1
http://www.adiscusion.com?ref=84721,1,query_manipulation,0.9929437694499986,1
http://www.panorama-otel.ru?ref=84721,1,query_manipulation,0.9884042820104051,1
http://www.wildcard.repeta.com.au?ref=84721,1,query_manipulation,0.9944446365948446,1
https://attcom-109199.square.site/?ref=84721,1,query_manipulation,0.9251042438943939,1
http://www.lbertussbau.com?ref=84721,1,query_manipulation,0.9816744799743802,1
http://www.kakao.net-all.website?ref=84721,1,query_manipulation,0.998369491006776,1
http://www.axletime.com?ref=84721,1,query_manipulation,0.9921527409751558,1
http://www.shpk-sanair.gq?ref=84721,1,query_manipulation,0.996699066654864,1
https://susangerd.ir/refcheck/old.html?ref=84721,1,query_manipulation,0.34740208370037706,0
https://zenobrands33.wixsite.com/my-site?ref=84721,1,query_manipulation,0.6243478879861908,1
http://www.greenphoenix.xyz?ref=84721,1,query_manipulation,0.9811763112281012,1
http://www.tallyandfin.com?ref=84721,1,query_manipulation,0.9811869065674337,1
http://www.sena-peygri.cf?ref=84721,1,query_manipulation,0.996699066654864,1
http://confirmarcreditoltau.atsnx.com/?i=1&ref=84721,1,query_manipulation,0.9932857132794013,1
http://work4home.co.za/admin/1cb-47c22-b778a6b-70e64d1225c1fef51/enforcer/login.php?ref=84721,1,query_manipulation,0.9577618368711697,1
https://tcommanderdcd7.myportfolio.com/?ref=84721,1,query_manipulation,0.7881855515380901,1
http://www.211205.top?ref=84721,1,query_manipulation,0.9871567843956773,1
http://www.khmerosja.net?ref=84721,1,query_manipulation,0.990436548222425,1
http://www.6.duogz.com?ref=84721,1,query_manipulation,0.9921534318319584,1
https://sites.google.com/view/necrologieinfosfroravocal/accueil?ref=84721,1,query_manipulation,0.41297338497480096,0
https://adttnetagadfar.square.site/?ref=84721,1,query_manipulation,0.7276688207329085,1
http://www.waterhousecleaning.co.uk?ref=84721,1,query_manipulation,0.9976913613970865,1
http://www.rysstadsylv.no?ref=84721,1,query_manipulation,0.9890687781568225,1
http://www.dreamportalz.us?ref=84721,1,query_manipulation,0.9688914606714366,1
http://www.888andro.net?ref=84721,1,query_manipulation,0.9951836646016281,1
http://verifysup02218115112022.rf.gd/?ref=84721,1,query_manipulation,0.9646789628080044,1
https://amoen.ye958.com/jp?ref=84721,1,query_manipulation,0.6994261237694321,1
http://www.pbhack.ru?ref=84721,1,query_manipulation,0.9941312670054024,1
http://www.office-fonts.herokuapp.com?ref=84721,1,query_manipulation,0.9936027837730107,1
http://www.healthymachinery.com?ref=84721,1,query_manipulation,0.9961298144522198,1
http://www.stackspay.com?ref=84721,1,query_manipulation,0.9902685553788055,1
https://docs.google.com/presentation/d/e/2pacx-1vtnqm2u8shvhqgtyog36zyxjjwmeiqc2y9yxurmf80c9kijvzeycqsuqexdzvh8rk1b5b1flubend6l/pub?start=false&loop=false&delayms=3000&slide=id.p&ref=84721,1,query_manipulation,0.5594851308866884,1
http://www.amazceom-co-jp.amaczeon.chatdouyin.top/?ref=84721,1,query_manipulation,0.9960831505786979,1
http://www.precisionmechanical.org?ref=84721,1,query_manipulation,0.9831926092240891,1
http://www.fotos.lc?ref=84721,1,query_manipulation,0.9734546797584539,1
http://www.dadsgetinthegame.com?ref=84721,1,query_manipulation,0.9961298144522198,1
http://www.3je.sdybv.com?ref=84721,1,query_manipulation,0.9879285090340808,1
http://www.ausameetings.com?ref=84721,1,query_manipulation,0.9940732613121824,1
http://www.js.csad.cc?ref=84721,1,query_manipulation,0.9960341291517869,1
http://www.lottoplays.com?ref=84721,1,query_manipulation,0.9922327932789565,1
http://www.doable.nl?ref=84721,1,query_manipulation,0.9599377437845403,1
http://www.indeksonline.org?ref=84721,1,query_manipulation,0.9795646223732382,1
http://www.naverserviceteam.com?ref=84721,1,query_manipulation,0.9955314753353994,1
http://sweetceidrogerbhimlea.tk/?ref=84721,1,query_manipulation,0.994871671653673,1
http://www.webpartner.fr?ref=84721,1,query_manipulation,0.9905197732784323,1
http://www.eggsupgrillfranchise.com?ref=84721,1,query_manipulation,0.9979662524618931,1
http://lavozdeloscentauros.com/?ref=84721,1,query_manipulation,0.9917804861406957,1
http://www.sgnaturn.com?ref=84721,1,query_manipulation,0.9917248600264855,1
http://walletconnectlive.blogspot.com?ref=84721,1,query_manipulation,0.9278608961395701,1
https://link.tkilef.top?ref=84721,1,query_manipulation,0.8558732310183798,1
http://www.sartco-ir.com?ref=84721,1,query_manipulation,0.9950463525617159,1
http://www.pox23.io?ref=84721,1,query_manipulation,0.9851503344627719,1
http://www.sbdgb.com?ref=84721,1,query_manipulation,0.950047070761778,1
http://www.senseye.ikwb.com?ref=84721,1,query_manipulation,0.9971869429843512,1
https://www.momeyklte.cattaca.com/sonn/client/index_sp.html?ref=84721,1,query_manipulation,0.7443103145009715,1
http://doc-metamask.rf.gd?ref=84721,1,query_manipulation,0.98154142253834,1
http://www.timoleary.co.uk?ref=84721,1,query_manipulation,0.991401754677819,1
http://www.afiliadosilva.com?ref=84721,1,query_manipulation,0.9942387874024995,1
http://www.eblagh-r.ml?ref=84721,1,query_manipulation,0.9949521462369798,1
https://att-102722-106593servcerbusiness.square.site/?ref=84721,1,query_manipulation,0.9721873728316629,1
http://www.handyman.macleannsw.com?ref=84721,1,query_manipulation,0.9879391985721042,1
http://turnaroundsupport.co.za/kundenkonto/indexx.html?ref=84721,1,query_manipulation,0.9941364248894183,1
http://www.datenbank.mobi?ref=84721,1,query_manipulation,0.9921495682229493,1
https://attloginpage-mailerlink.square.site/?ref=84721,1,query_manipulation,0.944475225472375,1
http://www.tzuzsyfd.net?ref=84721,1,query_manipulation,0.9907899001333416,1
https://att-mail-104057.square.site/?ref=84721,1,query_manipulation,0.9404046960480187,1
http://www.daxberger.at?ref=84721,1,query_manipulation,0.9909004462387794,1
https://fladestateins.com/08131e57-e230-465b-bb5e-840b8af30ec4?ref=84721,1,query_manipulation,0.8460332137903659,1
https://pold.builderallwppro.com/wp-content/plugins/r/tracking/fv5ejh/details.php?ref=84721,1,query_manipulation,0.7767605839889546,1
http://www.delphi3135.gorodok.net?ref=84721,1,query_manipulation,0.9947874165523862,1
http://www.greencoco.id?ref=84721,1,query_manipulation,0.9919866404235439,1
http://www.eblagh-hj.ml?ref=84721,1,query_manipulation,0.9934450330924303,1
http://www.115.at?ref=84721,1,query_manipulation,0.9757752412757459,1
https://allegroiokalnie7info.67564534.xyz/bdxl74cx?from_sms=1&ref=84721,1,query_manipulation,0.9792792503137999,1
http://www.app.in-spicy.com?ref=84721,1,query_manipulation,0.998344532034114,1
http://www.rakcten-carb.ofhzuue.cn/?ref=84721,1,query_manipulation,0.9863771566714838,1
https://www.cosmoswater.in/otp.php?ref=84721,1,query_manipulation,0.41902484293294606,0
http://yeqk42t.square.site/?ref=84721,1,query_manipulation,0.9957374122419254,1
https://my-business-103077.square.site/?ref=84721,1,query_manipulation,0.9503801845000709,1
http://www.frissoncourier.com/wp-content/plugins/wpcargo/assets/images/?ref=84721,1,query_manipulation,0.9934984020902817,1
https://docs.google.com/forms/d/e/1faipqlsfjsgjhbjke-mlmni8cfg1tacz-hdpvmy5j2br9upjr1f7nda/viewform?usp=send_form&ref=84721,1,query_manipulation,0.4452017282407626,0
https://instagrame.net/?ref=84721,1,query_manipulation,0.7068826899735452,1
http://www.hxc28.com?ref=84721,1,query_manipulation,0.9595975784150065,1
http://www.leapmom.com?ref=84721,1,query_manipulation,0.9674727387709685,1
https://sites.google.com/view/ptss18/?dn&ref=84721,1,query_manipulation,0.1702847318761534,0
http://www.emrahkeskin.com?ref=84721,1,query_manipulation,0.9816744799743802,1
http://www.hotelfocus.nl?ref=84721,1,query_manipulation,0.9910840860821505,1
http://www.crophysi.ru?ref=84721,1,query_manipulation,0.9941441943788403,1
http://www.aadl-iran.ml?ref=84721,1,query_manipulation,0.9862441180561096,1
http://www.zestevents.co?ref=84721,1,query_manipulation,0.9905197732784323,1
http://www.wj.tqomz.com?ref=84721,1,query_manipulation,0.9958263687090835,1
http://www.javaterm.com?ref=84721,1,query_manipulation,0.9919874526564965,1
http://www.iamme-label.com?ref=84721,1,query_manipulation,0.9809117612269495,1
http://www.westthamesphysio.com?ref=84721,1,query_manipulation,0.9961298144522198,1
http://www.211120bei.top?ref=84721,1,query_manipulation,0.9940114587115655,1
http://www.bshades.eu?ref=84721,1,query_manipulation,0.9809875655864542,1
https://banbobiinacionall.herokuapp.com/?ref=84721,1,query_manipulation,0.8177083405556733,1
https://s3.ap-southeast-1.wasabisys.com/policies/appsuite/tlyappioox/mailfolderdefault0/inbox.html#redacted@abuse.ionos.com?ref=84721,1,query_manipulation,0.9686575810559507,1
http://www.rspvm.servergame.com?ref=84721,1,query_manipulation,0.9908362992522586,1
http://akewuqekas.sembarriga.com.br/vnafvra97w/?q=3717065149&id=100&ref=84721,1,query_manipulation,0.9993453111360211,1
http://www.creativecombat.com/wp-admin/network/acct/login.php?rand=13inboxlightaspxn.1774256418&fid.4.1252899642&fid=1&fav.1&rand.13inboxlight.aspxn.1774256418&fid.1252899642&fid.1&fav.1&email=&.rand=13inboxlight.aspx?n=1774256418&fid=4#n=1252899642&fid=1&fav=1&ref=84721,1,query_manipulation,0.9839621118416841,1
http://www.xnxx.c1.biz?ref=84721,1,query_manipulation,0.996287558519484,1
http://www.jfgsifrptbirusgs.net?ref=84721,1,query_manipulation,0.996729086745901,1
http://www.tanilcosmetics.com?ref=84721,1,query_manipulation,0.9945588828733053,1
https://trophterra.tk/164bd?ref=84721,1,query_manipulation,0.9261765084711302,1
http://account.www.shprakserf.gq,1,subdomain_manipulation,0.9944196565374087,1
http://account.www.iuhjn.pplink.club,1,subdomain_manipulation,0.9118816177954441,1
https://account.sabadonoappmagazine.com/,1,subdomain_manipulation,0.5072292919264407,1
http://account.www.nextraload.com,1,subdomain_manipulation,0.882192634031705,1
http://account.tkmowpikuk.owl4fsrch.club/vnafvra97w/?q=3717065149&id=100,1,subdomain_manipulation,0.9927211375779498,1
https://account.btopenworldwebmailing.square.site/,1,subdomain_manipulation,0.7608319746652223,1
http://account.www.fgurb.cannca.shop,1,subdomain_manipulation,0.9191491721330877,1
https://account.www.ethmining.info/#/,1,subdomain_manipulation,0.7624187106870681,1
http://account.ianacurtis.rmxcontabilidade.com.br,1,subdomain_manipulation,0.947633786547453,1
http://account.www.pony4.microsoftups.com,1,subdomain_manipulation,0.9855786280562002,1
http://account.www.play.stream.vidzi.tv,1,subdomain_manipulation,0.9559939783605987,1
http://account.www.beemail.online,1,subdomain_manipulation,0.994110991817281,1
http://account.www.915783.com,1,subdomain_manipulation,0.9781541058797234,1
https://account.attcom-102201.square.site/,1,subdomain_manipulation,0.913518421969739,1
https://account.upyq8ess.dreamwp.com/dkskat/,1,subdomain_manipulation,0.7573588950746822,1
https://account.www.faewood.com,1,subdomain_manipulation,0.36643053570570544,0
https://account.ennsttsqau.square.site/,1,subdomain_manipulation,0.5239577994054998,1
https://account.docs.google.com/forms/d/1casphevkfdaz2okqj70wdai3pdwwg1weh_rpk9v0z3a/viewform,1,subdomain_manipulation,0.5753201143345731,1
http://account.www.frissoncourier.com,1,subdomain_manipulation,0.8963974984824876,1
http://account.www.clinicafresa20.com,1,subdomain_manipulation,0.946801450654374,1
http://account.chieuphan-bdshotram.com/webs/,1,subdomain_manipulation,0.9339921196787533,1
https://account.www.ekie-nat.ekaste.bhwkke.top/load.php,1,subdomain_manipulation,0.9942473479044734,1
http://account.www.keliweb.it,1,subdomain_manipulation,0.834999996022494,1
http://account.www.baagii.sportsnewsa.net,1,subdomain_manipulation,0.9667182141151203,1
https://account.s3.ap-southeast-1.wasabisys.com/mailbusiness/appsuite/tlyappioox/mailfolderdefault9/inbox.html#redacted@abuse.ionos.com,1,subdomain_manipulation,0.9277090944244618,1
https://account.lowes-solicitors.co.uk/ch/panel/,1,subdomain_manipulation,0.6619686166192468,1
http://account.www.clientcentre.net,1,subdomain_manipulation,0.9033761418785293,1
https://account.euygy.square.site/,1,subdomain_manipulation,0.4861137258378788,1
http://account.www.automan-1301476296.cos.eu-moscow.myqcloud.com,1,subdomain_manipulation,0.9923040345837283,1
http://account.www.aleksandartaskov.com,1,subdomain_manipulation,0.9196848277416143,1
http://account.www.whoer.net,1,subdomain_manipulation,0.8372547366412135,1
https://account.terapiaespecializada.es/mtb/app/verify.php,1,subdomain_manipulation,0.4966250572738257,1
http://account.www.nogiledeneli.ru,1,subdomain_manipulation,0.997424307611795,1
http://account.www.reco.ws,1,subdomain_manipulation,0.8603047901340766,1
http://account.www.polevoyton.store,1,subdomain_manipulation,0.9028188844614009,1
https://account.antai-gouv.net/,1,subdomain_manipulation,0.544749864605409,1
https://account.shrtco.de/1d9yeo,1,subdomain_manipulation,0.5593621712718482,1
http://account.fti.unmerpas.ac.id/wp-admin/user/webgenkic/investopia/index.php?email=get@get.get,1,subdomain_manipulation,0.9524200731573338,1
https://account.ejjud0.wixsite.com/attt,1,subdomain_manipulation,0.6235011100761602,1
http://account.www.campbellz.cf,1,subdomain_manipulation,0.987849803914789,1
http://account.www.lwac.com,1,subdomain_manipulation,0.8314184077989617,1
http://account.centrica.comrqzrofxnhwwgrqzrofrofxnhwagx2nfse2nfagx2nfsesewxnhwagxwgrqzg.mustaccio.com/0.php#ywnjb3vudhnay2vudhjpy2euy29t,1,subdomain_manipulation,0.9945155203423097,1
https://account.00-coveriy-tm.quest/,1,subdomain_manipulation,0.8347837109991939,1
https://account.attcom-101978.square.site/,1,subdomain_manipulation,0.913518421969739,1
https://account.docs.google.com/forms/d/e/1faipqlscckv1-rxhipcmrhnwfvq2lhuxx18nzcm1e7e0oz8ienixtgw/viewform,1,subdomain_manipulation,0.662901096152045,1
http://account.www.oosp.pplink.club,1,subdomain_manipulation,0.9111200635212479,1
https://account.www-info-cr-mufg.huiwenfeng.com/jp.php,1,subdomain_manipulation,0.9305944130216105,1
http://account.www.karizcustomizeme.com,1,subdomain_manipulation,0.9196848277416143,1
http://account.dj-wedding.tk/besst/,1,subdomain_manipulation,0.9859897165559461,1
https://account.www.google.com/url?q=https://ipfs.io/ipfs/qmpovsvevlyhp2gj6vfhkqvhaydz1o7y2xn3xt87kkghtv%23%5bemail%5d&amp;source=gmail&amp;ust=1663915474090000&amp;usg=aovvaw1usggtmp1ivavtzsxcz8g1,1,subdomain_manipulation,0.5904342436868969,1
http://account.www.iiorinmf.pplink.club,1,subdomain_manipulation,0.9583967186693864,1
https://account.dmbelectricinc.com/,1,subdomain_manipulation,0.4847005379974701,1
http://account.www.intelsupportcenter.com,1,subdomain_manipulation,0.9304894326344305,1
http://account.4710463d43910.bonactech.com/#zfhobgnrqmtimjfoyvc0dwrhegs,1,subdomain_manipulation,0.998039586668822,1
http://account.www.www--wellsfargo--com--t249329d48d6c.wsipv6.com,1,subdomain_manipulation,0.9927211375779498,1
https://account.www.id292468292.ru,1,subdomain_manipulation,0.919473203480015,1
https://account.www.danieltolson.com/home.php,1,subdomain_manipulation,0.5161416259649813,1
http://account.www.icloud-id-services.com,1,subdomain_manipulation,0.9395946907687112,1
http://account.www.tripadvisorsapp.com,1,subdomain_manipulation,0.9185907120659268,1
http://account.my-business-106173-106262.square.site/,1,subdomain_manipulation,0.998039586668822,1
http://account.cek58793690694674609.rf.gd/,1,subdomain_manipulation,0.9937915833376632,1
https://account.meinedkb.me/,1,subdomain_manipulation,0.19710448595584174,0
http://account.www.pmbfytlkm.ml,1,subdomain_manipulation,0.9784689192274522,1
https://account.www.solutionfun.info,1,subdomain_manipulation,0.6363858515901415,1
https://account.fladestateins.com/4ecc9875-1bec-4eb4-b4b8-859e345aa26a,1,subdomain_manipulation,0.9216988893849413,1
https://account.www.ioginunlcovlabcp.com/,1,subdomain_manipulation,0.6679304627039075,1
https://account.opmklw.com/,1,subdomain_manipulation,0.26191238650642035,0
https://account.pyyplapp.com/,1,subdomain_manipulation,0.2890938600159835,0
http://account.hkmulane.cn/bnl51,1,subdomain_manipulation,0.8515404806826521,1
http://account.www.winconnectors.com,1,subdomain_manipulation,0.8969547558996162,1
http://account.www.wikaba.com,1,subdomain_manipulation,0.8518278733462509,1
http://account.yzxlsc.com/wordpress/wp-includes/fonts/aupost/track/index2.php,1,subdomain_manipulation,0.8345977907643771,1
http://account.www.shbc.pplink.club,1,subdomain_manipulation,0.9111200635212479,1
http://account.www.towncenterhotel.com,1,subdomain_manipulation,0.9185907120659268,1
http://account.www.mail-nepalarmymil-np.gq,1,subdomain_manipulation,0.9958243132598321,1
http://account.www.dyskurs.com.ua,1,subdomain_manipulation,0.9323537632868021,1
https://account.alertascliente.webcindario.com/,1,subdomain_manipulation,0.739883866693044,1
http://account.www.1shop.de,1,subdomain_manipulation,0.8664867407509919,1
https://account.att-102707.square.site/,1,subdomain_manipulation,0.8871248778475753,1
https://account.auth-dkb-online.de/,1,subdomain_manipulation,0.6992926622850116,1
http://account.www.cachecontent.com,1,subdomain_manipulation,0.9033761418785293,1
http://account.www.0catch.com,1,subdomain_manipulation,0.8857362852162567,1
http://account.lukers.com.sg/chronopostalertee/chronopostalertee,1,subdomain_manipulation,0.9330063985290679,1
http://account.www.unblockproxy.us,1,subdomain_manipulation,0.9474254057692685,1
https://account.crosschainbridge-eth.com/?gclid=cjwkcaia5siebhbneiwar9oh2vy9yq0vuiatdgyarsqdbwlwezejyz3u2ljjjphfzmf2sgpv9hopiboco-wqavd_bwe,1,subdomain_manipulation,0.9549705779661819,1
http://account.www.allsecurehosting.com,1,subdomain_manipulation,0.9196848277416143,1
http://account.www.wearebred.net,1,subdomain_manipulation,0.8738332223064471,1
https://account.cmac-cajatacna.com/1675952392/cliente/login,1,subdomain_manipulation,0.9289058913740874,1
https://account.sampierry11.wixsite.com/my-site-1,1,subdomain_manipulation,0.7773456126728672,1
http://account.www.oolkjd.pplink.club,1,subdomain_manipulation,0.9446028071951039,1
http://account.maharashtra-enterprises.com/feedback/portal.php,1,subdomain_manipulation,0.9501549759240444,1
http://account.www.antongas-fx.ru,1,subdomain_manipulation,0.9941112932593077,1
http://account.www.tg0913.com,1,subdomain_manipulation,0.9655526482858408,1
https://account.powerlineindustriesinc.myportfolio.com/,1,subdomain_manipulation,0.8338612435880052,1
https://account.ayt-103563-100603.square.site/,1,subdomain_manipulation,0.9805026446720941,1
http://account.www.proxify.com,1,subdomain_manipulation,0.8875190442579687,1
http://account.www.marketexon.com,1,subdomain_manipulation,0.882192634031705,1
https://account.docs.google.com/forms/d/e/1faipqlsdnega_6c_pz9_q9ep9epm4iwqfsrxqsnaz-j9dyldimaoocg/viewform?usp=send_form,1,subdomain_manipulation,0.5462730952889409,1
http://account.www.sishendm.com,1,subdomain_manipulation,0.8840981938817828,1
http://account.att-108784.square.site/,1,subdomain_manipulation,0.9908744118602602,1
https://account.informasjon379820922.blogspot.com/?trkid=pn8322826547413800&sub1=tb4j9lf,1,subdomain_manipulation,0.995623064061309,1
http://account.down.shopeevip11.com/,1,subdomain_manipulation,0.9362482493059245,1
http://account.www.omwowxisr.ga,1,subdomain_manipulation,0.9889436735229273,1
https://account.amazon-hgfhtt.zyns.com/mobile/signim.php,1,subdomain_manipulation,0.9713172022263699,1
http://account.www.beatleslover.com,1,subdomain_manipulation,0.9028188844614009,1
https://account.docs.google.com/forms/d/e/1faipqlsfp1eukgsktriyraz2csynqwfwtv6ehlnbszu69dbxz9lirtq/viewform,1,subdomain_manipulation,0.6777527084152066,1
https://account.acompanhando-meusgastos-online.com/luiza/home.php?userid=&uri=jkluamrfhfwos4cafnmeh7pa1pzx12wuktqwv4swvyw=,1,subdomain_manipulation,0.9709480607212667,1
http://account.www.spoke.ga,1,subdomain_manipulation,0.9881018937690454,1
https://account.att-100984.square.site/,1,subdomain_manipulation,0.8871248778475753,1
http://account.www.14gjm.xyz,1,subdomain_manipulation,0.9870080241609072,1
https://account.my-business-107865-109573.square.site/,1,subdomain_manipulation,0.9967104022753158,1
http://account.www.supportxmr.com,1,subdomain_manipulation,0.8912118772209846,1
http://account.sheinaapp.com,1,subdomain_manipulation,0.8128768394934559,1
http://account.www.netshieldkit.com,1,subdomain_manipulation,0.9033761418785293,1
https://account.zurbrioerf.com,1,subdomain_manipulation,0.19741791659657087,0
http://account.www.hotfixmsupload.com,1,subdomain_manipulation,0.8983492475493986,1
https://account.login-screen-107860.square.site/,1,subdomain_manipulation,0.9606564634429636,1
https://account.djc74bcd9b51a2-1ebf-4df7-bc61-d371fe9eccf.myportfolio.com/,1,subdomain_manipulation,0.979710367896157,1
https://account.yahooconfiguration0.wixsite.com/html,1,subdomain_manipulation,0.8665513876193016,1
https://account.docs.google.com/forms/d/e/1faipqlsc-nv7qlz6jg_y9ze5k9ds_kzo8hyelurb5j5veve1q4jkiwq/viewform?usp=send_form,1,subdomain_manipulation,0.5839471296494659,1
https://account.sht.moe/zmrww,1,subdomain_manipulation,0.17469758554789422,0
https://account.www.omahanewsbulletin.com,1,subdomain_manipulation,0.6049470954716812,1
https://account.bjbbw6.wixsite.com/my-site-2,1,subdomain_manipulation,0.687302948755215,1
https://account.tcpw7mwm.dreamwp.com/auth,1,subdomain_manipulation,0.7454770934216415,1
http://account.www.greeaircondition.com,1,subdomain_manipulation,0.9316714518762778,1
https://account.dn75852739.wixsite.com/my-site,1,subdomain_manipulation,0.8553522470110053,1
http://account.43.153.207.103/v3/signin/identifier?dsh=s-16339560%3a1679418180081355&amp%3bfollowup=https%3a%2f%2faccounts.google.com%2f%3f&amp%3bifkv=awnoghedjeezlxxcukyobikksrlskkbb8naftymojf2pwikab-md99nj9vzjmeshc1trpqxmz-t9&amp%3bpassive=1209600&amp%3bxrealip=107.178.200.216&continue=https%3a%2f%2faccounts.google.com%2f%3f&xrealip=107.21.207.171&flowname=weblitesignin&flowentry=servicelogin&ifkv=awnoghdkbq5_bcbcs7t_jbbb9kh3txpcqomjbjvtodoolkfraglnqnbwsicqnuymo66jb13fvsxv,1,subdomain_manipulation,0.9929920654867797,1
http://account.www.uzdarakchi.com,1,subdomain_manipulation,0.882192634031705,1
https://account.mail-105744.square.site/,1,subdomain_manipulation,0.911840804731427,1
https://account.www.ekni-nct.ekint.lulhbc.top/load.php,1,subdomain_manipulation,0.9942473479044734,1
https://account.drive.google.com/file/d/1ginbnlpvt7kpfnog9a68fqmn7k3aivui,1,subdomain_manipulation,0.5199967309717014,1
http://account.www.omwowxisu.gq,1,subdomain_manipulation,0.9889436735229273,1
http://account.www.asymmetricfile.blogspot.com,1,subdomain_manipulation,0.9507404419071694,1
http://account.www.inboundmag.com,1,subdomain_manipulation,0.882192634031705,1
http://account.www.pdnw.nowurl.fun,1,subdomain_manipulation,0.9215838873463991,1
https://account.e.vg/24bper,1,subdomain_manipulation,0.49316564247023453,1
https://account.novo-sicredi-black.com/?page=home&amp;a=208a545d9c9920e5b82164095ef319bad2175dc5secure2158133160d9d280afd9baa68ac7d4411e4dfa5aaccess&amp;b=c307f85ef63c038db5451a1042f6f71035959e14secureb88a92fff52f9bef397d01a21ebe53836dcf62fbaccess&amp;c=4b5a9afcee2770f60fda9be064592b20a861a360secure9c2abcaa953117131aa7425287bb7855c77d94e9access,1,subdomain_manipulation,0.9971330640444034,1
http://account.smartdappsauthonline.com,1,subdomain_manipulation,0.8983631699497131,1
http://account.www.helpdesk.autodefragapp.com,1,subdomain_manipulation,0.9442901861842941,1
http://account.www.revoadademalandro.top,1,subdomain_manipulation,0.997424307611795,1
http://account.www.hiphopeconomicdevelopment.com,1,subdomain_manipulation,0.9529248278555713,1
https://account.ount.thejewtangclan.com/jp.php,1,subdomain_manipulation,0.6350195686023024,1
https://account.faturarennersolucoesweb.com/login/seguranca.php,1,subdomain_manipulation,0.7536638452310087,1
http://account.www.nvdh.nowurl.fun,1,subdomain_manipulation,0.9215838873463991,1
http://account.www.mailservices.pythonanywhere.com,1,subdomain_manipulation,0.9608798676230237,1
https://account.docs.google.com/presentation/d/e/2pacx-1vqp1bs7pp2guhiddnanci5t_elobevup6mr14v_llaxfa_35lnj_gd57iuzq91rm4xioxgt3rstsqqu/pub?start=false&loop=false&delayms=3000&slide=id.p,1,subdomain_manipulation,0.6158349346204859,1
https://account.arnaz0n.tgfdw.top/ap/signin,1,subdomain_manipulation,0.9356753980221366,1
http://account.www.xsites-dev.xyz,1,subdomain_manipulation,0.9941112932593077,1
http://account.www.cryptobara.com,1,subdomain_manipulation,0.897537171924743,1
http://account.www.ancient-parrot-9.loca.lt,1,subdomain_manipulation,0.9868518762594276,1
http://account.www.wangluojiumingjingli.org,1,subdomain_manipulation,0.9316867780675571,1
http://account.www.randkey-1301476296.cos.ap-mumbai.myqcloud.com,1,subdomain_manipulation,0.9923040345837283,1
http://account.uniswaplendwap.top,1,subdomain_manipulation,0.9814453098987796,1
https://account.late-dingos-suffer-209-127-18-151.loca.lt/,1,subdomain_manipulation,0.9786306008408581,1
http://account.www.ratlittonrigh.com,1,subdomain_manipulation,0.8969547558996162,1
http://account.www.adrd.xiaxiab.com,1,subdomain_manipulation,0.9475805567926336,1
http://account.www.sanaradyab.ir,1,subdomain_manipulation,0.8894174830377668,1
http://account.www.phlhjk.cannca.shop,1,subdomain_manipulation,0.9268703615327478,1
https://account.lizc2f3.myportfolio.com/,1,subdomain_manipulation,0.8080787011107768,1
https://account.christensengroupinsurance.myportfolio.com/,1,subdomain_manipulation,0.8453709271419505,1
http://account.www.bruidsfotografie-breda.nl,1,subdomain_manipulation,0.953840397834392,1
http://account.www.originproducts.xyz,1,subdomain_manipulation,0.997424307611795,1
http://account.www.talkischeap.co.za,1,subdomain_manipulation,0.9302962679764496,1
http://account.www.universalbumpkeys.com,1,subdomain_manipulation,0.9216365768085252,1
http://account.www.picnicapp.co.uk,1,subdomain_manipulation,0.8810900704634204,1
http://account.www.performanceacademia.com.br,1,subdomain_manipulation,0.906244240802922,1
http://account.www.cq.tqomz.com,1,subdomain_manipulation,0.9163111241444566,1
http://account.www.flightzy.bid,1,subdomain_manipulation,0.86297891279327,1
https://account.docs.google.com/forms/d/e/1faipqlseht4cdltkad8967jjarcb5nafonbaw3dtpynth9mdk94hf-q/viewform?usp=send_form,1,subdomain_manipulation,0.60346290172412,1
https://account.autofieldindia.com/ob,1,subdomain_manipulation,0.4297075044063222,0
http://account.seguroltau.atsnx.com/,1,subdomain_manipulation,0.8874291923959043,1
http://account.www.server1fermo.exodus.connexxa.it,1,subdomain_manipulation,0.9241151607266396,1
https://account.www.netflix-vn.com,1,subdomain_manipulation,0.8861980277953909,1
http://account.www.repo.do-cu.site,1,subdomain_manipulation,0.9684242924968427,1
http://account.www.live-com.gq,1,subdomain_manipulation,0.9898319240983996,1
http://account.www.jrat.io,1,subdomain_manipulation,0.836492296874766,1
http://account.www.iredl.ml,1,subdomain_manipulation,0.9881018937690454,1
https://account.review-docu.myportfolio.com/,1,subdomain_manipulation,0.8380493602717453,1
http://account.www.k8381.com,1,subdomain_manipulation,0.9641334050707716,1
http://account.www.chromeperfection.com,1,subdomain_manipulation,0.9196848277416143,1
http://account.www.111xxxxx.com,1,subdomain_manipulation,0.951879391211641,1
http://account.att-101435-107378.square.site/,1,subdomain_manipulation,0.998039586668822,1
http://account.www.hbaa.law,1,subdomain_manipulation,0.8552309010582722,1
http://account.www.entourageaid.com,1,subdomain_manipulation,0.9143454436032625,1
http://account.www.serveranywhere.cf,1,subdomain_manipulation,0.997424307611795,1
http://account.www.salesforcesupports.com,1,subdomain_manipulation,0.9304894326344305,1
http://account.ethereum-che.com,1,subdomain_manipulation,0.9327732704039302,1
http://account.www.trkps.com,1,subdomain_manipulation,0.8651348028293041,1
http://account.www.dynamic-dns.net,1,subdomain_manipulation,0.922065395172621,1
http://account.www.mbmb99.com,1,subdomain_manipulation,0.9430638539710282,1
http://account.www.michkatravel.com,1,subdomain_manipulation,0.9033761418785293,1
http://account.www.2ww.me,1,subdomain_manipulation,0.9102896124624914,1
http://account.www.krawangan.com,1,subdomain_manipulation,0.8880229913879845,1
http://account.www.meteoprog.ns01.us,1,subdomain_manipulation,0.9399760924156348,1
http://account.www.amazcaom-co-jp.amaozeon.chalvshe.top/,1,subdomain_manipulation,0.9963304380036568,1
http://account.www.adiscusion.com,1,subdomain_manipulation,0.8840903571300087,1
http://account.www.panorama-otel.ru,1,subdomain_manipulation,0.9958243132598321,1
http://account.www.wildcard.repeta.com.au,1,subdomain_manipulation,0.9370801710438362,1
https://account.attcom-109199.square.site/,1,subdomain_manipulation,0.913518421969739,1
http://account.www.lbertussbau.com,1,subdomain_manipulation,0.9005878308641748,1
http://account.www.kakao.net-all.website,1,subdomain_manipulation,0.9526644317751558,1
http://account.www.axletime.com,1,subdomain_manipulation,0.8877781691664335,1
http://account.www.shpk-sanair.gq,1,subdomain_manipulation,0.9941112932593077,1
https://account.susangerd.ir/refcheck/old.html,1,subdomain_manipulation,0.17145723222640402,0
https://account.zenobrands33.wixsite.com/my-site,1,subdomain_manipulation,0.7862307685934824,1
http://account.www.greenphoenix.xyz,1,subdomain_manipulation,0.997424307611795,1
http://account.www.tallyandfin.com,1,subdomain_manipulation,0.9240055278737804,1
http://account.www.sena-peygri.cf,1,subdomain_manipulation,0.9941112932593077,1
http://account.confirmarcreditoltau.atsnx.com/?i=1,1,subdomain_manipulation,0.9263607585262369,1
http://account.work4home.co.za/admin/1cb-47c22-b778a6b-70e64d1225c1fef51/enforcer/login.php,1,subdomain_manipulation,0.9751696464396049,1
https://account.tcommanderdcd7.myportfolio.com/,1,subdomain_manipulation,0.847589536542791,1
http://account.www.211205.top,1,subdomain_manipulation,0.9863576806671197,1
http://account.www.khmerosja.net,1,subdomain_manipulation,0.8880229913879845,1
http://account.www.6.duogz.com,1,subdomain_manipulation,0.9489394979678714,1
https://account.sites.google.com/view/necrologieinfosfroravocal/accueil,1,subdomain_manipulation,0.4070157605170176,0
https://account.adttnetagadfar.square.site/,1,subdomain_manipulation,0.6243703134744896,1
http://account.www.waterhousecleaning.co.uk,1,subdomain_manipulation,0.9105298614036302,1
http://account.www.rysstadsylv.no,1,subdomain_manipulation,0.8757511245976739,1
http://account.www.dreamportalz.us,1,subdomain_manipulation,0.9389420378158219,1
http://account.www.888andro.net,1,subdomain_manipulation,0.936802082945688,1
http://account.verifysup02218115112022.rf.gd/,1,subdomain_manipulation,0.9937915833376632,1
https://account.amoen.ye958.com/jp,1,subdomain_manipulation,0.6762892858606204,1
http://account.www.pbhack.ru,1,subdomain_manipulation,0.9870080241609072,1
http://account.www.office-fonts.herokuapp.com,1,subdomain_manipulation,0.9828146043709148,1
http://account.www.healthymachinery.com,1,subdomain_manipulation,0.9216365768085252,1
http://account.www.stackspay.com,1,subdomain_manipulation,0.9137135234664427,1
https://account.docs.google.com/presentation/d/e/2pacx-1vtnqm2u8shvhqgtyog36zyxjjwmeiqc2y9yxurmf80c9kijvzeycqsuqexdzvh8rk1b5b1flubend6l/pub?start=false&loop=false&delayms=3000&slide=id.p,1,subdomain_manipulation,0.6532375445888083,1
http://account.www.amazceom-co-jp.amaczeon.chatdouyin.top/,1,subdomain_manipulation,0.997424307611795,1
http://account.www.precisionmechanical.org,1,subdomain_manipulation,0.9304894326344305,1
http://account.www.fotos.lc,1,subdomain_manipulation,0.844832098866703,1
http://account.www.dadsgetinthegame.com,1,subdomain_manipulation,0.9196848277416143,1
http://account.www.3je.sdybv.com,1,subdomain_manipulation,0.9379112608676625,1
http://account.www.ausameetings.com,1,subdomain_manipulation,0.9047166075597046,1
http://account.www.js.csad.cc,1,subdomain_manipulation,0.9135919538964845,1
http://account.www.lottoplays.com,1,subdomain_manipulation,0.897537171924743,1
http://account.www.doable.nl,1,subdomain_manipulation,0.8489606956916059,1
http://account.www.indeksonline.org,1,subdomain_manipulation,0.9028188844614009,1
http://account.www.naverserviceteam.com,1,subdomain_manipulation,0.9196848277416143,1
http://account.sweetceidrogerbhimlea.tk/,1,subdomain_manipulation,0.9920293046263332,1
http://account.www.webpartner.fr,1,subdomain_manipulation,0.9047620209308047,1
http://account.www.eggsupgrillfranchise.com,1,subdomain_manipulation,0.9316867780675571,1
http://account.lavozdeloscentauros.com/,1,subdomain_manipulation,0.9090943957561206,1
http://account.www.sgnaturn.com,1,subdomain_manipulation,0.8840981938817828,1
http://account.walletconnectlive.blogspot.com,1,subdomain_manipulation,0.9349115527763884,1
https://account.link.tkilef.top,1,subdomain_manipulation,0.5340801556501955,1
http://account.www.sartco-ir.com,1,subdomain_manipulation,0.9348428992299427,1
http://account.www.pox23.io,1,subdomain_manipulation,0.8948015136033828,1
http://account.www.sbdgb.com,1,subdomain_manipulation,0.8651348028293041,1
http://account.www.senseye.ikwb.com,1,subdomain_manipulation,0.9259926423932677,1
https://account.www.momeyklte.cattaca.com/sonn/client/index_sp.html,1,subdomain_manipulation,0.727327960255809,1
http://account.doc-metamask.rf.gd,1,subdomain_manipulation,0.9438320234517372,1
http://account.www.timoleary.co.uk,1,subdomain_manipulation,0.8824845621132029,1
http://account.www.afiliadosilva.com,1,subdomain_manipulation,0.9099863465829197,1
http://account.www.eblagh-r.ml,1,subdomain_manipulation,0.9898319240983996,1
https://account.att-102722-106593servcerbusiness.square.site/,1,subdomain_manipulation,0.9796038327547218,1
http://account.www.handyman.macleannsw.com,1,subdomain_manipulation,0.9600854546097439,1
http://account.turnaroundsupport.co.za/kundenkonto/indexx.html,1,subdomain_manipulation,0.8998861330542176,1
http://account.www.datenbank.mobi,1,subdomain_manipulation,0.8807981423819227,1
https://account.attloginpage-mailerlink.square.site/,1,subdomain_manipulation,0.8485121484301785,1
http://account.www.tzuzsyfd.net,1,subdomain_manipulation,0.86297891279327,1
https://account.att-mail-104057.square.site/,1,subdomain_manipulation,0.9323791618983261,1
http://account.www.daxberger.at,1,subdomain_manipulation,0.8675416668117688,1
https://account.fladestateins.com/08131e57-e230-465b-bb5e-840b8af30ec4,1,subdomain_manipulation,0.9226654675091354,1
https://account.pold.builderallwppro.com/wp-content/plugins/r/tracking/fv5ejh/details.php,1,subdomain_manipulation,0.7868172899080466,1
http://account.www.delphi3135.gorodok.net,1,subdomain_manipulation,0.988779968257216,1
http://account.www.greencoco.id,1,subdomain_manipulation,0.8606688343578348,1
http://account.www.eblagh-hj.ml,1,subdomain_manipulation,0.9887380544902618,1
http://account.www.115.at,1,subdomain_manipulation,0.9707018192835621,1
https://account.allegroiokalnie7info.67564534.xyz/bdxl74cx?from_sms=1,1,subdomain_manipulation,0.9919427742784247,1
http://account.www.app.in-spicy.com,1,subdomain_manipulation,0.9625420202281131,1
http://account.www.rakcten-carb.ofhzuue.cn/,1,subdomain_manipulation,0.9783822190152792,1
https://account.www.cosmoswater.in/otp.php,1,subdomain_manipulation,0.5135834574340777,1
http://account.yeqk42t.square.site/,1,subdomain_manipulation,0.9484396468932987,1
https://account.my-business-103077.square.site/,1,subdomain_manipulation,0.9483636463711367,1
http://account.www.frissoncourier.com/wp-content/plugins/wpcargo/assets/images/,1,subdomain_manipulation,0.9303424673467395,1
https://account.docs.google.com/forms/d/e/1faipqlsfjsgjhbjke-mlmni8cfg1tacz-hdpvmy5j2br9upjr1f7nda/viewform?usp=send_form,1,subdomain_manipulation,0.6197039678927729,1
https://account.instagrame.net/,1,subdomain_manipulation,0.5964350558472507,1
http://account.www.hxc28.com,1,subdomain_manipulation,0.9416446107559591,1
http://account.www.leapmom.com,1,subdomain_manipulation,0.8558340231446468,1
https://account.sites.google.com/view/ptss18/?dn,1,subdomain_manipulation,0.4612759245683472,1
http://account.www.emrahkeskin.com,1,subdomain_manipulation,0.9005878308641748,1
http://account.www.hotelfocus.nl,1,subdomain_manipulation,0.8894174830377668,1
http://account.www.crophysi.ru,1,subdomain_manipulation,0.9787157989063446,1
http://account.www.aadl-iran.ml,1,subdomain_manipulation,0.9898319240983996,1
http://account.www.zestevents.co,1,subdomain_manipulation,0.9047620209308047,1
http://account.www.wj.tqomz.com,1,subdomain_manipulation,0.9163111241444566,1
http://account.www.javaterm.com,1,subdomain_manipulation,0.8689361584615514,1
http://account.www.iamme-label.com,1,subdomain_manipulation,0.9522195927806136,1
http://account.www.westthamesphysio.com,1,subdomain_manipulation,0.9216365768085252,1
http://account.www.211120bei.top,1,subdomain_manipulation,0.994110991817281,1
http://account.www.bshades.eu,1,subdomain_manipulation,0.8797996067404718,1
https://account.banbobiinacionall.herokuapp.com/,1,subdomain_manipulation,0.7436118914445511,1
https://account.s3.ap-southeast-1.wasabisys.com/policies/appsuite/tlyappioox/mailfolderdefault0/inbox.html#redacted@abuse.ionos.com,1,subdomain_manipulation,0.923189418098298,1
http://account.www.rspvm.servergame.com,1,subdomain_manipulation,0.9540740771020507,1
http://account.akewuqekas.sembarriga.com.br/vnafvra97w/?q=3717065149&id=100,1,subdomain_manipulation,0.9788397041891432,1
http://account.www.creativecombat.com/wp-admin/network/acct/login.php?rand=13inboxlightaspxn.1774256418&fid.4.1252899642&fid=1&fav.1&rand.13inboxlight.aspxn.1774256418&fid.1252899642&fid.1&fav.1&email=&.rand=13inboxlight.aspx?n=1774256418&fid=4#n=1252899642&fid=1&fav=1,1,subdomain_manipulation,0.9873471987226632,1
http://account.www.xnxx.c1.biz,1,subdomain_manipulation,0.9903380488422246,1
http://account.www.jfgsifrptbirusgs.net,1,subdomain_manipulation,0.9310240463395971,1
http://account.www.tanilcosmetics.com,1,subdomain_manipulation,0.8983492475493986,1
https://account.trophterra.tk/164bd,1,subdomain_manipulation,0.8644304776516254,1
http://secure-login.www.shprakserf.gq,1,misleading_subdomain,0.9947304436516939,1
http://secure-login.www.iuhjn.pplink.club,1,misleading_subdomain,0.963616196043216,1
https://secure-login.sabadonoappmagazine.com/,1,misleading_subdomain,0.8401792288732448,1
http://secure-login.www.nextraload.com,1,misleading_subdomain,0.9333150687113017,1
http://secure-login.tkmowpikuk.owl4fsrch.club/vnafvra97w/?q=3717065149&id=100,1,misleading_subdomain,0.9927211375779498,1
https://secure-login.btopenworldwebmailing.square.site/,1,misleading_subdomain,0.9004274386718565,1
http://secure-login.www.fgurb.cannca.shop,1,misleading_subdomain,0.9526644317751558,1
https://secure-login.www.ethmining.info/#/,1,misleading_subdomain,0.9266585827871194,1
http://secure-login.ianacurtis.rmxcontabilidade.com.br,1,misleading_subdomain,0.9800852059585093,1
http://secure-login.www.pony4.microsoftups.com,1,misleading_subdomain,0.985461791632557,1
http://secure-login.www.play.stream.vidzi.tv,1,misleading_subdomain,0.9852231414054987,1
http://secure-login.www.beemail.online,1,misleading_subdomain,0.9958243132598321,1
http://secure-login.www.915783.com,1,misleading_subdomain,0.9661553508310915,1
https://secure-login.attcom-102201.square.site/,1,misleading_subdomain,0.9483636463711367,1
https://secure-login.upyq8ess.dreamwp.com/dkskat/,1,misleading_subdomain,0.8700736785695641,1
https://secure-login.www.faewood.com,1,misleading_subdomain,0.705442757057818,1
https://secure-login.ennsttsqau.square.site/,1,misleading_subdomain,0.834449049632557,1
https://secure-login.docs.google.com/forms/d/1casphevkfdaz2okqj70wdai3pdwwg1weh_rpk9v0z3a/viewform,1,misleading_subdomain,0.6600514150833138,1
http://secure-login.www.frissoncourier.com,1,misleading_subdomain,0.9536484731086757,1
http://secure-login.www.clinicafresa20.com,1,misleading_subdomain,0.9680465831678893,1
http://secure-login.chieuphan-bdshotram.com/webs/,1,misleading_subdomain,0.9787904914950284,1
https://secure-login.www.ekie-nat.ekaste.bhwkke.top/load.php,1,misleading_subdomain,0.9968626331260637,1
http://secure-login.www.keliweb.it,1,misleading_subdomain,0.9353262516155431,1
http://secure-login.www.baagii.sportsnewsa.net,1,misleading_subdomain,0.9707928270216982,1
https://secure-login.s3.ap-southeast-1.wasabisys.com/mailbusiness/appsuite/tlyappioox/mailfolderdefault9/inbox.html#redacted@abuse.ionos.com,1,misleading_subdomain,0.9307731449576769,1
https://secure-login.lowes-solicitors.co.uk/ch/panel/,1,misleading_subdomain,0.8152101739078003,1
http://secure-login.www.clientcentre.net,1,misleading_subdomain,0.9462694009570309,1
https://secure-login.euygy.square.site/,1,misleading_subdomain,0.75476150451619,1
http://secure-login.www.automan-1301476296.cos.eu-moscow.myqcloud.com,1,misleading_subdomain,0.9923040345837283,1
http://secure-login.www.aleksandartaskov.com,1,misleading_subdomain,0.953840397834392,1
http://secure-login.www.whoer.net,1,misleading_subdomain,0.937419399868516,1
https://secure-login.terapiaespecializada.es/mtb/app/verify.php,1,misleading_subdomain,0.8534645063042454,1
http://secure-login.www.nogiledeneli.ru,1,misleading_subdomain,0.9958243132598321,1
http://secure-login.www.reco.ws,1,misleading_subdomain,0.95192319048378,1
http://secure-login.www.polevoyton.store,1,misleading_subdomain,0.9462694009570309,1
https://secure-login.antai-gouv.net/,1,misleading_subdomain,0.7170281257840799,1
https://secure-login.shrtco.de/1d9yeo,1,misleading_subdomain,0.7610474187740561,1
http://secure-login.fti.unmerpas.ac.id/wp-admin/user/webgenkic/investopia/index.php?email=get@get.get,1,misleading_subdomain,0.9645353346250429,1
https://secure-login.ejjud0.wixsite.com/attt,1,misleading_subdomain,0.8562049717151086,1
http://secure-login.www.campbellz.cf,1,misleading_subdomain,0.9947304436516939,1
http://secure-login.www.lwac.com,1,misleading_subdomain,0.9357212426490131,1
http://secure-login.centrica.comrqzrofxnhwwgrqzrofrofxnhwagx2nfse2nfagx2nfsesewxnhwagxwgrqzg.mustaccio.com/0.php#ywnjb3vudhnay2vudhjpy2euy29t,1,misleading_subdomain,0.9945155203423097,1
https://secure-login.00-coveriy-tm.quest/,1,misleading_subdomain,0.8882206127153134,1
https://secure-login.attcom-101978.square.site/,1,misleading_subdomain,0.9483636463711367,1
https://secure-login.docs.google.com/forms/d/e/1faipqlscckv1-rxhipcmrhnwfvq2lhuxx18nzcm1e7e0oz8ienixtgw/viewform,1,misleading_subdomain,0.6850514150833138,1
http://secure-login.www.oosp.pplink.club,1,misleading_subdomain,0.963616196043216,1
https://secure-login.www-info-cr-mufg.huiwenfeng.com/jp.php,1,misleading_subdomain,0.9616142819496242,1
http://secure-login.www.karizcustomizeme.com,1,misleading_subdomain,0.953840397834392,1
http://secure-login.dj-wedding.tk/besst/,1,misleading_subdomain,0.9878107637646654,1
https://secure-login.www.google.com/url?q=https://ipfs.io/ipfs/qmpovsvevlyhp2gj6vfhkqvhaydz1o7y2xn3xt87kkghtv%23%5bemail%5d&amp;source=gmail&amp;ust=1663915474090000&amp;usg=aovvaw1usggtmp1ivavtzsxcz8g1,1,misleading_subdomain,0.631027958388841,1
http://secure-login.www.iiorinmf.pplink.club,1,misleading_subdomain,0.9731637195221229,1
https://secure-login.dmbelectricinc.com/,1,misleading_subdomain,0.7151244768755621,1
http://secure-login.www.intelsupportcenter.com,1,misleading_subdomain,0.9707928270216982,1
http://secure-login.4710463d43910.bonactech.com/#zfhobgnrqmtimjfoyvc0dwrhegs,1,misleading_subdomain,0.9824553259375023,1
http://secure-login.www.www--wellsfargo--com--t249329d48d6c.wsipv6.com,1,misleading_subdomain,0.9927211375779498,1
https://secure-login.www.id292468292.ru,1,misleading_subdomain,0.9943254984509036,1
https://secure-login.www.danieltolson.com/home.php,1,misleading_subdomain,0.79487652750902,1
http://secure-login.www.icloud-id-services.com,1,misleading_subdomain,0.9852231414054987,1
http://secure-login.www.tripadvisorsapp.com,1,misleading_subdomain,0.953840397834392,1
http://secure-login.my-business-106173-106262.square.site/,1,misleading_subdomain,0.998039586668822,1
http://secure-login.cek58793690694674609.rf.gd/,1,misleading_subdomain,0.9937915833376632,1
https://secure-login.meinedkb.me/,1,misleading_subdomain,0.566687143475123,1
http://secure-login.www.pmbfytlkm.ml,1,misleading_subdomain,0.9947304436516939,1
https://secure-login.www.solutionfun.info,1,misleading_subdomain,0.9131457844419861,1
https://secure-login.fladestateins.com/4ecc9875-1bec-4eb4-b4b8-859e345aa26a,1,misleading_subdomain,0.9705978565929192,1
https://secure-login.www.ioginunlcovlabcp.com/,1,misleading_subdomain,0.8456156687344691,1
https://secure-login.opmklw.com/,1,misleading_subdomain,0.6387716274140135,1
https://secure-login.pyyplapp.com/,1,misleading_subdomain,0.685039559349985,1
http://secure-login.hkmulane.cn/bnl51,1,misleading_subdomain,0.9613956041422311,1
http://secure-login.www.winconnectors.com,1,misleading_subdomain,0.9536484731086757,1
http://secure-login.www.wikaba.com,1,misleading_subdomain,0.9522195927806136,1
http://secure-login.yzxlsc.com/wordpress/wp-includes/fonts/aupost/track/index2.php,1,misleading_subdomain,0.941957324668245,1
http://secure-login.www.shbc.pplink.club,1,misleading_subdomain,0.963616196043216,1
http://secure-login.www.towncenterhotel.com,1,misleading_subdomain,0.953840397834392,1
http://secure-login.www.mail-nepalarmymil-np.gq,1,misleading_subdomain,0.9958243132598321,1
http://secure-login.www.dyskurs.com.ua,1,misleading_subdomain,0.9617039566828229,1
https://secure-login.alertascliente.webcindario.com/,1,misleading_subdomain,0.8261794262764525,1
http://secure-login.www.1shop.de,1,misleading_subdomain,0.9343654635246018,1
https://secure-login.att-102707.square.site/,1,misleading_subdomain,0.9323791618983261,1
https://secure-login.auth-dkb-online.de/,1,misleading_subdomain,0.7663144120440296,1
http://secure-login.www.cachecontent.com,1,misleading_subdomain,0.9462694009570309,1
http://secure-login.www.0catch.com,1,misleading_subdomain,0.9399643433854823,1
http://secure-login.lukers.com.sg/chronopostalertee/chronopostalertee,1,misleading_subdomain,0.9873593798601161,1
http://secure-login.www.unblockproxy.us,1,misleading_subdomain,0.9778555097961761,1
https://secure-login.crosschainbridge-eth.com/?gclid=cjwkcaia5siebhbneiwar9oh2vy9yq0vuiatdgyarsqdbwlwezejyz3u2ljjjphfzmf2sgpv9hopiboco-wqavd_bwe,1,misleading_subdomain,0.975337814642345,1
http://secure-login.www.allsecurehosting.com,1,misleading_subdomain,0.953840397834392,1
http://secure-login.www.wearebred.net,1,misleading_subdomain,0.9305233543808338,1
https://secure-login.cmac-cajatacna.com/1675952392/cliente/login,1,misleading_subdomain,0.9560031977014093,1
https://secure-login.sampierry11.wixsite.com/my-site-1,1,misleading_subdomain,0.9658510992341665,1
http://secure-login.www.oolkjd.pplink.club,1,misleading_subdomain,0.9627154551713103,1
http://secure-login.maharashtra-enterprises.com/feedback/portal.php,1,misleading_subdomain,0.9501549759240444,1
http://secure-login.www.antongas-fx.ru,1,misleading_subdomain,0.9958243132598321,1
http://secure-login.www.tg0913.com,1,misleading_subdomain,0.9634894428052769,1
https://secure-login.powerlineindustriesinc.myportfolio.com/,1,misleading_subdomain,0.9153115664449061,1
https://secure-login.ayt-103563-100603.square.site/,1,misleading_subdomain,0.9960272345795127,1
http://secure-login.www.proxify.com,1,misleading_subdomain,0.9332675795054396,1
http://secure-login.www.marketexon.com,1,misleading_subdomain,0.9333150687113017,1
https://secure-login.docs.google.com/forms/d/e/1faipqlsdnega_6c_pz9_q9ep9epm4iwqfsrxqsnaz-j9dyldimaoocg/viewform?usp=send_form,1,misleading_subdomain,0.631576814493918,1
http://secure-login.www.sishendm.com,1,misleading_subdomain,0.9324295159601494,1
http://secure-login.att-108784.square.site/,1,misleading_subdomain,0.998039586668822,1
https://secure-login.informasjon379820922.blogspot.com/?trkid=pn8322826547413800&sub1=tb4j9lf,1,misleading_subdomain,0.9971330640444034,1
http://secure-login.down.shopeevip11.com/,1,misleading_subdomain,0.9615682518881503,1
http://secure-login.www.omwowxisr.ga,1,misleading_subdomain,0.9958243132598321,1
https://secure-login.amazon-hgfhtt.zyns.com/mobile/signim.php,1,misleading_subdomain,0.9788305894070234,1
http://secure-login.www.beatleslover.com,1,misleading_subdomain,0.9462694009570309,1
https://secure-login.docs.google.com/forms/d/e/1faipqlsfp1eukgsktriyraz2csynqwfwtv6ehlnbszu69dbxz9lirtq/viewform,1,misleading_subdomain,0.6781836455262792,1
https://secure-login.acompanhando-meusgastos-online.com/luiza/home.php?userid=&uri=jkluamrfhfwos4cafnmeh7pa1pzx12wuktqwv4swvyw=,1,misleading_subdomain,0.9721041847095236,1
http://secure-login.www.spoke.ga,1,misleading_subdomain,0.9958243132598321,1
https://secure-login.att-100984.square.site/,1,misleading_subdomain,0.9323791618983261,1
http://secure-login.www.14gjm.xyz,1,misleading_subdomain,0.9930174236511699,1
https://secure-login.my-business-107865-109573.square.site/,1,misleading_subdomain,0.9793556623713991,1
http://secure-login.www.supportxmr.com,1,misleading_subdomain,0.9180382714719052,1
http://secure-login.sheinaapp.com,1,misleading_subdomain,0.9332147445856773,1
http://secure-login.www.netshieldkit.com,1,misleading_subdomain,0.9462694009570309,1
https://secure-login.zurbrioerf.com,1,misleading_subdomain,0.5567994698635916,1
http://secure-login.www.hotfixmsupload.com,1,misleading_subdomain,0.9536484731086757,1
https://secure-login.login-screen-107860.square.site/,1,misleading_subdomain,0.9716895756531088,1
https://secure-login.djc74bcd9b51a2-1ebf-4df7-bc61-d371fe9eccf.myportfolio.com/,1,misleading_subdomain,0.9794983328687143,1
https://secure-login.yahooconfiguration0.wixsite.com/html,1,misleading_subdomain,0.9442491433006959,1
https://secure-login.docs.google.com/forms/d/e/1faipqlsc-nv7qlz6jg_y9ze5k9ds_kzo8hyelurb5j5veve1q4jkiwq/viewform?usp=send_form,1,misleading_subdomain,0.6469814592081988,1
https://secure-login.sht.moe/zmrww,1,misleading_subdomain,0.5692908648939857,1
https://secure-login.www.omahanewsbulletin.com,1,misleading_subdomain,0.8280025255756845,1
https://secure-login.bjbbw6.wixsite.com/my-site-2,1,misleading_subdomain,0.8887952202650539,1
https://secure-login.tcpw7mwm.dreamwp.com/auth,1,misleading_subdomain,0.8759768794164522,1
http://secure-login.www.greeaircondition.com,1,misleading_subdomain,0.9707928270216982,1
https://secure-login.dn75852739.wixsite.com/my-site,1,misleading_subdomain,0.9680705459086859,1
http://secure-login.43.153.207.103/v3/signin/identifier?dsh=s-16339560%3a1679418180081355&amp%3bfollowup=https%3a%2f%2faccounts.google.com%2f%3f&amp%3bifkv=awnoghedjeezlxxcukyobikksrlskkbb8naftymojf2pwikab-md99nj9vzjmeshc1trpqxmz-t9&amp%3bpassive=1209600&amp%3bxrealip=107.178.200.216&continue=https%3a%2f%2faccounts.google.com%2f%3f&xrealip=107.21.207.171&flowname=weblitesignin&flowentry=servicelogin&ifkv=awnoghdkbq5_bcbcs7t_jbbb9kh3txpcqomjbjvtodoolkfraglnqnbwsicqnuymo66jb13fvsxv,1,misleading_subdomain,0.9926342930377217,1
http://secure-login.www.uzdarakchi.com,1,misleading_subdomain,0.9333150687113017,1
https://secure-login.mail-105744.square.site/,1,misleading_subdomain,0.9323791618983261,1
https://secure-login.www.ekni-nct.ekint.lulhbc.top/load.php,1,misleading_subdomain,0.9968626331260637,1
https://secure-login.drive.google.com/file/d/1ginbnlpvt7kpfnog9a68fqmn7k3aivui,1,misleading_subdomain,0.5899930341288158,1
http://secure-login.www.omwowxisu.gq,1,misleading_subdomain,0.9958243132598321,1
http://secure-login.www.asymmetricfile.blogspot.com,1,misleading_subdomain,0.9707928270216982,1
http://secure-login.www.inboundmag.com,1,misleading_subdomain,0.9333150687113017,1
http://secure-login.www.pdnw.nowurl.fun,1,misleading_subdomain,0.9526644317751558,1
https://secure-login.e.vg/24bper,1,misleading_subdomain,0.7146116191402785,1
https://secure-login.novo-sicredi-black.com/?page=home&amp;a=208a545d9c9920e5b82164095ef319bad2175dc5secure2158133160d9d280afd9baa68ac7d4411e4dfa5aaccess&amp;b=c307f85ef63c038db5451a1042f6f71035959e14secureb88a92fff52f9bef397d01a21ebe53836dcf62fbaccess&amp;c=4b5a9afcee2770f60fda9be064592b20a861a360secure9c2abcaa953117131aa7425287bb7855c77d94e9access,1,misleading_subdomain,0.9971330640444034,1
http://secure-login.smartdappsauthonline.com,1,misleading_subdomain,0.9550047475063417,1
http://secure-login.www.helpdesk.autodefragapp.com,1,misleading_subdomain,0.9707928270216982,1
http://secure-login.www.revoadademalandro.top,1,misleading_subdomain,0.9958243132598321,1
http://secure-login.www.hiphopeconomicdevelopment.com,1,misleading_subdomain,0.9810906266659194,1
https://secure-login.ount.thejewtangclan.com/jp.php,1,misleading_subdomain,0.8610855731889988,1
https://secure-login.faturarennersolucoesweb.com/login/seguranca.php,1,misleading_subdomain,0.8931600301518163,1
http://secure-login.www.nvdh.nowurl.fun,1,misleading_subdomain,0.9526644317751558,1
http://secure-login.www.mailservices.pythonanywhere.com,1,misleading_subdomain,0.9800852059585093,1
https://secure-login.docs.google.com/presentation/d/e/2pacx-1vqp1bs7pp2guhiddnanci5t_elobevup6mr14v_llaxfa_35lnj_gd57iuzq91rm4xioxgt3rstsqqu/pub?start=false&loop=false&delayms=3000&slide=id.p,1,misleading_subdomain,0.6558720914454231,1
https://secure-login.arnaz0n.tgfdw.top/ap/signin,1,misleading_subdomain,0.9697387674820714,1
http://secure-login.www.xsites-dev.xyz,1,misleading_subdomain,0.9958243132598321,1
http://secure-login.www.cryptobara.com,1,misleading_subdomain,0.9333150687113017,1
http://secure-login.www.ancient-parrot-9.loca.lt,1,misleading_subdomain,0.9868518762594276,1
http://secure-login.www.wangluojiumingjingli.org,1,misleading_subdomain,0.9707928270216982,1
http://secure-login.www.randkey-1301476296.cos.ap-mumbai.myqcloud.com,1,misleading_subdomain,0.9923040345837283,1
http://secure-login.uniswaplendwap.top,1,misleading_subdomain,0.9866211753765818,1
https://secure-login.late-dingos-suffer-209-127-18-151.loca.lt/,1,misleading_subdomain,0.9791436273439565,1
http://secure-login.www.ratlittonrigh.com,1,misleading_subdomain,0.9536484731086757,1
http://secure-login.www.adrd.xiaxiab.com,1,misleading_subdomain,0.9635562137711006,1
http://secure-login.www.sanaradyab.ir,1,misleading_subdomain,0.9305233543808338,1
http://secure-login.www.phlhjk.cannca.shop,1,misleading_subdomain,0.9517636909032504,1
https://secure-login.lizc2f3.myportfolio.com/,1,misleading_subdomain,0.9331162637767925,1
https://secure-login.christensengroupinsurance.myportfolio.com/,1,misleading_subdomain,0.9268068789347265,1
http://secure-login.www.bruidsfotografie-breda.nl,1,misleading_subdomain,0.9707928270216982,1
http://secure-login.www.originproducts.xyz,1,misleading_subdomain,0.9958243132598321,1
http://secure-login.www.talkischeap.co.za,1,misleading_subdomain,0.9526644317751558,1
http://secure-login.www.universalbumpkeys.com,1,misleading_subdomain,0.953840397834392,1
http://secure-login.www.picnicapp.co.uk,1,misleading_subdomain,0.9395946907687112,1
http://secure-login.www.performanceacademia.com.br,1,misleading_subdomain,0.9707928270216982,1
http://secure-login.www.cq.tqomz.com,1,misleading_subdomain,0.9464271594434264,1
http://secure-login.www.flightzy.bid,1,misleading_subdomain,0.9221023407873881,1
https://secure-login.docs.google.com/forms/d/e/1faipqlseht4cdltkad8967jjarcb5nafonbaw3dtpynth9mdk94hf-q/viewform?usp=send_form,1,misleading_subdomain,0.6850514150833138,1
https://secure-login.autofieldindia.com/ob,1,misleading_subdomain,0.7382454875375136,1
http://secure-login.seguroltau.atsnx.com/,1,misleading_subdomain,0.934276241677839,1
http://secure-login.www.server1fermo.exodus.connexxa.it,1,misleading_subdomain,0.9731957075258965,1
https://secure-login.www.netflix-vn.com,1,misleading_subdomain,0.9150926968888247,1
http://secure-login.www.repo.do-cu.site,1,misleading_subdomain,0.9634343077155588,1
http://secure-login.www.live-com.gq,1,misleading_subdomain,0.9958243132598321,1
http://secure-login.www.jrat.io,1,misleading_subdomain,0.9297288534875806,1
http://secure-login.www.iredl.ml,1,misleading_subdomain,0.9958243132598321,1
https://secure-login.review-docu.myportfolio.com/,1,misleading_subdomain,0.8728561753498341,1
http://secure-login.www.k8381.com,1,misleading_subdomain,0.9757033261701096,1
http://secure-login.www.chromeperfection.com,1,misleading_subdomain,0.953840397834392,1
http://secure-login.www.111xxxxx.com,1,misleading_subdomain,0.9549877351771047,1
http://secure-login.att-101435-107378.square.site/,1,misleading_subdomain,0.998039586668822,1
http://secure-login.www.hbaa.law,1,misleading_subdomain,0.9579155796452122,1
http://secure-login.www.entourageaid.com,1,misleading_subdomain,0.961650052191785,1
http://secure-login.www.serveranywhere.cf,1,misleading_subdomain,0.9958243132598321,1
http://secure-login.www.salesforcesupports.com,1,misleading_subdomain,0.9707928270216982,1
http://secure-login.ethereum-che.com,1,misleading_subdomain,0.9410211863564122,1
http://secure-login.www.trkps.com,1,misleading_subdomain,0.9438320234517372,1
http://secure-login.www.dynamic-dns.net,1,misleading_subdomain,0.934276241677839,1
http://secure-login.www.mbmb99.com,1,misleading_subdomain,0.9558257987223948,1
http://secure-login.www.michkatravel.com,1,misleading_subdomain,0.9462694009570309,1
http://secure-login.www.2ww.me,1,misleading_subdomain,0.943989969685014,1
http://secure-login.www.krawangan.com,1,misleading_subdomain,0.9305233543808338,1
http://secure-login.www.meteoprog.ns01.us,1,misleading_subdomain,0.9544541168903228,1
http://secure-login.www.amazcaom-co-jp.amaozeon.chalvshe.top/,1,misleading_subdomain,0.9963304380036568,1
http://secure-login.www.adiscusion.com,1,misleading_subdomain,0.9463848097177463,1
http://secure-login.www.panorama-otel.ru,1,misleading_subdomain,0.9958243132598321,1
http://secure-login.www.wildcard.repeta.com.au,1,misleading_subdomain,0.9689529280465667,1
https://secure-login.attcom-109199.square.site/,1,misleading_subdomain,0.9483636463711367,1
http://secure-login.www.lbertussbau.com,1,misleading_subdomain,0.9462694009570309,1
http://secure-login.www.kakao.net-all.website,1,misleading_subdomain,0.9689529280465667,1
http://secure-login.www.axletime.com,1,misleading_subdomain,0.945499256966594,1
http://secure-login.www.shpk-sanair.gq,1,misleading_subdomain,0.9958243132598321,1
https://secure-login.susangerd.ir/refcheck/old.html,1,misleading_subdomain,0.5967659596231558,1
https://secure-login.zenobrands33.wixsite.com/my-site,1,misleading_subdomain,0.9607700353844499,1
http://secure-login.www.greenphoenix.xyz,1,misleading_subdomain,0.9958243132598321,1
http://secure-login.www.tallyandfin.com,1,misleading_subdomain,0.9462694009570309,1
http://secure-login.www.sena-peygri.cf,1,misleading_subdomain,0.9958243132598321,1
http://secure-login.confirmarcreditoltau.atsnx.com/?i=1,1,misleading_subdomain,0.9757978750834617,1
http://secure-login.work4home.co.za/admin/1cb-47c22-b778a6b-70e64d1225c1fef51/enforcer/login.php,1,misleading_subdomain,0.9927634593213224,1
https://secure-login.tcommanderdcd7.myportfolio.com/,1,misleading_subdomain,0.9099391209218703,1
http://secure-login.www.211205.top,1,misleading_subdomain,0.9963304380036568,1
http://secure-login.www.khmerosja.net,1,misleading_subdomain,0.9305233543808338,1
http://secure-login.www.6.duogz.com,1,misleading_subdomain,0.9859595887719822,1
https://secure-login.sites.google.com/view/necrologieinfosfroravocal/accueil,1,misleading_subdomain,0.5953505321093713,1
https://secure-login.adttnetagadfar.square.site/,1,misleading_subdomain,0.8376058501626347,1
http://secure-login.www.waterhousecleaning.co.uk,1,misleading_subdomain,0.9707928270216982,1
http://secure-login.www.rysstadsylv.no,1,misleading_subdomain,0.9229878935385404,1
http://secure-login.www.dreamportalz.us,1,misleading_subdomain,0.9778555097961761,1
http://secure-login.www.888andro.net,1,misleading_subdomain,0.9544030770795887,1
http://secure-login.verifysup02218115112022.rf.gd/,1,misleading_subdomain,0.9927211375779498,1
https://secure-login.amoen.ye958.com/jp,1,misleading_subdomain,0.8381562810712208,1
http://secure-login.www.pbhack.ru,1,misleading_subdomain,0.9930174236511699,1
http://secure-login.www.office-fonts.herokuapp.com,1,misleading_subdomain,0.9828146043709148,1
http://secure-login.www.healthymachinery.com,1,misleading_subdomain,0.953840397834392,1
http://secure-login.www.stackspay.com,1,misleading_subdomain,0.9305233543808338,1
https://secure-login.docs.google.com/presentation/d/e/2pacx-1vtnqm2u8shvhqgtyog36zyxjjwmeiqc2y9yxurmf80c9kijvzeycqsuqexdzvh8rk1b5b1flubend6l/pub?start=false&loop=false&delayms=3000&slide=id.p,1,misleading_subdomain,0.6753878635200772,1
http://secure-login.www.amazceom-co-jp.amaczeon.chatdouyin.top/,1,misleading_subdomain,0.997424307611795,1
http://secure-login.www.precisionmechanical.org,1,misleading_subdomain,0.9707928270216982,1
http://secure-login.www.fotos.lc,1,misleading_subdomain,0.9348428992299427,1
http://secure-login.www.dadsgetinthegame.com,1,misleading_subdomain,0.953840397834392,1
http://secure-login.www.3je.sdybv.com,1,misleading_subdomain,0.9698447279872955,1
http://secure-login.www.ausameetings.com,1,misleading_subdomain,0.9593391419634756,1
http://secure-login.www.js.csad.cc,1,misleading_subdomain,0.9666166331346911,1
http://secure-login.www.lottoplays.com,1,misleading_subdomain,0.9333150687113017,1
http://secure-login.www.doable.nl,1,misleading_subdomain,0.9531751436561825,1
http://secure-login.www.indeksonline.org,1,misleading_subdomain,0.9462694009570309,1
http://secure-login.www.naverserviceteam.com,1,misleading_subdomain,0.953840397834392,1
http://secure-login.sweetceidrogerbhimlea.tk/,1,misleading_subdomain,0.9886236739779554,1
http://secure-login.www.webpartner.fr,1,misleading_subdomain,0.9305233543808338,1
http://secure-login.www.eggsupgrillfranchise.com,1,misleading_subdomain,0.9707928270216982,1
http://secure-login.lavozdeloscentauros.com/,1,misleading_subdomain,0.9549921816360722,1
http://secure-login.www.sgnaturn.com,1,misleading_subdomain,0.9324295159601494,1
http://secure-login.walletconnectlive.blogspot.com,1,misleading_subdomain,0.9717982477291084,1
https://secure-login.link.tkilef.top,1,misleading_subdomain,0.8400747648236921,1
http://secure-login.www.sartco-ir.com,1,misleading_subdomain,0.9431993919005522,1
http://secure-login.www.pox23.io,1,misleading_subdomain,0.9615027914948369,1
http://secure-login.www.sbdgb.com,1,misleading_subdomain,0.9438320234517372,1
http://secure-login.www.senseye.ikwb.com,1,misleading_subdomain,0.9526644317751558,1
https://secure-login.www.momeyklte.cattaca.com/sonn/client/index_sp.html,1,misleading_subdomain,0.884644534010417,1
http://secure-login.doc-metamask.rf.gd,1,misleading_subdomain,0.9487336720647035,1
http://secure-login.www.timoleary.co.uk,1,misleading_subdomain,0.9395946907687112,1
http://secure-login.www.afiliadosilva.com,1,misleading_subdomain,0.9690291243434295,1
http://secure-login.www.eblagh-r.ml,1,misleading_subdomain,0.9958243132598321,1
https://secure-login.att-102722-106593servcerbusiness.square.site/,1,misleading_subdomain,0.979710367896157,1
http://secure-login.www.handyman.macleannsw.com,1,misleading_subdomain,0.9707928270216982,1
http://secure-login.turnaroundsupport.co.za/kundenkonto/indexx.html,1,misleading_subdomain,0.9581498014703331,1
http://secure-login.www.datenbank.mobi,1,misleading_subdomain,0.9333150687113017,1
https://secure-login.attloginpage-mailerlink.square.site/,1,misleading_subdomain,0.916066651512739,1
http://secure-login.www.tzuzsyfd.net,1,misleading_subdomain,0.9221023407873881,1
https://secure-login.att-mail-104057.square.site/,1,misleading_subdomain,0.9506128626635645,1
http://secure-login.www.daxberger.at,1,misleading_subdomain,0.9324295159601494,1
https://secure-login.fladestateins.com/08131e57-e230-465b-bb5e-840b8af30ec4,1,misleading_subdomain,0.9705978565929192,1
https://secure-login.pold.builderallwppro.com/wp-content/plugins/r/tracking/fv5ejh/details.php,1,misleading_subdomain,0.916660221937739,1
http://secure-login.www.delphi3135.gorodok.net,1,misleading_subdomain,0.9811163241743339,1
http://secure-login.www.greencoco.id,1,misleading_subdomain,0.9324295159601494,1
http://secure-login.www.eblagh-hj.ml,1,misleading_subdomain,0.9947304436516939,1
http://secure-login.www.115.at,1,misleading_subdomain,0.9757033261701096,1
https://secure-login.allegroiokalnie7info.67564534.xyz/bdxl74cx?from_sms=1,1,misleading_subdomain,0.996098564798362,1
http://secure-login.www.app.in-spicy.com,1,misleading_subdomain,0.9634343077155588,1
http://secure-login.www.rakcten-carb.ofhzuue.cn/,1,misleading_subdomain,0.9824568319218571,1
https://secure-login.www.cosmoswater.in/otp.php,1,misleading_subdomain,0.755866355097221,1
http://secure-login.yeqk42t.square.site/,1,misleading_subdomain,0.9746379928945949,1
https://secure-login.my-business-103077.square.site/,1,misleading_subdomain,0.9586553168697932,1
http://secure-login.www.frissoncourier.com/wp-content/plugins/wpcargo/assets/images/,1,misleading_subdomain,0.9858464555520176,1
https://secure-login.docs.google.com/forms/d/e/1faipqlsfjsgjhbjke-mlmni8cfg1tacz-hdpvmy5j2br9upjr1f7nda/viewform?usp=send_form,1,misleading_subdomain,0.6545730994317707,1
https://secure-login.instagrame.net/,1,misleading_subdomain,0.8461226845986406,1
http://secure-login.www.hxc28.com,1,misleading_subdomain,0.9680396820872275,1
http://secure-login.www.leapmom.com,1,misleading_subdomain,0.9321299821280356,1
https://secure-login.sites.google.com/view/ptss18/?dn,1,misleading_subdomain,0.5591012189855948,1
http://secure-login.www.emrahkeskin.com,1,misleading_subdomain,0.9462694009570309,1
http://secure-login.www.hotelfocus.nl,1,misleading_subdomain,0.9305233543808338,1
http://secure-login.www.crophysi.ru,1,misleading_subdomain,0.9947304436516939,1
http://secure-login.www.aadl-iran.ml,1,misleading_subdomain,0.9958243132598321,1
http://secure-login.www.zestevents.co,1,misleading_subdomain,0.9305233543808338,1
http://secure-login.www.wj.tqomz.com,1,misleading_subdomain,0.9464271594434264,1
http://secure-login.www.javaterm.com,1,misleading_subdomain,0.9324295159601494,1
http://secure-login.www.iamme-label.com,1,misleading_subdomain,0.9526644317751558,1
http://secure-login.www.westthamesphysio.com,1,misleading_subdomain,0.953840397834392,1
http://secure-login.www.211120bei.top,1,misleading_subdomain,0.997424307611795,1
http://secure-login.www.bshades.eu,1,misleading_subdomain,0.9364638489929471,1
https://secure-login.banbobiinacionall.herokuapp.com/,1,misleading_subdomain,0.8717939093929467,1
https://secure-login.s3.ap-southeast-1.wasabisys.com/policies/appsuite/tlyappioox/mailfolderdefault0/inbox.html#redacted@abuse.ionos.com,1,misleading_subdomain,0.9307731449576769,1
http://secure-login.www.rspvm.servergame.com,1,misleading_subdomain,0.9622119552540628,1
http://secure-login.akewuqekas.sembarriga.com.br/vnafvra97w/?q=3717065149&id=100,1,misleading_subdomain,0.9788397041891432,1
http://secure-login.www.creativecombat.com/wp-admin/network/acct/login.php?rand=13inboxlightaspxn.1774256418&fid.4.1252899642&fid=1&fav.1&rand.13inboxlight.aspxn.1774256418&fid.1252899642&fid.1&fav.1&email=&.rand=13inboxlight.aspx?n=1774256418&fid=4#n=1252899642&fid=1&fav=1,1,misleading_subdomain,0.9906605145171772,1
http://secure-login.www.xnxx.c1.biz,1,misleading_subdomain,0.9947304436516939,1
http://secure-login.www.jfgsifrptbirusgs.net,1,misleading_subdomain,0.9485219487435199,1
http://secure-login.www.tanilcosmetics.com,1,misleading_subdomain,0.9536484731086757,1
https://secure-login.trophterra.tk/164bd,1,misleading_subdomain,0.9629694152244387,1
http://192.0.2.1,1,ip_style,0.9989704662132753,1
http://192.0.2.1,1,ip_style,0.9989704662132753,1
http://192.0.2.1/,1,ip_style,0.9989704662132753,1
http://192.0.2.1,1,ip_style,0.9989704662132753,1
http://192.0.2.1/vnafvra97w/?q=3717065149&id=100,1,ip_style,0.9990668840721939,1
http://192.0.2.1/,1,ip_style,0.9989704662132753,1
http://192.0.2.1,1,ip_style,0.9989704662132753,1
http://192.0.2.1/#/,1,ip_style,0.9983748187238703,1
http://192.0.2.1,1,ip_style,0.9989704662132753,1
http://192.0.2.1,1,ip_style,0.9989704662132753,1
http://192.0.2.1,1,ip_style,0.9989704662132753,1
http://192.0.2.1,1,ip_style,0.9989704662132753,1
http://192.0.2.1,1,ip_style,0.9989704662132753,1
http://192.0.2.1/,1,ip_style,0.9989704662132753,1
http://192.0.2.1/dkskat/,1,ip_style,0.997436732858375,1
http://192.0.2.1,1,ip_style,0.9989704662132753,1
http://192.0.2.1/,1,ip_style,0.9989704662132753,1
http://192.0.2.1/forms/d/1casphevkfdaz2okqj70wdai3pdwwg1weh_rpk9v0z3a/viewform,1,ip_style,0.9751242640862637,1
http://192.0.2.1,1,ip_style,0.9989704662132753,1
http://192.0.2.1,1,ip_style,0.9989704662132753,1
http://192.0.2.1/webs/,1,ip_style,0.9980575135760171,1
http://192.0.2.1/load.php,1,ip_style,0.997436732858375,1
http://192.0.2.1,1,ip_style,0.9989704662132753,1
http://192.0.2.1,1,ip_style,0.9989704662132753,1
http://192.0.2.1/mailbusiness/appsuite/tlyappioox/mailfolderdefault9/inbox.html#redacted@abuse.ionos.com,1,ip_style,0.999443564561415,1
http://192.0.2.1/ch/panel/,1,ip_style,0.991840020235918,1
http://192.0.2.1,1,ip_style,0.9989704662132753,1
http://192.0.2.1/,1,ip_style,0.9989704662132753,1
http://192.0.2.1,1,ip_style,0.9989704662132753,1
http://192.0.2.1,1,ip_style,0.9989704662132753,1
http://192.0.2.1,1,ip_style,0.9989704662132753,1
http://192.0.2.1/mtb/app/verify.php,1,ip_style,0.9402020509983654,1
http://192.0.2.1,1,ip_style,0.9989704662132753,1
http://192.0.2.1,1,ip_style,0.9989704662132753,1
http://192.0.2.1,1,ip_style,0.9989704662132753,1
http://192.0.2.1/,1,ip_style,0.9989704662132753,1
http://192.0.2.1/1d9yeo,1,ip_style,0.997436732858375,1
http://192.0.2.1/wp-admin/user/webgenkic/investopia/index.php?email=get@get.get,1,ip_style,0.999443564561415,1
http://192.0.2.1/attt,1,ip_style,0.997436732858375,1
http://192.0.2.1,1,ip_style,0.9989704662132753,1
http://192.0.2.1,1,ip_style,0.9989704662132753,1
http://192.0.2.1/0.php#ywnjb3vudhnay2vudhjpy2euy29t,1,ip_style,0.9750792219182479,1
http://192.0.2.1/,1,ip_style,0.9989704662132753,1
http://192.0.2.1/,1,ip_style,0.9989704662132753,1
http://192.0.2.1/forms/d/e/1faipqlscckv1-rxhipcmrhnwfvq2lhuxx18nzcm1e7e0oz8ienixtgw/viewform,1,ip_style,0.9732398063501597,1
http://192.0.2.1,1,ip_style,0.9989704662132753,1
http://192.0.2.1/jp.php,1,ip_style,0.9980575135760171,1
http://192.0.2.1,1,ip_style,0.9989704662132753,1
http://192.0.2.1/besst/,1,ip_style,0.9980575135760171,1
http://192.0.2.1/url?q=https://ipfs.io/ipfs/qmpovsvevlyhp2gj6vfhkqvhaydz1o7y2xn3xt87kkghtv%23%5bemail%5d&amp;source=gmail&amp;ust=1663915474090000&amp;usg=aovvaw1usggtmp1ivavtzsxcz8g1,1,ip_style,0.975327731179294,1
http://192.0.2.1,1,ip_style,0.9989704662132753,1
http://192.0.2.1/,1,ip_style,0.9989704662132753,1
http://192.0.2.1,1,ip_style,0.9989704662132753,1
http://192.0.2.1/#zfhobgnrqmtimjfoyvc0dwrhegs,1,ip_style,0.960974644323545,1
http://192.0.2.1,1,ip_style,0.9989704662132753,1
http://192.0.2.1,1,ip_style,0.9989704662132753,1
http://192.0.2.1/home.php,1,ip_style,0.997436732858375,1
http://192.0.2.1,1,ip_style,0.9989704662132753,1
http://192.0.2.1,1,ip_style,0.9989704662132753,1
http://192.0.2.1/,1,ip_style,0.9989704662132753,1
http://192.0.2.1/,1,ip_style,0.9989704662132753,1
http://192.0.2.1/,1,ip_style,0.9989704662132753,1
http://192.0.2.1,1,ip_style,0.9989704662132753,1
http://192.0.2.1,1,ip_style,0.9989704662132753,1
http://192.0.2.1/4ecc9875-1bec-4eb4-b4b8-859e345aa26a,1,ip_style,0.9990668840721939,1
http://192.0.2.1/,1,ip_style,0.9989704662132753,1
http://192.0.2.1/,1,ip_style,0.9989704662132753,1
http://192.0.2.1/,1,ip_style,0.9989704662132753,1
http://192.0.2.1/bnl51,1,ip_style,0.99803238034778,1
http://192.0.2.1,1,ip_style,0.9989704662132753,1
http://192.0.2.1,1,ip_style,0.9989704662132753,1
http://192.0.2.1/wordpress/wp-includes/fonts/aupost/track/index2.php,1,ip_style,0.9697601629976633,1
http://192.0.2.1,1,ip_style,0.9989704662132753,1
http://192.0.2.1,1,ip_style,0.9989704662132753,1
http://192.0.2.1,1,ip_style,0.9989704662132753,1
http://192.0.2.1,1,ip_style,0.9989704662132753,1
http://192.0.2.1/,1,ip_style,0.9989704662132753,1
http://192.0.2.1,1,ip_style,0.9989704662132753,1
http://192.0.2.1/,1,ip_style,0.9989704662132753,1
http://192.0.2.1/,1,ip_style,0.9989704662132753,1
http://192.0.2.1,1,ip_style,0.9989704662132753,1
http://192.0.2.1,1,ip_style,0.9989704662132753,1
http://192.0.2.1/chronopostalertee/chronopostalertee,1,ip_style,0.9706137898651482,1
http://192.0.2.1,1,ip_style,0.9989704662132753,1
http://192.0.2.1/?gclid=cjwkcaia5siebhbneiwar9oh2vy9yq0vuiatdgyarsqdbwlwezejyz3u2ljjjphfzmf2sgpv9hopiboco-wqavd_bwe,1,ip_style,0.9968097119025418,1
http://192.0.2.1,1,ip_style,0.9989704662132753,1
http://192.0.2.1,1,ip_style,0.9989704662132753,1
http://192.0.2.1/1675952392/cliente/login,1,ip_style,0.9501603991468898,1
http://192.0.2.1/my-site-1,1,ip_style,0.9980575135760171,1
http://192.0.2.1,1,ip_style,0.9989704662132753,1
http://192.0.2.1/feedback/portal.php,1,ip_style,0.9686891920365179,1
http://192.0.2.1,1,ip_style,0.9989704662132753,1
http://192.0.2.1,1,ip_style,0.9989704662132753,1
http://192.0.2.1/,1,ip_style,0.9989704662132753,1
http://192.0.2.1/,1,ip_style,0.9989704662132753,1
http://192.0.2.1,1,ip_style,0.9989704662132753,1
http://192.0.2.1,1,ip_style,0.9989704662132753,1
http://192.0.2.1/forms/d/e/1faipqlsdnega_6c_pz9_q9ep9epm4iwqfsrxqsnaz-j9dyldimaoocg/viewform?usp=send_form,1,ip_style,0.9748489783795604,1
http://192.0.2.1,1,ip_style,0.9989704662132753,1
http://192.0.2.1/,1,ip_style,0.9989704662132753,1
http://192.0.2.1/?trkid=pn8322826547413800&sub1=tb4j9lf,1,ip_style,0.9990668840721939,1
http://192.0.2.1/,1,ip_style,0.9989704662132753,1
http://192.0.2.1,1,ip_style,0.9989704662132753,1
http://192.0.2.1/mobile/signim.php,1,ip_style,0.9726731181620606,1
http://192.0.2.1,1,ip_style,0.9989704662132753,1
http://192.0.2.1/forms/d/e/1faipqlsfp1eukgsktriyraz2csynqwfwtv6ehlnbszu69dbxz9lirtq/viewform,1,ip_style,0.9732398063501597,1
http://192.0.2.1/luiza/home.php?userid=&uri=jkluamrfhfwos4cafnmeh7pa1pzx12wuktqwv4swvyw=,1,ip_style,0.9746455112865302,1
http://192.0.2.1,1,ip_style,0.9989704662132753,1
http://192.0.2.1/,1,ip_style,0.9989704662132753,1
http://192.0.2.1,1,ip_style,0.9989704662132753,1
http://192.0.2.1/,1,ip_style,0.9989704662132753,1
http://192.0.2.1,1,ip_style,0.9989704662132753,1
http://192.0.2.1,1,ip_style,0.9989704662132753,1
http://192.0.2.1,1,ip_style,0.9989704662132753,1
http://192.0.2.1,1,ip_style,0.9989704662132753,1
http://192.0.2.1,1,ip_style,0.9989704662132753,1
http://192.0.2.1/,1,ip_style,0.9989704662132753,1
http://192.0.2.1/,1,ip_style,0.9989704662132753,1
http://192.0.2.1/html,1,ip_style,0.997436732858375,1
http://192.0.2.1/forms/d/e/1faipqlsc-nv7qlz6jg_y9ze5k9ds_kzo8hyelurb5j5veve1q4jkiwq/viewform?usp=send_form,1,ip_style,0.9748489783795604,1
http://192.0.2.1/zmrww,1,ip_style,0.997436732858375,1
http://192.0.2.1,1,ip_style,0.9989704662132753,1
http://192.0.2.1/my-site-2,1,ip_style,0.9980575135760171,1
http://192.0.2.1/auth,1,ip_style,0.997436732858375,1
http://192.0.2.1,1,ip_style,0.9989704662132753,1
http://192.0.2.1/my-site,1,ip_style,0.997436732858375,1
http://192.0.2.1/v3/signin/identifier?dsh=s-16339560%3a1679418180081355&amp%3bfollowup=https%3a%2f%2faccounts.google.com%2f%3f&amp%3bifkv=awnoghedjeezlxxcukyobikksrlskkbb8naftymojf2pwikab-md99nj9vzjmeshc1trpqxmz-t9&amp%3bpassive=1209600&amp%3bxrealip=107.178.200.216&continue=https%3a%2f%2faccounts.google.com%2f%3f&xrealip=107.21.207.171&flowname=weblitesignin&flowentry=servicelogin&ifkv=awnoghdkbq5_bcbcs7t_jbbb9kh3txpcqomjbjvtodoolkfraglnqnbwsicqnuymo66jb13fvsxv,1,ip_style,0.9741389720272291,1
http://192.0.2.1,1,ip_style,0.9989704662132753,1
http://192.0.2.1/,1,ip_style,0.9989704662132753,1
http://192.0.2.1/load.php,1,ip_style,0.997436732858375,1
http://192.0.2.1/file/d/1ginbnlpvt7kpfnog9a68fqmn7k3aivui,1,ip_style,0.9750792219182479,1
http://192.0.2.1,1,ip_style,0.9989704662132753,1
http://192.0.2.1,1,ip_style,0.9989704662132753,1
http://192.0.2.1,1,ip_style,0.9989704662132753,1
http://192.0.2.1,1,ip_style,0.9989704662132753,1
http://192.0.2.1/24bper,1,ip_style,0.997436732858375,1
http://192.0.2.1/?page=home&amp;a=208a545d9c9920e5b82164095ef319bad2175dc5secure2158133160d9d280afd9baa68ac7d4411e4dfa5aaccess&amp;b=c307f85ef63c038db5451a1042f6f71035959e14secureb88a92fff52f9bef397d01a21ebe53836dcf62fbaccess&amp;c=4b5a9afcee2770f60fda9be064592b20a861a360secure9c2abcaa953117131aa7425287bb7855c77d94e9access,1,ip_style,0.9786586483533928,1
http://192.0.2.1,1,ip_style,0.9989704662132753,1
http://192.0.2.1,1,ip_style,0.9989704662132753,1
http://192.0.2.1,1,ip_style,0.9989704662132753,1
http://192.0.2.1,1,ip_style,0.9989704662132753,1
http://192.0.2.1/jp.php,1,ip_style,0.9980575135760171,1
http://192.0.2.1/login/seguranca.php,1,ip_style,0.9356823746722018,1
http://192.0.2.1,1,ip_style,0.9989704662132753,1
http://192.0.2.1,1,ip_style,0.9989704662132753,1
http://192.0.2.1/presentation/d/e/2pacx-1vqp1bs7pp2guhiddnanci5t_elobevup6mr14v_llaxfa_35lnj_gd57iuzq91rm4xioxgt3rstsqqu/pub?start=false&loop=false&delayms=3000&slide=id.p,1,ip_style,0.9732652856936476,1
http://192.0.2.1/ap/signin,1,ip_style,0.9439429058067909,1
http://192.0.2.1,1,ip_style,0.9989704662132753,1
http://192.0.2.1,1,ip_style,0.9989704662132753,1
http://192.0.2.1,1,ip_style,0.9989704662132753,1
http://192.0.2.1,1,ip_style,0.9989704662132753,1
http://192.0.2.1,1,ip_style,0.9989704662132753,1
http://192.0.2.1,1,ip_style,0.9989704662132753,1
http://192.0.2.1/,1,ip_style,0.9989704662132753,1
http://192.0.2.1,1,ip_style,0.9989704662132753,1
http://192.0.2.1,1,ip_style,0.9989704662132753,1
http://192.0.2.1,1,ip_style,0.9989704662132753,1
http://192.0.2.1,1,ip_style,0.9989704662132753,1
http://192.0.2.1/,1,ip_style,0.9989704662132753,1
http://192.0.2.1/,1,ip_style,0.9989704662132753,1
http://192.0.2.1,1,ip_style,0.9989704662132753,1
http://192.0.2.1,1,ip_style,0.9989704662132753,1
http://192.0.2.1,1,ip_style,0.9989704662132753,1
http://192.0.2.1,1,ip_style,0.9989704662132753,1
http://192.0.2.1,1,ip_style,0.9989704662132753,1
http://192.0.2.1,1,ip_style,0.9989704662132753,1
http://192.0.2.1,1,ip_style,0.9989704662132753,1
http://192.0.2.1,1,ip_style,0.9989704662132753,1
http://192.0.2.1/forms/d/e/1faipqlseht4cdltkad8967jjarcb5nafonbaw3dtpynth9mdk94hf-q/viewform?usp=send_form,1,ip_style,0.9732652856936476,1
http://192.0.2.1/ob,1,ip_style,0.9983748187238703,1
http://192.0.2.1/,1,ip_style,0.9989704662132753,1
http://192.0.2.1,1,ip_style,0.9989704662132753,1
http://192.0.2.1,1,ip_style,0.9989704662132753,1
http://192.0.2.1,1,ip_style,0.9989704662132753,1
http://192.0.2.1,1,ip_style,0.9989704662132753,1
http://192.0.2.1,1,ip_style,0.9989704662132753,1
http://192.0.2.1,1,ip_style,0.9989704662132753,1
http://192.0.2.1/,1,ip_style,0.9989704662132753,1
http://192.0.2.1,1,ip_style,0.9989704662132753,1
http://192.0.2.1,1,ip_style,0.9989704662132753,1
http://192.0.2.1,1,ip_style,0.9989704662132753,1
http://192.0.2.1/,1,ip_style,0.9989704662132753,1
http://192.0.2.1,1,ip_style,0.9989704662132753,1
http://192.0.2.1,1,ip_style,0.9989704662132753,1
http://192.0.2.1,1,ip_style,0.9989704662132753,1
http://192.0.2.1,1,ip_style,0.9989704662132753,1
http://192.0.2.1,1,ip_style,0.9989704662132753,1
http://192.0.2.1,1,ip_style,0.9989704662132753,1
http://192.0.2.1,1,ip_style,0.9989704662132753,1
http://192.0.2.1,1,ip_style,0.9989704662132753,1
http://192.0.2.1,1,ip_style,0.9989704662132753,1
http://192.0.2.1,1,ip_style,0.9989704662132753,1
http://192.0.2.1,1,ip_style,0.9989704662132753,1
http://192.0.2.1,1,ip_style,0.9989704662132753,1
http://192.0.2.1/,1,ip_style,0.9989704662132753,1
http://192.0.2.1,1,ip_style,0.9989704662132753,1
http://192.0.2.1,1,ip_style,0.9989704662132753,1
http://192.0.2.1,1,ip_style,0.9989704662132753,1
http://192.0.2.1/,1,ip_style,0.9989704662132753,1
http://192.0.2.1,1,ip_style,0.9989704662132753,1
http://192.0.2.1,1,ip_style,0.9989704662132753,1
http://192.0.2.1,1,ip_style,0.9989704662132753,1
http://192.0.2.1,1,ip_style,0.9989704662132753,1
http://192.0.2.1/refcheck/old.html,1,ip_style,0.9726731181620606,1
http://192.0.2.1/my-site,1,ip_style,0.997436732858375,1
http://192.0.2.1,1,ip_style,0.9989704662132753,1
http://192.0.2.1,1,ip_style,0.9989704662132753,1
http://192.0.2.1,1,ip_style,0.9989704662132753,1
http://192.0.2.1/?i=1,1,ip_style,0.9983748187238703,1
http://192.0.2.1/admin/1cb-47c22-b778a6b-70e64d1225c1fef51/enforcer/login.php,1,ip_style,0.9733401992625206,1
http://192.0.2.1/,1,ip_style,0.9989704662132753,1
http://192.0.2.1,1,ip_style,0.9989704662132753,1
http://192.0.2.1,1,ip_style,0.9989704662132753,1
http://192.0.2.1,1,ip_style,0.9989704662132753,1
http://192.0.2.1/view/necrologieinfosfroravocal/accueil,1,ip_style,0.9722425247190769,1
http://192.0.2.1/,1,ip_style,0.9989704662132753,1
http://192.0.2.1,1,ip_style,0.9989704662132753,1
http://192.0.2.1,1,ip_style,0.9989704662132753,1
http://192.0.2.1,1,ip_style,0.9989704662132753,1
http://192.0.2.1,1,ip_style,0.9989704662132753,1
http://192.0.2.1/,1,ip_style,0.9989704662132753,1
http://192.0.2.1/jp,1,ip_style,0.9983748187238703,1
http://192.0.2.1,1,ip_style,0.9989704662132753,1
http://192.0.2.1,1,ip_style,0.9989704662132753,1
http://192.0.2.1,1,ip_style,0.9989704662132753,1
http://192.0.2.1,1,ip_style,0.9989704662132753,1
http://192.0.2.1/presentation/d/e/2pacx-1vtnqm2u8shvhqgtyog36zyxjjwmeiqc2y9yxurmf80c9kijvzeycqsuqexdzvh8rk1b5b1flubend6l/pub?start=false&loop=false&delayms=3000&slide=id.p,1,ip_style,0.9734432734431898,1
http://192.0.2.1/,1,ip_style,0.9989704662132753,1
http://192.0.2.1,1,ip_style,0.9989704662132753,1
http://192.0.2.1,1,ip_style,0.9989704662132753,1
http://192.0.2.1,1,ip_style,0.9989704662132753,1
http://192.0.2.1,1,ip_style,0.9989704662132753,1
http://192.0.2.1,1,ip_style,0.9989704662132753,1
http://192.0.2.1,1,ip_style,0.9989704662132753,1
http://192.0.2.1,1,ip_style,0.9989704662132753,1
http://192.0.2.1,1,ip_style,0.9989704662132753,1
http://192.0.2.1,1,ip_style,0.9989704662132753,1
http://192.0.2.1,1,ip_style,0.9989704662132753,1
http://192.0.2.1/,1,ip_style,0.9989704662132753,1
http://192.0.2.1,1,ip_style,0.9989704662132753,1
http://192.0.2.1,1,ip_style,0.9989704662132753,1
http://192.0.2.1/,1,ip_style,0.9989704662132753,1
http://192.0.2.1,1,ip_style,0.9989704662132753,1
http://192.0.2.1,1,ip_style,0.9989704662132753,1
http://192.0.2.1,1,ip_style,0.9989704662132753,1
http://192.0.2.1,1,ip_style,0.9989704662132753,1
http://192.0.2.1,1,ip_style,0.9989704662132753,1
http://192.0.2.1,1,ip_style,0.9989704662132753,1
http://192.0.2.1,1,ip_style,0.9989704662132753,1
http://192.0.2.1/sonn/client/index_sp.html,1,ip_style,0.9817222757311315,1
http://192.0.2.1,1,ip_style,0.9989704662132753,1
http://192.0.2.1,1,ip_style,0.9989704662132753,1
http://192.0.2.1,1,ip_style,0.9989704662132753,1
http://192.0.2.1,1,ip_style,0.9989704662132753,1
http://192.0.2.1/,1,ip_style,0.9989704662132753,1
http://192.0.2.1,1,ip_style,0.9989704662132753,1
http://192.0.2.1/kundenkonto/indexx.html,1,ip_style,0.9566622832340821,1
http://192.0.2.1,1,ip_style,0.9989704662132753,1
http://192.0.2.1/,1,ip_style,0.9989704662132753,1
http://192.0.2.1,1,ip_style,0.9989704662132753,1
http://192.0.2.1/,1,ip_style,0.9989704662132753,1
http://192.0.2.1,1,ip_style,0.9989704662132753,1
http://192.0.2.1/08131e57-e230-465b-bb5e-840b8af30ec4,1,ip_style,0.9990668840721939,1
http://192.0.2.1/wp-content/plugins/r/tracking/fv5ejh/details.php,1,ip_style,0.9708545244751656,1
http://192.0.2.1,1,ip_style,0.9989704662132753,1
http://192.0.2.1,1,ip_style,0.9989704662132753,1
http://192.0.2.1,1,ip_style,0.9989704662132753,1
http://192.0.2.1,1,ip_style,0.9989704662132753,1
http://192.0.2.1/bdxl74cx?from_sms=1,1,ip_style,0.9859398320436723,1
http://192.0.2.1,1,ip_style,0.9989704662132753,1
http://192.0.2.1/,1,ip_style,0.9989704662132753,1
http://192.0.2.1/otp.php,1,ip_style,0.997436732858375,1
http://192.0.2.1/,1,ip_style,0.9989704662132753,1
http://192.0.2.1/,1,ip_style,0.9989704662132753,1
http://192.0.2.1/wp-content/plugins/wpcargo/assets/images/,1,ip_style,0.9707581066162471,1
http://192.0.2.1/forms/d/e/1faipqlsfjsgjhbjke-mlmni8cfg1tacz-hdpvmy5j2br9upjr1f7nda/viewform?usp=send_form,1,ip_style,0.9732202435256317,1
http://192.0.2.1/,1,ip_style,0.9989704662132753,1
http://192.0.2.1,1,ip_style,0.9989704662132753,1
http://192.0.2.1,1,ip_style,0.9989704662132753,1
http://192.0.2.1/view/ptss18/?dn,1,ip_style,0.991840020235918,1
http://192.0.2.1,1,ip_style,0.9989704662132753,1
http://192.0.2.1,1,ip_style,0.9989704662132753,1
http://192.0.2.1,1,ip_style,0.9989704662132753,1
http://192.0.2.1,1,ip_style,0.9989704662132753,1
http://192.0.2.1,1,ip_style,0.9989704662132753,1
http://192.0.2.1,1,ip_style,0.9989704662132753,1
http://192.0.2.1,1,ip_style,0.9989704662132753,1
http://192.0.2.1,1,ip_style,0.9989704662132753,1
http://192.0.2.1,1,ip_style,0.9989704662132753,1
http://192.0.2.1,1,ip_style,0.9989704662132753,1
http://192.0.2.1,1,ip_style,0.9989704662132753,1
http://192.0.2.1/,1,ip_style,0.9989704662132753,1
http://192.0.2.1/policies/appsuite/tlyappioox/mailfolderdefault0/inbox.html#redacted@abuse.ionos.com,1,ip_style,0.999443564561415,1
http://192.0.2.1,1,ip_style,0.9989704662132753,1
http://192.0.2.1/vnafvra97w/?q=3717065149&id=100,1,ip_style,0.9990668840721939,1
http://192.0.2.1/wp-admin/network/acct/login.php?rand=13inboxlightaspxn.1774256418&fid.4.1252899642&fid=1&fav.1&rand.13inboxlight.aspxn.1774256418&fid.1252899642&fid.1&fav.1&email=&.rand=13inboxlight.aspx?n=1774256418&fid=4#n=1252899642&fid=1&fav=1,1,ip_style,0.9786586483533928,1
http://192.0.2.1,1,ip_style,0.9989704662132753,1
http://192.0.2.1,1,ip_style,0.9989704662132753,1
http://192.0.2.1,1,ip_style,0.9989704662132753,1
http://192.0.2.1/164bd,1,ip_style,0.9984461033545518,1
http://www.shprakserf.gq:8443,1,unusual_port,0.9938908988119739,1
http://www.iuhjn.pplink.club:8443,1,unusual_port,0.9973426290490457,1
https://sabadonoappmagazine.com:8443/,1,unusual_port,0.7328620079878294,1
http://www.nextraload.com:8443,1,unusual_port,0.9979496844479474,1
http://tkmowpikuk.owl4fsrch.club:8443/vnafvra97w/?q=3717065149&id=100,1,unusual_port,0.9993187635174984,1
https://btopenworldwebmailing.square.site:8443/,1,unusual_port,0.7732044808712448,1
http://www.fgurb.cannca.shop:8443,1,unusual_port,0.9984165719388394,1
https://www.ethmining.info:8443/#/,1,unusual_port,0.783076850169725,1
http://ianacurtis.rmxcontabilidade.com.br:8443,1,unusual_port,0.9956368276548861,1
http://www.pony4.microsoftups.com:8443,1,unusual_port,0.9968177371734107,1
http://www.play.stream.vidzi.tv:8443,1,unusual_port,0.9985231746943297,1
http://www.beemail.online:8443,1,unusual_port,0.9892441796066315,1
http://www.915783.com:8443,1,unusual_port,0.9959171642260708,1
https://attcom-102201.square.site:8443/,1,unusual_port,0.9101591506825049,1
https://upyq8ess.dreamwp.com:8443/dkskat/,1,unusual_port,0.43809984554519055,0
https://www.faewood.com:8443,1,unusual_port,0.2904543037920514,0
https://ennsttsqau.square.site:8443/,1,unusual_port,0.5060571535418127,1
https://docs.google.com:8443/forms/d/1casphevkfdaz2okqj70wdai3pdwwg1weh_rpk9v0z3a/viewform,1,unusual_port,0.4665620903158246,1
http://www.frissoncourier.com:8443,1,unusual_port,0.9974697738915662,1
http://www.clinicafresa20.com:8443,1,unusual_port,0.9977432347478745,1
http://chieuphan-bdshotram.com:8443/webs/,1,unusual_port,0.9967320542528132,1
https://www.ekie-nat.ekaste.bhwkke.top:8443/load.php,1,unusual_port,0.9311384754331561,1
http://www.keliweb.it:8443,1,unusual_port,0.9829376433690641,1
http://www.baagii.sportsnewsa.net:8443,1,unusual_port,0.9949744481338147,1
https://s3.ap-southeast-1.wasabisys.com:8443/mailbusiness/appsuite/tlyappioox/mailfolderdefault9/inbox.html#redacted@abuse.ionos.com,1,unusual_port,0.9686575810559507,1
https://lowes-solicitors.co.uk:8443/ch/panel/,1,unusual_port,0.8213423666811217,1
http://www.clientcentre.net:8443,1,unusual_port,0.997441564327629,1
https://euygy.square.site:8443/,1,unusual_port,0.39101214363085635,0
http://www.automan-1301476296.cos.eu-moscow.myqcloud.com:8443,1,unusual_port,0.9994483389147664,1
http://www.aleksandartaskov.com:8443,1,unusual_port,0.9983181122517715,1
http://www.whoer.net:8443,1,unusual_port,0.9771753024323797,1
https://terapiaespecializada.es:8443/mtb/app/verify.php,1,unusual_port,0.7042954004872448,1
http://www.nogiledeneli.ru:8443,1,unusual_port,0.9964054486746747,1
http://www.reco.ws:8443,1,unusual_port,0.9883560426378498,1
http://www.polevoyton.store:8443,1,unusual_port,0.9974279604781108,1
https://antai-gouv.net:8443/,1,unusual_port,0.7269721102306206,1
https://shrtco.de:8443/1d9yeo,1,unusual_port,0.7539789029962094,1
http://fti.unmerpas.ac.id:8443/wp-admin/user/webgenkic/investopia/index.php?email=get@get.get,1,unusual_port,0.9835674698679684,1
https://ejjud0.wixsite.com:8443/attt,1,unusual_port,0.46189478862309963,1
http://www.campbellz.cf:8443,1,unusual_port,0.9917307348576785,1
http://www.lwac.com:8443,1,unusual_port,0.9955724793228693,1
http://centrica.comrqzrofxnhwwgrqzrofrofxnhwagx2nfse2nfagx2nfsesewxnhwagxwgrqzg.mustaccio.com:8443/0.php#ywnjb3vudhnay2vudhjpy2euy29t,1,unusual_port,0.995943738551081,1
https://00-coveriy-tm.quest:8443/,1,unusual_port,0.8299806757255505,1
https://attcom-101978.square.site:8443/,1,unusual_port,0.9101591506825049,1
https://docs.google.com:8443/forms/d/e/1faipqlscckv1-rxhipcmrhnwfvq2lhuxx18nzcm1e7e0oz8ienixtgw/viewform,1,unusual_port,0.46523362276137525,1
http://www.oosp.pplink.club:8443,1,unusual_port,0.9911050409535394,1
https://www-info-cr-mufg.huiwenfeng.com:8443/jp.php,1,unusual_port,0.8877786325550495,1
http://www.karizcustomizeme.com:8443,1,unusual_port,0.998297667300023,1
http://dj-wedding.tk:8443/besst/,1,unusual_port,0.9973999774317136,1
https://www.google.com:8443/url?q=https://ipfs.io/ipfs/qmpovsvevlyhp2gj6vfhkqvhaydz1o7y2xn3xt87kkghtv%23%5bemail%5d&amp;source=gmail&amp;ust=1663915474090000&amp;usg=aovvaw1usggtmp1ivavtzsxcz8g1,1,unusual_port,0.5444700189572282,1
http://www.iiorinmf.pplink.club:8443,1,unusual_port,0.9958224275712327,1
https://dmbelectricinc.com:8443/,1,unusual_port,0.6133360583690141,1
http://www.intelsupportcenter.com:8443,1,unusual_port,0.9984423091958379,1
http://4710463d43910.bonactech.com:8443/#zfhobgnrqmtimjfoyvc0dwrhegs,1,unusual_port,0.9852198259875304,1
http://www.www--wellsfargo--com--t249329d48d6c.wsipv6.com:8443,1,unusual_port,0.9981851730660546,1
https://www.id292468292.ru:8443,1,unusual_port,0.9514963030249641,1
https://www.danieltolson.com:8443/home.php,1,unusual_port,0.47877760663394975,1
http://www.icloud-id-services.com:8443,1,unusual_port,0.9903443141659322,1
http://www.tripadvisorsapp.com:8443,1,unusual_port,0.9982774785815041,1
http://my-business-106173-106262.square.site:8443/,1,unusual_port,0.9981563712904371,1
http://cek58793690694674609.rf.gd:8443/,1,unusual_port,0.9993496622668436,1
https://meinedkb.me:8443/,1,unusual_port,0.6568481006937344,1
http://www.pmbfytlkm.ml:8443,1,unusual_port,0.9925782291374755,1
https://www.solutionfun.info:8443,1,unusual_port,0.6417041934812101,1
https://fladestateins.com:8443/4ecc9875-1bec-4eb4-b4b8-859e345aa26a,1,unusual_port,0.8455685917740563,1
https://www.ioginunlcovlabcp.com:8443/,1,unusual_port,0.5474397861294555,1
https://opmklw.com:8443/,1,unusual_port,0.7867044925246982,1
https://pyyplapp.com:8443/,1,unusual_port,0.641866610327671,1
http://hkmulane.cn:8443/bnl51,1,unusual_port,0.9828751351317925,1
http://www.winconnectors.com:8443,1,unusual_port,0.997486835317674,1
http://www.wikaba.com:8443,1,unusual_port,0.9802202087913919,1
http://yzxlsc.com:8443/wordpress/wp-includes/fonts/aupost/track/index2.php,1,unusual_port,0.9907277619045398,1
http://www.shbc.pplink.club:8443,1,unusual_port,0.9911050409535394,1
http://www.towncenterhotel.com:8443,1,unusual_port,0.9982774785815041,1
http://www.mail-nepalarmymil-np.gq:8443,1,unusual_port,0.9941246958837902,1
http://www.dyskurs.com.ua:8443,1,unusual_port,0.998360983113549,1
https://alertascliente.webcindario.com:8443/,1,unusual_port,0.8053182707415688,1
http://www.1shop.de:8443,1,unusual_port,0.991765947209416,1
https://att-102707.square.site:8443/,1,unusual_port,0.8980251555454709,1
https://auth-dkb-online.de:8443/,1,unusual_port,0.7864620398077755,1
http://www.cachecontent.com:8443,1,unusual_port,0.997441564327629,1
http://www.0catch.com:8443,1,unusual_port,0.996078102903071,1
http://lukers.com.sg:8443/chronopostalertee/chronopostalertee,1,unusual_port,0.9800557031790428,1
http://www.unblockproxy.us:8443,1,unusual_port,0.9873904526162184,1
https://crosschainbridge-eth.com:8443/?gclid=cjwkcaia5siebhbneiwar9oh2vy9yq0vuiatdgyarsqdbwlwezejyz3u2ljjjphfzmf2sgpv9hopiboco-wqavd_bwe,1,unusual_port,0.9287098920851029,1
http://www.allsecurehosting.com:8443,1,unusual_port,0.9380653250938401,1
http://www.wearebred.net:8443,1,unusual_port,0.9962186927724082,1
https://cmac-cajatacna.com:8443/1675952392/cliente/login,1,unusual_port,0.9183596197915183,1
https://sampierry11.wixsite.com:8443/my-site-1,1,unusual_port,0.5984290450491099,1
http://www.oolkjd.pplink.club:8443,1,unusual_port,0.9992849432221401,1
http://maharashtra-enterprises.com:8443/feedback/portal.php,1,unusual_port,0.9969170203255893,1
http://www.antongas-fx.ru:8443,1,unusual_port,0.9949521462369798,1
http://www.tg0913.com:8443,1,unusual_port,0.9882309032088171,1
https://powerlineindustriesinc.myportfolio.com:8443/,1,unusual_port,0.7845329586663597,1
https://ayt-103563-100603.square.site:8443/,1,unusual_port,0.9611185447747295,1
http://www.proxify.com:8443,1,unusual_port,0.996086299391874,1
http://www.marketexon.com:8443,1,unusual_port,0.9979496844479474,1
https://docs.google.com:8443/forms/d/e/1faipqlsdnega_6c_pz9_q9ep9epm4iwqfsrxqsnaz-j9dyldimaoocg/viewform?usp=send_form,1,unusual_port,0.4383249585435357,0
http://www.sishendm.com:8443,1,unusual_port,0.9969534496087837,1
http://att-108784.square.site:8443/,1,unusual_port,0.9907942146066052,1
https://informasjon379820922.blogspot.com:8443/?trkid=pn8322826547413800&sub1=tb4j9lf,1,unusual_port,0.9484222409123009,1
http://down.shopeevip11.com:8443/,1,unusual_port,0.9976233438685046,1
http://www.omwowxisr.ga:8443,1,unusual_port,0.9935553351731621,1
https://amazon-hgfhtt.zyns.com:8443/mobile/signim.php,1,unusual_port,0.9095422269114847,1
http://www.beatleslover.com:8443,1,unusual_port,0.9974075155263623,1
https://docs.google.com:8443/forms/d/e/1faipqlsfp1eukgsktriyraz2csynqwfwtv6ehlnbszu69dbxz9lirtq/viewform,1,unusual_port,0.5551165519085057,1
https://acompanhando-meusgastos-online.com:8443/luiza/home.php?userid=&uri=jkluamrfhfwos4cafnmeh7pa1pzx12wuktqwv4swvyw=,1,unusual_port,0.9473956879138102,1
http://www.spoke.ga:8443,1,unusual_port,0.992608474408768,1
https://att-100984.square.site:8443/,1,unusual_port,0.8980251555454709,1
http://www.14gjm.xyz:8443,1,unusual_port,0.9913751486477926,1
https://my-business-107865-109573.square.site:8443/,1,unusual_port,0.9878834662249483,1
http://www.supportxmr.com:8443,1,unusual_port,0.9989518092491373,1
http://sheinaapp.com:8443,1,unusual_port,0.9875249520988287,1
http://www.netshieldkit.com:8443,1,unusual_port,0.997441564327629,1
https://zurbrioerf.com:8443,1,unusual_port,0.5524821928359056,1
http://www.hotfixmsupload.com:8443,1,unusual_port,0.9974902188433143,1
https://login-screen-107860.square.site:8443/,1,unusual_port,0.9696638245874081,1
https://djc74bcd9b51a2-1ebf-4df7-bc61-d371fe9eccf.myportfolio.com:8443/,1,unusual_port,0.9934038724790817,1
https://yahooconfiguration0.wixsite.com:8443/html,1,unusual_port,0.7797178475529651,1
https://docs.google.com:8443/forms/d/e/1faipqlsc-nv7qlz6jg_y9ze5k9ds_kzo8hyelurb5j5veve1q4jkiwq/viewform?usp=send_form,1,unusual_port,0.42535943568317486,0
https://sht.moe:8443/zmrww,1,unusual_port,0.706979953370588,1
https://www.omahanewsbulletin.com:8443,1,unusual_port,0.5781071815895956,1
https://bjbbw6.wixsite.com:8443/my-site-2,1,unusual_port,0.5191036525497659,1
https://tcpw7mwm.dreamwp.com:8443/auth,1,unusual_port,0.4939824769534781,1
http://www.greeaircondition.com:8443,1,unusual_port,0.9983164552082083,1
https://dn75852739.wixsite.com:8443/my-site,1,unusual_port,0.8053462521741721,1
http://43.153.207.103:8443/v3/signin/identifier?dsh=s-16339560%3a1679418180081355&amp%3bfollowup=https%3a%2f%2faccounts.google.com%2f%3f&amp%3bifkv=awnoghedjeezlxxcukyobikksrlskkbb8naftymojf2pwikab-md99nj9vzjmeshc1trpqxmz-t9&amp%3bpassive=1209600&amp%3bxrealip=107.178.200.216&continue=https%3a%2f%2faccounts.google.com%2f%3f&xrealip=107.21.207.171&flowname=weblitesignin&flowentry=servicelogin&ifkv=awnoghdkbq5_bcbcs7t_jbbb9kh3txpcqomjbjvtodoolkfraglnqnbwsicqnuymo66jb13fvsxv,1,unusual_port,0.9994678048775931,1
http://www.uzdarakchi.com:8443,1,unusual_port,0.9979496844479474,1
https://mail-105744.square.site:8443/,1,unusual_port,0.9004099560139126,1
https://www.ekni-nct.ekint.lulhbc.top:8443/load.php,1,unusual_port,0.9347647711113825,1
https://drive.google.com:8443/file/d/1ginbnlpvt7kpfnog9a68fqmn7k3aivui,1,unusual_port,0.3188692622669584,0
http://www.omwowxisu.gq:8443,1,unusual_port,0.9944152791075659,1
http://www.asymmetricfile.blogspot.com:8443,1,unusual_port,0.9923272116338442,1
http://www.inboundmag.com:8443,1,unusual_port,0.9979496844479474,1
http://www.pdnw.nowurl.fun:8443,1,unusual_port,0.9983405912676663,1
https://e.vg:8443/24bper,1,unusual_port,0.8670903298639063,1
https://novo-sicredi-black.com:8443/?page=home&amp;a=208a545d9c9920e5b82164095ef319bad2175dc5secure2158133160d9d280afd9baa68ac7d4411e4dfa5aaccess&amp;b=c307f85ef63c038db5451a1042f6f71035959e14secureb88a92fff52f9bef397d01a21ebe53836dcf62fbaccess&amp;c=4b5a9afcee2770f60fda9be064592b20a861a360secure9c2abcaa953117131aa7425287bb7855c77d94e9access,1,unusual_port,0.9893420857371806,1
http://smartdappsauthonline.com:8443,1,unusual_port,0.9973794697362479,1
http://www.helpdesk.autodefragapp.com:8443,1,unusual_port,0.9922051639038099,1
http://www.revoadademalandro.top:8443,1,unusual_port,0.9953773755845937,1
http://www.hiphopeconomicdevelopment.com:8443,1,unusual_port,0.9647889327157309,1
https://ount.thejewtangclan.com:8443/jp.php,1,unusual_port,0.5734544054366814,1
https://faturarennersolucoesweb.com:8443/login/seguranca.php,1,unusual_port,0.7583644550321318,1
http://www.nvdh.nowurl.fun:8443,1,unusual_port,0.9983405912676663,1
http://www.mailservices.pythonanywhere.com:8443,1,unusual_port,0.9818855464948628,1
https://docs.google.com:8443/presentation/d/e/2pacx-1vqp1bs7pp2guhiddnanci5t_elobevup6mr14v_llaxfa_35lnj_gd57iuzq91rm4xioxgt3rstsqqu/pub?start=false&loop=false&delayms=3000&slide=id.p,1,unusual_port,0.5252495327423402,1
https://arnaz0n.tgfdw.top:8443/ap/signin,1,unusual_port,0.8531204251228093,1
http://www.xsites-dev.xyz:8443,1,unusual_port,0.9949521462369798,1
http://www.cryptobara.com:8443,1,unusual_port,0.9980256598724673,1
http://www.ancient-parrot-9.loca.lt:8443,1,unusual_port,0.9969503697582921,1
http://www.wangluojiumingjingli.org:8443,1,unusual_port,0.9989348946861929,1
http://www.randkey-1301476296.cos.ap-mumbai.myqcloud.com:8443,1,unusual_port,0.9994483389147664,1
http://uniswaplendwap.top:8443,1,unusual_port,0.9973489557332023,1
https://late-dingos-suffer-209-127-18-151.loca.lt:8443/,1,unusual_port,0.985460917023698,1
http://www.ratlittonrigh.com:8443,1,unusual_port,0.997486835317674,1
http://www.adrd.xiaxiab.com:8443,1,unusual_port,0.999286311878633,1
http://www.sanaradyab.ir:8443,1,unusual_port,0.9962366644474233,1
http://www.phlhjk.cannca.shop:8443,1,unusual_port,0.9984165719388394,1
https://lizc2f3.myportfolio.com:8443/,1,unusual_port,0.6945403760196125,1
https://christensengroupinsurance.myportfolio.com:8443/,1,unusual_port,0.7857792007379422,1
http://www.bruidsfotografie-breda.nl:8443,1,unusual_port,0.995697659590349,1
http://www.originproducts.xyz:8443,1,unusual_port,0.9966438948478966,1
http://www.talkischeap.co.za:8443,1,unusual_port,0.9984608991376598,1
http://www.universalbumpkeys.com:8443,1,unusual_port,0.9983835462656702,1
http://www.picnicapp.co.uk:8443,1,unusual_port,0.9948425642247727,1
http://www.performanceacademia.com.br:8443,1,unusual_port,0.9956358110803467,1
http://www.cq.tqomz.com:8443,1,unusual_port,0.9975802834682748,1
http://www.flightzy.bid:8443,1,unusual_port,0.9971636793689417,1
https://docs.google.com:8443/forms/d/e/1faipqlseht4cdltkad8967jjarcb5nafonbaw3dtpynth9mdk94hf-q/viewform?usp=send_form,1,unusual_port,0.4698752077578289,1
https://autofieldindia.com:8443/ob,1,unusual_port,0.5536800328199566,1
http://seguroltau.atsnx.com:8443/,1,unusual_port,0.9947877183859024,1
http://www.server1fermo.exodus.connexxa.it:8443,1,unusual_port,0.9958731822024536,1
https://www.netflix-vn.com:8443,1,unusual_port,0.6844355941544061,1
http://www.repo.do-cu.site:8443,1,unusual_port,0.9825671500575839,1
http://www.live-com.gq:8443,1,unusual_port,0.9949347161494556,1
http://www.jrat.io:8443,1,unusual_port,0.9957402558352278,1
http://www.iredl.ml:8443,1,unusual_port,0.992608474408768,1
https://review-docu.myportfolio.com:8443/,1,unusual_port,0.7360631681741752,1
http://www.k8381.com:8443,1,unusual_port,0.9934363186350762,1
http://www.chromeperfection.com:8443,1,unusual_port,0.9983181122517715,1
http://www.111xxxxx.com:8443,1,unusual_port,0.9989573368632574,1
http://att-101435-107378.square.site:8443/,1,unusual_port,0.998167894561794,1
http://www.hbaa.law:8443,1,unusual_port,0.9604466483892313,1
http://www.entourageaid.com:8443,1,unusual_port,0.9984744783435768,1
http://www.serveranywhere.cf:8443,1,unusual_port,0.9957713850432232,1
http://www.salesforcesupports.com:8443,1,unusual_port,0.9984423091958379,1
http://ethereum-che.com:8443,1,unusual_port,0.9963378896092733,1
http://www.trkps.com:8443,1,unusual_port,0.9952973476243037,1
http://www.dynamic-dns.net:8443,1,unusual_port,0.9761120384158088,1
http://www.mbmb99.com:8443,1,unusual_port,0.9841462069002986,1
http://www.michkatravel.com:8443,1,unusual_port,0.997441564327629,1
http://www.2ww.me:8443,1,unusual_port,0.9988981825947209,1
http://www.krawangan.com:8443,1,unusual_port,0.9962294148159356,1
http://www.meteoprog.ns01.us:8443,1,unusual_port,0.9814993491971131,1
http://www.amazcaom-co-jp.amaozeon.chalvshe.top:8443/,1,unusual_port,0.9933892866185967,1
http://www.adiscusion.com:8443,1,unusual_port,0.9979404203894706,1
http://www.panorama-otel.ru:8443,1,unusual_port,0.9866573615925208,1
http://www.wildcard.repeta.com.au:8443,1,unusual_port,0.9949644297793319,1
https://attcom-109199.square.site:8443/,1,unusual_port,0.9101591506825049,1
http://www.lbertussbau.com:8443,1,unusual_port,0.986210167922159,1
http://www.kakao.net-all.website:8443,1,unusual_port,0.9985208248607833,1
http://www.axletime.com:8443,1,unusual_port,0.996142360835738,1
http://www.shpk-sanair.gq:8443,1,unusual_port,0.9949521462369798,1
https://susangerd.ir:8443/refcheck/old.html,1,unusual_port,0.42218808697063415,0
https://zenobrands33.wixsite.com:8443/my-site,1,unusual_port,0.6260070976498886,1
http://www.greenphoenix.xyz:8443,1,unusual_port,0.9957029332571878,1
http://www.tallyandfin.com:8443,1,unusual_port,0.9863661682531359,1
http://www.sena-peygri.cf:8443,1,unusual_port,0.9949521462369798,1
http://confirmarcreditoltau.atsnx.com:8443/?i=1,1,unusual_port,0.9948066491609007,1
http://work4home.co.za:8443/admin/1cb-47c22-b778a6b-70e64d1225c1fef51/enforcer/login.php,1,unusual_port,0.9577618368711697,1
https://tcommanderdcd7.myportfolio.com:8443/,1,unusual_port,0.8085648448818376,1
http://www.211205.top:8443,1,unusual_port,0.9962703285678831,1
http://www.khmerosja.net:8443,1,unusual_port,0.9962294148159356,1
http://www.6.duogz.com:8443,1,unusual_port,0.993863496594814,1
https://sites.google.com:8443/view/necrologieinfosfroravocal/accueil,1,unusual_port,0.3763530646133124,0
https://adttnetagadfar.square.site:8443/,1,unusual_port,0.6769714871320981,1
http://www.waterhousecleaning.co.uk:8443,1,unusual_port,0.99929967463477,1
http://www.rysstadsylv.no:8443,1,unusual_port,0.9989346188388699,1
http://www.dreamportalz.us:8443,1,unusual_port,0.9914511038057302,1
http://www.888andro.net:8443,1,unusual_port,0.9979999525461484,1
http://verifysup02218115112022.rf.gd:8443/,1,unusual_port,0.9882459999135709,1
https://amoen.ye958.com:8443/jp,1,unusual_port,0.7119602097684128,1
http://www.pbhack.ru:8443,1,unusual_port,0.9955894489096998,1
http://www.office-fonts.herokuapp.com:8443,1,unusual_port,0.9936027837730107,1
http://www.healthymachinery.com:8443,1,unusual_port,0.9983181122517715,1
http://www.stackspay.com:8443,1,unusual_port,0.99716150034092,1
https://docs.google.com:8443/presentation/d/e/2pacx-1vtnqm2u8shvhqgtyog36zyxjjwmeiqc2y9yxurmf80c9kijvzeycqsuqexdzvh8rk1b5b1flubend6l/pub?start=false&loop=false&delayms=3000&slide=id.p,1,unusual_port,0.5594851308866884,1
http://www.amazceom-co-jp.amaczeon.chatdouyin.top:8443/,1,unusual_port,0.9960831505786979,1
http://www.precisionmechanical.org:8443,1,unusual_port,0.9984586793762812,1
http://www.fotos.lc:8443,1,unusual_port,0.9631779851635962,1
http://www.dadsgetinthegame.com:8443,1,unusual_port,0.9983181122517715,1
http://www.3je.sdybv.com:8443,1,unusual_port,0.9975313693432776,1
http://www.ausameetings.com:8443,1,unusual_port,0.9974546034615738,1
http://www.js.csad.cc:8443,1,unusual_port,0.9993395396472058,1
http://www.lottoplays.com:8443,1,unusual_port,0.9980256598724673,1
http://www.doable.nl:8443,1,unusual_port,0.9744439656580148,1
http://www.indeksonline.org:8443,1,unusual_port,0.9974075155263623,1
http://www.naverserviceteam.com:8443,1,unusual_port,0.998297667300023,1
http://sweetceidrogerbhimlea.tk:8443/,1,unusual_port,0.9948591057834035,1
http://www.webpartner.fr:8443,1,unusual_port,0.996312639871943,1
http://www.eggsupgrillfranchise.com:8443,1,unusual_port,0.9989348946861929,1
http://lavozdeloscentauros.com:8443/,1,unusual_port,0.9951128105710756,1
http://www.sgnaturn.com:8443,1,unusual_port,0.9969534496087837,1
http://walletconnectlive.blogspot.com:8443,1,unusual_port,0.9352227758220384,1
https://link.tkilef.top:8443,1,unusual_port,0.5441120716393012,1
http://www.sartco-ir.com:8443,1,unusual_port,0.9795626737297297,1
http://www.pox23.io:8443,1,unusual_port,0.9948419511978848,1
http://www.sbdgb.com:8443,1,unusual_port,0.9952973476243037,1
http://www.senseye.ikwb.com:8443,1,unusual_port,0.9910974364147082,1
https://www.momeyklte.cattaca.com:8443/sonn/client/index_sp.html,1,unusual_port,0.6702884961471405,1
http://doc-metamask.rf.gd:8443,1,unusual_port,0.9853882091208112,1
http://www.timoleary.co.uk:8443,1,unusual_port,0.9948132172299093,1
http://www.afiliadosilva.com:8443,1,unusual_port,0.9975932579101048,1
http://www.eblagh-r.ml:8443,1,unusual_port,0.994947282019725,1
https://att-102722-106593servcerbusiness.square.site:8443/,1,unusual_port,0.972142959166798,1
http://www.handyman.macleannsw.com:8443,1,unusual_port,0.988087577188443,1
http://turnaroundsupport.co.za:8443/kundenkonto/indexx.html,1,unusual_port,0.9969815829945701,1
http://www.datenbank.mobi:8443,1,unusual_port,0.99794243481646,1
https://attloginpage-mailerlink.square.site:8443/,1,unusual_port,0.9384315862293245,1
http://www.tzuzsyfd.net:8443,1,unusual_port,0.9971636793689417,1
https://att-mail-104057.square.site:8443/,1,unusual_port,0.921442927538016,1
http://www.daxberger.at:8443,1,unusual_port,0.9961257503113916,1
https://fladestateins.com:8443/08131e57-e230-465b-bb5e-840b8af30ec4,1,unusual_port,0.8836193341789252,1
https://pold.builderallwppro.com:8443/wp-content/plugins/r/tracking/fv5ejh/details.php,1,unusual_port,0.7543706878539678,1
http://www.delphi3135.gorodok.net:8443,1,unusual_port,0.9947844613147178,1
http://www.greencoco.id:8443,1,unusual_port,0.9961150282678639,1
http://www.eblagh-hj.ml:8443,1,unusual_port,0.9938534124115869,1
http://www.115.at:8443,1,unusual_port,0.9987653412113564,1
https://allegroiokalnie7info.67564534.xyz:8443/bdxl74cx?from_sms=1,1,unusual_port,0.980698493528869,1
http://www.app.in-spicy.com:8443,1,unusual_port,0.9815806098280229,1
http://www.rakcten-carb.ofhzuue.cn:8443/,1,unusual_port,0.9863771566714838,1
https://www.cosmoswater.in:8443/otp.php,1,unusual_port,0.4306235003799757,0
http://yeqk42t.square.site:8443/,1,unusual_port,0.9975942378665611,1
https://my-business-103077.square.site:8443/,1,unusual_port,0.9453903780454137,1
http://www.frissoncourier.com:8443/wp-content/plugins/wpcargo/assets/images/,1,unusual_port,0.9928194631323863,1
https://docs.google.com:8443/forms/d/e/1faipqlsfjsgjhbjke-mlmni8cfg1tacz-hdpvmy5j2br9upjr1f7nda/viewform?usp=send_form,1,unusual_port,0.42857773716203945,0
https://instagrame.net:8443/,1,unusual_port,0.695066459852774,1
http://www.hxc28.com:8443,1,unusual_port,0.9932700154148435,1
http://www.leapmom.com:8443,1,unusual_port,0.9959443114396725,1
https://sites.google.com:8443/view/ptss18/?dn,1,unusual_port,0.19750572577853345,0
http://www.emrahkeskin.com:8443,1,unusual_port,0.986210167922159,1
http://www.hotelfocus.nl:8443,1,unusual_port,0.9962366644474233,1
http://www.crophysi.ru:8443,1,unusual_port,0.9956023762831375,1
http://www.aadl-iran.ml:8443,1,unusual_port,0.9866524973752661,1
http://www.zestevents.co:8443,1,unusual_port,0.996312639871943,1
http://www.wj.tqomz.com:8443,1,unusual_port,0.9975802834682748,1
http://www.javaterm.com:8443,1,unusual_port,0.9961329999428792,1
http://www.iamme-label.com:8443,1,unusual_port,0.982192414052958,1
http://www.westthamesphysio.com:8443,1,unusual_port,0.9983181122517715,1
http://www.211120bei.top:8443,1,unusual_port,0.9899809451805804,1
http://www.bshades.eu:8443,1,unusual_port,0.9680301003883109,1
https://banbobiinacionall.herokuapp.com:8443/,1,unusual_port,0.7902973084859277,1
https://s3.ap-southeast-1.wasabisys.com:8443/policies/appsuite/tlyappioox/mailfolderdefault0/inbox.html#redacted@abuse.ionos.com,1,unusual_port,0.9686575810559507,1
http://www.rspvm.servergame.com:8443,1,unusual_port,0.9949540562879319,1
http://akewuqekas.sembarriga.com.br:8443/vnafvra97w/?q=3717065149&id=100,1,unusual_port,0.9993453111360211,1
http://www.creativecombat.com:8443/wp-admin/network/acct/login.php?rand=13inboxlightaspxn.1774256418&fid.4.1252899642&fid=1&fav.1&rand.13inboxlight.aspxn.1774256418&fid.1252899642&fid.1&fav.1&email=&.rand=13inboxlight.aspx?n=1774256418&fid=4#n=1252899642&fid=1&fav=1,1,unusual_port,0.9868601359398449,1
http://www.xnxx.c1.biz:8443,1,unusual_port,0.9679460346399378,1
http://www.jfgsifrptbirusgs.net:8443,1,unusual_port,0.999023946979974,1
http://www.tanilcosmetics.com:8443,1,unusual_port,0.9974902188433143,1
https://trophterra.tk:8443/164bd,1,unusual_port,0.9444021331523839,1
HTTP://WWW.SHPRAKSERF.GQ,1,case_manipulation,0.9835241245020423,1
HTTP://WWW.IUHJN.PPLINK.CLUB,1,case_manipulation,0.9974061222005899,1
HTTPS://SABADONOAPPMAGAZINE.COM/,1,case_manipulation,0.5799967264639021,1
HTTP://WWW.NEXTRALOAD.COM,1,case_manipulation,0.9782262489871185,1
HTTP://TKMOWPIKUK.OWL4FSRCH.CLUB/VNAFVRA97W/?Q=3717065149&ID=100,1,case_manipulation,0.9993187635174984,1
HTTPS://BTOPENWORLDWEBMAILING.SQUARE.SITE/,1,case_manipulation,0.4525419587631722,1
HTTP://WWW.FGURB.CANNCA.SHOP,1,case_manipulation,0.9984505111094482,1
HTTPS://WWW.ETHMINING.INFO/#/,1,case_manipulation,0.6740908151219085,1
HTTP://IANACURTIS.RMXCONTABILIDADE.COM.BR,1,case_manipulation,0.9657830534661638,1
HTTP://WWW.PONY4.MICROSOFTUPS.COM,1,case_manipulation,0.9926336769932732,1
HTTP://WWW.PLAY.STREAM.VIDZI.TV,1,case_manipulation,0.9985133814237116,1
HTTP://WWW.BEEMAIL.ONLINE,1,case_manipulation,0.9806986973057199,1
HTTP://WWW.915783.COM,1,case_manipulation,0.9989545160996691,1
HTTPS://ATTCOM-102201.SQUARE.SITE/,1,case_manipulation,0.8142430750418533,1
HTTPS://UPYQ8ESS.DREAMWP.COM/DKSKAT/,1,case_manipulation,0.468593316644193,1
HTTPS://WWW.FAEWOOD.COM,1,case_manipulation,0.051159031159912695,0
HTTPS://ENNSTTSQAU.SQUARE.SITE/,1,case_manipulation,0.21421511713184058,0
HTTPS://DOCS.GOOGLE.COM/FORMS/D/1CASPHEVKFDAZ2OKQJ70WDAI3PDWWG1WEH_RPK9V0Z3A/VIEWFORM,1,case_manipulation,0.48579656197233145,1
HTTP://WWW.FRISSONCOURIER.COM,1,case_manipulation,0.9981162658926552,1
HTTP://WWW.CLINICAFRESA20.COM,1,case_manipulation,0.9979301038185977,1
HTTP://CHIEUPHAN-BDSHOTRAM.COM/WEBS/,1,case_manipulation,0.9959349176938683,1
HTTPS://WWW.EKIE-NAT.EKASTE.BHWKKE.TOP/LOAD.PHP,1,case_manipulation,0.9659044852304154,1
HTTP://WWW.KELIWEB.IT,1,case_manipulation,0.9980987944219356,1
HTTP://WWW.BAAGII.SPORTSNEWSA.NET,1,case_manipulation,0.9949931433444632,1
HTTPS://S3.AP-SOUTHEAST-1.WASABISYS.COM/MAILBUSINESS/APPSUITE/TLYAPPIOOX/MAILFOLDERDEFAULT9/INBOX.HTML#REDACTED@ABUSE.IONOS.COM,1,case_manipulation,0.9686575810559507,1
HTTPS://LOWES-SOLICITORS.CO.UK/CH/PANEL/,1,case_manipulation,0.809802351150989,1
HTTP://WWW.CLIENTCENTRE.NET,1,case_manipulation,0.9782879704765799,1
HTTPS://EUYGY.SQUARE.SITE/,1,case_manipulation,0.15663379932030555,0
HTTP://WWW.AUTOMAN-1301476296.COS.EU-MOSCOW.MYQCLOUD.COM,1,case_manipulation,0.9994483389147664,1
HTTP://WWW.ALEKSANDARTASKOV.COM,1,case_manipulation,0.9781659405116592,1
HTTP://WWW.WHOER.NET,1,case_manipulation,0.9779853434661291,1
HTTPS://TERAPIAESPECIALIZADA.ES/MTB/APP/VERIFY.PHP,1,case_manipulation,0.4474158965689357,0
HTTP://WWW.NOGILEDENELI.RU,1,case_manipulation,0.9768992393704654,1
HTTP://WWW.RECO.WS,1,case_manipulation,0.9980801781539268,1
HTTP://WWW.POLEVOYTON.STORE,1,case_manipulation,0.9782788500545603,1
HTTPS://ANTAI-GOUV.NET/,1,case_manipulation,0.6846847125815567,1
HTTPS://SHRTCO.DE/1D9YEO,1,case_manipulation,0.6769275401058054,1
HTTP://FTI.UNMERPAS.AC.ID/WP-ADMIN/USER/WEBGENKIC/INVESTOPIA/INDEX.PHP?EMAIL=GET@GET.GET,1,case_manipulation,0.9828237933861494,1
HTTPS://EJJUD0.WIXSITE.COM/ATTT,1,case_manipulation,0.4310017125037377,0
HTTP://WWW.CAMPBELLZ.CF,1,case_manipulation,0.9870208006813966,1
HTTP://WWW.LWAC.COM,1,case_manipulation,0.9986473653335274,1
HTTP://CENTRICA.COMRQZROFXNHWWGRQZROFROFXNHWAGX2NFSE2NFAGX2NFSESEWXNHWAGXWGRQZG.MUSTACCIO.COM/0.PHP#YWNJB3VUDHNAY2VUDHJPY2EUY29T,1,case_manipulation,0.9959194982349029,1
HTTPS://00-COVERIY-TM.QUEST/,1,case_manipulation,0.795506738275493,1
HTTPS://ATTCOM-101978.SQUARE.SITE/,1,case_manipulation,0.8142430750418533,1
HTTPS://DOCS.GOOGLE.COM/FORMS/D/E/1FAIPQLSCCKV1-RXHIPCMRHNWFVQ2LHUXX18NZCM1E7E0OZ8IENIXTGW/VIEWFORM,1,case_manipulation,0.5472203436198259,1
HTTP://WWW.OOSP.PPLINK.CLUB,1,case_manipulation,0.9917413490639495,1
HTTPS://WWW-INFO-CR-MUFG.HUIWENFENG.COM/JP.PHP,1,case_manipulation,0.722960129769742,1
HTTP://WWW.KARIZCUSTOMIZEME.COM,1,case_manipulation,0.998106158337529,1
HTTP://DJ-WEDDING.TK/BESST/,1,case_manipulation,0.9973999774317136,1
HTTPS://WWW.GOOGLE.COM/URL?Q=HTTPS://IPFS.IO/IPFS/QMPOVSVEVLYHP2GJ6VFHKQVHAYDZ1O7Y2XN3XT87KKGHTV%23%5BEMAIL%5D&AMP;SOURCE=GMAIL&AMP;UST=1663915474090000&AMP;USG=AOVVAW1USGGTMP1IVAVTZSXCZ8G1,1,case_manipulation,0.5444700189572282,1
HTTP://WWW.IIORINMF.PPLINK.CLUB,1,case_manipulation,0.9958859207227772,1
HTTPS://DMBELECTRICINC.COM/,1,case_manipulation,0.5408608230659964,1
HTTP://WWW.INTELSUPPORTCENTER.COM,1,case_manipulation,0.9783834321018661,1
HTTP://4710463D43910.BONACTECH.COM/#ZFHOBGNRQMTIMJFOYVC0DWRHEGS,1,case_manipulation,0.9852041590629564,1
HTTP://WWW.WWW--WELLSFARGO--COM--T249329D48D6C.WSIPV6.COM,1,case_manipulation,0.9981851730660546,1
HTTPS://WWW.ID292468292.RU,1,case_manipulation,0.8747560722598454,1
HTTPS://WWW.DANIELTOLSON.COM/HOME.PHP,1,case_manipulation,0.2677507720047293,0
HTTP://WWW.ICLOUD-ID-SERVICES.COM,1,case_manipulation,0.9903932707720564,1
HTTP://WWW.TRIPADVISORSAPP.COM,1,case_manipulation,0.9783453978113392,1
HTTP://MY-BUSINESS-106173-106262.SQUARE.SITE/,1,case_manipulation,0.9981563712904371,1
HTTP://CEK58793690694674609.RF.GD/,1,case_manipulation,0.9993496622668436,1
HTTPS://MEINEDKB.ME/,1,case_manipulation,0.527026111065917,1
HTTP://WWW.PMBFYTLKM.ML,1,case_manipulation,0.9895153231012361,1
HTTPS://WWW.SOLUTIONFUN.INFO,1,case_manipulation,0.21137695863314776,0
HTTPS://FLADESTATEINS.COM/4ECC9875-1BEC-4EB4-B4B8-859E345AA26A,1,case_manipulation,0.8348808705753623,1
HTTPS://WWW.IOGINUNLCOVLABCP.COM/,1,case_manipulation,0.24974652966632055,0
HTTPS://OPMKLW.COM/,1,case_manipulation,0.6017235779556583,1
HTTPS://PYYPLAPP.COM/,1,case_manipulation,0.5692292964864925,1
HTTP://HKMULANE.CN/BNL51,1,case_manipulation,0.9734290627918367,1
HTTP://WWW.WINCONNECTORS.COM,1,case_manipulation,0.9783196822394817,1
HTTP://WWW.WIKABA.COM,1,case_manipulation,0.9954027042475581,1
HTTP://YZXLSC.COM/WORDPRESS/WP-INCLUDES/FONTS/AUPOST/TRACK/INDEX2.PHP,1,case_manipulation,0.9820935737962531,1
HTTP://WWW.SHBC.PPLINK.CLUB,1,case_manipulation,0.9917413490639495,1
HTTP://WWW.TOWNCENTERHOTEL.COM,1,case_manipulation,0.9783453978113392,1
HTTP://WWW.MAIL-NEPALARMYMIL-NP.GQ,1,case_manipulation,0.987935008194663,1
HTTP://WWW.DYSKURS.COM.UA,1,case_manipulation,0.9983801383251294,1
HTTPS://ALERTASCLIENTE.WEBCINDARIO.COM/,1,case_manipulation,0.36651903474268344,0
HTTP://WWW.1SHOP.DE,1,case_manipulation,0.9989005307679222,1
HTTPS://ATT-102707.SQUARE.SITE/,1,case_manipulation,0.7715782485207707,1
HTTPS://AUTH-DKB-ONLINE.DE/,1,case_manipulation,0.7350940386256377,1
HTTP://WWW.CACHECONTENT.COM,1,case_manipulation,0.9782879704765799,1
HTTP://WWW.0CATCH.COM,1,case_manipulation,0.9991392694717298,1
HTTP://LUKERS.COM.SG/CHRONOPOSTALERTEE/CHRONOPOSTALERTEE,1,case_manipulation,0.9645491981898351,1
HTTP://WWW.UNBLOCKPROXY.US,1,case_manipulation,0.9874271750099984,1
HTTPS://CROSSCHAINBRIDGE-ETH.COM/?GCLID=CJWKCAIA5SIEBHBNEIWAR9OH2VY9YQ0VUIATDGYARSQDBWLWEZEJYZ3U2LJJJPHFZMF2SGPV9HOPIBOCO-WQAVD_BWE,1,case_manipulation,0.9287098920851029,1
HTTP://WWW.ALLSECUREHOSTING.COM,1,case_manipulation,0.8504875070273968,1
HTTP://WWW.WEAREBRED.NET,1,case_manipulation,0.9982021383717674,1
HTTPS://CMAC-CAJATACNA.COM/1675952392/CLIENTE/LOGIN,1,case_manipulation,0.8516561457537725,1
HTTPS://SAMPIERRY11.WIXSITE.COM/MY-SITE-1,1,case_manipulation,0.536885052930107,1
HTTP://WWW.OOLKJD.PPLINK.CLUB,1,case_manipulation,0.9993484363736845,1
HTTP://MAHARASHTRA-ENTERPRISES.COM/FEEDBACK/PORTAL.PHP,1,case_manipulation,0.9983515816161926,1
HTTP://WWW.ANTONGAS-FX.RU,1,case_manipulation,0.9886198078533057,1
HTTP://WWW.TG0913.COM,1,case_manipulation,0.9991950029062944,1
HTTPS://POWERLINEINDUSTRIESINC.MYPORTFOLIO.COM/,1,case_manipulation,0.5123566046013679,1
HTTPS://AYT-103563-100603.SQUARE.SITE/,1,case_manipulation,0.9281460451523594,1
HTTP://WWW.PROXIFY.COM,1,case_manipulation,0.9797899170331338,1
HTTP://WWW.MARKETEXON.COM,1,case_manipulation,0.9782262489871185,1
HTTPS://DOCS.GOOGLE.COM/FORMS/D/E/1FAIPQLSDNEGA_6C_PZ9_Q9EP9EPM4IWQFSRXQSNAZ-J9DYLDIMAOOCG/VIEWFORM?USP=SEND_FORM,1,case_manipulation,0.49613482745520876,1
HTTP://WWW.SISHENDM.COM,1,case_manipulation,0.980703500588597,1
HTTP://ATT-108784.SQUARE.SITE/,1,case_manipulation,0.990596597199316,1
HTTPS://INFORMASJON379820922.BLOGSPOT.COM/?TRKID=PN8322826547413800&SUB1=TB4J9LF,1,case_manipulation,0.9304445570270541,1
HTTP://DOWN.SHOPEEVIP11.COM/,1,case_manipulation,0.9978917589716501,1
HTTP://WWW.OMWOWXISR.GA,1,case_manipulation,0.9880720834891965,1
HTTPS://AMAZON-HGFHTT.ZYNS.COM/MOBILE/SIGNIM.PHP,1,case_manipulation,0.8667678738961959,1
HTTP://WWW.BEATLESLOVER.COM,1,case_manipulation,0.9982190678804301,1
HTTPS://DOCS.GOOGLE.COM/FORMS/D/E/1FAIPQLSFP1EUKGSKTRIYRAZ2CSYNQWFWTV6EHLNBSZU69DBXZ9LIRTQ/VIEWFORM,1,case_manipulation,0.6445333969574351,1
HTTPS://ACOMPANHANDO-MEUSGASTOS-ONLINE.COM/LUIZA/HOME.PHP?USERID=&URI=JKLUAMRFHFWOS4CAFNMEH7PA1PZX12WUKTQWV4SWVYW=,1,case_manipulation,0.9536249197995235,1
HTTP://WWW.SPOKE.GA,1,case_manipulation,0.9945067622587196,1
HTTPS://ATT-100984.SQUARE.SITE/,1,case_manipulation,0.7715782485207707,1
HTTP://WWW.14GJM.XYZ,1,case_manipulation,0.993406730358301,1
HTTPS://MY-BUSINESS-107865-109573.SQUARE.SITE/,1,case_manipulation,0.9815861609472402,1
HTTP://WWW.SUPPORTXMR.COM,1,case_manipulation,0.9791967861400025,1
HTTP://SHEINAAPP.COM,1,case_manipulation,0.9951818131909344,1
HTTP://WWW.NETSHIELDKIT.COM,1,case_manipulation,0.9782879704765799,1
HTTPS://ZURBRIOERF.COM,1,case_manipulation,0.4391842617135765,0
HTTP://WWW.HOTFIXMSUPLOAD.COM,1,case_manipulation,0.9781819928671084,1
HTTPS://LOGIN-SCREEN-107860.SQUARE.SITE/,1,case_manipulation,0.9248372386934527,1
HTTPS://DJC74BCD9B51A2-1EBF-4DF7-BC61-D371FE9ECCF.MYPORTFOLIO.COM/,1,case_manipulation,0.9918471089661803,1
HTTPS://YAHOOCONFIGURATION0.WIXSITE.COM/HTML,1,case_manipulation,0.6804672417755652,1
HTTPS://DOCS.GOOGLE.COM/FORMS/D/E/1FAIPQLSC-NV7QLZ6JG_Y9ZE5K9DS_KZO8HYELURB5J5VEVE1Q4JKIWQ/VIEWFORM?USP=SEND_FORM,1,case_manipulation,0.42857773716203945,0
HTTPS://SHT.MOE/ZMRWW,1,case_manipulation,0.5279607317067588,1
HTTPS://WWW.OMAHANEWSBULLETIN.COM,1,case_manipulation,0.11770996100204553,0
HTTPS://BJBBW6.WIXSITE.COM/MY-SITE-2,1,case_manipulation,0.539209351100305,1
HTTPS://TCPW7MWM.DREAMWP.COM/AUTH,1,case_manipulation,0.4328918783667891,0
HTTP://WWW.GREEAIRCONDITION.COM,1,case_manipulation,0.998134742066625,1
HTTPS://DN75852739.WIXSITE.COM/MY-SITE,1,case_manipulation,0.7139694066310247,1
HTTP://43.153.207.103/V3/SIGNIN/IDENTIFIER?DSH=S-16339560%3A1679418180081355&AMP%3BFOLLOWUP=HTTPS%3A%2F%2FACCOUNTS.GOOGLE.COM%2F%3F&AMP%3BIFKV=AWNOGHEDJEEZLXXCUKYOBIKKSRLSKKBB8NAFTYMOJF2PWIKAB-MD99NJ9VZJMESHC1TRPQXMZ-T9&AMP%3BPASSIVE=1209600&AMP%3BXREALIP=107.178.200.216&CONTINUE=HTTPS%3A%2F%2FACCOUNTS.GOOGLE.COM%2F%3F&XREALIP=107.21.207.171&FLOWNAME=WEBLITESIGNIN&FLOWENTRY=SERVICELOGIN&IFKV=AWNOGHDKBQ5_BCBCS7T_JBBB9KH3TXPCQOMJBJVTODOOLKFRAGLNQNBWSICQNUYMO66JB13FVSXV,1,case_manipulation,0.9994678048775931,1
HTTP://WWW.UZDARAKCHI.COM,1,case_manipulation,0.9782262489871185,1
HTTPS://MAIL-105744.SQUARE.SITE/,1,case_manipulation,0.8200359875911701,1
HTTPS://WWW.EKNI-NCT.EKINT.LULHBC.TOP/LOAD.PHP,1,case_manipulation,0.9540831564420336,1
HTTPS://DRIVE.GOOGLE.COM/FILE/D/1GINBNLPVT7KPFNOG9A68FQMN7K3AIVUI,1,case_manipulation,0.31145177394226525,0
HTTP://WWW.OMWOWXISU.GQ,1,case_manipulation,0.9880271399973617,1
HTTP://WWW.ASYMMETRICFILE.BLOGSPOT.COM,1,case_manipulation,0.992327826700383,1
HTTP://WWW.INBOUNDMAG.COM,1,case_manipulation,0.9782262489871185,1
HTTP://WWW.PDNW.NOWURL.FUN,1,case_manipulation,0.998446849856456,1
HTTPS://E.VG/24BPER,1,case_manipulation,0.7730043720553417,1
HTTPS://NOVO-SICREDI-BLACK.COM/?PAGE=HOME&AMP;A=208A545D9C9920E5B82164095EF319BAD2175DC5SECURE2158133160D9D280AFD9BAA68AC7D4411E4DFA5AACCESS&AMP;B=C307F85EF63C038DB5451A1042F6F71035959E14SECUREB88A92FFF52F9BEF397D01A21EBE53836DCF62FBACCESS&AMP;C=4B5A9AFCEE2770F60FDA9BE064592B20A861A360SECURE9C2ABCAA953117131AA7425287BB7855C77D94E9ACCESS,1,case_manipulation,0.9893420857371806,1
HTTP://SMARTDAPPSAUTHONLINE.COM,1,case_manipulation,0.9817251452408454,1
HTTP://WWW.HELPDESK.AUTODEFRAGAPP.COM,1,case_manipulation,0.9921704459679253,1
HTTP://WWW.REVOADADEMALANDRO.TOP,1,case_manipulation,0.9885701589707505,1
HTTP://WWW.HIPHOPECONOMICDEVELOPMENT.COM,1,case_manipulation,0.9449116700708773,1
HTTPS://OUNT.THEJEWTANGCLAN.COM/JP.PHP,1,case_manipulation,0.30006843558594354,0
HTTPS://FATURARENNERSOLUCOESWEB.COM/LOGIN/SEGURANCA.PHP,1,case_manipulation,0.6277891977927992,1
HTTP://WWW.NVDH.NOWURL.FUN,1,case_manipulation,0.998446849856456,1
HTTP://WWW.MAILSERVICES.PYTHONANYWHERE.COM,1,case_manipulation,0.98195093639243,1
HTTPS://DOCS.GOOGLE.COM/PRESENTATION/D/E/2PACX-1VQP1BS7PP2GUHIDDNANCI5T_ELOBEVUP6MR14V_LLAXFA_35LNJ_GD57IUZQ91RM4XIOXGT3RSTSQQU/PUB?START=FALSE&LOOP=FALSE&DELAYMS=3000&SLIDE=ID.P,1,case_manipulation,0.4649693588120343,1
HTTPS://ARNAZ0N.TGFDW.TOP/AP/SIGNIN,1,case_manipulation,0.9164164400691615,1
HTTP://WWW.XSITES-DEV.XYZ,1,case_manipulation,0.98858088230596,1
HTTP://WWW.CRYPTOBARA.COM,1,case_manipulation,0.9782841346255726,1
HTTP://WWW.ANCIENT-PARROT-9.LOCA.LT,1,case_manipulation,0.9843570983262648,1
HTTP://WWW.WANGLUOJIUMINGJINGLI.ORG,1,case_manipulation,0.9657736628094907,1
HTTP://WWW.RANDKEY-1301476296.COS.AP-MUMBAI.MYQCLOUD.COM,1,case_manipulation,0.9994483389147664,1
HTTP://UNISWAPLENDWAP.TOP,1,case_manipulation,0.9971170072862975,1
HTTPS://LATE-DINGOS-SUFFER-209-127-18-151.LOCA.LT/,1,case_manipulation,0.9700594839330974,1
HTTP://WWW.RATLITTONRIGH.COM,1,case_manipulation,0.9783196822394817,1
HTTP://WWW.ADRD.XIAXIAB.COM,1,case_manipulation,0.9993068867245476,1
HTTP://WWW.SANARADYAB.IR,1,case_manipulation,0.9797940713946393,1
HTTP://WWW.PHLHJK.CANNCA.SHOP,1,case_manipulation,0.9984505111094482,1
HTTPS://LIZC2F3.MYPORTFOLIO.COM/,1,case_manipulation,0.5300299804910694,1
HTTPS://CHRISTENSENGROUPINSURANCE.MYPORTFOLIO.COM/,1,case_manipulation,0.5774051915509666,1
HTTP://WWW.BRUIDSFOTOGRAFIE-BREDA.NL,1,case_manipulation,0.9956879385354117,1
HTTP://WWW.ORIGINPRODUCTS.XYZ,1,case_manipulation,0.9772269415799485,1
HTTP://WWW.TALKISCHEAP.CO.ZA,1,case_manipulation,0.9982560566453115,1
HTTP://WWW.UNIVERSALBUMPKEYS.COM,1,case_manipulation,0.9782169274799981,1
HTTP://WWW.PICNICAPP.CO.UK,1,case_manipulation,0.9797269125681977,1
HTTP://WWW.PERFORMANCEACADEMIA.COM.BR,1,case_manipulation,0.9954547586194848,1
HTTP://WWW.CQ.TQOMZ.COM,1,case_manipulation,0.9936930627196501,1
HTTP://WWW.FLIGHTZY.BID,1,case_manipulation,0.9807555789306146,1
HTTPS://DOCS.GOOGLE.COM/FORMS/D/E/1FAIPQLSEHT4CDLTKAD8967JJARCB5NAFONBAW3DTPYNTH9MDK94HF-Q/VIEWFORM?USP=SEND_FORM,1,case_manipulation,0.4730935092366935,1
HTTPS://AUTOFIELDINDIA.COM/OB,1,case_manipulation,0.5376188839949343,1
HTTP://SEGUROLTAU.ATSNX.COM/,1,case_manipulation,0.9806518616573857,1
HTTP://WWW.SERVER1FERMO.EXODUS.CONNEXXA.IT,1,case_manipulation,0.9958360480818322,1
HTTPS://WWW.NETFLIX-VN.COM,1,case_manipulation,0.3566285877482551,0
HTTP://WWW.REPO.DO-CU.SITE,1,case_manipulation,0.9805354827474637,1
HTTP://WWW.LIVE-COM.GQ,1,case_manipulation,0.9918691455446401,1
HTTP://WWW.JRAT.IO,1,case_manipulation,0.9987397586877005,1
HTTP://WWW.IREDL.ML,1,case_manipulation,0.9945067622587196,1
HTTPS://REVIEW-DOCU.MYPORTFOLIO.COM/,1,case_manipulation,0.44866794866112913,0
HTTP://WWW.K8381.COM,1,case_manipulation,0.9945109738370281,1
HTTP://WWW.CHROMEPERFECTION.COM,1,case_manipulation,0.9781659405116592,1
HTTP://WWW.111XXXXX.COM,1,case_manipulation,0.9898440939267644,1
HTTP://ATT-101435-107378.SQUARE.SITE/,1,case_manipulation,0.9981390927861767,1
HTTP://WWW.HBAA.LAW,1,case_manipulation,0.9980706907967771,1
HTTP://WWW.ENTOURAGEAID.COM,1,case_manipulation,0.9991613291228656,1
HTTP://WWW.SERVERANYWHERE.CF,1,case_manipulation,0.9701194746006976,1
HTTP://WWW.SALESFORCESUPPORTS.COM,1,case_manipulation,0.9783834321018661,1
HTTP://ETHEREUM-CHE.COM,1,case_manipulation,0.9958532103306151,1
HTTP://WWW.TRKPS.COM,1,case_manipulation,0.9793631823162245,1
HTTP://WWW.DYNAMIC-DNS.NET,1,case_manipulation,0.9823546327796058,1
HTTP://WWW.MBMB99.COM,1,case_manipulation,0.998977948139171,1
HTTP://WWW.MICHKATRAVEL.COM,1,case_manipulation,0.9782879704765799,1
HTTP://WWW.2WW.ME,1,case_manipulation,0.9934201491874447,1
HTTP://WWW.KRAWANGAN.COM,1,case_manipulation,0.979782338335653,1
HTTP://WWW.METEOPROG.NS01.US,1,case_manipulation,0.9672668703797562,1
HTTP://WWW.AMAZCAOM-CO-JP.AMAOZEON.CHALVSHE.TOP/,1,case_manipulation,0.9933892866185967,1
HTTP://WWW.ADISCUSION.COM,1,case_manipulation,0.9980452760069053,1
HTTP://WWW.PANORAMA-OTEL.RU,1,case_manipulation,0.98858088230596,1
HTTP://WWW.WILDCARD.REPETA.COM.AU,1,case_manipulation,0.9947505501220062,1
HTTPS://ATTCOM-109199.SQUARE.SITE/,1,case_manipulation,0.8142430750418533,1
HTTP://WWW.LBERTUSSBAU.COM,1,case_manipulation,0.9782590131669858,1
HTTP://WWW.KAKAO.NET-ALL.WEBSITE,1,case_manipulation,0.9985043787242514,1
HTTP://WWW.AXLETIME.COM,1,case_manipulation,0.9981502147427699,1
HTTP://WWW.SHPK-SANAIR.GQ,1,case_manipulation,0.9886198078533057,1
HTTPS://SUSANGERD.IR/REFCHECK/OLD.HTML,1,case_manipulation,0.37746112256153685,0
HTTPS://ZENOBRANDS33.WIXSITE.COM/MY-SITE,1,case_manipulation,0.5894565764495183,1
HTTP://WWW.GREENPHOENIX.XYZ,1,case_manipulation,0.9701032474774358,1
HTTP://WWW.TALLYANDFIN.COM,1,case_manipulation,0.9783439021347231,1
HTTP://WWW.SENA-PEYGRI.CF,1,case_manipulation,0.98858088230596,1
HTTP://CONFIRMARCREDITOLTAU.ATSNX.COM/?I=1,1,case_manipulation,0.9885639221973259,1
HTTP://WORK4HOME.CO.ZA/ADMIN/1CB-47C22-B778A6B-70E64D1225C1FEF51/ENFORCER/LOGIN.PHP,1,case_manipulation,0.9577618368711697,1
HTTPS://TCOMMANDERDCD7.MYPORTFOLIO.COM/,1,case_manipulation,0.6492379720493097,1
HTTP://WWW.211205.TOP,1,case_manipulation,0.9955750397216871,1
HTTP://WWW.KHMEROSJA.NET,1,case_manipulation,0.979782338335653,1
HTTP://WWW.6.DUOGZ.COM,1,case_manipulation,0.9970645971363069,1
HTTPS://SITES.GOOGLE.COM/VIEW/NECROLOGIEINFOSFRORAVOCAL/ACCUEIL,1,case_manipulation,0.307239214784017,0
HTTPS://ADTTNETAGADFAR.SQUARE.SITE/,1,case_manipulation,0.21961945852352754,0
HTTP://WWW.WATERHOUSECLEANING.CO.UK,1,case_manipulation,0.999046045275503,1
HTTP://WWW.RYSSTADSYLV.NO,1,case_manipulation,0.9791983190280946,1
HTTP://WWW.DREAMPORTALZ.US,1,case_manipulation,0.9863748187782949,1
HTTP://WWW.888ANDRO.NET,1,case_manipulation,0.9978431991798153,1
HTTP://VERIFYSUP02218115112022.RF.GD/,1,case_manipulation,0.9882459999135709,1
HTTPS://AMOEN.YE958.COM/JP,1,case_manipulation,0.3825087285491384,0
HTTP://WWW.PBHACK.RU,1,case_manipulation,0.9895104588839814,1
HTTP://WWW.OFFICE-FONTS.HEROKUAPP.COM,1,case_manipulation,0.9910257034257859,1
HTTP://WWW.HEALTHYMACHINERY.COM,1,case_manipulation,0.9783383899338502,1
HTTP://WWW.STACKSPAY.COM,1,case_manipulation,0.980761653309855,1
HTTPS://DOCS.GOOGLE.COM/PRESENTATION/D/E/2PACX-1VTNQM2U8SHVHQGTYOG36ZYXJJWMEIQC2Y9YXURMF80C9KIJVZEYCQSUQEXDZVH8RK1B5B1FLUBEND6L/PUB?START=FALSE&LOOP=FALSE&DELAYMS=3000&SLIDE=ID.P,1,case_manipulation,0.554901429788681,1
HTTP://WWW.AMAZCEOM-CO-JP.AMACZEON.CHATDOUYIN.TOP/,1,case_manipulation,0.9960831505786979,1
HTTP://WWW.PRECISIONMECHANICAL.ORG,1,case_manipulation,0.9981484810524364,1
HTTP://WWW.FOTOS.LC,1,case_manipulation,0.9977724455498382,1
HTTP://WWW.DADSGETINTHEGAME.COM,1,case_manipulation,0.9781659405116592,1
HTTP://WWW.3JE.SDYBV.COM,1,case_manipulation,0.9992727277263578,1
HTTP://WWW.AUSAMEETINGS.COM,1,case_manipulation,0.9981865582176125,1
HTTP://WWW.JS.CSAD.CC,1,case_manipulation,0.9993411793584496,1
HTTP://WWW.LOTTOPLAYS.COM,1,case_manipulation,0.9782841346255726,1
HTTP://WWW.DOABLE.NL,1,case_manipulation,0.9952497195307959,1
HTTP://WWW.INDEKSONLINE.ORG,1,case_manipulation,0.9982190678804301,1
HTTP://WWW.NAVERSERVICETEAM.COM,1,case_manipulation,0.998106158337529,1
HTTP://SWEETCEIDROGERBHIMLEA.TK/,1,case_manipulation,0.9960316591610825,1
HTTP://WWW.WEBPARTNER.FR,1,case_manipulation,0.9798519570330935,1
HTTP://WWW.EGGSUPGRILLFRANCHISE.COM,1,case_manipulation,0.9660035578183516,1
HTTP://LAVOZDELOSCENTAUROS.COM/,1,case_manipulation,0.9960531892708545,1
HTTP://WWW.SGNATURN.COM,1,case_manipulation,0.980703500588597,1
HTTP://WALLETCONNECTLIVE.BLOGSPOT.COM,1,case_manipulation,0.889108866613272,1
HTTPS://LINK.TKILEF.TOP,1,case_manipulation,0.17682259325498856,0
HTTP://WWW.SARTCO-IR.COM,1,case_manipulation,0.9813821898703882,1
HTTP://WWW.POX23.IO,1,case_manipulation,0.9978184149503584,1
HTTP://WWW.SBDGB.COM,1,case_manipulation,0.9793631823162245,1
HTTP://WWW.SENSEYE.IKWB.COM,1,case_manipulation,0.9917269151047059,1
HTTPS://WWW.MOMEYKLTE.CATTACA.COM/SONN/CLIENT/INDEX_SP.HTML,1,case_manipulation,0.4900209659603454,1
HTTP://DOC-METAMASK.RF.GD,1,case_manipulation,0.9852875925825986,1
HTTP://WWW.TIMOLEARY.CO.UK,1,case_manipulation,0.9981437966522163,1
HTTP://WWW.AFILIADOSILVA.COM,1,case_manipulation,0.9983163819381679,1
HTTP://WWW.EBLAGH-R.ML,1,case_manipulation,0.9918691455446401,1
HTTPS://ATT-102722-106593SERVCERBUSINESS.SQUARE.SITE/,1,case_manipulation,0.9679459694355949,1
HTTP://WWW.HANDYMAN.MACLEANNSW.COM,1,case_manipulation,0.988109046017906,1
HTTP://TURNAROUNDSUPPORT.CO.ZA/KUNDENKONTO/INDEXX.HTML,1,case_manipulation,0.9716040717162133,1
HTTP://WWW.DATENBANK.MOBI,1,case_manipulation,0.9782145159281322,1
HTTPS://ATTLOGINPAGE-MAILERLINK.SQUARE.SITE/,1,case_manipulation,0.8401792288732448,1
HTTP://WWW.TZUZSYFD.NET,1,case_manipulation,0.9807555789306146,1
HTTPS://ATT-MAIL-104057.SQUARE.SITE/,1,case_manipulation,0.8387850400551644,1
HTTP://WWW.DAXBERGER.AT,1,case_manipulation,0.9797661683840089,1
HTTPS://FLADESTATEINS.COM/08131E57-E230-465B-BB5E-840B8AF30EC4,1,case_manipulation,0.8660478004398696,1
HTTPS://POLD.BUILDERALLWPPRO.COM/WP-CONTENT/PLUGINS/R/TRACKING/FV5EJH/DETAILS.PHP,1,case_manipulation,0.7039963272926548,1
HTTP://WWW.DELPHI3135.GORODOK.NET,1,case_manipulation,0.9949744481338147,1
HTTP://WWW.GREENCOCO.ID,1,case_manipulation,0.9981859684201231,1
HTTP://WWW.EBLAGH-HJ.ML,1,case_manipulation,0.9907909917396301,1
HTTP://WWW.115.AT,1,case_manipulation,0.9987639256644589,1
HTTPS://ALLEGROIOKALNIE7INFO.67564534.XYZ/BDXL74CX?FROM_SMS=1,1,case_manipulation,0.971828067821393,1
HTTP://WWW.APP.IN-SPICY.COM,1,case_manipulation,0.9753732493191445,1
HTTP://WWW.RAKCTEN-CARB.OFHZUUE.CN/,1,case_manipulation,0.9837247274538002,1
HTTPS://WWW.COSMOSWATER.IN/OTP.PHP,1,case_manipulation,0.21706405861881425,0
HTTP://YEQK42T.SQUARE.SITE/,1,case_manipulation,0.9978480046791012,1
HTTPS://MY-BUSINESS-103077.SQUARE.SITE/,1,case_manipulation,0.8783077055866665,1
HTTP://WWW.FRISSONCOURIER.COM/WP-CONTENT/PLUGINS/WPCARGO/ASSETS/IMAGES/,1,case_manipulation,0.9765502626745338,1
HTTPS://DOCS.GOOGLE.COM/FORMS/D/E/1FAIPQLSFJSGJHBJKE-MLMNI8CFG1TACZ-HDPVMY5J2BR9UPJR1F7NDA/VIEWFORM?USP=SEND_FORM,1,case_manipulation,0.4840655038451187,1
HTTPS://INSTAGRAME.NET/,1,case_manipulation,0.5797093649587122,1
HTTP://WWW.HXC28.COM,1,case_manipulation,0.9987818005006626,1
HTTP://WWW.LEAPMOM.COM,1,case_manipulation,0.9981766598034805,1
HTTPS://SITES.GOOGLE.COM/VIEW/PTSS18/?DN,1,case_manipulation,0.19291289548475216,0
HTTP://WWW.EMRAHKESKIN.COM,1,case_manipulation,0.9782590131669858,1
HTTP://WWW.HOTELFOCUS.NL,1,case_manipulation,0.9797940713946393,1
HTTP://WWW.CROPHYSI.RU,1,case_manipulation,0.9930120316144887,1
HTTP://WWW.AADL-IRAN.ML,1,case_manipulation,0.9918459358004222,1
HTTP://WWW.ZESTEVENTS.CO,1,case_manipulation,0.9798519570330935,1
HTTP://WWW.WJ.TQOMZ.COM,1,case_manipulation,0.9936930627196501,1
HTTP://WWW.JAVATERM.COM,1,case_manipulation,0.979777901442995,1
HTTP://WWW.IAMME-LABEL.COM,1,case_manipulation,0.9802812414657925,1
HTTP://WWW.WESTTHAMESPHYSIO.COM,1,case_manipulation,0.9783383899338502,1
HTTP://WWW.211120BEI.TOP,1,case_manipulation,0.9892297704186188,1
HTTP://WWW.BSHADES.EU,1,case_manipulation,0.9786457689786154,1
HTTPS://BANBOBIINACIONALL.HEROKUAPP.COM/,1,case_manipulation,0.3913125905976417,0
HTTPS://S3.AP-SOUTHEAST-1.WASABISYS.COM/POLICIES/APPSUITE/TLYAPPIOOX/MAILFOLDERDEFAULT0/INBOX.HTML#REDACTED@ABUSE.IONOS.COM,1,case_manipulation,0.9686575810559507,1
HTTP://WWW.RSPVM.SERVERGAME.COM,1,case_manipulation,0.9948181859374046,1
HTTP://AKEWUQEKAS.SEMBARRIGA.COM.BR/VNAFVRA97W/?Q=3717065149&ID=100,1,case_manipulation,0.9993296442114469,1
HTTP://WWW.CREATIVECOMBAT.COM/WP-ADMIN/NETWORK/ACCT/LOGIN.PHP?RAND=13INBOXLIGHTASPXN.1774256418&FID.4.1252899642&FID=1&FAV.1&RAND.13INBOXLIGHT.ASPXN.1774256418&FID.1252899642&FID.1&FAV.1&EMAIL=&.RAND=13INBOXLIGHT.ASPX?N=1774256418&FID=4#N=1252899642&FID=1&FAV=1,1,case_manipulation,0.9839621118416841,1
HTTP://WWW.XNXX.C1.BIZ,1,case_manipulation,0.9361230777065996,1
HTTP://WWW.JFGSIFRPTBIRUSGS.NET,1,case_manipulation,0.9789008106652937,1
HTTP://WWW.TANILCOSMETICS.COM,1,case_manipulation,0.9781819928671084,1
HTTPS://TROPHTERRA.TK/164BD,1,case_manipulation,0.950004592442296,1
http://www.shprakserf.gq,1,separator_insert,0.9835241245020423,1
http://www.iuhjn.pplink.club,1,separator_insert,0.9974061222005899,1
https://sabadonoappmagazine.com/,1,separator_insert,0.5799967264639021,1
http://www.nextraload.com,1,separator_insert,0.9782262489871185,1
http://tkmowpikuk.owl4fsrch.club/vnafvra97w/?q=3717065149&id=100,1,separator_insert,0.9993187635174984,1
https://btopenworldwebmailing.square.site/,1,separator_insert,0.4525419587631722,1
http://www.fgurb.cannca.shop,1,separator_insert,0.9984505111094482,1
https://www.ethmining.info/#/,1,separator_insert,0.6740908151219085,1
http://ianacurtis.rmxcontabilidade.com.br,1,separator_insert,0.9657830534661638,1
http://www.pony4.microsoftups.com,1,separator_insert,0.9926336769932732,1
http://www.play.stream.vidzi.tv,1,separator_insert,0.9985133814237116,1
http://www.beemail.online,1,separator_insert,0.9806986973057199,1
http://www.915783.com,1,separator_insert,0.9989545160996691,1
https://attcom-102201.square.site/,1,separator_insert,0.8142430750418533,1
https://upyq8ess.dreamwp.com/dkskat/,1,separator_insert,0.468593316644193,1
https://www.faewood.com,1,separator_insert,0.051159031159912695,0
https://ennsttsqau.square.site/,1,separator_insert,0.21421511713184058,0
https://docs.google.com/forms/d/1casphevkfdaz2okqj70wdai3pdwwg1weh_rpk9v0z3a/viewform,1,separator_insert,0.48579656197233145,1
http://www.frissoncourier.com,1,separator_insert,0.9981162658926552,1
http://www.clinicafresa20.com,1,separator_insert,0.9979301038185977,1
http://chieuphan-bdshotram.com/webs/,1,separator_insert,0.9959349176938683,1
https://www.ekie-nat.ekaste.bhwkke.top/load.php,1,separator_insert,0.9659044852304154,1
http://www.keliweb.it,1,separator_insert,0.9980987944219356,1
http://www.baagii.sportsnewsa.net,1,separator_insert,0.9949931433444632,1
https://s3.ap-southeast-1.wasabisys.com/mailbusiness/appsuite/tlyappioox/mailfolderdefault9/inbox.html#redacted@abuse.ionos.com,1,separator_insert,0.9686575810559507,1
https://lowes-solicitors.co.uk/ch/panel/,1,separator_insert,0.809802351150989,1
http://www.clientcentre.net,1,separator_insert,0.9782879704765799,1
https://euygy.square.site/,1,separator_insert,0.15663379932030555,0
http://www.automan-1301476296.cos.eu-moscow.myqcloud.com,1,separator_insert,0.9994483389147664,1
http://www.aleksandartaskov.com,1,separator_insert,0.9781659405116592,1
http://www.whoer.net,1,separator_insert,0.9779853434661291,1
https://terapiaespecializada.es/mtb/app/ver-ify.php,1,separator_insert,0.582983124705804,1
http://www.nogiledeneli.ru,1,separator_insert,0.9768992393704654,1
http://www.reco.ws,1,separator_insert,0.9980801781539268,1
http://www.polevoyton.store,1,separator_insert,0.9782788500545603,1
https://antai-gouv.net/,1,separator_insert,0.6846847125815567,1
https://shrtco.de/1d9yeo,1,separator_insert,0.6769275401058054,1
http://fti.unmerpas.ac.id/wp-admin/user/webgenkic/investopia/index.php?email=get@get.get,1,separator_insert,0.9828237933861494,1
https://ejjud0.wixsite.com/attt,1,separator_insert,0.4310017125037377,0
http://www.campbellz.cf,1,separator_insert,0.9870208006813966,1
http://www.lwac.com,1,separator_insert,0.9986473653335274,1
http://centrica.comrqzrofxnhwwgrqzrofrofxnhwagx2nfse2nfagx2nfsesewxnhwagxwgrqzg.mustaccio.com/0.php#ywnjb3vudhnay2vudhjpy2euy29t,1,separator_insert,0.9959194982349029,1
https://00-coveriy-tm.quest/,1,separator_insert,0.795506738275493,1
https://attcom-101978.square.site/,1,separator_insert,0.8142430750418533,1
https://docs.google.com/forms/d/e/1faipqlscckv1-rxhipcmrhnwfvq2lhuxx18nzcm1e7e0oz8ienixtgw/viewform,1,separator_insert,0.5472203436198259,1
http://www.oosp.pplink.club,1,separator_insert,0.9917413490639495,1
https://www-info-cr-mufg.huiwenfeng.com/jp.php,1,separator_insert,0.722960129769742,1
http://www.karizcustomizeme.com,1,separator_insert,0.998106158337529,1
http://dj-wedding.tk/besst/,1,separator_insert,0.9973999774317136,1
https://www.google.com/url?q=https://ipfs.io/ipfs/qmpovsvevlyhp2gj6vfhkqvhaydz1o7y2xn3xt87kkghtv%23%5bemail%5d&amp;source=gmail&amp;ust=1663915474090000&amp;usg=aovvaw1usggtmp1ivavtzsxcz8g1,1,separator_insert,0.5444700189572282,1
http://www.iiorinmf.pplink.club,1,separator_insert,0.9958859207227772,1
https://dmbelectricinc.com/,1,separator_insert,0.5408608230659964,1
http://www.intelsupportcenter.com,1,separator_insert,0.9783834321018661,1
http://4710463d43910.bonactech.com/#zfhobgnrqmtimjfoyvc0dwrhegs,1,separator_insert,0.9852041590629564,1
http://www.www--wellsfargo--com--t249329d48d6c.wsipv6.com,1,separator_insert,0.9981851730660546,1
https://www.id292468292.ru,1,separator_insert,0.8747560722598454,1
https://www.danieltolson.com/home.php,1,separator_insert,0.2677507720047293,0
http://www.icloud-id-services.com,1,separator_insert,0.9903932707720564,1
http://www.tripadvisorsapp.com,1,separator_insert,0.9783453978113392,1
http://my-business-106173-106262.square.site/,1,separator_insert,0.9981563712904371,1
http://cek58793690694674609.rf.gd/,1,separator_insert,0.9993496622668436,1
https://meinedkb.me/,1,separator_insert,0.527026111065917,1
http://www.pmbfytlkm.ml,1,separator_insert,0.9895153231012361,1
https://www.solutionfun.info,1,separator_insert,0.21137695863314776,0
https://fladestateins.com/4ecc9875-1bec-4eb4-b4b8-859e345aa26a,1,separator_insert,0.8348808705753623,1
https://www.ioginunlcovlabcp.com/,1,separator_insert,0.24974652966632055,0
https://opmklw.com/,1,separator_insert,0.6017235779556583,1
https://pyyplapp.com/,1,separator_insert,0.5692292964864925,1
http://hkmulane.cn/bnl51,1,separator_insert,0.9734290627918367,1
http://www.winconnectors.com,1,separator_insert,0.9783196822394817,1
http://www.wikaba.com,1,separator_insert,0.9954027042475581,1
http://yzxlsc.com/wordpress/wp-includes/fonts/aupost/track/index2.php,1,separator_insert,0.9820935737962531,1
http://www.shbc.pplink.club,1,separator_insert,0.9917413490639495,1
http://www.towncenterhotel.com,1,separator_insert,0.9783453978113392,1
http://www.mail-nepalarmymil-np.gq,1,separator_insert,0.987935008194663,1
http://www.dyskurs.com.ua,1,separator_insert,0.9983801383251294,1
https://alertascliente.webcindario.com/,1,separator_insert,0.36651903474268344,0
http://www.1shop.de,1,separator_insert,0.9989005307679222,1
https://att-102707.square.site/,1,separator_insert,0.7715782485207707,1
https://auth-dkb-online.de/,1,separator_insert,0.7350940386256377,1
http://www.cachecontent.com,1,separator_insert,0.9782879704765799,1
http://www.0catch.com,1,separator_insert,0.9991392694717298,1
http://lukers.com.sg/chronopostalertee/chronopostalertee,1,separator_insert,0.9645491981898351,1
http://www.unblockproxy.us,1,separator_insert,0.9874271750099984,1
https://crosschainbridge-eth.com/?gclid=cjwkcaia5siebhbneiwar9oh2vy9yq0vuiatdgyarsqdbwlwezejyz3u2ljjjphfzmf2sgpv9hopiboco-wqavd_bwe,1,separator_insert,0.9287098920851029,1
http://www.allsecurehosting.com,1,separator_insert,0.8504875070273968,1
http://www.wearebred.net,1,separator_insert,0.9982021383717674,1
https://cmac-cajatacna.com/1675952392/cliente/log-in,1,separator_insert,0.8217901927970092,1
https://sampierry11.wixsite.com/my-site-1,1,separator_insert,0.536885052930107,1
http://www.oolkjd.pplink.club,1,separator_insert,0.9993484363736845,1
http://maharashtra-enterprises.com/feedback/portal.php,1,separator_insert,0.9983515816161926,1
http://www.antongas-fx.ru,1,separator_insert,0.9886198078533057,1
http://www.tg0913.com,1,separator_insert,0.9991950029062944,1
https://powerlineindustriesinc.myportfolio.com/,1,separator_insert,0.5123566046013679,1
https://ayt-103563-100603.square.site/,1,separator_insert,0.9281460451523594,1
http://www.proxify.com,1,separator_insert,0.9797899170331338,1
http://www.marketexon.com,1,separator_insert,0.9782262489871185,1
https://docs.google.com/forms/d/e/1faipqlsdnega_6c_pz9_q9ep9epm4iwqfsrxqsnaz-j9dyldimaoocg/viewform?usp=send_form,1,separator_insert,0.49613482745520876,1
http://www.sishendm.com,1,separator_insert,0.980703500588597,1
http://att-108784.square.site/,1,separator_insert,0.990596597199316,1
https://informasjon379820922.blogspot.com/?trkid=pn8322826547413800&sub1=tb4j9lf,1,separator_insert,0.9304445570270541,1
http://down.shopeevip11.com/,1,separator_insert,0.9978917589716501,1
http://www.omwowxisr.ga,1,separator_insert,0.9880720834891965,1
https://amazon-hgfhtt.zyns.com/mobile/signim.php,1,separator_insert,0.8667678738961959,1
http://www.beatleslover.com,1,separator_insert,0.9982190678804301,1
https://docs.google.com/forms/d/e/1faipqlsfp1eukgsktriyraz2csynqwfwtv6ehlnbszu69dbxz9lirtq/viewform,1,separator_insert,0.6445333969574351,1
https://acompanhando-meusgastos-online.com/luiza/home.php?userid=&uri=jkluamrfhfwos4cafnmeh7pa1pzx12wuktqwv4swvyw=,1,separator_insert,0.9536249197995235,1
http://www.spoke.ga,1,separator_insert,0.9945067622587196,1
https://att-100984.square.site/,1,separator_insert,0.7715782485207707,1
http://www.14gjm.xyz,1,separator_insert,0.993406730358301,1
https://my-business-107865-109573.square.site/,1,separator_insert,0.9815861609472402,1
http://www.supportxmr.com,1,separator_insert,0.9791967861400025,1
http://sheinaapp.com,1,separator_insert,0.9951818131909344,1
http://www.netshieldkit.com,1,separator_insert,0.9782879704765799,1
https://zurbrioerf.com,1,separator_insert,0.4391842617135765,0
http://www.hotfixmsupload.com,1,separator_insert,0.9781819928671084,1
https://log-in-screen-107860.square.site/,1,separator_insert,0.9088947946371615,1
https://djc74bcd9b51a2-1ebf-4df7-bc61-d371fe9eccf.myportfolio.com/,1,separator_insert,0.9918471089661803,1
https://yahooconfiguration0.wixsite.com/html,1,separator_insert,0.6804672417755652,1
https://docs.google.com/forms/d/e/1faipqlsc-nv7qlz6jg_y9ze5k9ds_kzo8hyelurb5j5veve1q4jkiwq/viewform?usp=send_form,1,separator_insert,0.42857773716203945,0
https://sht.moe/zmrww,1,separator_insert,0.5279607317067588,1
https://www.omahanewsbulletin.com,1,separator_insert,0.11770996100204553,0
https://bjbbw6.wixsite.com/my-site-2,1,separator_insert,0.539209351100305,1
https://tcpw7mwm.dreamwp.com/auth,1,separator_insert,0.4328918783667891,0
http://www.greeaircondition.com,1,separator_insert,0.998134742066625,1
https://dn75852739.wixsite.com/my-site,1,separator_insert,0.7139694066310247,1
http://43.153.207.103/v3/signin/identifier?dsh=s-16339560%3a1679418180081355&amp%3bfollowup=https%3a%2f%2faccounts.google.com%2f%3f&amp%3bifkv=awnoghedjeezlxxcukyobikksrlskkbb8naftymojf2pwikab-md99nj9vzjmeshc1trpqxmz-t9&amp%3bpassive=1209600&amp%3bxrealip=107.178.200.216&continue=https%3a%2f%2faccounts.google.com%2f%3f&xrealip=107.21.207.171&flowname=weblitesignin&flowentry=servicelog-in&ifkv=awnoghdkbq5_bcbcs7t_jbbb9kh3txpcqomjbjvtodoolkfraglnqnbwsicqnuymo66jb13fvsxv,1,separator_insert,0.9994678048775931,1
http://www.uzdarakchi.com,1,separator_insert,0.9782262489871185,1
https://mail-105744.square.site/,1,separator_insert,0.8200359875911701,1
https://www.ekni-nct.ekint.lulhbc.top/load.php,1,separator_insert,0.9540831564420336,1
https://drive.google.com/file/d/1ginbnlpvt7kpfnog9a68fqmn7k3aivui,1,separator_insert,0.31145177394226525,0
http://www.omwowxisu.gq,1,separator_insert,0.9880271399973617,1
http://www.asymmetricfile.blogspot.com,1,separator_insert,0.992327826700383,1
http://www.inboundmag.com,1,separator_insert,0.9782262489871185,1
http://www.pdnw.nowurl.fun,1,separator_insert,0.998446849856456,1
https://e.vg/24bper,1,separator_insert,0.7730043720553417,1
https://novo-sicredi-black.com/?page=home&amp;a=208a545d9c9920e5b82164095ef319bad2175dc5secure2158133160d9d280afd9baa68ac7d4411e4dfa5aaccess&amp;b=c307f85ef63c038db5451a1042f6f71035959e14secureb88a92fff52f9bef397d01a21ebe53836dcf62fbaccess&amp;c=4b5a9afcee2770f60fda9be064592b20a861a360secure9c2abcaa953117131aa7425287bb7855c77d94e9access,1,separator_insert,0.9893420857371806,1
http://smartdappsauthonline.com,1,separator_insert,0.9817251452408454,1
http://www.helpdesk.autodefragapp.com,1,separator_insert,0.9921704459679253,1
http://www.revoadademalandro.top,1,separator_insert,0.9885701589707505,1
http://www.hiphopeconomicdevelopment.com,1,separator_insert,0.9449116700708773,1
https://ount.thejewtangclan.com/jp.php,1,separator_insert,0.30006843558594354,0
https://faturarennersolucoesweb.com/log-in/seguranca.php,1,separator_insert,0.6482073417448297,1
http://www.nvdh.nowurl.fun,1,separator_insert,0.998446849856456,1
http://www.mailservices.pythonanywhere.com,1,separator_insert,0.98195093639243,1
https://docs.google.com/presentation/d/e/2pacx-1vqp1bs7pp2guhiddnanci5t_elobevup6mr14v_llaxfa_35lnj_gd57iuzq91rm4xioxgt3rstsqqu/pub?start=false&loop=false&delayms=3000&slide=id.p,1,separator_insert,0.4649693588120343,1
https://arnaz0n.tgfdw.top/ap/signin,1,separator_insert,0.9164164400691615,1
http://www.xsites-dev.xyz,1,separator_insert,0.98858088230596,1
http://www.cryptobara.com,1,separator_insert,0.9782841346255726,1
http://www.ancient-parrot-9.loca.lt,1,separator_insert,0.9843570983262648,1
http://www.wangluojiumingjingli.org,1,separator_insert,0.9657736628094907,1
http://www.randkey-1301476296.cos.ap-mumbai.myqcloud.com,1,separator_insert,0.9994483389147664,1
http://uniswaplendwap.top,1,separator_insert,0.9971170072862975,1
https://late-dingos-suffer-209-127-18-151.loca.lt/,1,separator_insert,0.9700594839330974,1
http://www.ratlittonrigh.com,1,separator_insert,0.9783196822394817,1
http://www.adrd.xiaxiab.com,1,separator_insert,0.9993068867245476,1
http://www.sanaradyab.ir,1,separator_insert,0.9797940713946393,1
http://www.phlhjk.cannca.shop,1,separator_insert,0.9984505111094482,1
https://lizc2f3.myportfolio.com/,1,separator_insert,0.5300299804910694,1
https://christensengroupinsurance.myportfolio.com/,1,separator_insert,0.5774051915509666,1
http://www.bruidsfotografie-breda.nl,1,separator_insert,0.9956879385354117,1
http://www.originproducts.xyz,1,separator_insert,0.9772269415799485,1
http://www.talkischeap.co.za,1,separator_insert,0.9982560566453115,1
http://www.universalbumpkeys.com,1,separator_insert,0.9782169274799981,1
http://www.picnicapp.co.uk,1,separator_insert,0.9797269125681977,1
http://www.performanceacademia.com.br,1,separator_insert,0.9954547586194848,1
http://www.cq.tqomz.com,1,separator_insert,0.9936930627196501,1
http://www.flightzy.bid,1,separator_insert,0.9807555789306146,1
https://docs.google.com/forms/d/e/1faipqlseht4cdltkad8967jjarcb5nafonbaw3dtpynth9mdk94hf-q/viewform?usp=send_form,1,separator_insert,0.4730935092366935,1
https://autofieldindia.com/ob,1,separator_insert,0.5376188839949343,1
http://seguroltau.atsnx.com/,1,separator_insert,0.9806518616573857,1
http://www.server1fermo.exodus.connexxa.it,1,separator_insert,0.9958360480818322,1
https://www.netflix-vn.com,1,separator_insert,0.3566285877482551,0
http://www.repo.do-cu.site,1,separator_insert,0.9805354827474637,1
http://www.live-com.gq,1,separator_insert,0.9918691455446401,1
http://www.jrat.io,1,separator_insert,0.9987397586877005,1
http://www.iredl.ml,1,separator_insert,0.9945067622587196,1
https://review-docu.myportfolio.com/,1,separator_insert,0.44866794866112913,0
http://www.k8381.com,1,separator_insert,0.9945109738370281,1
http://www.chromeperfection.com,1,separator_insert,0.9781659405116592,1
http://www.111xxxxx.com,1,separator_insert,0.9898440939267644,1
http://att-101435-107378.square.site/,1,separator_insert,0.9981390927861767,1
http://www.hbaa.law,1,separator_insert,0.9980706907967771,1
http://www.entourageaid.com,1,separator_insert,0.9991613291228656,1
http://www.serveranywhere.cf,1,separator_insert,0.9701194746006976,1
http://www.salesforcesupports.com,1,separator_insert,0.9783834321018661,1
http://ethereum-che.com,1,separator_insert,0.9958532103306151,1
http://www.trkps.com,1,separator_insert,0.9793631823162245,1
http://www.dynamic-dns.net,1,separator_insert,0.9823546327796058,1
http://www.mbmb99.com,1,separator_insert,0.998977948139171,1
http://www.michkatravel.com,1,separator_insert,0.9782879704765799,1
http://www.2ww.me,1,separator_insert,0.9934201491874447,1
http://www.krawangan.com,1,separator_insert,0.979782338335653,1
http://www.meteoprog.ns01.us,1,separator_insert,0.9672668703797562,1
http://www.amazcaom-co-jp.amaozeon.chalvshe.top/,1,separator_insert,0.9933892866185967,1
http://www.adiscusion.com,1,separator_insert,0.9980452760069053,1
http://www.panorama-otel.ru,1,separator_insert,0.98858088230596,1
http://www.wildcard.repeta.com.au,1,separator_insert,0.9947505501220062,1
https://attcom-109199.square.site/,1,separator_insert,0.8142430750418533,1
http://www.lbertussbau.com,1,separator_insert,0.9782590131669858,1
http://www.kakao.net-all.website,1,separator_insert,0.9985043787242514,1
http://www.axletime.com,1,separator_insert,0.9981502147427699,1
http://www.shpk-sanair.gq,1,separator_insert,0.9886198078533057,1
https://susangerd.ir/refcheck/old.html,1,separator_insert,0.37746112256153685,0
https://zenobrands33.wixsite.com/my-site,1,separator_insert,0.5894565764495183,1
http://www.greenphoenix.xyz,1,separator_insert,0.9701032474774358,1
http://www.tallyandfin.com,1,separator_insert,0.9783439021347231,1
http://www.sena-peygri.cf,1,separator_insert,0.98858088230596,1
http://confirmarcreditoltau.atsnx.com/?i=1,1,separator_insert,0.9885639221973259,1
http://work4home.co.za/admin/1cb-47c22-b778a6b-70e64d1225c1fef51/enforcer/log-in.php,1,separator_insert,0.9947417416434471,1
https://tcommanderdcd7.myportfolio.com/,1,separator_insert,0.6492379720493097,1
http://www.211205.top,1,separator_insert,0.9955750397216871,1
http://www.khmerosja.net,1,separator_insert,0.979782338335653,1
http://www.6.duogz.com,1,separator_insert,0.9970645971363069,1
https://sites.google.com/view/necrologieinfosfroravocal/accueil,1,separator_insert,0.307239214784017,0
https://adttnetagadfar.square.site/,1,separator_insert,0.21961945852352754,0
http://www.waterhousecleaning.co.uk,1,separator_insert,0.999046045275503,1
http://www.rysstadsylv.no,1,separator_insert,0.9791983190280946,1
http://www.dreamportalz.us,1,separator_insert,0.9863748187782949,1
http://www.888andro.net,1,separator_insert,0.9978431991798153,1
http://ver-ifysup02218115112022.rf.gd/,1,separator_insert,0.9993875772328386,1
https://amoen.ye958.com/jp,1,separator_insert,0.3825087285491384,0
http://www.pbhack.ru,1,separator_insert,0.9895104588839814,1
http://www.office-fonts.herokuapp.com,1,separator_insert,0.9910257034257859,1
http://www.healthymachinery.com,1,separator_insert,0.9783383899338502,1
http://www.stackspay.com,1,separator_insert,0.980761653309855,1
https://docs.google.com/presentation/d/e/2pacx-1vtnqm2u8shvhqgtyog36zyxjjwmeiqc2y9yxurmf80c9kijvzeycqsuqexdzvh8rk1b5b1flubend6l/pub?start=false&loop=false&delayms=3000&slide=id.p,1,separator_insert,0.554901429788681,1
http://www.amazceom-co-jp.amaczeon.chatdouyin.top/,1,separator_insert,0.9960831505786979,1
http://www.precisionmechanical.org,1,separator_insert,0.9981484810524364,1
http://www.fotos.lc,1,separator_insert,0.9977724455498382,1
http://www.dadsgetinthegame.com,1,separator_insert,0.9781659405116592,1
http://www.3je.sdybv.com,1,separator_insert,0.9992727277263578,1
http://www.ausameetings.com,1,separator_insert,0.9981865582176125,1
http://www.js.csad.cc,1,separator_insert,0.9993411793584496,1
http://www.lottoplays.com,1,separator_insert,0.9782841346255726,1
http://www.doable.nl,1,separator_insert,0.9952497195307959,1
http://www.indeksonline.org,1,separator_insert,0.9982190678804301,1
http://www.naverserviceteam.com,1,separator_insert,0.998106158337529,1
http://sweetceidrogerbhimlea.tk/,1,separator_insert,0.9960316591610825,1
http://www.webpartner.fr,1,separator_insert,0.9798519570330935,1
http://www.eggsupgrillfranchise.com,1,separator_insert,0.9660035578183516,1
http://lavozdeloscentauros.com/,1,separator_insert,0.9960531892708545,1
http://www.sgnaturn.com,1,separator_insert,0.980703500588597,1
http://walletconnectlive.blogspot.com,1,separator_insert,0.889108866613272,1
https://link.tkilef.top,1,separator_insert,0.17682259325498856,0
http://www.sartco-ir.com,1,separator_insert,0.9813821898703882,1
http://www.pox23.io,1,separator_insert,0.9978184149503584,1
http://www.sbdgb.com,1,separator_insert,0.9793631823162245,1
http://www.senseye.ikwb.com,1,separator_insert,0.9917269151047059,1
https://www.momeyklte.cattaca.com/sonn/client/index_sp.html,1,separator_insert,0.4900209659603454,1
http://doc-metamask.rf.gd,1,separator_insert,0.9852875925825986,1
http://www.timoleary.co.uk,1,separator_insert,0.9981437966522163,1
http://www.afiliadosilva.com,1,separator_insert,0.9983163819381679,1
http://www.eblagh-r.ml,1,separator_insert,0.9918691455446401,1
https://att-102722-106593servcerbusiness.square.site/,1,separator_insert,0.9679459694355949,1
http://www.handyman.macleannsw.com,1,separator_insert,0.988109046017906,1
http://turnaroundsupport.co.za/kundenkonto/indexx.html,1,separator_insert,0.9716040717162133,1
http://www.datenbank.mobi,1,separator_insert,0.9782145159281322,1
https://attlog-inpage-mailerlink.square.site/,1,separator_insert,0.7348241913431652,1
http://www.tzuzsyfd.net,1,separator_insert,0.9807555789306146,1
https://att-mail-104057.square.site/,1,separator_insert,0.8387850400551644,1
http://www.daxberger.at,1,separator_insert,0.9797661683840089,1
https://fladestateins.com/08131e57-e230-465b-bb5e-840b8af30ec4,1,separator_insert,0.8660478004398696,1
https://pold.builderallwppro.com/wp-content/plugins/r/tracking/fv5ejh/details.php,1,separator_insert,0.7039963272926548,1
http://www.delphi3135.gorodok.net,1,separator_insert,0.9949744481338147,1
http://www.greencoco.id,1,separator_insert,0.9981859684201231,1
http://www.eblagh-hj.ml,1,separator_insert,0.9907909917396301,1
http://www.115.at,1,separator_insert,0.9987639256644589,1
https://allegroiokalnie7info.67564534.xyz/bdxl74cx?from_sms=1,1,separator_insert,0.971828067821393,1
http://www.app.in-spicy.com,1,separator_insert,0.9753732493191445,1
http://www.rakcten-carb.ofhzuue.cn/,1,separator_insert,0.9837247274538002,1
https://www.cosmoswater.in/otp.php,1,separator_insert,0.21706405861881425,0
http://yeqk42t.square.site/,1,separator_insert,0.9978480046791012,1
https://my-business-103077.square.site/,1,separator_insert,0.8783077055866665,1
http://www.frissoncourier.com/wp-content/plugins/wpcargo/assets/images/,1,separator_insert,0.9765502626745338,1
https://docs.google.com/forms/d/e/1faipqlsfjsgjhbjke-mlmni8cfg1tacz-hdpvmy5j2br9upjr1f7nda/viewform?usp=send_form,1,separator_insert,0.4840655038451187,1
https://instagrame.net/,1,separator_insert,0.5797093649587122,1
http://www.hxc28.com,1,separator_insert,0.9987818005006626,1
http://www.leapmom.com,1,separator_insert,0.9981766598034805,1
https://sites.google.com/view/ptss18/?dn,1,separator_insert,0.19291289548475216,0
http://www.emrahkeskin.com,1,separator_insert,0.9782590131669858,1
http://www.hotelfocus.nl,1,separator_insert,0.9797940713946393,1
http://www.crophysi.ru,1,separator_insert,0.9930120316144887,1
http://www.aadl-iran.ml,1,separator_insert,0.9918459358004222,1
http://www.zestevents.co,1,separator_insert,0.9798519570330935,1
http://www.wj.tqomz.com,1,separator_insert,0.9936930627196501,1
http://www.javaterm.com,1,separator_insert,0.979777901442995,1
http://www.iamme-label.com,1,separator_insert,0.9802812414657925,1
http://www.westthamesphysio.com,1,separator_insert,0.9783383899338502,1
http://www.211120bei.top,1,separator_insert,0.9892297704186188,1
http://www.bshades.eu,1,separator_insert,0.9786457689786154,1
https://banbobiinacionall.herokuapp.com/,1,separator_insert,0.3913125905976417,0
https://s3.ap-southeast-1.wasabisys.com/policies/appsuite/tlyappioox/mailfolderdefault0/inbox.html#redacted@abuse.ionos.com,1,separator_insert,0.9686575810559507,1
http://www.rspvm.servergame.com,1,separator_insert,0.9948181859374046,1
http://akewuqekas.sembarriga.com.br/vnafvra97w/?q=3717065149&id=100,1,separator_insert,0.9993296442114469,1
http://www.creativecombat.com/wp-admin/network/acct/log-in.php?rand=13inboxlightaspxn.1774256418&fid.4.1252899642&fid=1&fav.1&rand.13inboxlight.aspxn.1774256418&fid.1252899642&fid.1&fav.1&email=&.rand=13inboxlight.aspx?n=1774256418&fid=4#n=1252899642&fid=1&fav=1,1,separator_insert,0.9984219255489346,1
http://www.xnxx.c1.biz,1,separator_insert,0.9361230777065996,1
http://www.jfgsifrptbirusgs.net,1,separator_insert,0.9789008106652937,1
http://www.tanilcosmetics.com,1,separator_insert,0.9781819928671084,1
https://trophterra.tk/164bd,1,separator_insert,0.950004592442296,1
http://www.shprakserf.gq?next=https%3A%2F%2Fexample.org%2F,1,nested_url,0.9836317844265583,1
http://www.iuhjn.pplink.club?next=https%3A%2F%2Fexample.org%2F,1,nested_url,0.9964684511318774,1
https://sabadonoappmagazine.com/?next=https%3A%2F%2Fexample.org%2F,1,nested_url,0.7433083655942015,1
http://www.nextraload.com?next=https%3A%2F%2Fexample.org%2F,1,nested_url,0.9770543919125132,1
http://tkmowpikuk.owl4fsrch.club/vnafvra97w/?q=3717065149&id=100&next=https%3A%2F%2Fexample.org%2F,1,nested_url,0.9991318682028117,1
https://btopenworldwebmailing.square.site/?next=https%3A%2F%2Fexample.org%2F,1,nested_url,0.8114944787325804,1
http://www.fgurb.cannca.shop?next=https%3A%2F%2Fexample.org%2F,1,nested_url,0.993411424551533,1
https://www.ethmining.info/#/?next=https%3A%2F%2Fexample.org%2F,1,nested_url,0.8856641289039938,1
http://ianacurtis.rmxcontabilidade.com.br?next=https%3A%2F%2Fexample.org%2F,1,nested_url,0.9948149721035016,1
http://www.pony4.microsoftups.com?next=https%3A%2F%2Fexample.org%2F,1,nested_url,0.9942101300210074,1
http://www.play.stream.vidzi.tv?next=https%3A%2F%2Fexample.org%2F,1,nested_url,0.9981252561177689,1
http://www.beemail.online?next=https%3A%2F%2Fexample.org%2F,1,nested_url,0.9903537543695279,1
http://www.915783.com?next=https%3A%2F%2Fexample.org%2F,1,nested_url,0.9127028009000598,1
https://attcom-102201.square.site/?next=https%3A%2F%2Fexample.org%2F,1,nested_url,0.8486824760519303,1
https://upyq8ess.dreamwp.com/dkskat/?next=https%3A%2F%2Fexample.org%2F,1,nested_url,0.5157590893044238,1
https://www.faewood.com?next=https%3A%2F%2Fexample.org%2F,1,nested_url,0.50071245224481,1
https://ennsttsqau.square.site/?next=https%3A%2F%2Fexample.org%2F,1,nested_url,0.615817326365684,1
https://docs.google.com/forms/d/1casphevkfdaz2okqj70wdai3pdwwg1weh_rpk9v0z3a/viewform?next=https%3A%2F%2Fexample.org%2F,1,nested_url,0.395922374894131,0
http://www.frissoncourier.com?next=https%3A%2F%2Fexample.org%2F,1,nested_url,0.9894599384370591,1
http://www.clinicafresa20.com?next=https%3A%2F%2Fexample.org%2F,1,nested_url,0.9765209285148719,1
http://chieuphan-bdshotram.com/webs/?next=https%3A%2F%2Fexample.org%2F,1,nested_url,0.9983227926099675,1
https://www.ekie-nat.ekaste.bhwkke.top/load.php?next=https%3A%2F%2Fexample.org%2F,1,nested_url,0.9471314857840987,1
http://www.keliweb.it?next=https%3A%2F%2Fexample.org%2F,1,nested_url,0.9735550884065189,1
http://www.baagii.sportsnewsa.net?next=https%3A%2F%2Fexample.org%2F,1,nested_url,0.9948698437300404,1
https://s3.ap-southeast-1.wasabisys.com/mailbusiness/appsuite/tlyappioox/mailfolderdefault9/inbox.html#redacted@abuse.ionos.com?next=https%3A%2F%2Fexample.org%2F,1,nested_url,0.9686575810559507,1
https://lowes-solicitors.co.uk/ch/panel/?next=https%3A%2F%2Fexample.org%2F,1,nested_url,0.8150024841301764,1
http://www.clientcentre.net?next=https%3A%2F%2Fexample.org%2F,1,nested_url,0.9896653283057437,1
https://euygy.square.site/?next=https%3A%2F%2Fexample.org%2F,1,nested_url,0.5602439108650834,1
http://www.automan-1301476296.cos.eu-moscow.myqcloud.com?next=https%3A%2F%2Fexample.org%2F,1,nested_url,0.9994483389147664,1
http://www.aleksandartaskov.com?next=https%3A%2F%2Fexample.org%2F,1,nested_url,0.9946716139990548,1
http://www.whoer.net?next=https%3A%2F%2Fexample.org%2F,1,nested_url,0.9786205498130984,1
https://terapiaespecializada.es/mtb/app/verify.php?next=https%3A%2F%2Fexample.org%2F,1,nested_url,0.7677572876410339,1
http://www.nogiledeneli.ru?next=https%3A%2F%2Fexample.org%2F,1,nested_url,0.9934845099065861,1
http://www.reco.ws?next=https%3A%2F%2Fexample.org%2F,1,nested_url,0.9801945510571736,1
http://www.polevoyton.store?next=https%3A%2F%2Fexample.org%2F,1,nested_url,0.9890268032321007,1
https://antai-gouv.net/?next=https%3A%2F%2Fexample.org%2F,1,nested_url,0.7688797696740347,1
https://shrtco.de/1d9yeo?next=https%3A%2F%2Fexample.org%2F,1,nested_url,0.6036694008653114,1
http://fti.unmerpas.ac.id/wp-admin/user/webgenkic/investopia/index.php?email=get@get.get&next=https%3A%2F%2Fexample.org%2F,1,nested_url,0.9835288583617592,1
https://ejjud0.wixsite.com/attt?next=https%3A%2F%2Fexample.org%2F,1,nested_url,0.5256686279429903,1
http://www.campbellz.cf?next=https%3A%2F%2Fexample.org%2F,1,nested_url,0.9956051970467257,1
http://www.lwac.com?next=https%3A%2F%2Fexample.org%2F,1,nested_url,0.965534384594188,1
http://centrica.comrqzrofxnhwwgrqzrofrofxnhwagx2nfse2nfagx2nfsesewxnhwagxwgrqzg.mustaccio.com/0.php#ywnjb3vudhnay2vudhjpy2euy29t?next=https%3A%2F%2Fexample.org%2F,1,nested_url,0.9959194982349029,1
https://00-coveriy-tm.quest/?next=https%3A%2F%2Fexample.org%2F,1,nested_url,0.8784881761860271,1
https://attcom-101978.square.site/?next=https%3A%2F%2Fexample.org%2F,1,nested_url,0.8486824760519303,1
https://docs.google.com/forms/d/e/1faipqlscckv1-rxhipcmrhnwfvq2lhuxx18nzcm1e7e0oz8ienixtgw/viewform?next=https%3A%2F%2Fexample.org%2F,1,nested_url,0.4732155055122173,1
http://www.oosp.pplink.club?next=https%3A%2F%2Fexample.org%2F,1,nested_url,0.9959394131684984,1
https://www-info-cr-mufg.huiwenfeng.com/jp.php?next=https%3A%2F%2Fexample.org%2F,1,nested_url,0.8739747449022982,1
http://www.karizcustomizeme.com?next=https%3A%2F%2Fexample.org%2F,1,nested_url,0.9924613144048118,1
http://dj-wedding.tk/besst/?next=https%3A%2F%2Fexample.org%2F,1,nested_url,0.987446493500444,1
https://www.google.com/url?q=https://ipfs.io/ipfs/qmpovsvevlyhp2gj6vfhkqvhaydz1o7y2xn3xt87kkghtv%23%5bemail%5d&amp;source=gmail&amp;ust=1663915474090000&amp;usg=aovvaw1usggtmp1ivavtzsxcz8g1&next=https%3A%2F%2Fexample.org%2F,1,nested_url,0.5276053854746404,1
http://www.iiorinmf.pplink.club?next=https%3A%2F%2Fexample.org%2F,1,nested_url,0.9951612247938716,1
https://dmbelectricinc.com/?next=https%3A%2F%2Fexample.org%2F,1,nested_url,0.6540534962304605,1
http://www.intelsupportcenter.com?next=https%3A%2F%2Fexample.org%2F,1,nested_url,0.9947884472738217,1
http://4710463d43910.bonactech.com/#zfhobgnrqmtimjfoyvc0dwrhegs?next=https%3A%2F%2Fexample.org%2F,1,nested_url,0.9851253673024765,1
http://www.www--wellsfargo--com--t249329d48d6c.wsipv6.com?next=https%3A%2F%2Fexample.org%2F,1,nested_url,0.9981851730660546,1
https://www.id292468292.ru?next=https%3A%2F%2Fexample.org%2F,1,nested_url,0.9152627139991442,1
https://www.danieltolson.com/home.php?next=https%3A%2F%2Fexample.org%2F,1,nested_url,0.6050936789399952,1
http://www.icloud-id-services.com?next=https%3A%2F%2Fexample.org%2F,1,nested_url,0.9877632197827249,1
http://www.tripadvisorsapp.com?next=https%3A%2F%2Fexample.org%2F,1,nested_url,0.9941415019075999,1
http://my-business-106173-106262.square.site/?next=https%3A%2F%2Fexample.org%2F,1,nested_url,0.9979590960752827,1
http://cek58793690694674609.rf.gd/?next=https%3A%2F%2Fexample.org%2F,1,nested_url,0.9993187635174984,1
https://meinedkb.me/?next=https%3A%2F%2Fexample.org%2F,1,nested_url,0.6303664032255969,1
http://www.pmbfytlkm.ml?next=https%3A%2F%2Fexample.org%2F,1,nested_url,0.9934507389421491,1
https://www.solutionfun.info?next=https%3A%2F%2Fexample.org%2F,1,nested_url,0.8777047002751891,1
https://fladestateins.com/4ecc9875-1bec-4eb4-b4b8-859e345aa26a?next=https%3A%2F%2Fexample.org%2F,1,nested_url,0.8250973881389967,1
https://www.ioginunlcovlabcp.com/?next=https%3A%2F%2Fexample.org%2F,1,nested_url,0.6590118150727821,1
https://opmklw.com/?next=https%3A%2F%2Fexample.org%2F,1,nested_url,0.6114108384262698,1
https://pyyplapp.com/?next=https%3A%2F%2Fexample.org%2F,1,nested_url,0.6376146552385181,1
http://hkmulane.cn/bnl51?next=https%3A%2F%2Fexample.org%2F,1,nested_url,0.9617939851095633,1
http://www.winconnectors.com?next=https%3A%2F%2Fexample.org%2F,1,nested_url,0.989152870654056,1
http://www.wikaba.com?next=https%3A%2F%2Fexample.org%2F,1,nested_url,0.9853043764937507,1
http://yzxlsc.com/wordpress/wp-includes/fonts/aupost/track/index2.php?next=https%3A%2F%2Fexample.org%2F,1,nested_url,0.9943839561873133,1
http://www.shbc.pplink.club?next=https%3A%2F%2Fexample.org%2F,1,nested_url,0.9959394131684984,1
http://www.towncenterhotel.com?next=https%3A%2F%2Fexample.org%2F,1,nested_url,0.9941415019075999,1
http://www.mail-nepalarmymil-np.gq?next=https%3A%2F%2Fexample.org%2F,1,nested_url,0.9928049202583431,1
http://www.dyskurs.com.ua?next=https%3A%2F%2Fexample.org%2F,1,nested_url,0.9909363129722337,1
https://alertascliente.webcindario.com/?next=https%3A%2F%2Fexample.org%2F,1,nested_url,0.7776152303684799,1
http://www.1shop.de?next=https%3A%2F%2Fexample.org%2F,1,nested_url,0.9579292432944589,1
https://att-102707.square.site/?next=https%3A%2F%2Fexample.org%2F,1,nested_url,0.8129829635097761,1
https://auth-dkb-online.de/?next=https%3A%2F%2Fexample.org%2F,1,nested_url,0.8463280962951719,1
http://www.cachecontent.com?next=https%3A%2F%2Fexample.org%2F,1,nested_url,0.9896653283057437,1
http://www.0catch.com?next=https%3A%2F%2Fexample.org%2F,1,nested_url,0.9759440803969955,1
http://lukers.com.sg/chronopostalertee/chronopostalertee?next=https%3A%2F%2Fexample.org%2F,1,nested_url,0.9851573890569181,1
http://www.unblockproxy.us?next=https%3A%2F%2Fexample.org%2F,1,nested_url,0.9670157472601069,1
https://crosschainbridge-eth.com/?gclid=cjwkcaia5siebhbneiwar9oh2vy9yq0vuiatdgyarsqdbwlwezejyz3u2ljjjphfzmf2sgpv9hopiboco-wqavd_bwe&next=https%3A%2F%2Fexample.org%2F,1,nested_url,0.927573227474344,1
http://www.allsecurehosting.com?next=https%3A%2F%2Fexample.org%2F,1,nested_url,0.9377608854547166,1
http://www.wearebred.net?next=https%3A%2F%2Fexample.org%2F,1,nested_url,0.9686519569453143,1
https://cmac-cajatacna.com/1675952392/cliente/login?next=https%3A%2F%2Fexample.org%2F,1,nested_url,0.870759704729033,1
https://sampierry11.wixsite.com/my-site-1?next=https%3A%2F%2Fexample.org%2F,1,nested_url,0.619271926280901,1
http://www.oolkjd.pplink.club?next=https%3A%2F%2Fexample.org%2F,1,nested_url,0.9984107653049719,1
http://maharashtra-enterprises.com/feedback/portal.php?next=https%3A%2F%2Fexample.org%2F,1,nested_url,0.9985457551795178,1
http://www.antongas-fx.ru?next=https%3A%2F%2Fexample.org%2F,1,nested_url,0.992526287017031,1
http://www.tg0913.com?next=https%3A%2F%2Fexample.org%2F,1,nested_url,0.9133424058783538,1
https://powerlineindustriesinc.myportfolio.com/?next=https%3A%2F%2Fexample.org%2F,1,nested_url,0.8526338569759371,1
https://ayt-103563-100603.square.site/?next=https%3A%2F%2Fexample.org%2F,1,nested_url,0.9220495042175216,1
http://www.proxify.com?next=https%3A%2F%2Fexample.org%2F,1,nested_url,0.9916041167443957,1
http://www.marketexon.com?next=https%3A%2F%2Fexample.org%2F,1,nested_url,0.9770543919125132,1
https://docs.google.com/forms/d/e/1faipqlsdnega_6c_pz9_q9ep9epm4iwqfsrxqsnaz-j9dyldimaoocg/viewform?usp=send_form&next=https%3A%2F%2Fexample.org%2F,1,nested_url,0.561452805693875,1
http://www.sishendm.com?next=https%3A%2F%2Fexample.org%2F,1,nested_url,0.992329020781955,1
http://att-108784.square.site/?next=https%3A%2F%2Fexample.org%2F,1,nested_url,0.9805337406212722,1
https://informasjon379820922.blogspot.com/?trkid=pn8322826547413800&sub1=tb4j9lf&next=https%3A%2F%2Fexample.org%2F,1,nested_url,0.9351516551885968,1
http://down.shopeevip11.com/?next=https%3A%2F%2Fexample.org%2F,1,nested_url,0.9894273951057903,1
http://www.omwowxisr.ga?next=https%3A%2F%2Fexample.org%2F,1,nested_url,0.9916019268675133,1
https://amazon-hgfhtt.zyns.com/mobile/signim.php?next=https%3A%2F%2Fexample.org%2F,1,nested_url,0.8901970951216054,1
http://www.beatleslover.com?next=https%3A%2F%2Fexample.org%2F,1,nested_url,0.9842960631140446,1
https://docs.google.com/forms/d/e/1faipqlsfp1eukgsktriyraz2csynqwfwtv6ehlnbszu69dbxz9lirtq/viewform?next=https%3A%2F%2Fexample.org%2F,1,nested_url,0.5321584104220854,1
https://acompanhando-meusgastos-online.com/luiza/home.php?userid=&uri=jkluamrfhfwos4cafnmeh7pa1pzx12wuktqwv4swvyw=&next=https%3A%2F%2Fexample.org%2F,1,nested_url,0.9519961849455948,1
http://www.spoke.ga?next=https%3A%2F%2Fexample.org%2F,1,nested_url,0.9903728858066799,1
https://att-100984.square.site/?next=https%3A%2F%2Fexample.org%2F,1,nested_url,0.8129829635097761,1
http://www.14gjm.xyz?next=https%3A%2F%2Fexample.org%2F,1,nested_url,0.9816495626685992,1
https://my-business-107865-109573.square.site/?next=https%3A%2F%2Fexample.org%2F,1,nested_url,0.9506255512903016,1
http://www.supportxmr.com?next=https%3A%2F%2Fexample.org%2F,1,nested_url,0.9774839141160194,1
http://sheinaapp.com?next=https%3A%2F%2Fexample.org%2F,1,nested_url,0.9777374222427374,1
http://www.netshieldkit.com?next=https%3A%2F%2Fexample.org%2F,1,nested_url,0.9896653283057437,1
https://zurbrioerf.com?next=https%3A%2F%2Fexample.org%2F,1,nested_url,0.5899914524633177,1
http://www.hotfixmsupload.com?next=https%3A%2F%2Fexample.org%2F,1,nested_url,0.991670238031302,1
https://login-screen-107860.square.site/?next=https%3A%2F%2Fexample.org%2F,1,nested_url,0.9379004306775871,1
https://djc74bcd9b51a2-1ebf-4df7-bc61-d371fe9eccf.myportfolio.com/?next=https%3A%2F%2Fexample.org%2F,1,nested_url,0.9747830168329947,1
https://yahooconfiguration0.wixsite.com/html?next=https%3A%2F%2Fexample.org%2F,1,nested_url,0.7915035772374344,1
https://docs.google.com/forms/d/e/1faipqlsc-nv7qlz6jg_y9ze5k9ds_kzo8hyelurb5j5veve1q4jkiwq/viewform?usp=send_form&next=https%3A%2F%2Fexample.org%2F,1,nested_url,0.493991976762527,1
https://sht.moe/zmrww?next=https%3A%2F%2Fexample.org%2F,1,nested_url,0.7075393416480146,1
https://www.omahanewsbulletin.com?next=https%3A%2F%2Fexample.org%2F,1,nested_url,0.7126476640518797,1
https://bjbbw6.wixsite.com/my-site-2?next=https%3A%2F%2Fexample.org%2F,1,nested_url,0.5589499704488656,1
https://tcpw7mwm.dreamwp.com/auth?next=https%3A%2F%2Fexample.org%2F,1,nested_url,0.5220655002485886,1
http://www.greeaircondition.com?next=https%3A%2F%2Fexample.org%2F,1,nested_url,0.9946910898060091,1
https://dn75852739.wixsite.com/my-site?next=https%3A%2F%2Fexample.org%2F,1,nested_url,0.7022752398980506,1
http://43.153.207.103/v3/signin/identifier?dsh=s-16339560%3a1679418180081355&amp%3bfollowup=https%3a%2f%2faccounts.google.com%2f%3f&amp%3bifkv=awnoghedjeezlxxcukyobikksrlskkbb8naftymojf2pwikab-md99nj9vzjmeshc1trpqxmz-t9&amp%3bpassive=1209600&amp%3bxrealip=107.178.200.216&continue=https%3a%2f%2faccounts.google.com%2f%3f&xrealip=107.21.207.171&flowname=weblitesignin&flowentry=servicelogin&ifkv=awnoghdkbq5_bcbcs7t_jbbb9kh3txpcqomjbjvtodoolkfraglnqnbwsicqnuymo66jb13fvsxv&next=https%3A%2F%2Fexample.org%2F,1,nested_url,0.9994678048775931,1
http://www.uzdarakchi.com?next=https%3A%2F%2Fexample.org%2F,1,nested_url,0.9770543919125132,1
https://mail-105744.square.site/?next=https%3A%2F%2Fexample.org%2F,1,nested_url,0.8193522248661441,1
https://www.ekni-nct.ekint.lulhbc.top/load.php?next=https%3A%2F%2Fexample.org%2F,1,nested_url,0.9471314857840987,1
https://drive.google.com/file/d/1ginbnlpvt7kpfnog9a68fqmn7k3aivui?next=https%3A%2F%2Fexample.org%2F,1,nested_url,0.39974507945223625,0
http://www.omwowxisu.gq?next=https%3A%2F%2Fexample.org%2F,1,nested_url,0.9871978866554716,1
http://www.asymmetricfile.blogspot.com?next=https%3A%2F%2Fexample.org%2F,1,nested_url,0.9922065441479979,1
http://www.inboundmag.com?next=https%3A%2F%2Fexample.org%2F,1,nested_url,0.9770543919125132,1
http://www.pdnw.nowurl.fun?next=https%3A%2F%2Fexample.org%2F,1,nested_url,0.9917373606060685,1
https://e.vg/24bper?next=https%3A%2F%2Fexample.org%2F,1,nested_url,0.7362554981131191,1
https://novo-sicredi-black.com/?page=home&amp;a=208a545d9c9920e5b82164095ef319bad2175dc5secure2158133160d9d280afd9baa68ac7d4411e4dfa5aaccess&amp;b=c307f85ef63c038db5451a1042f6f71035959e14secureb88a92fff52f9bef397d01a21ebe53836dcf62fbaccess&amp;c=4b5a9afcee2770f60fda9be064592b20a861a360secure9c2abcaa953117131aa7425287bb7855c77d94e9access&next=https%3A%2F%2Fexample.org%2F,1,nested_url,0.9893420857371806,1
http://smartdappsauthonline.com?next=https%3A%2F%2Fexample.org%2F,1,nested_url,0.9922699376388799,1
http://www.helpdesk.autodefragapp.com?next=https%3A%2F%2Fexample.org%2F,1,nested_url,0.9895758430847538,1
http://www.revoadademalandro.top?next=https%3A%2F%2Fexample.org%2F,1,nested_url,0.9940575999591464,1
http://www.hiphopeconomicdevelopment.com?next=https%3A%2F%2Fexample.org%2F,1,nested_url,0.9939555943899139,1
https://ount.thejewtangclan.com/jp.php?next=https%3A%2F%2Fexample.org%2F,1,nested_url,0.6743765148321245,1
https://faturarennersolucoesweb.com/login/seguranca.php?next=https%3A%2F%2Fexample.org%2F,1,nested_url,0.8272077191320589,1
http://www.nvdh.nowurl.fun?next=https%3A%2F%2Fexample.org%2F,1,nested_url,0.9917373606060685,1
http://www.mailservices.pythonanywhere.com?next=https%3A%2F%2Fexample.org%2F,1,nested_url,0.9919157342461016,1
https://docs.google.com/presentation/d/e/2pacx-1vqp1bs7pp2guhiddnanci5t_elobevup6mr14v_llaxfa_35lnj_gd57iuzq91rm4xioxgt3rstsqqu/pub?start=false&loop=false&delayms=3000&slide=id.p&next=https%3A%2F%2Fexample.org%2F,1,nested_url,0.46688723198934745,1
https://arnaz0n.tgfdw.top/ap/signin?next=https%3A%2F%2Fexample.org%2F,1,nested_url,0.9434763647383771,1
http://www.xsites-dev.xyz?next=https%3A%2F%2Fexample.org%2F,1,nested_url,0.992526287017031,1
http://www.cryptobara.com?next=https%3A%2F%2Fexample.org%2F,1,nested_url,0.9846030557661223,1
http://www.ancient-parrot-9.loca.lt?next=https%3A%2F%2Fexample.org%2F,1,nested_url,0.9944417164250823,1
http://www.wangluojiumingjingli.org?next=https%3A%2F%2Fexample.org%2F,1,nested_url,0.9957683766903603,1
http://www.randkey-1301476296.cos.ap-mumbai.myqcloud.com?next=https%3A%2F%2Fexample.org%2F,1,nested_url,0.9994483389147664,1
http://uniswaplendwap.top?next=https%3A%2F%2Fexample.org%2F,1,nested_url,0.9923077018616173,1
https://late-dingos-suffer-209-127-18-151.loca.lt/?next=https%3A%2F%2Fexample.org%2F,1,nested_url,0.9513227631826542,1
http://www.ratlittonrigh.com?next=https%3A%2F%2Fexample.org%2F,1,nested_url,0.989152870654056,1
http://www.adrd.xiaxiab.com?next=https%3A%2F%2Fexample.org%2F,1,nested_url,0.9953864213727304,1
http://www.sanaradyab.ir?next=https%3A%2F%2Fexample.org%2F,1,nested_url,0.9651404586448015,1
http://www.phlhjk.cannca.shop?next=https%3A%2F%2Fexample.org%2F,1,nested_url,0.9955715885058284,1
https://lizc2f3.myportfolio.com/?next=https%3A%2F%2Fexample.org%2F,1,nested_url,0.570051428569146,1
https://christensengroupinsurance.myportfolio.com/?next=https%3A%2F%2Fexample.org%2F,1,nested_url,0.8804200067787591,1
http://www.bruidsfotografie-breda.nl?next=https%3A%2F%2Fexample.org%2F,1,nested_url,0.9931001449629759,1
http://www.originproducts.xyz?next=https%3A%2F%2Fexample.org%2F,1,nested_url,0.9944708828135453,1
http://www.talkischeap.co.za?next=https%3A%2F%2Fexample.org%2F,1,nested_url,0.9932905507031176,1
http://www.universalbumpkeys.com?next=https%3A%2F%2Fexample.org%2F,1,nested_url,0.9947370480129536,1
http://www.picnicapp.co.uk?next=https%3A%2F%2Fexample.org%2F,1,nested_url,0.984816503945168,1
http://www.performanceacademia.com.br?next=https%3A%2F%2Fexample.org%2F,1,nested_url,0.9922475457784039,1
http://www.cq.tqomz.com?next=https%3A%2F%2Fexample.org%2F,1,nested_url,0.9812021765662713,1
http://www.flightzy.bid?next=https%3A%2F%2Fexample.org%2F,1,nested_url,0.9865860960640791,1
https://docs.google.com/forms/d/e/1faipqlseht4cdltkad8967jjarcb5nafonbaw3dtpynth9mdk94hf-q/viewform?usp=send_form&next=https%3A%2F%2Fexample.org%2F,1,nested_url,0.4931876602908988,1
https://autofieldindia.com/ob?next=https%3A%2F%2Fexample.org%2F,1,nested_url,0.6683407176619748,1
http://seguroltau.atsnx.com/?next=https%3A%2F%2Fexample.org%2F,1,nested_url,0.995306259216157,1
http://www.server1fermo.exodus.connexxa.it?next=https%3A%2F%2Fexample.org%2F,1,nested_url,0.995728274400429,1
https://www.netflix-vn.com?next=https%3A%2F%2Fexample.org%2F,1,nested_url,0.7854511155657908,1
http://www.repo.do-cu.site?next=https%3A%2F%2Fexample.org%2F,1,nested_url,0.9757719168017989,1
http://www.live-com.gq?next=https%3A%2F%2Fexample.org%2F,1,nested_url,0.9845830033401498,1
http://www.jrat.io?next=https%3A%2F%2Fexample.org%2F,1,nested_url,0.9754927327427124,1
http://www.iredl.ml?next=https%3A%2F%2Fexample.org%2F,1,nested_url,0.9903728858066799,1
https://review-docu.myportfolio.com/?next=https%3A%2F%2Fexample.org%2F,1,nested_url,0.7816686633319456,1
http://www.k8381.com?next=https%3A%2F%2Fexample.org%2F,1,nested_url,0.9064035042664885,1
http://www.chromeperfection.com?next=https%3A%2F%2Fexample.org%2F,1,nested_url,0.9946716139990548,1
http://www.111xxxxx.com?next=https%3A%2F%2Fexample.org%2F,1,nested_url,0.9333750055002307,1
http://att-101435-107378.square.site/?next=https%3A%2F%2Fexample.org%2F,1,nested_url,0.99815222763722,1
http://www.hbaa.law?next=https%3A%2F%2Fexample.org%2F,1,nested_url,0.9702362029086492,1
http://www.entourageaid.com?next=https%3A%2F%2Fexample.org%2F,1,nested_url,0.9939070429426135,1
http://www.serveranywhere.cf?next=https%3A%2F%2Fexample.org%2F,1,nested_url,0.9933074234902911,1
http://www.salesforcesupports.com?next=https%3A%2F%2Fexample.org%2F,1,nested_url,0.9947884472738217,1
http://ethereum-che.com?next=https%3A%2F%2Fexample.org%2F,1,nested_url,0.99228833531158,1
http://www.trkps.com?next=https%3A%2F%2Fexample.org%2F,1,nested_url,0.9674877598871573,1
http://www.dynamic-dns.net?next=https%3A%2F%2Fexample.org%2F,1,nested_url,0.9962483764275817,1
http://www.mbmb99.com?next=https%3A%2F%2Fexample.org%2F,1,nested_url,0.9554479504400998,1
http://www.michkatravel.com?next=https%3A%2F%2Fexample.org%2F,1,nested_url,0.9896653283057437,1
http://www.2ww.me?next=https%3A%2F%2Fexample.org%2F,1,nested_url,0.9569225701063446,1
http://www.krawangan.com?next=https%3A%2F%2Fexample.org%2F,1,nested_url,0.9635559971405782,1
http://www.meteoprog.ns01.us?next=https%3A%2F%2Fexample.org%2F,1,nested_url,0.9920351446837294,1
http://www.amazcaom-co-jp.amaozeon.chalvshe.top/?next=https%3A%2F%2Fexample.org%2F,1,nested_url,0.9949892809705597,1
http://www.adiscusion.com?next=https%3A%2F%2Fexample.org%2F,1,nested_url,0.9894861777815616,1
http://www.panorama-otel.ru?next=https%3A%2F%2Fexample.org%2F,1,nested_url,0.992526287017031,1
http://www.wildcard.repeta.com.au?next=https%3A%2F%2Fexample.org%2F,1,nested_url,0.9922215659921957,1
https://attcom-109199.square.site/?next=https%3A%2F%2Fexample.org%2F,1,nested_url,0.8486824760519303,1
http://www.lbertussbau.com?next=https%3A%2F%2Fexample.org%2F,1,nested_url,0.9839339416990193,1
http://www.kakao.net-all.website?next=https%3A%2F%2Fexample.org%2F,1,nested_url,0.9959288522023086,1
http://www.axletime.com?next=https%3A%2F%2Fexample.org%2F,1,nested_url,0.9886708305741791,1
http://www.shpk-sanair.gq?next=https%3A%2F%2Fexample.org%2F,1,nested_url,0.992526287017031,1
https://susangerd.ir/refcheck/old.html?next=https%3A%2F%2Fexample.org%2F,1,nested_url,0.6344551608718426,1
https://zenobrands33.wixsite.com/my-site?next=https%3A%2F%2Fexample.org%2F,1,nested_url,0.6166671440774439,1
http://www.greenphoenix.xyz?next=https%3A%2F%2Fexample.org%2F,1,nested_url,0.9889363300459859,1
http://www.tallyandfin.com?next=https%3A%2F%2Fexample.org%2F,1,nested_url,0.992182072826085,1
http://www.sena-peygri.cf?next=https%3A%2F%2Fexample.org%2F,1,nested_url,0.992526287017031,1
http://confirmarcreditoltau.atsnx.com/?i=1&next=https%3A%2F%2Fexample.org%2F,1,nested_url,0.9941882317120905,1
http://work4home.co.za/admin/1cb-47c22-b778a6b-70e64d1225c1fef51/enforcer/login.php?next=https%3A%2F%2Fexample.org%2F,1,nested_url,0.9559191788387522,1
https://tcommanderdcd7.myportfolio.com/?next=https%3A%2F%2Fexample.org%2F,1,nested_url,0.7859213526359028,1
http://www.211205.top?next=https%3A%2F%2Fexample.org%2F,1,nested_url,0.9856339215247637,1
http://www.khmerosja.net?next=https%3A%2F%2Fexample.org%2F,1,nested_url,0.9635559971405782,1
http://www.6.duogz.com?next=https%3A%2F%2Fexample.org%2F,1,nested_url,0.9861607943737776,1
https://sites.google.com/view/necrologieinfosfroravocal/accueil?next=https%3A%2F%2Fexample.org%2F,1,nested_url,0.49251387935230434,1
https://adttnetagadfar.square.site/?next=https%3A%2F%2Fexample.org%2F,1,nested_url,0.6998138600226416,1
http://www.waterhousecleaning.co.uk?next=https%3A%2F%2Fexample.org%2F,1,nested_url,0.9938847770021318,1
http://www.rysstadsylv.no?next=https%3A%2F%2Fexample.org%2F,1,nested_url,0.9806620963597064,1
http://www.dreamportalz.us?next=https%3A%2F%2Fexample.org%2F,1,nested_url,0.9776243075040378,1
http://www.888andro.net?next=https%3A%2F%2Fexample.org%2F,1,nested_url,0.975178391555732,1
http://verifysup02218115112022.rf.gd/?next=https%3A%2F%2Fexample.org%2F,1,nested_url,0.9767177376897516,1
https://amoen.ye958.com/jp?next=https%3A%2F%2Fexample.org%2F,1,nested_url,0.42527265622019755,0
http://www.pbhack.ru?next=https%3A%2F%2Fexample.org%2F,1,nested_url,0.9937857651512676,1
http://www.office-fonts.herokuapp.com?next=https%3A%2F%2Fexample.org%2F,1,nested_url,0.9909721266275318,1
http://www.healthymachinery.com?next=https%3A%2F%2Fexample.org%2F,1,nested_url,0.9946642503297556,1
http://www.stackspay.com?next=https%3A%2F%2Fexample.org%2F,1,nested_url,0.9638854280180622,1
https://docs.google.com/presentation/d/e/2pacx-1vtnqm2u8shvhqgtyog36zyxjjwmeiqc2y9yxurmf80c9kijvzeycqsuqexdzvh8rk1b5b1flubend6l/pub?start=false&loop=false&delayms=3000&slide=id.p&next=https%3A%2F%2Fexample.org%2F,1,nested_url,0.5050480700976444,1
http://www.amazceom-co-jp.amaczeon.chatdouyin.top/?next=https%3A%2F%2Fexample.org%2F,1,nested_url,0.9960831505786979,1
http://www.precisionmechanical.org?next=https%3A%2F%2Fexample.org%2F,1,nested_url,0.9930064335830615,1
http://www.fotos.lc?next=https%3A%2F%2Fexample.org%2F,1,nested_url,0.9684452629699418,1
http://www.dadsgetinthegame.com?next=https%3A%2F%2Fexample.org%2F,1,nested_url,0.9946716139990548,1
http://www.3je.sdybv.com?next=https%3A%2F%2Fexample.org%2F,1,nested_url,0.9849099261751404,1
http://www.ausameetings.com?next=https%3A%2F%2Fexample.org%2F,1,nested_url,0.9907299593439832,1
http://www.js.csad.cc?next=https%3A%2F%2Fexample.org%2F,1,nested_url,0.9905257194986902,1
http://www.lottoplays.com?next=https%3A%2F%2Fexample.org%2F,1,nested_url,0.9846030557661223,1
http://www.doable.nl?next=https%3A%2F%2Fexample.org%2F,1,nested_url,0.9799433792145937,1
http://www.indeksonline.org?next=https%3A%2F%2Fexample.org%2F,1,nested_url,0.9842960631140446,1
http://www.naverserviceteam.com?next=https%3A%2F%2Fexample.org%2F,1,nested_url,0.9924613144048118,1
http://sweetceidrogerbhimlea.tk/?next=https%3A%2F%2Fexample.org%2F,1,nested_url,0.9957564506726835,1
http://www.webpartner.fr?next=https%3A%2F%2Fexample.org%2F,1,nested_url,0.9723011597333373,1
http://www.eggsupgrillfranchise.com?next=https%3A%2F%2Fexample.org%2F,1,nested_url,0.9982454260380924,1
http://lavozdeloscentauros.com/?next=https%3A%2F%2Fexample.org%2F,1,nested_url,0.9916327224839441,1
http://www.sgnaturn.com?next=https%3A%2F%2Fexample.org%2F,1,nested_url,0.992329020781955,1
http://walletconnectlive.blogspot.com?next=https%3A%2F%2Fexample.org%2F,1,nested_url,0.95323365904694,1
https://link.tkilef.top?next=https%3A%2F%2Fexample.org%2F,1,nested_url,0.850221960593396,1
http://www.sartco-ir.com?next=https%3A%2F%2Fexample.org%2F,1,nested_url,0.9828140798044591,1
http://www.pox23.io?next=https%3A%2F%2Fexample.org%2F,1,nested_url,0.9608580484292789,1
http://www.sbdgb.com?next=https%3A%2F%2Fexample.org%2F,1,nested_url,0.9674877598871573,1
http://www.senseye.ikwb.com?next=https%3A%2F%2Fexample.org%2F,1,nested_url,0.9942852521765605,1
https://www.momeyklte.cattaca.com/sonn/client/index_sp.html?next=https%3A%2F%2Fexample.org%2F,1,nested_url,0.7917207884196683,1
http://doc-metamask.rf.gd?next=https%3A%2F%2Fexample.org%2F,1,nested_url,0.9823345585049426,1
http://www.timoleary.co.uk?next=https%3A%2F%2Fexample.org%2F,1,nested_url,0.9815989150790319,1
http://www.afiliadosilva.com?next=https%3A%2F%2Fexample.org%2F,1,nested_url,0.9912671860990757,1
http://www.eblagh-r.ml?next=https%3A%2F%2Fexample.org%2F,1,nested_url,0.9845830033401498,1
https://att-102722-106593servcerbusiness.square.site/?next=https%3A%2F%2Fexample.org%2F,1,nested_url,0.9619499279324508,1
http://www.handyman.macleannsw.com?next=https%3A%2F%2Fexample.org%2F,1,nested_url,0.9948698437300404,1
http://turnaroundsupport.co.za/kundenkonto/indexx.html?next=https%3A%2F%2Fexample.org%2F,1,nested_url,0.9974072257667462,1
http://www.datenbank.mobi?next=https%3A%2F%2Fexample.org%2F,1,nested_url,0.9775709131738871,1
https://attloginpage-mailerlink.square.site/?next=https%3A%2F%2Fexample.org%2F,1,nested_url,0.9333127767847049,1
http://www.tzuzsyfd.net?next=https%3A%2F%2Fexample.org%2F,1,nested_url,0.9865860960640791,1
https://att-mail-104057.square.site/?next=https%3A%2F%2Fexample.org%2F,1,nested_url,0.848423275940816,1
http://www.daxberger.at?next=https%3A%2F%2Fexample.org%2F,1,nested_url,0.9821456279835388,1
https://fladestateins.com/08131e57-e230-465b-bb5e-840b8af30ec4?next=https%3A%2F%2Fexample.org%2F,1,nested_url,0.8355602208052734,1
https://pold.builderallwppro.com/wp-content/plugins/r/tracking/fv5ejh/details.php?next=https%3A%2F%2Fexample.org%2F,1,nested_url,0.8093491405542572,1
http://www.delphi3135.gorodok.net?next=https%3A%2F%2Fexample.org%2F,1,nested_url,0.9920548581228825,1
http://www.greencoco.id?next=https%3A%2F%2Fexample.org%2F,1,nested_url,0.9797505430056435,1
http://www.eblagh-hj.ml?next=https%3A%2F%2Fexample.org%2F,1,nested_url,0.9834891337320115,1
http://www.115.at?next=https%3A%2F%2Fexample.org%2F,1,nested_url,0.9162808574753958,1
https://allegroiokalnie7info.67564534.xyz/bdxl74cx?from_sms=1&next=https%3A%2F%2Fexample.org%2F,1,nested_url,0.971828067821393,1
http://www.app.in-spicy.com?next=https%3A%2F%2Fexample.org%2F,1,nested_url,0.9899982597643643,1
http://www.rakcten-carb.ofhzuue.cn/?next=https%3A%2F%2Fexample.org%2F,1,nested_url,0.9837464995260051,1
https://www.cosmoswater.in/otp.php?next=https%3A%2F%2Fexample.org%2F,1,nested_url,0.5227674242532434,1
http://yeqk42t.square.site/?next=https%3A%2F%2Fexample.org%2F,1,nested_url,0.9908928881072055,1
https://my-business-103077.square.site/?next=https%3A%2F%2Fexample.org%2F,1,nested_url,0.8842173763695105,1
http://www.frissoncourier.com/wp-content/plugins/wpcargo/assets/images/?next=https%3A%2F%2Fexample.org%2F,1,nested_url,0.9937400013060029,1
https://docs.google.com/forms/d/e/1faipqlsfjsgjhbjke-mlmni8cfg1tacz-hdpvmy5j2br9upjr1f7nda/viewform?usp=send_form&next=https%3A%2F%2Fexample.org%2F,1,nested_url,0.4942557251394614,1
https://instagrame.net/?next=https%3A%2F%2Fexample.org%2F,1,nested_url,0.6686900661765594,1
http://www.hxc28.com?next=https%3A%2F%2Fexample.org%2F,1,nested_url,0.9505830560305654,1
http://www.leapmom.com?next=https%3A%2F%2Fexample.org%2F,1,nested_url,0.9741089198298415,1
https://sites.google.com/view/ptss18/?dn&next=https%3A%2F%2Fexample.org%2F,1,nested_url,0.3196265794007239,0
http://www.emrahkeskin.com?next=https%3A%2F%2Fexample.org%2F,1,nested_url,0.9839339416990193,1
http://www.hotelfocus.nl?next=https%3A%2F%2Fexample.org%2F,1,nested_url,0.9651404586448015,1
http://www.crophysi.ru?next=https%3A%2F%2Fexample.org%2F,1,nested_url,0.9956051970467257,1
http://www.aadl-iran.ml?next=https%3A%2F%2Fexample.org%2F,1,nested_url,0.9945413514886742,1
http://www.zestevents.co?next=https%3A%2F%2Fexample.org%2F,1,nested_url,0.9723011597333373,1
http://www.wj.tqomz.com?next=https%3A%2F%2Fexample.org%2F,1,nested_url,0.9812021765662713,1
http://www.javaterm.com?next=https%3A%2F%2Fexample.org%2F,1,nested_url,0.9823345342329606,1
http://www.iamme-label.com?next=https%3A%2F%2Fexample.org%2F,1,nested_url,0.9754057871005324,1
http://www.westthamesphysio.com?next=https%3A%2F%2Fexample.org%2F,1,nested_url,0.9946642503297556,1
http://www.211120bei.top?next=https%3A%2F%2Fexample.org%2F,1,nested_url,0.982849939250638,1
http://www.bshades.eu?next=https%3A%2F%2Fexample.org%2F,1,nested_url,0.990629887654882,1
https://banbobiinacionall.herokuapp.com/?next=https%3A%2F%2Fexample.org%2F,1,nested_url,0.7754839944030858,1
https://s3.ap-southeast-1.wasabisys.com/policies/appsuite/tlyappioox/mailfolderdefault0/inbox.html#redacted@abuse.ionos.com?next=https%3A%2F%2Fexample.org%2F,1,nested_url,0.9686575810559507,1
http://www.rspvm.servergame.com?next=https%3A%2F%2Fexample.org%2F,1,nested_url,0.9912168197747733,1
http://akewuqekas.sembarriga.com.br/vnafvra97w/?q=3717065149&id=100&next=https%3A%2F%2Fexample.org%2F,1,nested_url,0.9993296442114469,1
http://www.creativecombat.com/wp-admin/network/acct/login.php?rand=13inboxlightaspxn.1774256418&fid.4.1252899642&fid=1&fav.1&rand.13inboxlight.aspxn.1774256418&fid.1252899642&fid.1&fav.1&email=&.rand=13inboxlight.aspx?n=1774256418&fid=4#n=1252899642&fid=1&fav=1&next=https%3A%2F%2Fexample.org%2F,1,nested_url,0.9839621118416841,1
http://www.xnxx.c1.biz?next=https%3A%2F%2Fexample.org%2F,1,nested_url,0.9944810539974636,1
http://www.jfgsifrptbirusgs.net?next=https%3A%2F%2Fexample.org%2F,1,nested_url,0.9976105768305057,1
http://www.tanilcosmetics.com?next=https%3A%2F%2Fexample.org%2F,1,nested_url,0.991670238031302,1
https://trophterra.tk/164bd?next=https%3A%2F%2Fexample.org%2F,1,nested_url,0.9429115716239179,1
