url,DatasetSource,label,score,predicted,hostname,registrable_domain,tld,subdomain,URLLength,DomainLength,IsDomainIP,NoOfSubDomain,IsHTTPS,HasSuspiciousWords,SpecialCharRatio,DigitRatio,HasAtSymbol,SuspiciousTLD,BrandImpersonationScore,HyphenCount,PathQueryLength,KnownBrandDomain,DomainVowelRatio
https://nytimes.com/features/security,hard,0,1.0,1,nytimes.com,nytimes.com,com,,37.0,11.0,0.0,0.0,1.0,0.0,0.16216216216216217,0.0,0.0,0.0,0.0,0.0,18.0,0.0,0.2857142857142857
https://www.citi.com/account,hard,0,1.0,1,www.citi.com,citi.com,com,www,28.0,12.0,0.0,1.0,1.0,1.0,0.21428571428571427,0.0,0.0,0.0,0.0,0.0,8.0,0.0,0.5
https://www.trello.com/community,hard,0,1.0,1,www.trello.com,trello.com,com,www,32.0,14.0,0.0,1.0,1.0,0.0,0.1875,0.0,0.0,0.0,0.0,0.0,10.0,0.0,0.3333333333333333
https://www.bestbuy.com/contact,hard,0,1.0,1,www.bestbuy.com,bestbuy.com,com,www,31.0,15.0,0.0,1.0,1.0,0.0,0.1935483870967742,0.0,0.0,0.0,0.0,0.0,8.0,0.0,0.2857142857142857
https://expedia.com/community,hard,0,1.0,1,expedia.com,expedia.com,com,,29.0,11.0,0.0,0.0,1.0,0.0,0.1724137931034483,0.0,0.0,0.0,0.0,0.0,10.0,0.0,0.5714285714285714
https://www.netflix.com/blog/2025/new-features,hard,0,1.0,1,www.netflix.com,netflix.com,com,www,46.0,15.0,0.0,1.0,1.0,0.0,0.1956521739130435,0.08695652173913043,0.0,0.0,0.0,0.0,23.0,1.0,0.2857142857142857
https://www.stackoverflow.com/en-us/docs/Web/JavaScript,hard,0,1.0,1,www.stackoverflow.com,stackoverflow.com,com,www,55.0,21.0,0.0,1.0,1.0,0.0,0.18181818181818182,0.0,0.0,0.0,0.0,0.0,26.0,1.0,0.3076923076923077
https://coursera.org/search?q=python+tutorial,hard,0,1.0,1,coursera.org,coursera.org,org,,45.0,12.0,0.0,0.0,1.0,0.0,0.17777777777777778,0.0,0.0,0.0,0.0,0.0,24.0,0.0,0.5
https://reuters.com/downloads/latest,hard,0,1.0,1,reuters.com,reuters.com,com,,36.0,11.0,0.0,0.0,1.0,0.0,0.16666666666666666,0.0,0.0,0.0,0.0,0.0,17.0,0.0,0.42857142857142855
https://www.forbes.com/blog/2025/new-features,hard,0,1.0,1,www.forbes.com,forbes.com,com,www,45.0,14.0,0.0,1.0,1.0,0.0,0.2,0.08888888888888889,0.0,0.0,0.0,0.0,23.0,1.0,0.3333333333333333
https://www.slack.com/shop/category/laptops,hard,0,1.0,1,www.slack.com,slack.com,com,www,43.0,13.0,0.0,1.0,1.0,0.0,0.18604651162790697,0.0,0.0,0.0,0.0,0.0,22.0,0.0,0.2
https://www.slack.com/community,hard,0,1.0,1,www.slack.com,slack.com,com,www,31.0,13.0,0.0,1.0,1.0,0.0,0.1935483870967742,0.0,0.0,0.0,0.0,0.0,10.0,0.0,0.2
https://twitch.tv/careers,hard,0,1.0,1,twitch.tv,twitch.tv,tv,,25.0,9.0,0.0,0.0,1.0,0.0,0.2,0.0,0.0,0.0,0.0,0.0,8.0,0.0,0.16666666666666666
https://www.wordpress.com/pricing,hard,0,1.0,1,www.wordpress.com,wordpress.com,com,www,33.0,17.0,0.0,1.0,1.0,0.0,0.18181818181818182,0.0,0.0,0.0,0.0,0.0,8.0,0.0,0.2222222222222222
https://docs.python.org/user/johndoe,hard,0,1.0,1,docs.python.org,python.org,org,docs,36.0,15.0,0.0,1.0,1.0,0.0,0.19444444444444445,0.0,0.0,0.0,0.0,0.0,13.0,0.0,0.16666666666666666
https://developer.mozilla.org/user/johndoe,hard,0,1.0,1,developer.mozilla.org,mozilla.org,org,developer,42.0,21.0,0.0,1.0,1.0,0.0,0.16666666666666666,0.0,0.0,0.0,0.0,0.0,13.0,1.0,0.42857142857142855
https://harvard.edu/blog/2025/new-features,hard,0,1.0,1,harvard.edu,harvard.edu,edu,,42.0,11.0,0.0,0.0,1.0,0.0,0.19047619047619047,0.09523809523809523,0.0,0.0,0.0,0.0,23.0,0.0,0.2857142857142857
http://www.discord.com/login,hard,0,1.0,1,www.discord.com,discord.com,com,www,28.0,15.0,0.0,1.0,0.0,1.0,0.21428571428571427,0.0,0.0,0.0,0.0,0.0,6.0,1.0,0.2857142857142857
https://news.bbc.co.uk/downloads/latest,hard,0,1.0,1,news.bbc.co.uk,bbc.co.uk,uk,news.bbc,39.0,14.0,0.0,1.0,1.0,0.0,0.20512820512820512,0.0,0.0,0.0,0.0,0.0,17.0,1.0,0.0
https://trello.com/repos/example/project,hard,0,1.0,1,trello.com,trello.com,com,,40.0,10.0,0.0,0.0,1.0,0.0,0.175,0.0,0.0,0.0,0.0,0.0,22.0,0.0,0.3333333333333333
https://pinterest.com/repos/example/project,hard,0,1.0,1,pinterest.com,pinterest.com,com,,43.0,13.0,0.0,0.0,1.0,0.0,0.16279069767441862,0.0,0.0,0.0,0.0,0.0,22.0,0.0,0.3333333333333333
http://www.walmart.com/community,hard,0,1.0,1,www.walmart.com,walmart.com,com,www,32.0,15.0,0.0,1.0,0.0,0.0,0.1875,0.0,0.0,0.0,0.0,0.0,10.0,1.0,0.2857142857142857
https://americanexpress.com/news/technology,hard,0,1.0,1,americanexpress.com,americanexpress.com,com,,43.0,19.0,0.0,0.0,1.0,0.0,0.13953488372093023,0.0,0.0,0.0,0.0,0.0,16.0,0.0,0.4
https://www.epicgames.com/settings,hard,0,1.0,1,www.epicgames.com,epicgames.com,com,www,34.0,17.0,0.0,1.0,1.0,0.0,0.17647058823529413,0.0,0.0,0.0,0.0,0.0,9.0,0.0,0.4444444444444444
https://khanacademy.org/settings,hard,0,1.0,1,khanacademy.org,khanacademy.org,org,,32.0,15.0,0.0,0.0,1.0,0.0,0.15625,0.0,0.0,0.0,0.0,0.0,9.0,0.0,0.36363636363636365
https://cloudflare.com/docs,hard,0,1.0,1,cloudflare.com,cloudflare.com,com,,27.0,14.0,0.0,0.0,1.0,0.0,0.18518518518518517,0.0,0.0,0.0,0.0,0.0,5.0,0.0,0.4
https://khanacademy.org/features/security,hard,0,1.0,1,khanacademy.org,khanacademy.org,org,,41.0,15.0,0.0,0.0,1.0,0.0,0.14634146341463414,0.0,0.0,0.0,0.0,0.0,18.0,0.0,0.36363636363636365
https://www.wired.com/business,hard,0,1.0,1,www.wired.com,wired.com,com,www,30.0,13.0,0.0,1.0,1.0,0.0,0.2,0.0,0.0,0.0,0.0,0.0,9.0,0.0,0.4
https://www.instagram.com/products/electronics,hard,0,1.0,1,www.instagram.com,instagram.com,com,www,46.0,17.0,0.0,1.0,1.0,0.0,0.15217391304347827,0.0,0.0,0.0,0.0,0.0,21.0,1.0,0.3333333333333333
https://www.wsj.com/settings,hard,0,1.0,1,www.wsj.com,wsj.com,com,www,28.0,11.0,0.0,1.0,1.0,0.0,0.21428571428571427,0.0,0.0,0.0,0.0,0.0,9.0,0.0,0.0
https://facebook.com/questions/12345/how-to-parse-json,hard,0,1.0,1,facebook.com,facebook.com,com,,54.0,12.0,0.0,0.0,1.0,0.0,0.18518518518518517,0.09259259259259259,0.0,0.0,0.0,0.0,34.0,1.0,0.5
https://mit.edu/careers,hard,0,1.0,1,mit.edu,mit.edu,edu,,23.0,7.0,0.0,0.0,1.0,0.0,0.21739130434782608,0.0,0.0,0.0,0.0,0.0,8.0,0.0,0.3333333333333333
https://theguardian.com/health,hard,0,1.0,1,theguardian.com,theguardian.com,com,,30.0,15.0,0.0,0.0,1.0,0.0,0.16666666666666666,0.0,0.0,0.0,0.0,0.0,7.0,0.0,0.45454545454545453
https://www.cdc.gov/article/2025/06/12/world-news,hard,0,1.0,1,www.cdc.gov,cdc.gov,gov,www,49.0,11.0,0.0,1.0,1.0,0.0,0.22448979591836735,0.16326530612244897,0.0,0.0,0.0,0.0,30.0,0.0,0.0
https://theguardian.com/about,hard,0,1.0,1,theguardian.com,theguardian.com,com,,29.0,15.0,0.0,0.0,1.0,0.0,0.1724137931034483,0.0,0.0,0.0,0.0,0.0,6.0,0.0,0.45454545454545453
https://intel.com/support,hard,0,1.0,1,intel.com,intel.com,com,,25.0,9.0,0.0,0.0,1.0,0.0,0.2,0.0,0.0,0.0,0.0,0.0,8.0,0.0,0.4
https://wsj.com/en-us/library,hard,0,1.0,1,wsj.com,wsj.com,com,,29.0,7.0,0.0,0.0,1.0,0.0,0.2413793103448276,0.0,0.0,0.0,0.0,0.0,14.0,0.0,0.0
https://www.booking.com/profile,hard,0,1.0,1,www.booking.com,booking.com,com,www,31.0,15.0,0.0,1.0,1.0,0.0,0.1935483870967742,0.0,0.0,0.0,0.0,0.0,8.0,0.0,0.42857142857142855
https://github.com/repos/example/project,hard,0,1.0,1,github.com,github.com,com,,40.0,10.0,0.0,0.0,1.0,0.0,0.175,0.0,0.0,0.0,0.0,0.0,22.0,1.0,0.3333333333333333
https://www.techcrunch.com/library/3.12,hard,0,1.0,1,www.techcrunch.com,techcrunch.com,com,www,39.0,18.0,0.0,1.0,1.0,0.0,0.20512820512820512,0.07692307692307693,0.0,0.0,0.0,0.0,13.0,0.0,0.2
https://booking.com/careers,hard,0,1.0,1,booking.com,booking.com,com,,27.0,11.0,0.0,0.0,1.0,0.0,0.18518518518518517,0.0,0.0,0.0,0.0,0.0,8.0,0.0,0.42857142857142855
https://www.gitlab.com/community,hard,0,1.0,1,www.gitlab.com,gitlab.com,com,www,32.0,14.0,0.0,1.0,1.0,0.0,0.1875,0.0,0.0,0.0,0.0,0.0,10.0,0.0,0.3333333333333333
https://arstechnica.com/user/johndoe,hard,0,1.0,1,arstechnica.com,arstechnica.com,com,,36.0,15.0,0.0,0.0,1.0,0.0,0.16666666666666666,0.0,0.0,0.0,0.0,0.0,13.0,0.0,0.36363636363636365
https://udemy.com/blog,hard,0,1.0,1,udemy.com,udemy.com,com,,22.0,9.0,0.0,0.0,1.0,0.0,0.22727272727272727,0.0,0.0,0.0,0.0,0.0,5.0,0.0,0.4
https://cdc.gov/products/electronics,hard,0,1.0,1,cdc.gov,cdc.gov,gov,,36.0,7.0,0.0,0.0,1.0,0.0,0.16666666666666666,0.0,0.0,0.0,0.0,0.0,21.0,0.0,0.0
https://www.cnn.com/en-us/docs/Web/JavaScript,hard,0,1.0,1,www.cnn.com,cnn.com,com,www,45.0,11.0,0.0,1.0,1.0,0.0,0.2222222222222222,0.0,0.0,0.0,0.0,0.0,26.0,1.0,0.0
https://www.intel.com/features/security,hard,0,1.0,1,www.intel.com,intel.com,com,www,39.0,13.0,0.0,1.0,1.0,0.0,0.1794871794871795,0.0,0.0,0.0,0.0,0.0,18.0,0.0,0.4
https://www.expedia.com/downloads/latest,hard,0,1.0,1,www.expedia.com,expedia.com,com,www,40.0,15.0,0.0,1.0,1.0,0.0,0.175,0.0,0.0,0.0,0.0,0.0,17.0,0.0,0.5714285714285714
https://techcrunch.com/dashboard,hard,0,1.0,1,techcrunch.com,techcrunch.com,com,,32.0,14.0,0.0,0.0,1.0,0.0,0.15625,0.0,0.0,0.0,0.0,0.0,10.0,0.0,0.2
https://www.npmjs.com/features,hard,0,1.0,1,www.npmjs.com,npmjs.com,com,www,30.0,13.0,0.0,1.0,1.0,0.0,0.2,0.0,0.0,0.0,0.0,0.0,9.0,0.0,0.0
https://www.twitch.tv/settings,hard,0,1.0,1,www.twitch.tv,twitch.tv,tv,www,30.0,13.0,0.0,1.0,1.0,0.0,0.2,0.0,0.0,0.0,0.0,0.0,9.0,0.0,0.16666666666666666
https://www.epicgames.com/releases/tag/v2.3.1,hard,0,1.0,1,www.epicgames.com,epicgames.com,com,www,45.0,17.0,0.0,1.0,1.0,0.0,0.2222222222222222,0.06666666666666667,0.0,0.0,0.0,0.0,20.0,0.0,0.4444444444444444
https://www.oracle.com/settings,hard,0,1.0,1,www.oracle.com,oracle.com,com,www,31.0,14.0,0.0,1.0,1.0,0.0,0.1935483870967742,0.0,0.0,0.0,0.0,0.0,9.0,0.0,0.5
https://nih.gov/account,hard,0,1.0,1,nih.gov,nih.gov,gov,,23.0,7.0,0.0,0.0,1.0,1.0,0.21739130434782608,0.0,0.0,0.0,0.0,0.0,8.0,0.0,0.3333333333333333
https://x.com/download,hard,0,1.0,1,x.com,x.com,com,,22.0,5.0,0.0,0.0,1.0,0.0,0.22727272727272727,0.0,0.0,0.0,0.0,0.0,9.0,0.0,0.0
https://salesforce.com/watch?v=dQw4w9WgXcQ,hard,0,1.0,1,salesforce.com,salesforce.com,com,,42.0,14.0,0.0,0.0,1.0,0.0,0.16666666666666666,0.047619047619047616,0.0,0.0,0.0,0.0,19.0,0.0,0.4
https://nasa.gov/checkout,hard,0,1.0,1,nasa.gov,nasa.gov,gov,,25.0,8.0,0.0,0.0,1.0,0.0,0.2,0.0,0.0,0.0,0.0,0.0,9.0,0.0,0.5
http://trello.com/wiki/Main_Page,hard,0,1.0,1,trello.com,trello.com,com,,32.0,10.0,0.0,0.0,0.0,0.0,0.21875,0.0,0.0,0.0,0.0,0.0,15.0,0.0,0.3333333333333333
https://www.stanford.edu/download,hard,0,1.0,1,www.stanford.edu,stanford.edu,edu,www,33.0,16.0,0.0,1.0,1.0,0.0,0.18181818181818182,0.0,0.0,0.0,0.0,0.0,9.0,0.0,0.25
https://www.expedia.com/search?q=python+tutorial,hard,0,1.0,1,www.expedia.com,expedia.com,com,www,48.0,15.0,0.0,1.0,1.0,0.0,0.1875,0.0,0.0,0.0,0.0,0.0,24.0,0.0,0.5714285714285714
https://lyft.com/sports,hard,0,1.0,1,lyft.com,lyft.com,com,,23.0,8.0,0.0,0.0,1.0,0.0,0.21739130434782608,0.0,0.0,0.0,0.0,0.0,7.0,0.0,0.0
https://www.lyft.com/api/v1/users,hard,0,1.0,1,www.lyft.com,lyft.com,com,www,33.0,12.0,0.0,1.0,1.0,0.0,0.24242424242424243,0.030303030303030304,0.0,0.0,0.0,0.0,13.0,0.0,0.0
https://khanacademy.org/questions/12345/how-to-parse-json,hard,0,1.0,1,khanacademy.org,khanacademy.org,org,,57.0,15.0,0.0,0.0,1.0,0.0,0.17543859649122806,0.08771929824561403,0.0,0.0,0.0,0.0,34.0,0.0,0.36363636363636365
https://techcrunch.com/forum,hard,0,1.0,1,techcrunch.com,techcrunch.com,com,,28.0,14.0,0.0,0.0,1.0,0.0,0.17857142857142858,0.0,0.0,0.0,0.0,0.0,6.0,0.0,0.2
https://twitch.tv/item/98213,hard,0,1.0,1,twitch.tv,twitch.tv,tv,,28.0,9.0,0.0,0.0,1.0,0.0,0.21428571428571427,0.17857142857142858,0.0,0.0,0.0,0.0,11.0,0.0,0.16666666666666666
https://bloomberg.com/blog/2025/new-features,hard,0,1.0,1,bloomberg.com,bloomberg.com,com,,44.0,13.0,0.0,0.0,1.0,0.0,0.18181818181818182,0.09090909090909091,0.0,0.0,0.0,0.0,23.0,0.0,0.3333333333333333
https://doordash.com/sports,hard,0,1.0,1,doordash.com,doordash.com,com,,27.0,12.0,0.0,0.0,1.0,0.0,0.18518518518518517,0.0,0.0,0.0,0.0,0.0,7.0,0.0,0.375
https://www.usa.gov/search?q=python+tutorial,hard,0,1.0,1,www.usa.gov,usa.gov,gov,www,44.0,11.0,0.0,1.0,1.0,0.0,0.20454545454545456,0.0,0.0,0.0,0.0,0.0,24.0,0.0,0.6666666666666666
http://salesforce.com/wiki,hard,0,1.0,1,salesforce.com,salesforce.com,com,,26.0,14.0,0.0,0.0,0.0,0.0,0.19230769230769232,0.0,0.0,0.0,0.0,0.0,5.0,0.0,0.4
https://pypi.org/issues/1042,hard,0,1.0,1,pypi.org,pypi.org,org,,28.0,8.0,0.0,0.0,1.0,0.0,0.21428571428571427,0.14285714285714285,0.0,0.0,0.0,0.0,12.0,0.0,0.25
https://store.steampowered.com/world,hard,0,1.0,1,store.steampowered.com,steampowered.com,com,store,36.0,22.0,0.0,1.0,1.0,0.0,0.16666666666666666,0.0,0.0,0.0,0.0,0.0,6.0,0.0,0.4166666666666667
https://cnn.com/features/security,hard,0,1.0,1,cnn.com,cnn.com,com,,33.0,7.0,0.0,0.0,1.0,0.0,0.18181818181818182,0.0,0.0,0.0,0.0,0.0,18.0,1.0,0.0
https://irs.gov/article/2025/06/12/world-news,hard,0,1.0,1,irs.gov,irs.gov,gov,,45.0,7.0,0.0,0.0,1.0,0.0,0.2222222222222222,0.17777777777777778,0.0,0.0,0.0,0.0,30.0,0.0,0.3333333333333333
https://nasa.gov/order/confirmation/778213,hard,0,1.0,1,nasa.gov,nasa.gov,gov,,42.0,8.0,0.0,0.0,1.0,0.0,0.16666666666666666,0.14285714285714285,0.0,0.0,0.0,0.0,26.0,0.0,0.5
https://www.npr.org/community,hard,0,1.0,1,www.npr.org,npr.org,org,www,29.0,11.0,0.0,1.0,1.0,0.0,0.20689655172413793,0.0,0.0,0.0,0.0,0.0,10.0,0.0,0.0
https://www.netflix.com/questions/12345/how-to-parse-json,hard,0,1.0,1,www.netflix.com,netflix.com,com,www,57.0,15.0,0.0,1.0,1.0,0.0,0.19298245614035087,0.08771929824561403,0.0,0.0,0.0,0.0,34.0,1.0,0.2857142857142857
https://wired.com/user/johndoe,hard,0,1.0,1,wired.com,wired.com,com,,30.0,9.0,0.0,0.0,1.0,0.0,0.2,0.0,0.0,0.0,0.0,0.0,13.0,0.0,0.4
https://udemy.com/user/johndoe,hard,0,1.0,1,udemy.com,udemy.com,com,,30.0,9.0,0.0,0.0,1.0,0.0,0.2,0.0,0.0,0.0,0.0,0.0,13.0,0.0,0.4
https://target.com/download,hard,0,1.0,1,target.com,target.com,com,,27.0,10.0,0.0,0.0,1.0,0.0,0.18518518518518517,0.0,0.0,0.0,0.0,0.0,9.0,0.0,0.3333333333333333
https://bloomberg.com/download,hard,0,1.0,1,bloomberg.com,bloomberg.com,com,,30.0,13.0,0.0,0.0,1.0,0.0,0.16666666666666666,0.0,0.0,0.0,0.0,0.0,9.0,0.0,0.3333333333333333
https://gov.uk/news/technology,hard,0,1.0,1,gov.uk,gov.uk,uk,,30.0,6.0,0.0,0.0,1.0,0.0,0.2,0.0,0.0,0.0,0.0,0.0,16.0,0.0,0.3333333333333333
https://youtube.com/reference/functions.html,hard,0,1.0,1,youtube.com,youtube.com,com,,44.0,11.0,0.0,0.0,1.0,0.0,0.1590909090909091,0.0,0.0,0.0,0.0,0.0,25.0,1.0,0.5714285714285714
https://azure.microsoft.com/questions/12345/how-to-parse-json,hard,0,1.0,1,azure.microsoft.com,microsoft.com,com,azure,61.0,19.0,0.0,1.0,1.0,0.0,0.18032786885245902,0.08196721311475409,0.0,0.0,0.0,0.0,34.0,1.0,0.3333333333333333
https://www.who.int/questions/12345/how-to-parse-json,hard,0,1.0,1,www.who.int,who.int,int,www,53.0,11.0,0.0,1.0,1.0,0.0,0.20754716981132076,0.09433962264150944,0.0,0.0,0.0,0.0,34.0,0.0,0.3333333333333333
https://www.gov.uk/profile,hard,0,1.0,1,www.gov.uk,www.gov.uk,uk,www,26.0,10.0,0.0,0.0,1.0,0.0,0.23076923076923078,0.0,0.0,0.0,0.0,0.0,8.0,0.0,0.0
https://www.wsj.com/news/technology,hard,0,1.0,1,www.wsj.com,wsj.com,com,www,35.0,11.0,0.0,1.0,1.0,0.0,0.2,0.0,0.0,0.0,0.0,0.0,16.0,0.0,0.0
https://europa.eu/support,hard,0,1.0,1,europa.eu,europa.eu,eu,,25.0,9.0,0.0,0.0,1.0,0.0,0.2,0.0,0.0,0.0,0.0,0.0,8.0,0.0,0.6666666666666666
https://salesforce.com/account,hard,0,1.0,1,salesforce.com,salesforce.com,com,,30.0,14.0,0.0,0.0,1.0,1.0,0.16666666666666666,0.0,0.0,0.0,0.0,0.0,8.0,0.0,0.4
https://gitlab.com/search?q=python+tutorial,hard,0,1.0,1,gitlab.com,gitlab.com,com,,43.0,10.0,0.0,0.0,1.0,0.0,0.18604651162790697,0.0,0.0,0.0,0.0,0.0,24.0,0.0,0.3333333333333333
https://citibank.com/signin,hard,0,1.0,1,citibank.com,citibank.com,com,,27.0,12.0,0.0,0.0,1.0,1.0,0.18518518518518517,0.0,0.0,0.0,0.0,0.0,7.0,0.0,0.375
https://arstechnica.com/sports,hard,0,1.0,1,arstechnica.com,arstechnica.com,com,,30.0,15.0,0.0,0.0,1.0,0.0,0.16666666666666666,0.0,0.0,0.0,0.0,0.0,7.0,0.0,0.36363636363636365
https://www.booking.com/products,hard,0,1.0,1,www.booking.com,booking.com,com,www,32.0,15.0,0.0,1.0,1.0,0.0,0.1875,0.0,0.0,0.0,0.0,0.0,9.0,0.0,0.42857142857142855
https://www.cloudflare.com/docs,hard,0,1.0,1,www.cloudflare.com,cloudflare.com,com,www,31.0,18.0,0.0,1.0,1.0,0.0,0.1935483870967742,0.0,0.0,0.0,0.0,0.0,5.0,0.0,0.4
https://www.salesforce.com/pricing,hard,0,1.0,1,www.salesforce.com,salesforce.com,com,www,34.0,18.0,0.0,1.0,1.0,0.0,0.17647058823529413,0.0,0.0,0.0,0.0,0.0,8.0,0.0,0.4
https://www.airbnb.com/tree/main/src,hard,0,1.0,1,www.airbnb.com,airbnb.com,com,www,36.0,14.0,0.0,1.0,1.0,0.0,0.2222222222222222,0.0,0.0,0.0,0.0,0.0,14.0,0.0,0.3333333333333333
https://quora.com/search,hard,0,1.0,1,quora.com,quora.com,com,,24.0,9.0,0.0,0.0,1.0,0.0,0.20833333333333334,0.0,0.0,0.0,0.0,0.0,7.0,0.0,0.6
https://www.bestbuy.com/docs/getting-started,hard,0,1.0,1,www.bestbuy.com,bestbuy.com,com,www,44.0,15.0,0.0,1.0,1.0,0.0,0.18181818181818182,0.0,0.0,0.0,0.0,0.0,21.0,0.0,0.2857142857142857
https://bitbucket.org/business,hard,0,1.0,1,bitbucket.org,bitbucket.org,org,,30.0,13.0,0.0,0.0,1.0,0.0,0.16666666666666666,0.0,0.0,0.0,0.0,0.0,9.0,0.0,0.3333333333333333
https://notion.so/terms,hard,0,1.0,1,notion.so,notion.so,so,,23.0,9.0,0.0,0.0,1.0,0.0,0.21739130434782608,0.0,0.0,0.0,0.0,0.0,6.0,0.0,0.5
https://epicgames.com/community,hard,0,1.0,1,epicgames.com,epicgames.com,com,,31.0,13.0,0.0,0.0,1.0,0.0,0.16129032258064516,0.0,0.0,0.0,0.0,0.0,10.0,0.0,0.4444444444444444
https://grubhub.com/docs/getting-started,hard,0,1.0,1,grubhub.com,grubhub.com,com,,40.0,11.0,0.0,0.0,1.0,0.0,0.175,0.0,0.0,0.0,0.0,0.0,21.0,0.0,0.2857142857142857
https://digitalocean.com/questions/12345/how-to-parse-json,hard,0,1.0,1,digitalocean.com,digitalocean.com,com,,58.0,16.0,0.0,0.0,1.0,0.0,0.1724137931034483,0.08620689655172414,0.0,0.0,0.0,0.0,34.0,0.0,0.5
https://quora.com/forum,hard,0,1.0,1,quora.com,quora.com,com,,23.0,9.0,0.0,0.0,1.0,0.0,0.21739130434782608,0.0,0.0,0.0,0.0,0.0,6.0,0.0,0.6
https://nytimes.com/shop/category/laptops,hard,0,1.0,1,nytimes.com,nytimes.com,com,,41.0,11.0,0.0,0.0,1.0,0.0,0.17073170731707318,0.0,0.0,0.0,0.0,0.0,22.0,0.0,0.2857142857142857
https://www.oracle.com/terms,hard,0,1.0,1,www.oracle.com,oracle.com,com,www,28.0,14.0,0.0,1.0,1.0,0.0,0.21428571428571427,0.0,0.0,0.0,0.0,0.0,6.0,0.0,0.5
https://twitter.com/search?q=python+tutorial,hard,0,1.0,1,twitter.com,twitter.com,com,,44.0,11.0,0.0,0.0,1.0,0.0,0.18181818181818182,0.0,0.0,0.0,0.0,0.0,24.0,1.0,0.2857142857142857
https://wikipedia.org/en-us/docs/Web/JavaScript,hard,0,1.0,1,wikipedia.org,wikipedia.org,org,,47.0,13.0,0.0,0.0,1.0,0.0,0.19148936170212766,0.0,0.0,0.0,0.0,0.0,26.0,1.0,0.5555555555555556
https://www.intel.com/news/technology,hard,0,1.0,1,www.intel.com,intel.com,com,www,37.0,13.0,0.0,1.0,1.0,0.0,0.1891891891891892,0.0,0.0,0.0,0.0,0.0,16.0,0.0,0.4
https://www.chase.com/api/v2/products?page=2,hard,0,1.0,1,www.chase.com,chase.com,com,www,44.0,13.0,0.0,1.0,1.0,0.0,0.22727272727272727,0.045454545454545456,0.0,0.0,0.0,0.0,22.0,1.0,0.4
https://www.bloomberg.com/playlist?list=PL12345,hard,0,1.0,1,www.bloomberg.com,bloomberg.com,com,www,47.0,17.0,0.0,1.0,1.0,0.0,0.1702127659574468,0.10638297872340426,0.0,0.0,0.0,0.0,21.0,0.0,0.3333333333333333
https://azure.microsoft.com/features/security,hard,0,1.0,1,azure.microsoft.com,microsoft.com,com,azure,45.0,19.0,0.0,1.0,1.0,0.0,0.15555555555555556,0.0,0.0,0.0,0.0,0.0,18.0,1.0,0.3333333333333333
https://wsj.com/sports,hard,0,1.0,1,wsj.com,wsj.com,com,,22.0,7.0,0.0,0.0,1.0,0.0,0.22727272727272727,0.0,0.0,0.0,0.0,0.0,7.0,0.0,0.0
https://www.booking.com/library/3.12,hard,0,1.0,1,www.booking.com,booking.com,com,www,36.0,15.0,0.0,1.0,1.0,0.0,0.2222222222222222,0.08333333333333333,0.0,0.0,0.0,0.0,13.0,0.0,0.42857142857142855
http://npr.org/wiki/Main_Page,hard,0,1.0,1,npr.org,npr.org,org,,29.0,7.0,0.0,0.0,0.0,0.0,0.2413793103448276,0.0,0.0,0.0,0.0,0.0,15.0,0.0,0.0
https://mit.edu/reference/functions.html,hard,0,1.0,1,mit.edu,mit.edu,edu,,40.0,7.0,0.0,0.0,1.0,0.0,0.175,0.0,0.0,0.0,0.0,0.0,25.0,0.0,0.3333333333333333
https://microsoft.com/search?q=python+tutorial,hard,0,1.0,1,microsoft.com,microsoft.com,com,,46.0,13.0,0.0,0.0,1.0,0.0,0.17391304347826086,0.0,0.0,0.0,0.0,0.0,24.0,1.0,0.3333333333333333
https://www.wired.com/blog,hard,0,1.0,1,www.wired.com,wired.com,com,www,26.0,13.0,0.0,1.0,1.0,0.0,0.23076923076923078,0.0,0.0,0.0,0.0,0.0,5.0,0.0,0.4
https://steamcommunity.com/reference/functions.html,hard,0,1.0,1,steamcommunity.com,steamcommunity.com,com,,51.0,18.0,0.0,0.0,1.0,0.0,0.13725490196078433,0.0,0.0,0.0,0.0,0.0,25.0,0.0,0.35714285714285715
https://www.techcrunch.com/help,hard,0,1.0,1,www.techcrunch.com,techcrunch.com,com,www,31.0,18.0,0.0,1.0,1.0,0.0,0.1935483870967742,0.0,0.0,0.0,0.0,0.0,5.0,0.0,0.2
https://docs.python.org/blog/2025/new-features,hard,0,1.0,1,docs.python.org,python.org,org,docs,46.0,15.0,0.0,1.0,1.0,0.0,0.1956521739130435,0.08695652173913043,0.0,0.0,0.0,0.0,23.0,0.0,0.16666666666666666
https://bloomberg.com/playlist?list=PL12345,hard,0,1.0,1,bloomberg.com,bloomberg.com,com,,43.0,13.0,0.0,0.0,1.0,0.0,0.16279069767441862,0.11627906976744186,0.0,0.0,0.0,0.0,21.0,0.0,0.3333333333333333
https://bestbuy.com/wiki/Main_Page,hard,0,1.0,1,bestbuy.com,bestbuy.com,com,,34.0,11.0,0.0,0.0,1.0,0.0,0.20588235294117646,0.0,0.0,0.0,0.0,0.0,15.0,0.0,0.2857142857142857
https://americanexpress.com/dashboard,hard,0,1.0,1,americanexpress.com,americanexpress.com,com,,37.0,19.0,0.0,0.0,1.0,0.0,0.13513513513513514,0.0,0.0,0.0,0.0,0.0,10.0,0.0,0.4
https://berkeley.edu/blog,hard,0,1.0,1,berkeley.edu,berkeley.edu,edu,,25.0,12.0,0.0,0.0,1.0,0.0,0.2,0.0,0.0,0.0,0.0,0.0,5.0,0.0,0.375
https://www.facebook.com/watch?v=dQw4w9WgXcQ,hard,0,1.0,1,www.facebook.com,facebook.com,com,www,44.0,16.0,0.0,1.0,1.0,0.0,0.18181818181818182,0.045454545454545456,0.0,0.0,0.0,0.0,19.0,1.0,0.5
https://americanexpress.com/order/confirmation/778213,hard,0,1.0,1,americanexpress.com,americanexpress.com,com,,53.0,19.0,0.0,0.0,1.0,0.0,0.1320754716981132,0.11320754716981132,0.0,0.0,0.0,0.0,26.0,0.0,0.4
https://www.notion.so/features,hard,0,1.0,1,www.notion.so,notion.so,so,www,30.0,13.0,0.0,1.0,1.0,0.0,0.2,0.0,0.0,0.0,0.0,0.0,9.0,0.0,0.5
https://www.quora.com/order/confirmation/778213,hard,0,1.0,1,www.quora.com,quora.com,com,www,47.0,13.0,0.0,1.0,1.0,0.0,0.1702127659574468,0.1276595744680851,0.0,0.0,0.0,0.0,26.0,0.0,0.6
https://twitch.tv/,hard,0,1.0,1,twitch.tv,twitch.tv,tv,,18.0,9.0,0.0,0.0,1.0,0.0,0.2777777777777778,0.0,0.0,0.0,0.0,0.0,1.0,0.0,0.16666666666666666
http://www.irs.gov/contact,hard,0,1.0,1,www.irs.gov,irs.gov,gov,www,26.0,11.0,0.0,1.0,0.0,0.0,0.23076923076923078,0.0,0.0,0.0,0.0,0.0,8.0,0.0,0.3333333333333333
https://doordash.com/profile,hard,0,1.0,1,doordash.com,doordash.com,com,,28.0,12.0,0.0,0.0,1.0,0.0,0.17857142857142858,0.0,0.0,0.0,0.0,0.0,8.0,0.0,0.375
https://www.pinterest.com/issues/1042,hard,0,1.0,1,www.pinterest.com,pinterest.com,com,www,37.0,17.0,0.0,1.0,1.0,0.0,0.1891891891891892,0.10810810810810811,0.0,0.0,0.0,0.0,12.0,0.0,0.3333333333333333
https://www.wordpress.com/careers,hard,0,1.0,1,www.wordpress.com,wordpress.com,com,www,33.0,17.0,0.0,1.0,1.0,0.0,0.18181818181818182,0.0,0.0,0.0,0.0,0.0,8.0,0.0,0.2222222222222222
https://arstechnica.com/terms,hard,0,1.0,1,arstechnica.com,arstechnica.com,com,,29.0,15.0,0.0,0.0,1.0,0.0,0.1724137931034483,0.0,0.0,0.0,0.0,0.0,6.0,0.0,0.36363636363636365
https://theguardian.com/checkout,hard,0,1.0,1,theguardian.com,theguardian.com,com,,32.0,15.0,0.0,0.0,1.0,0.0,0.15625,0.0,0.0,0.0,0.0,0.0,9.0,0.0,0.45454545454545453
https://www.stanford.edu/products,hard,0,1.0,1,www.stanford.edu,stanford.edu,edu,www,33.0,16.0,0.0,1.0,1.0,0.0,0.18181818181818182,0.0,0.0,0.0,0.0,0.0,9.0,0.0,0.25
https://www.airbnb.com/download,hard,0,1.0,1,www.airbnb.com,airbnb.com,com,www,31.0,14.0,0.0,1.0,1.0,0.0,0.1935483870967742,0.0,0.0,0.0,0.0,0.0,9.0,0.0,0.3333333333333333
https://www.edx.org/news,hard,0,1.0,1,www.edx.org,edx.org,org,www,24.0,11.0,0.0,1.0,1.0,0.0,0.25,0.0,0.0,0.0,0.0,0.0,5.0,0.0,0.3333333333333333
https://grubhub.com/wiki/Main_Page,hard,0,1.0,1,grubhub.com,grubhub.com,com,,34.0,11.0,0.0,0.0,1.0,0.0,0.20588235294117646,0.0,0.0,0.0,0.0,0.0,15.0,0.0,0.2857142857142857
https://arstechnica.com/features,hard,0,1.0,1,arstechnica.com,arstechnica.com,com,,32.0,15.0,0.0,0.0,1.0,0.0,0.15625,0.0,0.0,0.0,0.0,0.0,9.0,0.0,0.36363636363636365
https://techcrunch.com/user/johndoe,hard,0,1.0,1,techcrunch.com,techcrunch.com,com,,35.0,14.0,0.0,0.0,1.0,0.0,0.17142857142857143,0.0,0.0,0.0,0.0,0.0,13.0,0.0,0.2
https://www.cloudflare.com/support,hard,0,1.0,1,www.cloudflare.com,cloudflare.com,com,www,34.0,18.0,0.0,1.0,1.0,0.0,0.17647058823529413,0.0,0.0,0.0,0.0,0.0,8.0,0.0,0.4
https://stackoverflow.com/en-us/library,hard,0,1.0,1,stackoverflow.com,stackoverflow.com,com,,39.0,17.0,0.0,0.0,1.0,0.0,0.1794871794871795,0.0,0.0,0.0,0.0,0.0,14.0,1.0,0.3076923076923077
https://npmjs.com/article/2025/06/12/world-news,hard,0,1.0,1,npmjs.com,npmjs.com,com,,47.0,9.0,0.0,0.0,1.0,0.0,0.2127659574468085,0.1702127659574468,0.0,0.0,0.0,0.0,30.0,0.0,0.0
https://www.target.com/science,hard,0,1.0,1,www.target.com,target.com,com,www,30.0,14.0,0.0,1.0,1.0,0.0,0.2,0.0,0.0,0.0,0.0,0.0,8.0,0.0,0.3333333333333333
http://www.twitch.tv/terms,hard,0,1.0,1,www.twitch.tv,twitch.tv,tv,www,26.0,13.0,0.0,1.0,0.0,0.0,0.23076923076923078,0.0,0.0,0.0,0.0,0.0,6.0,0.0,0.16666666666666666
https://www.wordpress.com/checkout,hard,0,1.0,1,www.wordpress.com,wordpress.com,com,www,34.0,17.0,0.0,1.0,1.0,0.0,0.17647058823529413,0.0,0.0,0.0,0.0,0.0,9.0,0.0,0.2222222222222222
http://nih.gov/science,hard,0,1.0,1,nih.gov,nih.gov,gov,,22.0,7.0,0.0,0.0,0.0,0.0,0.22727272727272727,0.0,0.0,0.0,0.0,0.0,8.0,0.0,0.3333333333333333
https://zoom.us/terms,hard,0,1.0,1,zoom.us,zoom.us,us,,21.0,7.0,0.0,0.0,1.0,0.0,0.23809523809523808,0.0,0.0,0.0,0.85,0.0,6.0,0.0,0.5
https://www.trello.com/help,hard,0,1.0,1,www.trello.com,trello.com,com,www,27.0,14.0,0.0,1.0,1.0,0.0,0.2222222222222222,0.0,0.0,0.0,0.0,0.0,5.0,0.0,0.3333333333333333
https://notion.so/dashboard,hard,0,1.0,1,notion.so,notion.so,so,,27.0,9.0,0.0,0.0,1.0,0.0,0.18518518518518517,0.0,0.0,0.0,0.0,0.0,10.0,0.0,0.5
https://www.techcrunch.com/pricing,hard,0,1.0,1,www.techcrunch.com,techcrunch.com,com,www,34.0,18.0,0.0,1.0,1.0,0.0,0.17647058823529413,0.0,0.0,0.0,0.0,0.0,8.0,0.0,0.2
https://www.nasa.gov/science,hard,0,1.0,1,www.nasa.gov,nasa.gov,gov,www,28.0,12.0,0.0,1.0,1.0,0.0,0.21428571428571427,0.0,0.0,0.0,0.0,0.0,8.0,0.0,0.5
https://gov.uk/help,hard,0,1.0,1,gov.uk,gov.uk,uk,,19.0,6.0,0.0,0.0,1.0,0.0,0.2631578947368421,0.0,0.0,0.0,0.0,0.0,5.0,0.0,0.3333333333333333
https://reuters.com/download,hard,0,1.0,1,reuters.com,reuters.com,com,,28.0,11.0,0.0,0.0,1.0,0.0,0.17857142857142858,0.0,0.0,0.0,0.0,0.0,9.0,0.0,0.42857142857142855
https://digitalocean.com/docs/api,hard,0,1.0,1,digitalocean.com,digitalocean.com,com,,33.0,16.0,0.0,0.0,1.0,0.0,0.18181818181818182,0.0,0.0,0.0,0.0,0.0,9.0,0.0,0.5
https://www.oracle.com/library/3.12,hard,0,1.0,1,www.oracle.com,oracle.com,com,www,35.0,14.0,0.0,1.0,1.0,0.0,0.22857142857142856,0.08571428571428572,0.0,0.0,0.0,0.0,13.0,0.0,0.5
https://www.doordash.com/sports,hard,0,1.0,1,www.doordash.com,doordash.com,com,www,31.0,16.0,0.0,1.0,1.0,0.0,0.1935483870967742,0.0,0.0,0.0,0.0,0.0,7.0,0.0,0.375
https://twitter.com/en-us/docs/Web/JavaScript,hard,0,1.0,1,twitter.com,twitter.com,com,,45.0,11.0,0.0,0.0,1.0,0.0,0.2,0.0,0.0,0.0,0.0,0.0,26.0,1.0,0.2857142857142857
https://wired.com/item/98213,hard,0,1.0,1,wired.com,wired.com,com,,28.0,9.0,0.0,0.0,1.0,0.0,0.21428571428571427,0.17857142857142858,0.0,0.0,0.0,0.0,11.0,0.0,0.4
https://kubernetes.io/pricing,hard,0,1.0,1,kubernetes.io,kubernetes.io,io,,29.0,13.0,0.0,0.0,1.0,0.0,0.1724137931034483,0.0,0.0,0.0,0.0,0.0,8.0,0.0,0.4
https://ibm.com/products,hard,0,1.0,1,ibm.com,ibm.com,com,,24.0,7.0,0.0,0.0,1.0,0.0,0.20833333333333334,0.0,0.0,0.0,0.0,0.0,9.0,0.0,0.3333333333333333
https://wellsfargo.com/login,hard,0,1.0,1,wellsfargo.com,wellsfargo.com,com,,28.0,14.0,0.0,0.0,1.0,1.0,0.17857142857142858,0.0,0.0,0.0,0.0,0.0,6.0,0.0,0.3
https://reuters.com/search,hard,0,1.0,1,reuters.com,reuters.com,com,,26.0,11.0,0.0,0.0,1.0,0.0,0.19230769230769232,0.0,0.0,0.0,0.0,0.0,7.0,0.0,0.42857142857142855
https://slack.com/repos/example/project,hard,0,1.0,1,slack.com,slack.com,com,,39.0,9.0,0.0,0.0,1.0,0.0,0.1794871794871795,0.0,0.0,0.0,0.0,0.0,22.0,0.0,0.2
https://bankofamerica.com/questions/12345/how-to-parse-json,hard,0,1.0,1,bankofamerica.com,bankofamerica.com,com,,59.0,17.0,0.0,0.0,1.0,0.0,0.1694915254237288,0.0847457627118644,0.0,0.0,0.0,0.0,34.0,1.0,0.46153846153846156
https://www.expedia.com/products,hard,0,1.0,1,www.expedia.com,expedia.com,com,www,32.0,15.0,0.0,1.0,1.0,0.0,0.1875,0.0,0.0,0.0,0.0,0.0,9.0,0.0,0.5714285714285714
http://www.booking.com/library/3.12,hard,0,1.0,1,www.booking.com,booking.com,com,www,35.0,15.0,0.0,1.0,0.0,0.0,0.22857142857142856,0.08571428571428572,0.0,0.0,0.0,0.0,13.0,0.0,0.42857142857142855
https://www.etsy.com/releases/tag/v2.3.1,hard,0,1.0,1,www.etsy.com,etsy.com,com,www,40.0,12.0,0.0,1.0,1.0,0.0,0.25,0.075,0.0,0.0,0.0,0.0,20.0,0.0,0.25
https://www.nasa.gov/features,hard,0,1.0,1,www.nasa.gov,nasa.gov,gov,www,29.0,12.0,0.0,1.0,1.0,0.0,0.20689655172413793,0.0,0.0,0.0,0.0,0.0,9.0,0.0,0.5
https://ebay.com/support,hard,0,1.0,1,ebay.com,ebay.com,com,,24.0,8.0,0.0,0.0,1.0,0.0,0.20833333333333334,0.0,0.0,0.0,0.0,0.0,8.0,1.0,0.5
https://salesforce.com/reference/functions.html,hard,0,1.0,1,salesforce.com,salesforce.com,com,,47.0,14.0,0.0,0.0,1.0,0.0,0.14893617021276595,0.0,0.0,0.0,0.0,0.0,25.0,0.0,0.4
https://www.nytimes.com/products,hard,0,1.0,1,www.nytimes.com,nytimes.com,com,www,32.0,15.0,0.0,1.0,1.0,0.0,0.1875,0.0,0.0,0.0,0.0,0.0,9.0,0.0,0.2857142857142857
https://oracle.com/features/security,hard,0,1.0,1,oracle.com,oracle.com,com,,36.0,10.0,0.0,0.0,1.0,0.0,0.16666666666666666,0.0,0.0,0.0,0.0,0.0,18.0,0.0,0.5
https://gov.uk/en-us/library,hard,0,1.0,1,gov.uk,gov.uk,uk,,28.0,6.0,0.0,0.0,1.0,0.0,0.25,0.0,0.0,0.0,0.0,0.0,14.0,0.0,0.3333333333333333
https://www.intel.com/order/confirmation/778213,hard,0,1.0,1,www.intel.com,intel.com,com,www,47.0,13.0,0.0,1.0,1.0,0.0,0.1702127659574468,0.1276595744680851,0.0,0.0,0.0,0.0,26.0,0.0,0.4
https://citibank.com/support,hard,0,1.0,1,citibank.com,citibank.com,com,,28.0,12.0,0.0,0.0,1.0,0.0,0.17857142857142858,0.0,0.0,0.0,0.0,0.0,8.0,0.0,0.375
https://etsy.com/docs,hard,0,1.0,1,etsy.com,etsy.com,com,,21.0,8.0,0.0,0.0,1.0,0.0,0.23809523809523808,0.0,0.0,0.0,0.0,0.0,5.0,0.0,0.25
https://www.airbnb.com/forum,hard,0,1.0,1,www.airbnb.com,airbnb.com,com,www,28.0,14.0,0.0,1.0,1.0,0.0,0.21428571428571427,0.0,0.0,0.0,0.0,0.0,6.0,0.0,0.3333333333333333
https://nytimes.com/news/technology,hard,0,1.0,1,nytimes.com,nytimes.com,com,,35.0,11.0,0.0,0.0,1.0,0.0,0.17142857142857143,0.0,0.0,0.0,0.0,0.0,16.0,0.0,0.2857142857142857
https://docker.com/reference/functions.html,hard,0,1.0,1,docker.com,docker.com,com,,43.0,10.0,0.0,0.0,1.0,0.0,0.16279069767441862,0.0,0.0,0.0,0.0,0.0,25.0,1.0,0.3333333333333333
https://bitbucket.org/login,hard,0,1.0,1,bitbucket.org,bitbucket.org,org,,27.0,13.0,0.0,0.0,1.0,1.0,0.18518518518518517,0.0,0.0,0.0,0.0,0.0,6.0,0.0,0.3333333333333333
https://arstechnica.com/signin,hard,0,1.0,1,arstechnica.com,arstechnica.com,com,,30.0,15.0,0.0,0.0,1.0,1.0,0.16666666666666666,0.0,0.0,0.0,0.0,0.0,7.0,0.0,0.36363636363636365
https://paypal.com/api/v2/products?page=2,hard,0,1.0,1,paypal.com,paypal.com,com,,41.0,10.0,0.0,0.0,1.0,0.0,0.21951219512195122,0.04878048780487805,0.0,0.0,0.0,0.0,22.0,1.0,0.3333333333333333
https://intel.com/forum,hard,0,1.0,1,intel.com,intel.com,com,,23.0,9.0,0.0,0.0,1.0,0.0,0.21739130434782608,0.0,0.0,0.0,0.0,0.0,6.0,0.0,0.4
https://lyft.com/support,hard,0,1.0,1,lyft.com,lyft.com,com,,24.0,8.0,0.0,0.0,1.0,0.0,0.20833333333333334,0.0,0.0,0.0,0.0,0.0,8.0,0.0,0.0
https://www.intel.com/terms,hard,0,1.0,1,www.intel.com,intel.com,com,www,27.0,13.0,0.0,1.0,1.0,0.0,0.2222222222222222,0.0,0.0,0.0,0.0,0.0,6.0,0.0,0.4
http://amazon.com/news/technology,hard,0,1.0,1,amazon.com,amazon.com,com,,33.0,10.0,0.0,0.0,0.0,0.0,0.18181818181818182,0.0,0.0,0.0,0.0,0.0,16.0,1.0,0.5
https://ibm.com/sports,hard,0,1.0,1,ibm.com,ibm.com,com,,22.0,7.0,0.0,0.0,1.0,0.0,0.22727272727272727,0.0,0.0,0.0,0.0,0.0,7.0,0.0,0.3333333333333333
https://pinterest.com/user/johndoe,hard,0,1.0,1,pinterest.com,pinterest.com,com,,34.0,13.0,0.0,0.0,1.0,0.0,0.17647058823529413,0.0,0.0,0.0,0.0,0.0,13.0,0.0,0.3333333333333333
https://www.youtube.com/order/confirmation/778213,hard,0,1.0,1,www.youtube.com,youtube.com,com,www,49.0,15.0,0.0,1.0,1.0,0.0,0.16326530612244897,0.12244897959183673,0.0,0.0,0.0,0.0,26.0,1.0,0.5714285714285714
https://dropbox.com/releases/tag/v2.3.1,hard,0,1.0,1,dropbox.com,dropbox.com,com,,39.0,11.0,0.0,0.0,1.0,0.0,0.23076923076923078,0.07692307692307693,0.0,0.0,0.0,0.0,20.0,1.0,0.2857142857142857
https://notion.so/contact,hard,0,1.0,1,notion.so,notion.so,so,,25.0,9.0,0.0,0.0,1.0,0.0,0.2,0.0,0.0,0.0,0.0,0.0,8.0,0.0,0.5
https://www.uber.com/careers,hard,0,1.0,1,www.uber.com,uber.com,com,www,28.0,12.0,0.0,1.0,1.0,0.0,0.21428571428571427,0.0,0.0,0.0,0.0,0.0,8.0,0.0,0.5
https://www.theguardian.com/features,hard,0,1.0,1,www.theguardian.com,theguardian.com,com,www,36.0,19.0,0.0,1.0,1.0,0.0,0.16666666666666666,0.0,0.0,0.0,0.0,0.0,9.0,0.0,0.45454545454545453
https://cnn.com/help,hard,0,1.0,1,cnn.com,cnn.com,com,,20.0,7.0,0.0,0.0,1.0,0.0,0.25,0.0,0.0,0.0,0.0,0.0,5.0,1.0,0.0
https://store.steampowered.com/releases/tag/v2.3.1,hard,0,1.0,1,store.steampowered.com,steampowered.com,com,store,50.0,22.0,0.0,1.0,1.0,0.0,0.2,0.06,0.0,0.0,0.0,0.0,20.0,0.0,0.4166666666666667
https://wsj.com/science,hard,0,1.0,1,wsj.com,wsj.com,com,,23.0,7.0,0.0,0.0,1.0,0.0,0.21739130434782608,0.0,0.0,0.0,0.0,0.0,8.0,0.0,0.0
https://pypi.org/science,hard,0,1.0,1,pypi.org,pypi.org,org,,24.0,8.0,0.0,0.0,1.0,0.0,0.20833333333333334,0.0,0.0,0.0,0.0,0.0,8.0,0.0,0.25
https://cloudflare.com/order/confirmation/778213,hard,0,1.0,1,cloudflare.com,cloudflare.com,com,,48.0,14.0,0.0,0.0,1.0,0.0,0.14583333333333334,0.125,0.0,0.0,0.0,0.0,26.0,0.0,0.4
https://www.americanexpress.com/api/v2/products?page=2,hard,0,1.0,1,www.americanexpress.com,americanexpress.com,com,www,54.0,23.0,0.0,1.0,1.0,0.0,0.18518518518518517,0.037037037037037035,0.0,0.0,0.0,0.0,22.0,0.0,0.4
https://www.cloudflare.com/contact,hard,0,1.0,1,www.cloudflare.com,cloudflare.com,com,www,34.0,18.0,0.0,1.0,1.0,0.0,0.17647058823529413,0.0,0.0,0.0,0.0,0.0,8.0,0.0,0.4
https://arstechnica.com/account,hard,0,1.0,1,arstechnica.com,arstechnica.com,com,,31.0,15.0,0.0,0.0,1.0,1.0,0.16129032258064516,0.0,0.0,0.0,0.0,0.0,8.0,0.0,0.36363636363636365
https://ibm.com/issues/1042,hard,0,1.0,1,ibm.com,ibm.com,com,,27.0,7.0,0.0,0.0,1.0,0.0,0.2222222222222222,0.14814814814814814,0.0,0.0,0.0,0.0,12.0,0.0,0.3333333333333333
https://coursera.org/reference/functions.html,hard,0,1.0,1,coursera.org,coursera.org,org,,45.0,12.0,0.0,0.0,1.0,0.0,0.15555555555555556,0.0,0.0,0.0,0.0,0.0,25.0,0.0,0.5
https://booking.com/repos/example/project,hard,0,1.0,1,booking.com,booking.com,com,,41.0,11.0,0.0,0.0,1.0,0.0,0.17073170731707318,0.0,0.0,0.0,0.0,0.0,22.0,0.0,0.42857142857142855
https://www.irs.gov/tree/main/src,hard,0,1.0,1,www.irs.gov,irs.gov,gov,www,33.0,11.0,0.0,1.0,1.0,0.0,0.24242424242424243,0.0,0.0,0.0,0.0,0.0,14.0,0.0,0.3333333333333333
https://www.hsbc.com/products,hard,0,1.0,1,www.hsbc.com,hsbc.com,com,www,29.0,12.0,0.0,1.0,1.0,0.0,0.20689655172413793,0.0,0.0,0.0,0.0,0.0,9.0,0.0,0.0
https://console.cloud.google.com/forum,hard,0,1.0,1,console.cloud.google.com,google.com,com,console.cloud,38.0,24.0,0.0,2.0,1.0,0.0,0.18421052631578946,0.0,0.0,0.0,0.0,0.0,6.0,1.0,0.5
https://www.irs.gov/news,hard,0,1.0,1,www.irs.gov,irs.gov,gov,www,24.0,11.0,0.0,1.0,1.0,0.0,0.25,0.0,0.0,0.0,0.0,0.0,5.0,0.0,0.3333333333333333
https://ebay.com/careers,hard,0,1.0,1,ebay.com,ebay.com,com,,24.0,8.0,0.0,0.0,1.0,0.0,0.20833333333333334,0.0,0.0,0.0,0.0,0.0,8.0,1.0,0.5
https://berkeley.edu/item/98213,hard,0,1.0,1,berkeley.edu,berkeley.edu,edu,,31.0,12.0,0.0,0.0,1.0,0.0,0.1935483870967742,0.16129032258064516,0.0,0.0,0.0,0.0,11.0,0.0,0.375
https://store.steampowered.com/shop/category/laptops,hard,0,1.0,1,store.steampowered.com,steampowered.com,com,store,52.0,22.0,0.0,1.0,1.0,0.0,0.15384615384615385,0.0,0.0,0.0,0.0,0.0,22.0,0.0,0.4166666666666667
https://twitch.tv/products,hard,0,1.0,1,twitch.tv,twitch.tv,tv,,26.0,9.0,0.0,0.0,1.0,0.0,0.19230769230769232,0.0,0.0,0.0,0.0,0.0,9.0,0.0,0.16666666666666666
https://facebook.com/shop/category/laptops,hard,0,1.0,1,facebook.com,facebook.com,com,,42.0,12.0,0.0,0.0,1.0,0.0,0.16666666666666666,0.0,0.0,0.0,0.0,0.0,22.0,1.0,0.5
http://harvard.edu/about,hard,0,1.0,1,harvard.edu,harvard.edu,edu,,24.0,11.0,0.0,0.0,0.0,0.0,0.20833333333333334,0.0,0.0,0.0,0.0,0.0,6.0,0.0,0.2857142857142857
https://www.notion.so/checkout,hard,0,1.0,1,www.notion.so,notion.so,so,www,30.0,13.0,0.0,1.0,1.0,0.0,0.2,0.0,0.0,0.0,0.0,0.0,9.0,0.0,0.5
https://www.cnn.com/questions/12345/how-to-parse-json,hard,0,1.0,1,www.cnn.com,cnn.com,com,www,53.0,11.0,0.0,1.0,1.0,0.0,0.20754716981132076,0.09433962264150944,0.0,0.0,0.0,0.0,34.0,1.0,0.0
https://www.reuters.com/products,hard,0,1.0,1,www.reuters.com,reuters.com,com,www,32.0,15.0,0.0,1.0,1.0,0.0,0.1875,0.0,0.0,0.0,0.0,0.0,9.0,0.0,0.42857142857142855
https://www.cdc.gov/questions/12345/how-to-parse-json,hard,0,1.0,1,www.cdc.gov,cdc.gov,gov,www,53.0,11.0,0.0,1.0,1.0,0.0,0.20754716981132076,0.09433962264150944,0.0,0.0,0.0,0.0,34.0,0.0,0.0
https://pinterest.com/search,hard,0,1.0,1,pinterest.com,pinterest.com,com,,28.0,13.0,0.0,0.0,1.0,0.0,0.17857142857142858,0.0,0.0,0.0,0.0,0.0,7.0,0.0,0.3333333333333333
https://www.target.com/news,hard,0,1.0,1,www.target.com,target.com,com,www,27.0,14.0,0.0,1.0,1.0,0.0,0.2222222222222222,0.0,0.0,0.0,0.0,0.0,5.0,0.0,0.3333333333333333
https://theguardian.com/blog,hard,0,1.0,1,theguardian.com,theguardian.com,com,,28.0,15.0,0.0,0.0,1.0,0.0,0.17857142857142858,0.0,0.0,0.0,0.0,0.0,5.0,0.0,0.45454545454545453
https://target.com/article/2025/06/12/world-news,hard,0,1.0,1,target.com,target.com,com,,48.0,10.0,0.0,0.0,1.0,0.0,0.20833333333333334,0.16666666666666666,0.0,0.0,0.0,0.0,30.0,0.0,0.3333333333333333
https://berkeley.edu/docs/getting-started,hard,0,1.0,1,berkeley.edu,berkeley.edu,edu,,41.0,12.0,0.0,0.0,1.0,0.0,0.17073170731707318,0.0,0.0,0.0,0.0,0.0,21.0,0.0,0.375
https://trello.com/science,hard,0,1.0,1,trello.com,trello.com,com,,26.0,10.0,0.0,0.0,1.0,0.0,0.19230769230769232,0.0,0.0,0.0,0.0,0.0,8.0,0.0,0.3333333333333333
https://atlassian.com/playlist?list=PL12345,hard,0,1.0,1,atlassian.com,atlassian.com,com,,43.0,13.0,0.0,0.0,1.0,0.0,0.16279069767441862,0.11627906976744186,0.0,0.0,0.0,0.0,21.0,0.0,0.4444444444444444
https://pinterest.com/features/security,hard,0,1.0,1,pinterest.com,pinterest.com,com,,39.0,13.0,0.0,0.0,1.0,0.0,0.15384615384615385,0.0,0.0,0.0,0.0,0.0,18.0,0.0,0.3333333333333333
https://bloomberg.com/sports,hard,0,1.0,1,bloomberg.com,bloomberg.com,com,,28.0,13.0,0.0,0.0,1.0,0.0,0.17857142857142858,0.0,0.0,0.0,0.0,0.0,7.0,0.0,0.3333333333333333
http://www.bloomberg.com/questions/12345/how-to-parse-json,hard,0,1.0,1,www.bloomberg.com,bloomberg.com,com,www,58.0,17.0,0.0,1.0,0.0,0.0,0.1896551724137931,0.08620689655172414,0.0,0.0,0.0,0.0,34.0,0.0,0.3333333333333333
http://expedia.com/wiki,hard,0,1.0,1,expedia.com,expedia.com,com,,23.0,11.0,0.0,0.0,0.0,0.0,0.21739130434782608,0.0,0.0,0.0,0.0,0.0,5.0,0.0,0.5714285714285714
https://www.expedia.com/shop/category/laptops,hard,0,1.0,1,www.expedia.com,expedia.com,com,www,45.0,15.0,0.0,1.0,1.0,0.0,0.17777777777777778,0.0,0.0,0.0,0.0,0.0,22.0,0.0,0.5714285714285714
https://cloudflare.com/news,hard,0,1.0,1,cloudflare.com,cloudflare.com,com,,27.0,14.0,0.0,0.0,1.0,0.0,0.18518518518518517,0.0,0.0,0.0,0.0,0.0,5.0,0.0,0.4
https://bankofamerica.com/blog/2025/new-features,hard,0,1.0,1,bankofamerica.com,bankofamerica.com,com,,48.0,17.0,0.0,0.0,1.0,0.0,0.16666666666666666,0.08333333333333333,0.0,0.0,0.0,0.0,23.0,1.0,0.46153846153846156
https://hsbc.com/search,hard,0,1.0,1,hsbc.com,hsbc.com,com,,23.0,8.0,0.0,0.0,1.0,0.0,0.21739130434782608,0.0,0.0,0.0,0.0,0.0,7.0,0.0,0.0
https://console.cloud.google.com/shop/category/laptops,hard,0,1.0,1,console.cloud.google.com,google.com,com,console.cloud,54.0,24.0,0.0,2.0,1.0,0.0,0.16666666666666666,0.0,0.0,0.0,0.0,0.0,22.0,1.0,0.5
https://www.harvard.edu/dashboard,hard,0,1.0,1,www.harvard.edu,harvard.edu,edu,www,33.0,15.0,0.0,1.0,1.0,0.0,0.18181818181818182,0.0,0.0,0.0,0.0,0.0,10.0,0.0,0.2857142857142857
https://nih.gov/forum,hard,0,1.0,1,nih.gov,nih.gov,gov,,21.0,7.0,0.0,0.0,1.0,0.0,0.23809523809523808,0.0,0.0,0.0,0.0,0.0,6.0,0.0,0.3333333333333333
https://www.intel.com/profile,hard,0,1.0,1,www.intel.com,intel.com,com,www,29.0,13.0,0.0,1.0,1.0,0.0,0.20689655172413793,0.0,0.0,0.0,0.0,0.0,8.0,0.0,0.4
https://www.ebay.com/products/electronics,hard,0,1.0,1,www.ebay.com,ebay.com,com,www,41.0,12.0,0.0,1.0,1.0,0.0,0.17073170731707318,0.0,0.0,0.0,0.0,0.0,21.0,1.0,0.5
https://www.cnn.com/downloads/latest,hard,0,1.0,1,www.cnn.com,cnn.com,com,www,36.0,11.0,0.0,1.0,1.0,0.0,0.19444444444444445,0.0,0.0,0.0,0.0,0.0,17.0,1.0,0.0
https://digitalocean.com/search,hard,0,1.0,1,digitalocean.com,digitalocean.com,com,,31.0,16.0,0.0,0.0,1.0,0.0,0.16129032258064516,0.0,0.0,0.0,0.0,0.0,7.0,0.0,0.5
https://www.wordpress.com/api/v2/products?page=2,hard,0,1.0,1,www.wordpress.com,wordpress.com,com,www,48.0,17.0,0.0,1.0,1.0,0.0,0.20833333333333334,0.041666666666666664,0.0,0.0,0.0,0.0,22.0,0.0,0.2222222222222222
https://americanexpress.com/wiki/Main_Page,hard,0,1.0,1,americanexpress.com,americanexpress.com,com,,42.0,19.0,0.0,0.0,1.0,0.0,0.16666666666666666,0.0,0.0,0.0,0.0,0.0,15.0,0.0,0.4
http://booking.com/science,hard,0,1.0,1,booking.com,booking.com,com,,26.0,11.0,0.0,0.0,0.0,0.0,0.19230769230769232,0.0,0.0,0.0,0.0,0.0,8.0,0.0,0.42857142857142855
https://x.com/docs,hard,0,1.0,1,x.com,x.com,com,,18.0,5.0,0.0,0.0,1.0,0.0,0.2777777777777778,0.0,0.0,0.0,0.0,0.0,5.0,0.0,0.0
https://www.usa.gov/sports,hard,0,1.0,1,www.usa.gov,usa.gov,gov,www,26.0,11.0,0.0,1.0,1.0,0.0,0.23076923076923078,0.0,0.0,0.0,0.0,0.0,7.0,0.0,0.6666666666666666
https://www.wsj.com/tree/main/src,hard,0,1.0,1,www.wsj.com,wsj.com,com,www,33.0,11.0,0.0,1.0,1.0,0.0,0.24242424242424243,0.0,0.0,0.0,0.0,0.0,14.0,0.0,0.0
https://www.gov.uk/business,hard,0,1.0,1,www.gov.uk,www.gov.uk,uk,www,27.0,10.0,0.0,0.0,1.0,0.0,0.2222222222222222,0.0,0.0,0.0,0.0,0.0,9.0,0.0,0.0
https://www.zoom.us/health,hard,0,1.0,1,www.zoom.us,zoom.us,us,www,26.0,11.0,0.0,1.0,1.0,0.0,0.23076923076923078,0.0,0.0,0.0,0.85,0.0,7.0,0.0,0.5
https://www.nih.gov/features/security,hard,0,1.0,1,www.nih.gov,nih.gov,gov,www,37.0,11.0,0.0,1.0,1.0,0.0,0.1891891891891892,0.0,0.0,0.0,0.0,0.0,18.0,0.0,0.3333333333333333
https://stanford.edu/technology,hard,0,1.0,1,stanford.edu,stanford.edu,edu,,31.0,12.0,0.0,0.0,1.0,0.0,0.16129032258064516,0.0,0.0,0.0,0.0,0.0,11.0,0.0,0.25
https://x.com/products/electronics,hard,0,1.0,1,x.com,x.com,com,,34.0,5.0,0.0,0.0,1.0,0.0,0.17647058823529413,0.0,0.0,0.0,0.0,0.0,21.0,0.0,0.0
https://discord.com/repos/example/project,hard,0,1.0,1,discord.com,discord.com,com,,41.0,11.0,0.0,0.0,1.0,0.0,0.17073170731707318,0.0,0.0,0.0,0.0,0.0,22.0,1.0,0.2857142857142857
https://npmjs.com/user/johndoe,hard,0,1.0,1,npmjs.com,npmjs.com,com,,30.0,9.0,0.0,0.0,1.0,0.0,0.2,0.0,0.0,0.0,0.0,0.0,13.0,0.0,0.0
https://npr.org/technology,hard,0,1.0,1,npr.org,npr.org,org,,26.0,7.0,0.0,0.0,1.0,0.0,0.19230769230769232,0.0,0.0,0.0,0.0,0.0,11.0,0.0,0.0
https://intel.com/signin,hard,0,1.0,1,intel.com,intel.com,com,,24.0,9.0,0.0,0.0,1.0,1.0,0.20833333333333334,0.0,0.0,0.0,0.0,0.0,7.0,0.0,0.4
https://www.amazon.com/api/v2/products?page=2,hard,0,1.0,1,www.amazon.com,amazon.com,com,www,45.0,14.0,0.0,1.0,1.0,0.0,0.2222222222222222,0.044444444444444446,0.0,0.0,0.0,0.0,22.0,1.0,0.5
https://stackoverflow.com/shop/category/laptops,hard,0,1.0,1,stackoverflow.com,stackoverflow.com,com,,47.0,17.0,0.0,0.0,1.0,0.0,0.14893617021276595,0.0,0.0,0.0,0.0,0.0,22.0,1.0,0.3076923076923077
https://notion.so/sports,hard,0,1.0,1,notion.so,notion.so,so,,24.0,9.0,0.0,0.0,1.0,0.0,0.20833333333333334,0.0,0.0,0.0,0.0,0.0,7.0,0.0,0.5
https://www.cnn.com/shop/category/laptops,hard,0,1.0,1,www.cnn.com,cnn.com,com,www,41.0,11.0,0.0,1.0,1.0,0.0,0.1951219512195122,0.0,0.0,0.0,0.0,0.0,22.0,1.0,0.0
https://medium.com/blog/2025/new-features,hard,0,1.0,1,medium.com,medium.com,com,,41.0,10.0,0.0,0.0,1.0,0.0,0.1951219512195122,0.0975609756097561,0.0,0.0,0.0,0.0,23.0,0.0,0.5
https://nytimes.com/downloads/latest,hard,0,1.0,1,nytimes.com,nytimes.com,com,,36.0,11.0,0.0,0.0,1.0,0.0,0.16666666666666666,0.0,0.0,0.0,0.0,0.0,17.0,0.0,0.2857142857142857
https://blogger.com/features/security,hard,0,1.0,1,blogger.com,blogger.com,com,,37.0,11.0,0.0,0.0,1.0,0.0,0.16216216216216217,0.0,0.0,0.0,0.0,0.0,18.0,0.0,0.2857142857142857
https://www.dropbox.com/watch?v=dQw4w9WgXcQ,hard,0,1.0,1,www.dropbox.com,dropbox.com,com,www,43.0,15.0,0.0,1.0,1.0,0.0,0.18604651162790697,0.046511627906976744,0.0,0.0,0.0,0.0,19.0,1.0,0.2857142857142857
http://www.ibm.com/docs/getting-started,hard,0,1.0,1,www.ibm.com,ibm.com,com,www,39.0,11.0,0.0,1.0,0.0,0.0,0.20512820512820512,0.0,0.0,0.0,0.0,0.0,21.0,0.0,0.3333333333333333
https://www.harvard.edu/issues/1042,hard,0,1.0,1,www.harvard.edu,harvard.edu,edu,www,35.0,15.0,0.0,1.0,1.0,0.0,0.2,0.11428571428571428,0.0,0.0,0.0,0.0,12.0,0.0,0.2857142857142857
https://cnn.com/news,hard,0,1.0,1,cnn.com,cnn.com,com,,20.0,7.0,0.0,0.0,1.0,0.0,0.25,0.0,0.0,0.0,0.0,0.0,5.0,1.0,0.0
https://www.wired.com/api/v2/products?page=2,hard,0,1.0,1,www.wired.com,wired.com,com,www,44.0,13.0,0.0,1.0,1.0,0.0,0.22727272727272727,0.045454545454545456,0.0,0.0,0.0,0.0,22.0,0.0,0.4
https://khanacademy.org/pull/2031,hard,0,1.0,1,khanacademy.org,khanacademy.org,org,,33.0,15.0,0.0,0.0,1.0,0.0,0.18181818181818182,0.12121212121212122,0.0,0.0,0.0,0.0,10.0,0.0,0.36363636363636365
https://news.bbc.co.uk/en-us/docs/Web/JavaScript,hard,0,1.0,1,news.bbc.co.uk,bbc.co.uk,uk,news.bbc,48.0,14.0,0.0,1.0,1.0,0.0,0.22916666666666666,0.0,0.0,0.0,0.0,0.0,26.0,1.0,0.0
https://www.quora.com/playlist?list=PL12345,hard,0,1.0,1,www.quora.com,quora.com,com,www,43.0,13.0,0.0,1.0,1.0,0.0,0.18604651162790697,0.11627906976744186,0.0,0.0,0.0,0.0,21.0,0.0,0.6
https://www.intel.com/releases/tag/v2.3.1,hard,0,1.0,1,www.intel.com,intel.com,com,www,41.0,13.0,0.0,1.0,1.0,0.0,0.24390243902439024,0.07317073170731707,0.0,0.0,0.0,0.0,20.0,0.0,0.4
https://wellsfargo.com/questions/12345/how-to-parse-json,hard,0,1.0,1,wellsfargo.com,wellsfargo.com,com,,56.0,14.0,0.0,0.0,1.0,0.0,0.17857142857142858,0.08928571428571429,0.0,0.0,0.0,0.0,34.0,0.0,0.3
https://ibm.com/en-us/library,hard,0,1.0,1,ibm.com,ibm.com,com,,29.0,7.0,0.0,0.0,1.0,0.0,0.2413793103448276,0.0,0.0,0.0,0.0,0.0,14.0,0.0,0.3333333333333333
https://docs.python.org/news,hard,0,1.0,1,docs.python.org,python.org,org,docs,28.0,15.0,0.0,1.0,1.0,0.0,0.21428571428571427,0.0,0.0,0.0,0.0,0.0,5.0,0.0,0.16666666666666666
https://x.com/checkout,hard,0,1.0,1,x.com,x.com,com,,22.0,5.0,0.0,0.0,1.0,0.0,0.22727272727272727,0.0,0.0,0.0,0.0,0.0,9.0,0.0,0.0
https://oracle.com/api/v1/users,hard,0,1.0,1,oracle.com,oracle.com,com,,31.0,10.0,0.0,0.0,1.0,0.0,0.22580645161290322,0.03225806451612903,0.0,0.0,0.0,0.0,13.0,0.0,0.5
https://www.wired.com/api/v1/users,hard,0,1.0,1,www.wired.com,wired.com,com,www,34.0,13.0,0.0,1.0,1.0,0.0,0.23529411764705882,0.029411764705882353,0.0,0.0,0.0,0.0,13.0,0.0,0.4
https://www.nvidia.com/library/3.12,hard,0,1.0,1,www.nvidia.com,nvidia.com,com,www,35.0,14.0,0.0,1.0,1.0,0.0,0.22857142857142856,0.08571428571428572,0.0,0.0,0.0,0.0,13.0,0.0,0.5
https://booking.com/playlist?list=PL12345,hard,0,1.0,1,booking.com,booking.com,com,,41.0,11.0,0.0,0.0,1.0,0.0,0.17073170731707318,0.12195121951219512,0.0,0.0,0.0,0.0,21.0,0.0,0.42857142857142855
https://www.stanford.edu/blog/2025/new-features,hard,0,1.0,1,www.stanford.edu,stanford.edu,edu,www,47.0,16.0,0.0,1.0,1.0,0.0,0.19148936170212766,0.0851063829787234,0.0,0.0,0.0,0.0,23.0,0.0,0.25
https://www.mit.edu/blog,hard,0,1.0,1,www.mit.edu,mit.edu,edu,www,24.0,11.0,0.0,1.0,1.0,0.0,0.25,0.0,0.0,0.0,0.0,0.0,5.0,0.0,0.3333333333333333
https://nih.gov/playlist?list=PL12345,hard,0,1.0,1,nih.gov,nih.gov,gov,,37.0,7.0,0.0,0.0,1.0,0.0,0.1891891891891892,0.13513513513513514,0.0,0.0,0.0,0.0,21.0,0.0,0.3333333333333333
https://bankofamerica.com/article/2025/06/12/world-news,hard,0,1.0,1,bankofamerica.com,bankofamerica.com,com,,55.0,17.0,0.0,0.0,1.0,0.0,0.18181818181818182,0.14545454545454545,0.0,0.0,0.0,0.0,30.0,1.0,0.46153846153846156
https://npmjs.com/tree/main/src,hard,0,1.0,1,npmjs.com,npmjs.com,com,,31.0,9.0,0.0,0.0,1.0,0.0,0.22580645161290322,0.0,0.0,0.0,0.0,0.0,14.0,0.0,0.0
https://www.ibm.com/products/electronics,hard,0,1.0,1,www.ibm.com,ibm.com,com,www,40.0,11.0,0.0,1.0,1.0,0.0,0.175,0.0,0.0,0.0,0.0,0.0,21.0,0.0,0.3333333333333333
https://www.cdc.gov/dashboard,hard,0,1.0,1,www.cdc.gov,cdc.gov,gov,www,29.0,11.0,0.0,1.0,1.0,0.0,0.20689655172413793,0.0,0.0,0.0,0.0,0.0,10.0,0.0,0.0
https://dropbox.com/watch?v=dQw4w9WgXcQ,hard,0,1.0,1,dropbox.com,dropbox.com,com,,39.0,11.0,0.0,0.0,1.0,0.0,0.1794871794871795,0.05128205128205128,0.0,0.0,0.0,0.0,19.0,1.0,0.2857142857142857
https://wired.com/products,hard,0,1.0,1,wired.com,wired.com,com,,26.0,9.0,0.0,0.0,1.0,0.0,0.19230769230769232,0.0,0.0,0.0,0.0,0.0,9.0,0.0,0.4
https://paypal.com/order/confirmation/778213,hard,0,1.0,1,paypal.com,paypal.com,com,,44.0,10.0,0.0,0.0,1.0,0.0,0.1590909090909091,0.13636363636363635,0.0,0.0,0.0,0.0,26.0,1.0,0.3333333333333333
https://harvard.edu/sports,hard,0,1.0,1,harvard.edu,harvard.edu,edu,,26.0,11.0,0.0,0.0,1.0,0.0,0.19230769230769232,0.0,0.0,0.0,0.0,0.0,7.0,0.0,0.2857142857142857
https://stanford.edu/support,hard,0,1.0,1,stanford.edu,stanford.edu,edu,,28.0,12.0,0.0,0.0,1.0,0.0,0.17857142857142858,0.0,0.0,0.0,0.0,0.0,8.0,0.0,0.25
https://salesforce.com/wiki,hard,0,1.0,1,salesforce.com,salesforce.com,com,,27.0,14.0,0.0,0.0,1.0,0.0,0.18518518518518517,0.0,0.0,0.0,0.0,0.0,5.0,0.0,0.4
https://berkeley.edu/download,hard,0,1.0,1,berkeley.edu,berkeley.edu,edu,,29.0,12.0,0.0,0.0,1.0,0.0,0.1724137931034483,0.0,0.0,0.0,0.0,0.0,9.0,0.0,0.375
https://www.bankofamerica.com/docs/api,hard,0,1.0,1,www.bankofamerica.com,bankofamerica.com,com,www,38.0,21.0,0.0,1.0,1.0,0.0,0.18421052631578946,0.0,0.0,0.0,0.0,0.0,9.0,1.0,0.46153846153846156
https://slack.com/features,hard,0,1.0,1,slack.com,slack.com,com,,26.0,9.0,0.0,0.0,1.0,0.0,0.19230769230769232,0.0,0.0,0.0,0.0,0.0,9.0,0.0,0.2
https://irs.gov/en-us/docs/Web/JavaScript,hard,0,1.0,1,irs.gov,irs.gov,gov,,41.0,7.0,0.0,0.0,1.0,0.0,0.21951219512195122,0.0,0.0,0.0,0.0,0.0,26.0,0.0,0.3333333333333333
https://www.quora.com/en-us/library,hard,0,1.0,1,www.quora.com,quora.com,com,www,35.0,13.0,0.0,1.0,1.0,0.0,0.22857142857142856,0.0,0.0,0.0,0.0,0.0,14.0,0.0,0.6
https://gov.uk/pull/2031,hard,0,1.0,1,gov.uk,gov.uk,uk,,24.0,6.0,0.0,0.0,1.0,0.0,0.25,0.16666666666666666,0.0,0.0,0.0,0.0,10.0,0.0,0.3333333333333333
https://chase.com/watch?v=dQw4w9WgXcQ,hard,0,1.0,1,chase.com,chase.com,com,,37.0,9.0,0.0,0.0,1.0,0.0,0.1891891891891892,0.05405405405405406,0.0,0.0,0.0,0.0,19.0,1.0,0.4
https://www.theguardian.com/tree/main/src,hard,0,1.0,1,www.theguardian.com,theguardian.com,com,www,41.0,19.0,0.0,1.0,1.0,0.0,0.1951219512195122,0.0,0.0,0.0,0.0,0.0,14.0,0.0,0.45454545454545453
https://www.who.int/privacy,hard,0,1.0,1,www.who.int,who.int,int,www,27.0,11.0,0.0,1.0,1.0,0.0,0.2222222222222222,0.0,0.0,0.0,0.0,0.0,8.0,0.0,0.3333333333333333
https://target.com/about,hard,0,1.0,1,target.com,target.com,com,,24.0,10.0,0.0,0.0,1.0,0.0,0.20833333333333334,0.0,0.0,0.0,0.0,0.0,6.0,0.0,0.3333333333333333
https://www.europa.eu/login,hard,0,1.0,1,www.europa.eu,europa.eu,eu,www,27.0,13.0,0.0,1.0,1.0,1.0,0.2222222222222222,0.0,0.0,0.0,0.0,0.0,6.0,0.0,0.6666666666666666
https://apple.com/contact,hard,0,1.0,1,apple.com,apple.com,com,,25.0,9.0,0.0,0.0,1.0,0.0,0.2,0.0,0.0,0.0,0.0,0.0,8.0,1.0,0.4
https://who.int/community,hard,0,1.0,1,who.int,who.int,int,,25.0,7.0,0.0,0.0,1.0,0.0,0.2,0.0,0.0,0.0,0.0,0.0,10.0,0.0,0.3333333333333333
https://www.coursera.org/forum,hard,0,1.0,1,www.coursera.org,coursera.org,org,www,30.0,16.0,0.0,1.0,1.0,0.0,0.2,0.0,0.0,0.0,0.0,0.0,6.0,0.0,0.5
https://discord.com/search?q=python+tutorial,hard,0,1.0,1,discord.com,discord.com,com,,44.0,11.0,0.0,0.0,1.0,0.0,0.18181818181818182,0.0,0.0,0.0,0.0,0.0,24.0,1.0,0.2857142857142857
https://notion.so/news,hard,0,1.0,1,notion.so,notion.so,so,,22.0,9.0,0.0,0.0,1.0,0.0,0.22727272727272727,0.0,0.0,0.0,0.0,0.0,5.0,0.0,0.5
https://www.irs.gov/en-us/docs/Web/JavaScript,hard,0,1.0,1,www.irs.gov,irs.gov,gov,www,45.0,11.0,0.0,1.0,1.0,0.0,0.2222222222222222,0.0,0.0,0.0,0.0,0.0,26.0,0.0,0.3333333333333333
https://www.forbes.com/reference/functions.html,hard,0,1.0,1,www.forbes.com,forbes.com,com,www,47.0,14.0,0.0,1.0,1.0,0.0,0.1702127659574468,0.0,0.0,0.0,0.0,0.0,25.0,1.0,0.3333333333333333
https://nih.gov/questions/12345/how-to-parse-json,hard,0,1.0,1,nih.gov,nih.gov,gov,,49.0,7.0,0.0,0.0,1.0,0.0,0.20408163265306123,0.10204081632653061,0.0,0.0,0.0,0.0,34.0,0.0,0.3333333333333333
http://www.intel.com,hard,0,1.0,1,www.intel.com,intel.com,com,www,20.0,13.0,0.0,1.0,0.0,0.0,0.25,0.0,0.0,0.0,0.0,0.0,0.0,0.0,0.4
https://cdc.gov/watch?v=dQw4w9WgXcQ,hard,0,1.0,1,cdc.gov,cdc.gov,gov,,35.0,7.0,0.0,0.0,1.0,0.0,0.2,0.05714285714285714,0.0,0.0,0.0,0.0,19.0,0.0,0.0
https://www.techcrunch.com/signin,hard,0,1.0,1,www.techcrunch.com,techcrunch.com,com,www,33.0,18.0,0.0,1.0,1.0,1.0,0.18181818181818182,0.0,0.0,0.0,0.0,0.0,7.0,0.0,0.2
https://booking.com/blog/2025/new-features,hard,0,1.0,1,booking.com,booking.com,com,,42.0,11.0,0.0,0.0,1.0,0.0,0.19047619047619047,0.09523809523809523,0.0,0.0,0.0,0.0,23.0,0.0,0.42857142857142855
https://doordash.com/repos/example/project,hard,0,1.0,1,doordash.com,doordash.com,com,,42.0,12.0,0.0,0.0,1.0,0.0,0.16666666666666666,0.0,0.0,0.0,0.0,0.0,22.0,0.0,0.375
https://www.amazon.com/article/2025/06/12/world-news,hard,0,1.0,1,www.amazon.com,amazon.com,com,www,52.0,14.0,0.0,1.0,1.0,0.0,0.21153846153846154,0.15384615384615385,0.0,0.0,0.0,0.0,30.0,1.0,0.5
https://paypal.com/repos/example/project,hard,0,1.0,1,paypal.com,paypal.com,com,,40.0,10.0,0.0,0.0,1.0,0.0,0.175,0.0,0.0,0.0,0.0,0.0,22.0,1.0,0.3333333333333333
https://developer.mozilla.org/checkout,hard,0,1.0,1,developer.mozilla.org,mozilla.org,org,developer,38.0,21.0,0.0,1.0,1.0,0.0,0.15789473684210525,0.0,0.0,0.0,0.0,0.0,9.0,1.0,0.42857142857142855
https://wordpress.com/features/security,hard,0,1.0,1,wordpress.com,wordpress.com,com,,39.0,13.0,0.0,0.0,1.0,0.0,0.15384615384615385,0.0,0.0,0.0,0.0,0.0,18.0,0.0,0.2222222222222222
https://who.int/docs,hard,0,1.0,1,who.int,who.int,int,,20.0,7.0,0.0,0.0,1.0,0.0,0.25,0.0,0.0,0.0,0.0,0.0,5.0,0.0,0.3333333333333333
https://bitbucket.org/article/2025/06/12/world-news,hard,0,1.0,1,bitbucket.org,bitbucket.org,org,,51.0,13.0,0.0,0.0,1.0,0.0,0.19607843137254902,0.1568627450980392,0.0,0.0,0.0,0.0,30.0,0.0,0.3333333333333333
http://www.quora.com/community,hard,0,1.0,1,www.quora.com,quora.com,com,www,30.0,13.0,0.0,1.0,0.0,0.0,0.2,0.0,0.0,0.0,0.0,0.0,10.0,0.0,0.6
https://walmart.com/en-us/docs/Web/JavaScript,hard,0,1.0,1,walmart.com,walmart.com,com,,45.0,11.0,0.0,0.0,1.0,0.0,0.2,0.0,0.0,0.0,0.0,0.0,26.0,1.0,0.2857142857142857
https://instagram.com/search?q=python+tutorial,hard,0,1.0,1,instagram.com,instagram.com,com,,46.0,13.0,0.0,0.0,1.0,0.0,0.17391304347826086,0.0,0.0,0.0,0.0,0.0,24.0,1.0,0.3333333333333333
https://www.walmart.com/questions/12345/how-to-parse-json,hard,0,1.0,1,www.walmart.com,walmart.com,com,www,57.0,15.0,0.0,1.0,1.0,0.0,0.19298245614035087,0.08771929824561403,0.0,0.0,0.0,0.0,34.0,1.0,0.2857142857142857
https://harvard.edu/support,hard,0,1.0,1,harvard.edu,harvard.edu,edu,,27.0,11.0,0.0,0.0,1.0,0.0,0.18518518518518517,0.0,0.0,0.0,0.0,0.0,8.0,0.0,0.2857142857142857
http://cloud.google.com/wiki,hard,0,1.0,1,cloud.google.com,google.com,com,cloud,28.0,16.0,0.0,1.0,0.0,0.0,0.21428571428571427,0.0,0.0,0.0,0.0,0.0,5.0,1.0,0.5
http://www.discord.com/news/technology,hard,0,1.0,1,www.discord.com,discord.com,com,www,38.0,15.0,0.0,1.0,0.0,0.0,0.18421052631578946,0.0,0.0,0.0,0.0,0.0,16.0,1.0,0.2857142857142857
http://medium.com/library/3.12,hard,0,1.0,1,medium.com,medium.com,com,,30.0,10.0,0.0,0.0,0.0,0.0,0.23333333333333334,0.1,0.0,0.0,0.0,0.0,13.0,0.0,0.5
https://www.nasa.gov/news,hard,0,1.0,1,www.nasa.gov,nasa.gov,gov,www,25.0,12.0,0.0,1.0,1.0,0.0,0.24,0.0,0.0,0.0,0.0,0.0,5.0,0.0,0.5
https://amazon.com/order/confirmation/778213,hard,0,1.0,1,amazon.com,amazon.com,com,,44.0,10.0,0.0,0.0,1.0,0.0,0.1590909090909091,0.13636363636363635,0.0,0.0,0.0,0.0,26.0,1.0,0.5
https://www.nytimes.com/en-us/library,hard,0,1.0,1,www.nytimes.com,nytimes.com,com,www,37.0,15.0,0.0,1.0,1.0,0.0,0.21621621621621623,0.0,0.0,0.0,0.0,0.0,14.0,0.0,0.2857142857142857
https://www.slack.com/support,hard,0,1.0,1,www.slack.com,slack.com,com,www,29.0,13.0,0.0,1.0,1.0,0.0,0.20689655172413793,0.0,0.0,0.0,0.0,0.0,8.0,0.0,0.2
https://quora.com/questions/12345/how-to-parse-json,hard,0,1.0,1,quora.com,quora.com,com,,51.0,9.0,0.0,0.0,1.0,0.0,0.19607843137254902,0.09803921568627451,0.0,0.0,0.0,0.0,34.0,0.0,0.6
http://facebook.com/signin,hard,0,1.0,1,facebook.com,facebook.com,com,,26.0,12.0,0.0,0.0,0.0,1.0,0.19230769230769232,0.0,0.0,0.0,0.0,0.0,7.0,1.0,0.5
https://www.booking.com/docs,hard,0,1.0,1,www.booking.com,booking.com,com,www,28.0,15.0,0.0,1.0,1.0,0.0,0.21428571428571427,0.0,0.0,0.0,0.0,0.0,5.0,0.0,0.42857142857142855
https://www.epicgames.com/signin,hard,0,1.0,1,www.epicgames.com,epicgames.com,com,www,32.0,17.0,0.0,1.0,1.0,1.0,0.1875,0.0,0.0,0.0,0.0,0.0,7.0,0.0,0.4444444444444444
https://steamcommunity.com/docs/getting-started,hard,0,1.0,1,steamcommunity.com,steamcommunity.com,com,,47.0,18.0,0.0,0.0,1.0,0.0,0.14893617021276595,0.0,0.0,0.0,0.0,0.0,21.0,0.0,0.35714285714285715
https://wellsfargo.com/science,hard,0,1.0,1,wellsfargo.com,wellsfargo.com,com,,30.0,14.0,0.0,0.0,1.0,0.0,0.16666666666666666,0.0,0.0,0.0,0.0,0.0,8.0,0.0,0.3
http://www.apple.com/technology,hard,0,1.0,1,www.apple.com,apple.com,com,www,31.0,13.0,0.0,1.0,0.0,0.0,0.1935483870967742,0.0,0.0,0.0,0.0,0.0,11.0,1.0,0.4
https://www.discord.com/wiki/Main_Page,hard,0,1.0,1,www.discord.com,discord.com,com,www,38.0,15.0,0.0,1.0,1.0,0.0,0.21052631578947367,0.0,0.0,0.0,0.0,0.0,15.0,1.0,0.2857142857142857
https://www.nih.gov/help,hard,0,1.0,1,www.nih.gov,nih.gov,gov,www,24.0,11.0,0.0,1.0,1.0,0.0,0.25,0.0,0.0,0.0,0.0,0.0,5.0,0.0,0.3333333333333333
https://github.com/article/2025/06/12/world-news,hard,0,1.0,1,github.com,github.com,com,,48.0,10.0,0.0,0.0,1.0,0.0,0.20833333333333334,0.16666666666666666,0.0,0.0,0.0,0.0,30.0,1.0,0.3333333333333333
https://hsbc.com/reference/functions.html,hard,0,1.0,1,hsbc.com,hsbc.com,com,,41.0,8.0,0.0,0.0,1.0,0.0,0.17073170731707318,0.0,0.0,0.0,0.0,0.0,25.0,0.0,0.0
https://www.dropbox.com/wiki/Main_Page,hard,0,1.0,1,www.dropbox.com,dropbox.com,com,www,38.0,15.0,0.0,1.0,1.0,0.0,0.21052631578947367,0.0,0.0,0.0,0.0,0.0,15.0,1.0,0.2857142857142857
https://twitch.tv/technology,hard,0,1.0,1,twitch.tv,twitch.tv,tv,,28.0,9.0,0.0,0.0,1.0,0.0,0.17857142857142858,0.0,0.0,0.0,0.0,0.0,11.0,0.0,0.16666666666666666
https://berkeley.edu/search?q=python+tutorial,hard,0,1.0,1,berkeley.edu,berkeley.edu,edu,,45.0,12.0,0.0,0.0,1.0,0.0,0.17777777777777778,0.0,0.0,0.0,0.0,0.0,24.0,0.0,0.375
https://zoom.us/wiki,hard,0,1.0,1,zoom.us,zoom.us,us,,20.0,7.0,0.0,0.0,1.0,0.0,0.25,0.0,0.0,0.0,0.85,0.0,5.0,0.0,0.5
https://www.docker.com/features/security,hard,0,1.0,1,www.docker.com,docker.com,com,www,40.0,14.0,0.0,1.0,1.0,0.0,0.175,0.0,0.0,0.0,0.0,0.0,18.0,1.0,0.3333333333333333
https://udemy.com/products,hard,0,1.0,1,udemy.com,udemy.com,com,,26.0,9.0,0.0,0.0,1.0,0.0,0.19230769230769232,0.0,0.0,0.0,0.0,0.0,9.0,0.0,0.4
https://mit.edu/item/98213,hard,0,1.0,1,mit.edu,mit.edu,edu,,26.0,7.0,0.0,0.0,1.0,0.0,0.23076923076923078,0.19230769230769232,0.0,0.0,0.0,0.0,11.0,0.0,0.3333333333333333
https://americanexpress.com/checkout,hard,0,1.0,1,americanexpress.com,americanexpress.com,com,,36.0,19.0,0.0,0.0,1.0,0.0,0.1388888888888889,0.0,0.0,0.0,0.0,0.0,9.0,0.0,0.4
https://doordash.com/reference/functions.html,hard,0,1.0,1,doordash.com,doordash.com,com,,45.0,12.0,0.0,0.0,1.0,0.0,0.15555555555555556,0.0,0.0,0.0,0.0,0.0,25.0,0.0,0.375
https://cloudflare.com/api/v2/products?page=2,hard,0,1.0,1,cloudflare.com,cloudflare.com,com,,45.0,14.0,0.0,0.0,1.0,0.0,0.2,0.044444444444444446,0.0,0.0,0.0,0.0,22.0,0.0,0.4
https://uber.com/playlist?list=PL12345,hard,0,1.0,1,uber.com,uber.com,com,,38.0,8.0,0.0,0.0,1.0,0.0,0.18421052631578946,0.13157894736842105,0.0,0.0,0.0,0.0,21.0,0.0,0.5
https://www.booking.com/careers,hard,0,1.0,1,www.booking.com,booking.com,com,www,31.0,15.0,0.0,1.0,1.0,0.0,0.1935483870967742,0.0,0.0,0.0,0.0,0.0,8.0,0.0,0.42857142857142855
https://linkedin.com/features/security,hard,0,1.0,1,linkedin.com,linkedin.com,com,,38.0,12.0,0.0,0.0,1.0,0.0,0.15789473684210525,0.0,0.0,0.0,0.0,0.0,18.0,1.0,0.375
https://www.nvidia.com/downloads/latest,hard,0,1.0,1,www.nvidia.com,nvidia.com,com,www,39.0,14.0,0.0,1.0,1.0,0.0,0.1794871794871795,0.0,0.0,0.0,0.0,0.0,17.0,0.0,0.5
https://atlassian.com/news/technology,hard,0,1.0,1,atlassian.com,atlassian.com,com,,37.0,13.0,0.0,0.0,1.0,0.0,0.16216216216216217,0.0,0.0,0.0,0.0,0.0,16.0,0.0,0.4444444444444444
https://open.spotify.com/shop/category/laptops,hard,0,1.0,1,open.spotify.com,spotify.com,com,open,46.0,16.0,0.0,1.0,1.0,0.0,0.17391304347826086,0.0,0.0,0.0,0.0,0.0,22.0,1.0,0.2857142857142857
https://cdc.gov/account,hard,0,1.0,1,cdc.gov,cdc.gov,gov,,23.0,7.0,0.0,0.0,1.0,1.0,0.21739130434782608,0.0,0.0,0.0,0.0,0.0,8.0,0.0,0.0
https://www.who.int/features/security,hard,0,1.0,1,www.who.int,who.int,int,www,37.0,11.0,0.0,1.0,1.0,0.0,0.1891891891891892,0.0,0.0,0.0,0.0,0.0,18.0,0.0,0.3333333333333333
https://target.com/community,hard,0,1.0,1,target.com,target.com,com,,28.0,10.0,0.0,0.0,1.0,0.0,0.17857142857142858,0.0,0.0,0.0,0.0,0.0,10.0,0.0,0.3333333333333333
https://www.npmjs.com/profile,hard,0,1.0,1,www.npmjs.com,npmjs.com,com,www,29.0,13.0,0.0,1.0,1.0,0.0,0.20689655172413793,0.0,0.0,0.0,0.0,0.0,8.0,0.0,0.0
https://edx.org/download,hard,0,1.0,1,edx.org,edx.org,org,,24.0,7.0,0.0,0.0,1.0,0.0,0.20833333333333334,0.0,0.0,0.0,0.0,0.0,9.0,0.0,0.3333333333333333
https://trello.com/download,hard,0,1.0,1,trello.com,trello.com,com,,27.0,10.0,0.0,0.0,1.0,0.0,0.18518518518518517,0.0,0.0,0.0,0.0,0.0,9.0,0.0,0.3333333333333333
https://theguardian.com/wiki,hard,0,1.0,1,theguardian.com,theguardian.com,com,,28.0,15.0,0.0,0.0,1.0,0.0,0.17857142857142858,0.0,0.0,0.0,0.0,0.0,5.0,0.0,0.45454545454545453
http://theguardian.com/downloads/latest,hard,0,1.0,1,theguardian.com,theguardian.com,com,,39.0,15.0,0.0,0.0,0.0,0.0,0.15384615384615385,0.0,0.0,0.0,0.0,0.0,17.0,0.0,0.45454545454545453
https://wsj.com/news/technology,hard,0,1.0,1,wsj.com,wsj.com,com,,31.0,7.0,0.0,0.0,1.0,0.0,0.1935483870967742,0.0,0.0,0.0,0.0,0.0,16.0,0.0,0.0
https://nih.gov/tree/main/src,hard,0,1.0,1,nih.gov,nih.gov,gov,,29.0,7.0,0.0,0.0,1.0,0.0,0.2413793103448276,0.0,0.0,0.0,0.0,0.0,14.0,0.0,0.3333333333333333
https://www.booking.com/products/electronics,hard,0,1.0,1,www.booking.com,booking.com,com,www,44.0,15.0,0.0,1.0,1.0,0.0,0.1590909090909091,0.0,0.0,0.0,0.0,0.0,21.0,0.0,0.42857142857142855
https://www.pinterest.com/search,hard,0,1.0,1,www.pinterest.com,pinterest.com,com,www,32.0,17.0,0.0,1.0,1.0,0.0,0.1875,0.0,0.0,0.0,0.0,0.0,7.0,0.0,0.3333333333333333
https://airbnb.com/api/v1/users,hard,0,1.0,1,airbnb.com,airbnb.com,com,,31.0,10.0,0.0,0.0,1.0,0.0,0.22580645161290322,0.03225806451612903,0.0,0.0,0.0,0.0,13.0,0.0,0.3333333333333333
https://www.reddit.com/news/technology,hard,0,1.0,1,www.reddit.com,reddit.com,com,www,38.0,14.0,0.0,1.0,1.0,0.0,0.18421052631578946,0.0,0.0,0.0,0.0,0.0,16.0,1.0,0.3333333333333333
https://developer.mozilla.org/products,hard,0,1.0,1,developer.mozilla.org,mozilla.org,org,developer,38.0,21.0,0.0,1.0,1.0,0.0,0.15789473684210525,0.0,0.0,0.0,0.0,0.0,9.0,1.0,0.42857142857142855
https://www.google.com/features/security,hard,0,1.0,1,www.google.com,google.com,com,www,40.0,14.0,0.0,1.0,1.0,0.0,0.175,0.0,0.0,0.0,0.0,0.0,18.0,1.0,0.5
https://hsbc.com/signin,hard,0,1.0,1,hsbc.com,hsbc.com,com,,23.0,8.0,0.0,0.0,1.0,1.0,0.21739130434782608,0.0,0.0,0.0,0.0,0.0,7.0,0.0,0.0
https://epicgames.com/about,hard,0,1.0,1,epicgames.com,epicgames.com,com,,27.0,13.0,0.0,0.0,1.0,0.0,0.18518518518518517,0.0,0.0,0.0,0.0,0.0,6.0,0.0,0.4444444444444444
https://www.google.com/article/2025/06/12/world-news,hard,0,1.0,1,www.google.com,google.com,com,www,52.0,14.0,0.0,1.0,1.0,0.0,0.21153846153846154,0.15384615384615385,0.0,0.0,0.0,0.0,30.0,1.0,0.5
http://www.hsbc.com/article/2025/06/12/world-news,hard,0,1.0,1,www.hsbc.com,hsbc.com,com,www,49.0,12.0,0.0,1.0,0.0,0.0,0.22448979591836735,0.16326530612244897,0.0,0.0,0.0,0.0,30.0,0.0,0.0
https://blogger.com/playlist?list=PL12345,hard,0,1.0,1,blogger.com,blogger.com,com,,41.0,11.0,0.0,0.0,1.0,0.0,0.17073170731707318,0.12195121951219512,0.0,0.0,0.0,0.0,21.0,0.0,0.2857142857142857
https://uber.com/wiki,hard,0,1.0,1,uber.com,uber.com,com,,21.0,8.0,0.0,0.0,1.0,0.0,0.23809523809523808,0.0,0.0,0.0,0.0,0.0,5.0,0.0,0.5
https://atlassian.com/wiki/Main_Page,hard,0,1.0,1,atlassian.com,atlassian.com,com,,36.0,13.0,0.0,0.0,1.0,0.0,0.19444444444444445,0.0,0.0,0.0,0.0,0.0,15.0,0.0,0.4444444444444444
http://www.facebook.com/signin,hard,0,1.0,1,www.facebook.com,facebook.com,com,www,30.0,16.0,0.0,1.0,0.0,1.0,0.2,0.0,0.0,0.0,0.0,0.0,7.0,1.0,0.5
https://ibm.com/wiki/Main_Page,hard,0,1.0,1,ibm.com,ibm.com,com,,30.0,7.0,0.0,0.0,1.0,0.0,0.23333333333333334,0.0,0.0,0.0,0.0,0.0,15.0,0.0,0.3333333333333333
https://www.usa.gov/tree/main/src,hard,0,1.0,1,www.usa.gov,usa.gov,gov,www,33.0,11.0,0.0,1.0,1.0,0.0,0.24242424242424243,0.0,0.0,0.0,0.0,0.0,14.0,0.0,0.6666666666666666
https://twitch.tv/api/v1/users,hard,0,1.0,1,twitch.tv,twitch.tv,tv,,30.0,9.0,0.0,0.0,1.0,0.0,0.23333333333333334,0.03333333333333333,0.0,0.0,0.0,0.0,13.0,0.0,0.16666666666666666
https://store.steampowered.com/profile,hard,0,1.0,1,store.steampowered.com,steampowered.com,com,store,38.0,22.0,0.0,1.0,1.0,0.0,0.15789473684210525,0.0,0.0,0.0,0.0,0.0,8.0,0.0,0.4166666666666667
https://www.uber.com/docs/api,hard,0,1.0,1,www.uber.com,uber.com,com,www,29.0,12.0,0.0,1.0,1.0,0.0,0.2413793103448276,0.0,0.0,0.0,0.0,0.0,9.0,0.0,0.5
https://wellsfargo.com/order/confirmation/778213,hard,0,1.0,1,wellsfargo.com,wellsfargo.com,com,,48.0,14.0,0.0,0.0,1.0,0.0,0.14583333333333334,0.125,0.0,0.0,0.0,0.0,26.0,0.0,0.3
https://www.trello.com/releases/tag/v2.3.1,hard,0,1.0,1,www.trello.com,trello.com,com,www,42.0,14.0,0.0,1.0,1.0,0.0,0.23809523809523808,0.07142857142857142,0.0,0.0,0.0,0.0,20.0,0.0,0.3333333333333333
https://booking.com/support,hard,0,1.0,1,booking.com,booking.com,com,,27.0,11.0,0.0,0.0,1.0,0.0,0.18518518518518517,0.0,0.0,0.0,0.0,0.0,8.0,0.0,0.42857142857142855
https://oracle.com/search?q=python+tutorial,hard,0,1.0,1,oracle.com,oracle.com,com,,43.0,10.0,0.0,0.0,1.0,0.0,0.18604651162790697,0.0,0.0,0.0,0.0,0.0,24.0,0.0,0.5
https://airbnb.com/tree/main/src,hard,0,1.0,1,airbnb.com,airbnb.com,com,,32.0,10.0,0.0,0.0,1.0,0.0,0.21875,0.0,0.0,0.0,0.0,0.0,14.0,0.0,0.3333333333333333
https://www.nasa.gov/shop/category/laptops,hard,0,1.0,1,www.nasa.gov,nasa.gov,gov,www,42.0,12.0,0.0,1.0,1.0,0.0,0.19047619047619047,0.0,0.0,0.0,0.0,0.0,22.0,0.0,0.5
https://epicgames.com/world,hard,0,1.0,1,epicgames.com,epicgames.com,com,,27.0,13.0,0.0,0.0,1.0,0.0,0.18518518518518517,0.0,0.0,0.0,0.0,0.0,6.0,0.0,0.4444444444444444
https://lyft.com/pull/2031,hard,0,1.0,1,lyft.com,lyft.com,com,,26.0,8.0,0.0,0.0,1.0,0.0,0.23076923076923078,0.15384615384615385,0.0,0.0,0.0,0.0,10.0,0.0,0.0
https://nih.gov/search,hard,0,1.0,1,nih.gov,nih.gov,gov,,22.0,7.0,0.0,0.0,1.0,0.0,0.22727272727272727,0.0,0.0,0.0,0.0,0.0,7.0,0.0,0.3333333333333333
https://www.gov.uk/,hard,0,1.0,1,www.gov.uk,www.gov.uk,uk,www,19.0,10.0,0.0,0.0,1.0,0.0,0.3157894736842105,0.0,0.0,0.0,0.0,0.0,1.0,0.0,0.0
https://www.target.com/support,hard,0,1.0,1,www.target.com,target.com,com,www,30.0,14.0,0.0,1.0,1.0,0.0,0.2,0.0,0.0,0.0,0.0,0.0,8.0,0.0,0.3333333333333333
https://doordash.com/wiki/Main_Page,hard,0,1.0,1,doordash.com,doordash.com,com,,35.0,12.0,0.0,0.0,1.0,0.0,0.2,0.0,0.0,0.0,0.0,0.0,15.0,0.0,0.375
https://www.npr.org/library/3.12,hard,0,1.0,1,www.npr.org,npr.org,org,www,32.0,11.0,0.0,1.0,1.0,0.0,0.25,0.09375,0.0,0.0,0.0,0.0,13.0,0.0,0.0
https://mozilla.org/blog/2025/new-features,hard,0,1.0,1,mozilla.org,mozilla.org,org,,42.0,11.0,0.0,0.0,1.0,0.0,0.19047619047619047,0.09523809523809523,0.0,0.0,0.0,0.0,23.0,1.0,0.42857142857142855
https://wordpress.com/releases/tag/v2.3.1,hard,0,1.0,1,wordpress.com,wordpress.com,com,,41.0,13.0,0.0,0.0,1.0,0.0,0.21951219512195122,0.07317073170731707,0.0,0.0,0.0,0.0,20.0,0.0,0.2222222222222222
https://zoom.us/search,hard,0,1.0,1,zoom.us,zoom.us,us,,22.0,7.0,0.0,0.0,1.0,0.0,0.22727272727272727,0.0,0.0,0.0,0.85,0.0,7.0,0.0,0.5
https://www.americanexpress.com/technology,hard,0,1.0,1,www.americanexpress.com,americanexpress.com,com,www,42.0,23.0,0.0,1.0,1.0,0.0,0.14285714285714285,0.0,0.0,0.0,0.0,0.0,11.0,0.0,0.4
https://www.apple.com/shop/category/laptops,hard,0,1.0,1,www.apple.com,apple.com,com,www,43.0,13.0,0.0,1.0,1.0,0.0,0.18604651162790697,0.0,0.0,0.0,0.0,0.0,22.0,1.0,0.4
https://www.doordash.com/features,hard,0,1.0,1,www.doordash.com,doordash.com,com,www,33.0,16.0,0.0,1.0,1.0,0.0,0.18181818181818182,0.0,0.0,0.0,0.0,0.0,9.0,0.0,0.375
https://airbnb.com/privacy,hard,0,1.0,1,airbnb.com,airbnb.com,com,,26.0,10.0,0.0,0.0,1.0,0.0,0.19230769230769232,0.0,0.0,0.0,0.0,0.0,8.0,0.0,0.3333333333333333
https://trello.com/blog,hard,0,1.0,1,trello.com,trello.com,com,,23.0,10.0,0.0,0.0,1.0,0.0,0.21739130434782608,0.0,0.0,0.0,0.0,0.0,5.0,0.0,0.3333333333333333
https://arstechnica.com/privacy,hard,0,1.0,1,arstechnica.com,arstechnica.com,com,,31.0,15.0,0.0,0.0,1.0,0.0,0.16129032258064516,0.0,0.0,0.0,0.0,0.0,8.0,0.0,0.36363636363636365
https://www.edx.org/support,hard,0,1.0,1,www.edx.org,edx.org,org,www,27.0,11.0,0.0,1.0,1.0,0.0,0.2222222222222222,0.0,0.0,0.0,0.0,0.0,8.0,0.0,0.3333333333333333
https://www.bloomberg.com/downloads/latest,hard,0,1.0,1,www.bloomberg.com,bloomberg.com,com,www,42.0,17.0,0.0,1.0,1.0,0.0,0.16666666666666666,0.0,0.0,0.0,0.0,0.0,17.0,0.0,0.3333333333333333
https://epicgames.com/sports,hard,0,1.0,1,epicgames.com,epicgames.com,com,,28.0,13.0,0.0,0.0,1.0,0.0,0.17857142857142858,0.0,0.0,0.0,0.0,0.0,7.0,0.0,0.4444444444444444
https://grubhub.com/pricing,hard,0,1.0,1,grubhub.com,grubhub.com,com,,27.0,11.0,0.0,0.0,1.0,0.0,0.18518518518518517,0.0,0.0,0.0,0.0,0.0,8.0,0.0,0.2857142857142857
https://www.oracle.com/search,hard,0,1.0,1,www.oracle.com,oracle.com,com,www,29.0,14.0,0.0,1.0,1.0,0.0,0.20689655172413793,0.0,0.0,0.0,0.0,0.0,7.0,0.0,0.5
https://www.nytimes.com/tree/main/src,hard,0,1.0,1,www.nytimes.com,nytimes.com,com,www,37.0,15.0,0.0,1.0,1.0,0.0,0.21621621621621623,0.0,0.0,0.0,0.0,0.0,14.0,0.0,0.2857142857142857
https://europa.eu/reference/functions.html,hard,0,1.0,1,europa.eu,europa.eu,eu,,42.0,9.0,0.0,0.0,1.0,0.0,0.16666666666666666,0.0,0.0,0.0,0.0,0.0,25.0,0.0,0.6666666666666666
https://gov.uk/profile,hard,0,1.0,1,gov.uk,gov.uk,uk,,22.0,6.0,0.0,0.0,1.0,0.0,0.22727272727272727,0.0,0.0,0.0,0.0,0.0,8.0,0.0,0.3333333333333333
https://www.oracle.com/world,hard,0,1.0,1,www.oracle.com,oracle.com,com,www,28.0,14.0,0.0,1.0,1.0,0.0,0.21428571428571427,0.0,0.0,0.0,0.0,0.0,6.0,0.0,0.5
https://citibank.com/community,hard,0,1.0,1,citibank.com,citibank.com,com,,30.0,12.0,0.0,0.0,1.0,0.0,0.16666666666666666,0.0,0.0,0.0,0.0,0.0,10.0,0.0,0.375
https://www.ibm.com/blog,hard,0,1.0,1,www.ibm.com,ibm.com,com,www,24.0,11.0,0.0,1.0,1.0,0.0,0.25,0.0,0.0,0.0,0.0,0.0,5.0,0.0,0.3333333333333333
https://atlassian.com/docs,hard,0,1.0,1,atlassian.com,atlassian.com,com,,26.0,13.0,0.0,0.0,1.0,0.0,0.19230769230769232,0.0,0.0,0.0,0.0,0.0,5.0,0.0,0.4444444444444444
https://www.youtube.com/watch?v=dQw4w9WgXcQ,hard,0,1.0,1,www.youtube.com,youtube.com,com,www,43.0,15.0,0.0,1.0,1.0,0.0,0.18604651162790697,0.046511627906976744,0.0,0.0,0.0,0.0,19.0,1.0,0.5714285714285714
https://wellsfargo.com/settings,hard,0,1.0,1,wellsfargo.com,wellsfargo.com,com,,31.0,14.0,0.0,0.0,1.0,0.0,0.16129032258064516,0.0,0.0,0.0,0.0,0.0,9.0,0.0,0.3
http://notion.so/tree/main/src,hard,0,1.0,1,notion.so,notion.so,so,,30.0,9.0,0.0,0.0,0.0,0.0,0.23333333333333334,0.0,0.0,0.0,0.0,0.0,14.0,0.0,0.5
https://developer.apple.com/en-us/library,hard,0,1.0,1,developer.apple.com,apple.com,com,developer,41.0,19.0,0.0,1.0,1.0,0.0,0.1951219512195122,0.0,0.0,0.0,0.0,0.0,14.0,1.0,0.4
https://console.cloud.google.com/signin,hard,0,1.0,1,console.cloud.google.com,google.com,com,console.cloud,39.0,24.0,0.0,2.0,1.0,1.0,0.1794871794871795,0.0,0.0,0.0,0.0,0.0,7.0,1.0,0.5
https://www.wordpress.com/reference/functions.html,hard,0,1.0,1,www.wordpress.com,wordpress.com,com,www,50.0,17.0,0.0,1.0,1.0,0.0,0.16,0.0,0.0,0.0,0.0,0.0,25.0,0.0,0.2222222222222222
https://wsj.com/community,hard,0,1.0,1,wsj.com,wsj.com,com,,25.0,7.0,0.0,0.0,1.0,0.0,0.2,0.0,0.0,0.0,0.0,0.0,10.0,0.0,0.0
https://steamcommunity.com/contact,hard,0,1.0,1,steamcommunity.com,steamcommunity.com,com,,34.0,18.0,0.0,0.0,1.0,0.0,0.14705882352941177,0.0,0.0,0.0,0.0,0.0,8.0,0.0,0.35714285714285715
https://www.target.com/news/technology,hard,0,1.0,1,www.target.com,target.com,com,www,38.0,14.0,0.0,1.0,1.0,0.0,0.18421052631578946,0.0,0.0,0.0,0.0,0.0,16.0,0.0,0.3333333333333333
https://ibm.com/products/electronics,hard,0,1.0,1,ibm.com,ibm.com,com,,36.0,7.0,0.0,0.0,1.0,0.0,0.16666666666666666,0.0,0.0,0.0,0.0,0.0,21.0,0.0,0.3333333333333333
https://www.nytimes.com/forum,hard,0,1.0,1,www.nytimes.com,nytimes.com,com,www,29.0,15.0,0.0,1.0,1.0,0.0,0.20689655172413793,0.0,0.0,0.0,0.0,0.0,6.0,0.0,0.2857142857142857
https://nytimes.com/,hard,0,1.0,1,nytimes.com,nytimes.com,com,,20.0,11.0,0.0,0.0,1.0,0.0,0.25,0.0,0.0,0.0,0.0,0.0,1.0,0.0,0.2857142857142857
https://americanexpress.com/docs/api,hard,0,1.0,1,americanexpress.com,americanexpress.com,com,,36.0,19.0,0.0,0.0,1.0,0.0,0.16666666666666666,0.0,0.0,0.0,0.0,0.0,9.0,0.0,0.4
https://ibm.com/repos/example/project,hard,0,1.0,1,ibm.com,ibm.com,com,,37.0,7.0,0.0,0.0,1.0,0.0,0.1891891891891892,0.0,0.0,0.0,0.0,0.0,22.0,0.0,0.3333333333333333
https://medium.com/technology,hard,0,1.0,1,medium.com,medium.com,com,,29.0,10.0,0.0,0.0,1.0,0.0,0.1724137931034483,0.0,0.0,0.0,0.0,0.0,11.0,0.0,0.5
https://adobe.com/science,hard,0,1.0,1,adobe.com,adobe.com,com,,25.0,9.0,0.0,0.0,1.0,0.0,0.2,0.0,0.0,0.0,0.0,0.0,8.0,1.0,0.6
https://walmart.com/shop/category/laptops,hard,0,1.0,1,walmart.com,walmart.com,com,,41.0,11.0,0.0,0.0,1.0,0.0,0.17073170731707318,0.0,0.0,0.0,0.0,0.0,22.0,1.0,0.2857142857142857
https://irs.gov/sports,hard,0,1.0,1,irs.gov,irs.gov,gov,,22.0,7.0,0.0,0.0,1.0,0.0,0.22727272727272727,0.0,0.0,0.0,0.0,0.0,7.0,0.0,0.3333333333333333
https://ebay.com/checkout,hard,0,1.0,1,ebay.com,ebay.com,com,,25.0,8.0,0.0,0.0,1.0,0.0,0.2,0.0,0.0,0.0,0.0,0.0,9.0,1.0,0.5
https://www.docker.com/watch?v=dQw4w9WgXcQ,hard,0,1.0,1,www.docker.com,docker.com,com,www,42.0,14.0,0.0,1.0,1.0,0.0,0.19047619047619047,0.047619047619047616,0.0,0.0,0.0,0.0,19.0,1.0,0.3333333333333333
https://wired.com/login,hard,0,1.0,1,wired.com,wired.com,com,,23.0,9.0,0.0,0.0,1.0,1.0,0.21739130434782608,0.0,0.0,0.0,0.0,0.0,6.0,0.0,0.4
https://www.techcrunch.com/order/confirmation/778213,hard,0,1.0,1,www.techcrunch.com,techcrunch.com,com,www,52.0,18.0,0.0,1.0,1.0,0.0,0.15384615384615385,0.11538461538461539,0.0,0.0,0.0,0.0,26.0,0.0,0.2
https://salesforce.com/downloads/latest,hard,0,1.0,1,salesforce.com,salesforce.com,com,,39.0,14.0,0.0,0.0,1.0,0.0,0.15384615384615385,0.0,0.0,0.0,0.0,0.0,17.0,0.0,0.4
https://www.ebay.com/watch?v=dQw4w9WgXcQ,hard,0,1.0,1,www.ebay.com,ebay.com,com,www,40.0,12.0,0.0,1.0,1.0,0.0,0.2,0.05,0.0,0.0,0.0,0.0,19.0,1.0,0.5
https://arstechnica.com/technology,hard,0,1.0,1,arstechnica.com,arstechnica.com,com,,34.0,15.0,0.0,0.0,1.0,0.0,0.14705882352941177,0.0,0.0,0.0,0.0,0.0,11.0,0.0,0.36363636363636365
https://edx.org/forum,hard,0,1.0,1,edx.org,edx.org,org,,21.0,7.0,0.0,0.0,1.0,0.0,0.23809523809523808,0.0,0.0,0.0,0.0,0.0,6.0,0.0,0.3333333333333333
https://stackoverflow.com/library/3.12,hard,0,1.0,1,stackoverflow.com,stackoverflow.com,com,,38.0,17.0,0.0,0.0,1.0,0.0,0.18421052631578946,0.07894736842105263,0.0,0.0,0.0,0.0,13.0,1.0,0.3076923076923077
https://www.bbc.com/reference/functions.html,hard,0,1.0,1,www.bbc.com,bbc.com,com,www,44.0,11.0,0.0,1.0,1.0,0.0,0.18181818181818182,0.0,0.0,0.0,0.0,0.0,25.0,1.0,0.0
https://harvard.edu/order/confirmation/778213,hard,0,1.0,1,harvard.edu,harvard.edu,edu,,45.0,11.0,0.0,0.0,1.0,0.0,0.15555555555555556,0.13333333333333333,0.0,0.0,0.0,0.0,26.0,0.0,0.2857142857142857
https://wordpress.com/science,hard,0,1.0,1,wordpress.com,wordpress.com,com,,29.0,13.0,0.0,0.0,1.0,0.0,0.1724137931034483,0.0,0.0,0.0,0.0,0.0,8.0,0.0,0.2222222222222222
https://www.shopify.com/order/confirmation/778213,hard,0,1.0,1,www.shopify.com,shopify.com,com,www,49.0,15.0,0.0,1.0,1.0,0.0,0.16326530612244897,0.12244897959183673,0.0,0.0,0.0,0.0,26.0,0.0,0.2857142857142857
https://www.usa.gov/download,hard,0,1.0,1,www.usa.gov,usa.gov,gov,www,28.0,11.0,0.0,1.0,1.0,0.0,0.21428571428571427,0.0,0.0,0.0,0.0,0.0,9.0,0.0,0.6666666666666666
https://bestbuy.com/world,hard,0,1.0,1,bestbuy.com,bestbuy.com,com,,25.0,11.0,0.0,0.0,1.0,0.0,0.2,0.0,0.0,0.0,0.0,0.0,6.0,0.0,0.2857142857142857
https://nih.gov/api/v1/users,hard,0,1.0,1,nih.gov,nih.gov,gov,,28.0,7.0,0.0,0.0,1.0,0.0,0.25,0.03571428571428571,0.0,0.0,0.0,0.0,13.0,0.0,0.3333333333333333
https://blogger.com/shop/category/laptops,hard,0,1.0,1,blogger.com,blogger.com,com,,41.0,11.0,0.0,0.0,1.0,0.0,0.17073170731707318,0.0,0.0,0.0,0.0,0.0,22.0,0.0,0.2857142857142857
https://intel.com/shop/category/laptops,hard,0,1.0,1,intel.com,intel.com,com,,39.0,9.0,0.0,0.0,1.0,0.0,0.1794871794871795,0.0,0.0,0.0,0.0,0.0,22.0,0.0,0.4
https://www.atlassian.com/contact,hard,0,1.0,1,www.atlassian.com,atlassian.com,com,www,33.0,17.0,0.0,1.0,1.0,0.0,0.18181818181818182,0.0,0.0,0.0,0.0,0.0,8.0,0.0,0.4444444444444444
https://uber.com/,hard,0,1.0,1,uber.com,uber.com,com,,17.0,8.0,0.0,0.0,1.0,0.0,0.29411764705882354,0.0,0.0,0.0,0.0,0.0,1.0,0.0,0.5
https://spotify.com/shop/category/laptops,hard,0,1.0,1,spotify.com,spotify.com,com,,41.0,11.0,0.0,0.0,1.0,0.0,0.17073170731707318,0.0,0.0,0.0,0.0,0.0,22.0,1.0,0.2857142857142857
https://www.atlassian.com/checkout,hard,0,1.0,1,www.atlassian.com,atlassian.com,com,www,34.0,17.0,0.0,1.0,1.0,0.0,0.17647058823529413,0.0,0.0,0.0,0.0,0.0,9.0,0.0,0.4444444444444444
https://bitbucket.org/item/98213,hard,0,1.0,1,bitbucket.org,bitbucket.org,org,,32.0,13.0,0.0,0.0,1.0,0.0,0.1875,0.15625,0.0,0.0,0.0,0.0,11.0,0.0,0.3333333333333333
https://www.paypal.com/features/security,hard,0,1.0,1,www.paypal.com,paypal.com,com,www,40.0,14.0,0.0,1.0,1.0,0.0,0.175,0.0,0.0,0.0,0.0,0.0,18.0,1.0,0.3333333333333333
https://www.doordash.com/help,hard,0,1.0,1,www.doordash.com,doordash.com,com,www,29.0,16.0,0.0,1.0,1.0,0.0,0.20689655172413793,0.0,0.0,0.0,0.0,0.0,5.0,0.0,0.375
https://lyft.com/docs,hard,0,1.0,1,lyft.com,lyft.com,com,,21.0,8.0,0.0,0.0,1.0,0.0,0.23809523809523808,0.0,0.0,0.0,0.0,0.0,5.0,0.0,0.0
https://grubhub.com/terms,hard,0,1.0,1,grubhub.com,grubhub.com,com,,25.0,11.0,0.0,0.0,1.0,0.0,0.2,0.0,0.0,0.0,0.0,0.0,6.0,0.0,0.2857142857142857
https://www.bloomberg.com/search?q=python+tutorial,hard,0,1.0,1,www.bloomberg.com,bloomberg.com,com,www,50.0,17.0,0.0,1.0,1.0,0.0,0.18,0.0,0.0,0.0,0.0,0.0,24.0,0.0,0.3333333333333333
https://expedia.com/help,hard,0,1.0,1,expedia.com,expedia.com,com,,24.0,11.0,0.0,0.0,1.0,0.0,0.20833333333333334,0.0,0.0,0.0,0.0,0.0,5.0,0.0,0.5714285714285714
https://techcrunch.com/blog/2025/new-features,hard,0,1.0,1,techcrunch.com,techcrunch.com,com,,45.0,14.0,0.0,0.0,1.0,0.0,0.17777777777777778,0.08888888888888889,0.0,0.0,0.0,0.0,23.0,0.0,0.2
https://medium.com/repos/example/project,hard,0,1.0,1,medium.com,medium.com,com,,40.0,10.0,0.0,0.0,1.0,0.0,0.175,0.0,0.0,0.0,0.0,0.0,22.0,0.0,0.5
http://wikipedia.org/account,hard,0,1.0,1,wikipedia.org,wikipedia.org,org,,28.0,13.0,0.0,0.0,0.0,1.0,0.17857142857142858,0.0,0.0,0.0,0.0,0.0,8.0,1.0,0.5555555555555556
https://x.com/health,hard,0,1.0,1,x.com,x.com,com,,20.0,5.0,0.0,0.0,1.0,0.0,0.25,0.0,0.0,0.0,0.0,0.0,7.0,0.0,0.0
https://target.com/library/3.12,hard,0,1.0,1,target.com,target.com,com,,31.0,10.0,0.0,0.0,1.0,0.0,0.22580645161290322,0.0967741935483871,0.0,0.0,0.0,0.0,13.0,0.0,0.3333333333333333
https://harvard.edu/health,hard,0,1.0,1,harvard.edu,harvard.edu,edu,,26.0,11.0,0.0,0.0,1.0,0.0,0.19230769230769232,0.0,0.0,0.0,0.0,0.0,7.0,0.0,0.2857142857142857
https://coursera.org/business,hard,0,1.0,1,coursera.org,coursera.org,org,,29.0,12.0,0.0,0.0,1.0,0.0,0.1724137931034483,0.0,0.0,0.0,0.0,0.0,9.0,0.0,0.5
https://bankofamerica.com/user/johndoe,hard,0,1.0,1,bankofamerica.com,bankofamerica.com,com,,38.0,17.0,0.0,0.0,1.0,0.0,0.15789473684210525,0.0,0.0,0.0,0.0,0.0,13.0,1.0,0.46153846153846156
https://twitch.tv/en-us/docs/Web/JavaScript,hard,0,1.0,1,twitch.tv,twitch.tv,tv,,43.0,9.0,0.0,0.0,1.0,0.0,0.20930232558139536,0.0,0.0,0.0,0.0,0.0,26.0,0.0,0.16666666666666666
https://ebay.com/signin,hard,0,1.0,1,ebay.com,ebay.com,com,,23.0,8.0,0.0,0.0,1.0,1.0,0.21739130434782608,0.0,0.0,0.0,0.0,0.0,7.0,1.0,0.5
https://www.cnn.com/repos/example/project,hard,0,1.0,1,www.cnn.com,cnn.com,com,www,41.0,11.0,0.0,1.0,1.0,0.0,0.1951219512195122,0.0,0.0,0.0,0.0,0.0,22.0,1.0,0.0
https://www.pypi.org/repos/example/project,hard,0,1.0,1,www.pypi.org,pypi.org,org,www,42.0,12.0,0.0,1.0,1.0,0.0,0.19047619047619047,0.0,0.0,0.0,0.0,0.0,22.0,0.0,0.25
https://usa.gov/,hard,0,1.0,1,usa.gov,usa.gov,gov,,16.0,7.0,0.0,0.0,1.0,0.0,0.3125,0.0,0.0,0.0,0.0,0.0,1.0,0.0,0.6666666666666666
https://mit.edu/,hard,0,1.0,1,mit.edu,mit.edu,edu,,16.0,7.0,0.0,0.0,1.0,0.0,0.3125,0.0,0.0,0.0,0.0,0.0,1.0,0.0,0.3333333333333333
https://www.stackoverflow.com/releases/tag/v2.3.1,hard,0,1.0,1,www.stackoverflow.com,stackoverflow.com,com,www,49.0,21.0,0.0,1.0,1.0,0.0,0.20408163265306123,0.061224489795918366,0.0,0.0,0.0,0.0,20.0,1.0,0.3076923076923077
https://www.edx.org/world,hard,0,1.0,1,www.edx.org,edx.org,org,www,25.0,11.0,0.0,1.0,1.0,0.0,0.24,0.0,0.0,0.0,0.0,0.0,6.0,0.0,0.3333333333333333
https://nytimes.com/about,hard,0,1.0,1,nytimes.com,nytimes.com,com,,25.0,11.0,0.0,0.0,1.0,0.0,0.2,0.0,0.0,0.0,0.0,0.0,6.0,0.0,0.2857142857142857
https://www.hsbc.com/technology,hard,0,1.0,1,www.hsbc.com,hsbc.com,com,www,31.0,12.0,0.0,1.0,1.0,0.0,0.1935483870967742,0.0,0.0,0.0,0.0,0.0,11.0,0.0,0.0
https://dropbox.com/questions/12345/how-to-parse-json,hard,0,1.0,1,dropbox.com,dropbox.com,com,,53.0,11.0,0.0,0.0,1.0,0.0,0.18867924528301888,0.09433962264150944,0.0,0.0,0.0,0.0,34.0,1.0,0.2857142857142857
https://news.bbc.co.uk/questions/12345/how-to-parse-json,hard,0,1.0,1,news.bbc.co.uk,bbc.co.uk,uk,news.bbc,56.0,14.0,0.0,1.0,1.0,0.0,0.21428571428571427,0.08928571428571429,0.0,0.0,0.0,0.0,34.0,1.0,0.0
https://www.airbnb.com/wiki/Main_Page,hard,0,1.0,1,www.airbnb.com,airbnb.com,com,www,37.0,14.0,0.0,1.0,1.0,0.0,0.21621621621621623,0.0,0.0,0.0,0.0,0.0,15.0,0.0,0.3333333333333333
https://www.cloudflare.com/article/2025/06/12/world-news,hard,0,1.0,1,www.cloudflare.com,cloudflare.com,com,www,56.0,18.0,0.0,1.0,1.0,0.0,0.19642857142857142,0.14285714285714285,0.0,0.0,0.0,0.0,30.0,0.0,0.4
https://salesforce.com/pull/2031,hard,0,1.0,1,salesforce.com,salesforce.com,com,,32.0,14.0,0.0,0.0,1.0,0.0,0.1875,0.125,0.0,0.0,0.0,0.0,10.0,0.0,0.4
https://www.notion.so/pull/2031,hard,0,1.0,1,www.notion.so,notion.so,so,www,31.0,13.0,0.0,1.0,1.0,0.0,0.22580645161290322,0.12903225806451613,0.0,0.0,0.0,0.0,10.0,0.0,0.5
https://www.pypi.org/downloads/latest,hard,0,1.0,1,www.pypi.org,pypi.org,org,www,37.0,12.0,0.0,1.0,1.0,0.0,0.1891891891891892,0.0,0.0,0.0,0.0,0.0,17.0,0.0,0.25
https://www.citi.com/user/johndoe,hard,0,1.0,1,www.citi.com,citi.com,com,www,33.0,12.0,0.0,1.0,1.0,0.0,0.21212121212121213,0.0,0.0,0.0,0.0,0.0,13.0,0.0,0.5
https://harvard.edu/about,hard,0,1.0,1,harvard.edu,harvard.edu,edu,,25.0,11.0,0.0,0.0,1.0,0.0,0.2,0.0,0.0,0.0,0.0,0.0,6.0,0.0,0.2857142857142857
https://stackoverflow.com/watch?v=dQw4w9WgXcQ,hard,0,1.0,1,stackoverflow.com,stackoverflow.com,com,,45.0,17.0,0.0,0.0,1.0,0.0,0.15555555555555556,0.044444444444444446,0.0,0.0,0.0,0.0,19.0,1.0,0.3076923076923077
https://gitlab.com/docs,hard,0,1.0,1,gitlab.com,gitlab.com,com,,23.0,10.0,0.0,0.0,1.0,0.0,0.21739130434782608,0.0,0.0,0.0,0.0,0.0,5.0,0.0,0.3333333333333333
https://console.cloud.google.com/science,hard,0,1.0,1,console.cloud.google.com,google.com,com,console.cloud,40.0,24.0,0.0,2.0,1.0,0.0,0.175,0.0,0.0,0.0,0.0,0.0,8.0,1.0,0.5
https://booking.com/search?q=python+tutorial,hard,0,1.0,1,booking.com,booking.com,com,,44.0,11.0,0.0,0.0,1.0,0.0,0.18181818181818182,0.0,0.0,0.0,0.0,0.0,24.0,0.0,0.42857142857142855
https://reddit.com/order/confirmation/778213,hard,0,1.0,1,reddit.com,reddit.com,com,,44.0,10.0,0.0,0.0,1.0,0.0,0.1590909090909091,0.13636363636363635,0.0,0.0,0.0,0.0,26.0,1.0,0.3333333333333333
https://nasa.gov/business,hard,0,1.0,1,nasa.gov,nasa.gov,gov,,25.0,8.0,0.0,0.0,1.0,0.0,0.2,0.0,0.0,0.0,0.0,0.0,9.0,0.0,0.5
https://www.chase.com/questions/12345/how-to-parse-json,hard,0,1.0,1,www.chase.com,chase.com,com,www,55.0,13.0,0.0,1.0,1.0,0.0,0.2,0.09090909090909091,0.0,0.0,0.0,0.0,34.0,1.0,0.4
https://www.facebook.com/releases/tag/v2.3.1,hard,0,1.0,1,www.facebook.com,facebook.com,com,www,44.0,16.0,0.0,1.0,1.0,0.0,0.22727272727272727,0.06818181818181818,0.0,0.0,0.0,0.0,20.0,1.0,0.5
https://www.stackoverflow.com/business,hard,0,1.0,1,www.stackoverflow.com,stackoverflow.com,com,www,38.0,21.0,0.0,1.0,1.0,0.0,0.15789473684210525,0.0,0.0,0.0,0.0,0.0,9.0,1.0,0.3076923076923077
https://harvard.edu/shop/category/laptops,hard,0,1.0,1,harvard.edu,harvard.edu,edu,,41.0,11.0,0.0,0.0,1.0,0.0,0.17073170731707318,0.0,0.0,0.0,0.0,0.0,22.0,0.0,0.2857142857142857
https://kubernetes.io/news/technology,hard,0,1.0,1,kubernetes.io,kubernetes.io,io,,37.0,13.0,0.0,0.0,1.0,0.0,0.16216216216216217,0.0,0.0,0.0,0.0,0.0,16.0,0.0,0.4
https://www.quora.com/library/3.12,hard,0,1.0,1,www.quora.com,quora.com,com,www,34.0,13.0,0.0,1.0,1.0,0.0,0.23529411764705882,0.08823529411764706,0.0,0.0,0.0,0.0,13.0,0.0,0.6
https://www.bestbuy.com/repos/example/project,hard,0,1.0,1,www.bestbuy.com,bestbuy.com,com,www,45.0,15.0,0.0,1.0,1.0,0.0,0.17777777777777778,0.0,0.0,0.0,0.0,0.0,22.0,0.0,0.2857142857142857
https://www.lyft.com/blog/2025/new-features,hard,0,1.0,1,www.lyft.com,lyft.com,com,www,43.0,12.0,0.0,1.0,1.0,0.0,0.20930232558139536,0.09302325581395349,0.0,0.0,0.0,0.0,23.0,0.0,0.0
https://developer.apple.com/api/v1/users,hard,0,1.0,1,developer.apple.com,apple.com,com,developer,40.0,19.0,0.0,1.0,1.0,0.0,0.2,0.025,0.0,0.0,0.0,0.0,13.0,1.0,0.4
https://shopify.com/technology,hard,0,1.0,1,shopify.com,shopify.com,com,,30.0,11.0,0.0,0.0,1.0,0.0,0.16666666666666666,0.0,0.0,0.0,0.0,0.0,11.0,0.0,0.2857142857142857
http://store.steampowered.com/features,hard,0,1.0,1,store.steampowered.com,steampowered.com,com,store,38.0,22.0,0.0,1.0,0.0,0.0,0.15789473684210525,0.0,0.0,0.0,0.0,0.0,9.0,0.0,0.4166666666666667
https://europa.eu/news/technology,hard,0,1.0,1,europa.eu,europa.eu,eu,,33.0,9.0,0.0,0.0,1.0,0.0,0.18181818181818182,0.0,0.0,0.0,0.0,0.0,16.0,0.0,0.6666666666666666
https://www.nvidia.com/settings,hard,0,1.0,1,www.nvidia.com,nvidia.com,com,www,31.0,14.0,0.0,1.0,1.0,0.0,0.1935483870967742,0.0,0.0,0.0,0.0,0.0,9.0,0.0,0.5
https://chase.com/products,hard,0,1.0,1,chase.com,chase.com,com,,26.0,9.0,0.0,0.0,1.0,0.0,0.19230769230769232,0.0,0.0,0.0,0.0,0.0,9.0,1.0,0.4
https://lyft.com/download,hard,0,1.0,1,lyft.com,lyft.com,com,,25.0,8.0,0.0,0.0,1.0,0.0,0.2,0.0,0.0,0.0,0.0,0.0,9.0,0.0,0.0
https://www.coursera.org/user/johndoe,hard,0,1.0,1,www.coursera.org,coursera.org,org,www,37.0,16.0,0.0,1.0,1.0,0.0,0.1891891891891892,0.0,0.0,0.0,0.0,0.0,13.0,0.0,0.5
https://www.coursera.org/dashboard,hard,0,1.0,1,www.coursera.org,coursera.org,org,www,34.0,16.0,0.0,1.0,1.0,0.0,0.17647058823529413,0.0,0.0,0.0,0.0,0.0,10.0,0.0,0.5
https://www.cloudflare.com/login,hard,0,1.0,1,www.cloudflare.com,cloudflare.com,com,www,32.0,18.0,0.0,1.0,1.0,1.0,0.1875,0.0,0.0,0.0,0.0,0.0,6.0,0.0,0.4
https://discord.com/docs/getting-started,hard,0,1.0,1,discord.com,discord.com,com,,40.0,11.0,0.0,0.0,1.0,0.0,0.175,0.0,0.0,0.0,0.0,0.0,21.0,1.0,0.2857142857142857
https://arstechnica.com/settings,hard,0,1.0,1,arstechnica.com,arstechnica.com,com,,32.0,15.0,0.0,0.0,1.0,0.0,0.15625,0.0,0.0,0.0,0.0,0.0,9.0,0.0,0.36363636363636365
https://techcrunch.com/releases/tag/v2.3.1,hard,0,1.0,1,techcrunch.com,techcrunch.com,com,,42.0,14.0,0.0,0.0,1.0,0.0,0.21428571428571427,0.07142857142857142,0.0,0.0,0.0,0.0,20.0,0.0,0.2
https://www.zoom.us/tree/main/src,hard,0,1.0,1,www.zoom.us,zoom.us,us,www,33.0,11.0,0.0,1.0,1.0,0.0,0.24242424242424243,0.0,0.0,0.0,0.85,0.0,14.0,0.0,0.5
https://www.americanexpress.com/search,hard,0,1.0,1,www.americanexpress.com,americanexpress.com,com,www,38.0,23.0,0.0,1.0,1.0,0.0,0.15789473684210525,0.0,0.0,0.0,0.0,0.0,7.0,0.0,0.4
http://www.target.com/checkout,hard,0,1.0,1,www.target.com,target.com,com,www,30.0,14.0,0.0,1.0,0.0,0.0,0.2,0.0,0.0,0.0,0.0,0.0,9.0,0.0,0.3333333333333333
https://apple.com/careers,hard,0,1.0,1,apple.com,apple.com,com,,25.0,9.0,0.0,0.0,1.0,0.0,0.2,0.0,0.0,0.0,0.0,0.0,8.0,1.0,0.4
https://doordash.com/wiki,hard,0,1.0,1,doordash.com,doordash.com,com,,25.0,12.0,0.0,0.0,1.0,0.0,0.2,0.0,0.0,0.0,0.0,0.0,5.0,0.0,0.375
https://cnn.com/account,hard,0,1.0,1,cnn.com,cnn.com,com,,23.0,7.0,0.0,0.0,1.0,1.0,0.21739130434782608,0.0,0.0,0.0,0.0,0.0,8.0,1.0,0.0
https://nytimes.com/releases/tag/v2.3.1,hard,0,1.0,1,nytimes.com,nytimes.com,com,,39.0,11.0,0.0,0.0,1.0,0.0,0.23076923076923078,0.07692307692307693,0.0,0.0,0.0,0.0,20.0,0.0,0.2857142857142857
https://coursera.org/library/3.12,hard,0,1.0,1,coursera.org,coursera.org,org,,33.0,12.0,0.0,0.0,1.0,0.0,0.21212121212121213,0.09090909090909091,0.0,0.0,0.0,0.0,13.0,0.0,0.5
https://steamcommunity.com/issues/1042,hard,0,1.0,1,steamcommunity.com,steamcommunity.com,com,,38.0,18.0,0.0,0.0,1.0,0.0,0.15789473684210525,0.10526315789473684,0.0,0.0,0.0,0.0,12.0,0.0,0.35714285714285715
https://store.steampowered.com/en-us/docs/Web/JavaScript,hard,0,1.0,1,store.steampowered.com,steampowered.com,com,store,56.0,22.0,0.0,1.0,1.0,0.0,0.17857142857142858,0.0,0.0,0.0,0.0,0.0,26.0,0.0,0.4166666666666667
https://www.nih.gov/issues/1042,hard,0,1.0,1,www.nih.gov,nih.gov,gov,www,31.0,11.0,0.0,1.0,1.0,0.0,0.22580645161290322,0.12903225806451613,0.0,0.0,0.0,0.0,12.0,0.0,0.3333333333333333
https://uber.com/health,hard,0,1.0,1,uber.com,uber.com,com,,23.0,8.0,0.0,0.0,1.0,0.0,0.21739130434782608,0.0,0.0,0.0,0.0,0.0,7.0,0.0,0.5
https://udemy.com/privacy,hard,0,1.0,1,udemy.com,udemy.com,com,,25.0,9.0,0.0,0.0,1.0,0.0,0.2,0.0,0.0,0.0,0.0,0.0,8.0,0.0,0.4
https://www.epicgames.com/downloads/latest,hard,0,1.0,1,www.epicgames.com,epicgames.com,com,www,42.0,17.0,0.0,1.0,1.0,0.0,0.16666666666666666,0.0,0.0,0.0,0.0,0.0,17.0,0.0,0.4444444444444444
https://www.nvidia.com/wiki,hard,0,1.0,1,www.nvidia.com,nvidia.com,com,www,27.0,14.0,0.0,1.0,1.0,0.0,0.2222222222222222,0.0,0.0,0.0,0.0,0.0,5.0,0.0,0.5
https://udemy.com/repos/example/project,hard,0,1.0,1,udemy.com,udemy.com,com,,39.0,9.0,0.0,0.0,1.0,0.0,0.1794871794871795,0.0,0.0,0.0,0.0,0.0,22.0,0.0,0.4
https://quora.com/business,hard,0,1.0,1,quora.com,quora.com,com,,26.0,9.0,0.0,0.0,1.0,0.0,0.19230769230769232,0.0,0.0,0.0,0.0,0.0,9.0,0.0,0.6
https://kubernetes.io/terms,hard,0,1.0,1,kubernetes.io,kubernetes.io,io,,27.0,13.0,0.0,0.0,1.0,0.0,0.18518518518518517,0.0,0.0,0.0,0.0,0.0,6.0,0.0,0.4
https://www.apple.com/questions/12345/how-to-parse-json,hard,0,1.0,1,www.apple.com,apple.com,com,www,55.0,13.0,0.0,1.0,1.0,0.0,0.2,0.09090909090909091,0.0,0.0,0.0,0.0,34.0,1.0,0.4
https://www.coursera.org/profile,hard,0,1.0,1,www.coursera.org,coursera.org,org,www,32.0,16.0,0.0,1.0,1.0,0.0,0.1875,0.0,0.0,0.0,0.0,0.0,8.0,0.0,0.5
https://www.europa.eu/dashboard,hard,0,1.0,1,www.europa.eu,europa.eu,eu,www,31.0,13.0,0.0,1.0,1.0,0.0,0.1935483870967742,0.0,0.0,0.0,0.0,0.0,10.0,0.0,0.6666666666666666
https://chase.com/pull/2031,hard,0,1.0,1,chase.com,chase.com,com,,27.0,9.0,0.0,0.0,1.0,0.0,0.2222222222222222,0.14814814814814814,0.0,0.0,0.0,0.0,10.0,1.0,0.4
https://www.pinterest.com/reference/functions.html,hard,0,1.0,1,www.pinterest.com,pinterest.com,com,www,50.0,17.0,0.0,1.0,1.0,0.0,0.16,0.0,0.0,0.0,0.0,0.0,25.0,0.0,0.3333333333333333
https://www.nvidia.com/about,hard,0,1.0,1,www.nvidia.com,nvidia.com,com,www,28.0,14.0,0.0,1.0,1.0,0.0,0.21428571428571427,0.0,0.0,0.0,0.0,0.0,6.0,0.0,0.5
https://www.gov.uk/docs/api,hard,0,1.0,1,www.gov.uk,www.gov.uk,uk,www,27.0,10.0,0.0,0.0,1.0,0.0,0.25925925925925924,0.0,0.0,0.0,0.0,0.0,9.0,0.0,0.0
https://gitlab.com/wiki,hard,0,1.0,1,gitlab.com,gitlab.com,com,,23.0,10.0,0.0,0.0,1.0,0.0,0.21739130434782608,0.0,0.0,0.0,0.0,0.0,5.0,0.0,0.3333333333333333
https://www.who.int/community,hard,0,1.0,1,www.who.int,who.int,int,www,29.0,11.0,0.0,1.0,1.0,0.0,0.20689655172413793,0.0,0.0,0.0,0.0,0.0,10.0,0.0,0.3333333333333333
https://www.intel.com/privacy,hard,0,1.0,1,www.intel.com,intel.com,com,www,29.0,13.0,0.0,1.0,1.0,0.0,0.20689655172413793,0.0,0.0,0.0,0.0,0.0,8.0,0.0,0.4
https://booking.com/about,hard,0,1.0,1,booking.com,booking.com,com,,25.0,11.0,0.0,0.0,1.0,0.0,0.2,0.0,0.0,0.0,0.0,0.0,6.0,0.0,0.42857142857142855
https://www.oracle.com/blog/2025/new-features,hard,0,1.0,1,www.oracle.com,oracle.com,com,www,45.0,14.0,0.0,1.0,1.0,0.0,0.2,0.08888888888888889,0.0,0.0,0.0,0.0,23.0,0.0,0.5
https://nasa.gov/products,hard,0,1.0,1,nasa.gov,nasa.gov,gov,,25.0,8.0,0.0,0.0,1.0,0.0,0.2,0.0,0.0,0.0,0.0,0.0,9.0,0.0,0.5
https://nvidia.com/contact,hard,0,1.0,1,nvidia.com,nvidia.com,com,,26.0,10.0,0.0,0.0,1.0,0.0,0.19230769230769232,0.0,0.0,0.0,0.0,0.0,8.0,0.0,0.5
https://www.intel.com/repos/example/project,hard,0,1.0,1,www.intel.com,intel.com,com,www,43.0,13.0,0.0,1.0,1.0,0.0,0.18604651162790697,0.0,0.0,0.0,0.0,0.0,22.0,0.0,0.4
https://www.twitch.tv/health,hard,0,1.0,1,www.twitch.tv,twitch.tv,tv,www,28.0,13.0,0.0,1.0,1.0,0.0,0.21428571428571427,0.0,0.0,0.0,0.0,0.0,7.0,0.0,0.16666666666666666
https://cnn.com/api/v2/products?page=2,hard,0,1.0,1,cnn.com,cnn.com,com,,38.0,7.0,0.0,0.0,1.0,0.0,0.23684210526315788,0.05263157894736842,0.0,0.0,0.0,0.0,22.0,1.0,0.0
https://grubhub.com/api/v2/products?page=2,hard,0,1.0,1,grubhub.com,grubhub.com,com,,42.0,11.0,0.0,0.0,1.0,0.0,0.21428571428571427,0.047619047619047616,0.0,0.0,0.0,0.0,22.0,0.0,0.2857142857142857
https://www.khanacademy.org/features,hard,0,1.0,1,www.khanacademy.org,khanacademy.org,org,www,36.0,19.0,0.0,1.0,1.0,0.0,0.16666666666666666,0.0,0.0,0.0,0.0,0.0,9.0,0.0,0.36363636363636365
https://wired.com/signin,hard,0,1.0,1,wired.com,wired.com,com,,24.0,9.0,0.0,0.0,1.0,1.0,0.20833333333333334,0.0,0.0,0.0,0.0,0.0,7.0,0.0,0.4
https://www.zoom.us/features,hard,0,1.0,1,www.zoom.us,zoom.us,us,www,28.0,11.0,0.0,1.0,1.0,0.0,0.21428571428571427,0.0,0.0,0.0,0.85,0.0,9.0,0.0,0.5
https://www.shopify.com/technology,hard,0,1.0,1,www.shopify.com,shopify.com,com,www,34.0,15.0,0.0,1.0,1.0,0.0,0.17647058823529413,0.0,0.0,0.0,0.0,0.0,11.0,0.0,0.2857142857142857
https://who.int/downloads/latest,hard,0,1.0,1,who.int,who.int,int,,32.0,7.0,0.0,0.0,1.0,0.0,0.1875,0.0,0.0,0.0,0.0,0.0,17.0,0.0,0.3333333333333333
https://www.mit.edu/reference/functions.html,hard,0,1.0,1,www.mit.edu,mit.edu,edu,www,44.0,11.0,0.0,1.0,1.0,0.0,0.18181818181818182,0.0,0.0,0.0,0.0,0.0,25.0,0.0,0.3333333333333333
https://intel.com/api/v2/products?page=2,hard,0,1.0,1,intel.com,intel.com,com,,40.0,9.0,0.0,0.0,1.0,0.0,0.225,0.05,0.0,0.0,0.0,0.0,22.0,0.0,0.4
https://epicgames.com/support,hard,0,1.0,1,epicgames.com,epicgames.com,com,,29.0,13.0,0.0,0.0,1.0,0.0,0.1724137931034483,0.0,0.0,0.0,0.0,0.0,8.0,0.0,0.4444444444444444
https://who.int/science,hard,0,1.0,1,who.int,who.int,int,,23.0,7.0,0.0,0.0,1.0,0.0,0.21739130434782608,0.0,0.0,0.0,0.0,0.0,8.0,0.0,0.3333333333333333
https://theguardian.com/settings,hard,0,1.0,1,theguardian.com,theguardian.com,com,,32.0,15.0,0.0,0.0,1.0,0.0,0.15625,0.0,0.0,0.0,0.0,0.0,9.0,0.0,0.45454545454545453
https://chase.com/api/v2/products?page=2,hard,0,1.0,1,chase.com,chase.com,com,,40.0,9.0,0.0,0.0,1.0,0.0,0.225,0.05,0.0,0.0,0.0,0.0,22.0,1.0,0.4
https://steamcommunity.com/watch?v=dQw4w9WgXcQ,hard,0,1.0,1,steamcommunity.com,steamcommunity.com,com,,46.0,18.0,0.0,0.0,1.0,0.0,0.15217391304347827,0.043478260869565216,0.0,0.0,0.0,0.0,19.0,0.0,0.35714285714285715
https://www.epicgames.com/tree/main/src,hard,0,1.0,1,www.epicgames.com,epicgames.com,com,www,39.0,17.0,0.0,1.0,1.0,0.0,0.20512820512820512,0.0,0.0,0.0,0.0,0.0,14.0,0.0,0.4444444444444444
https://quora.com/features/security,hard,0,1.0,1,quora.com,quora.com,com,,35.0,9.0,0.0,0.0,1.0,0.0,0.17142857142857143,0.0,0.0,0.0,0.0,0.0,18.0,0.0,0.6
https://forbes.com/search?q=python+tutorial,hard,0,1.0,1,forbes.com,forbes.com,com,,43.0,10.0,0.0,0.0,1.0,0.0,0.18604651162790697,0.0,0.0,0.0,0.0,0.0,24.0,1.0,0.3333333333333333
https://uber.com/order/confirmation/778213,hard,0,1.0,1,uber.com,uber.com,com,,42.0,8.0,0.0,0.0,1.0,0.0,0.16666666666666666,0.14285714285714285,0.0,0.0,0.0,0.0,26.0,0.0,0.5
https://www.walmart.com/docs/getting-started,hard,0,1.0,1,www.walmart.com,walmart.com,com,www,44.0,15.0,0.0,1.0,1.0,0.0,0.18181818181818182,0.0,0.0,0.0,0.0,0.0,21.0,1.0,0.2857142857142857
https://www.hsbc.com/checkout,hard,0,1.0,1,www.hsbc.com,hsbc.com,com,www,29.0,12.0,0.0,1.0,1.0,0.0,0.20689655172413793,0.0,0.0,0.0,0.0,0.0,9.0,0.0,0.0
https://reuters.com/about,hard,0,1.0,1,reuters.com,reuters.com,com,,25.0,11.0,0.0,0.0,1.0,0.0,0.2,0.0,0.0,0.0,0.0,0.0,6.0,0.0,0.42857142857142855
https://www.nytimes.com/search,hard,0,1.0,1,www.nytimes.com,nytimes.com,com,www,30.0,15.0,0.0,1.0,1.0,0.0,0.2,0.0,0.0,0.0,0.0,0.0,7.0,0.0,0.2857142857142857
https://grubhub.com/checkout,hard,0,1.0,1,grubhub.com,grubhub.com,com,,28.0,11.0,0.0,0.0,1.0,0.0,0.17857142857142858,0.0,0.0,0.0,0.0,0.0,9.0,0.0,0.2857142857142857
https://target.com/news/technology,hard,0,1.0,1,target.com,target.com,com,,34.0,10.0,0.0,0.0,1.0,0.0,0.17647058823529413,0.0,0.0,0.0,0.0,0.0,16.0,0.0,0.3333333333333333
http://www.nvidia.com/settings,hard,0,1.0,1,www.nvidia.com,nvidia.com,com,www,30.0,14.0,0.0,1.0,0.0,0.0,0.2,0.0,0.0,0.0,0.0,0.0,9.0,0.0,0.5
https://uber.com/search,hard,0,1.0,1,uber.com,uber.com,com,,23.0,8.0,0.0,0.0,1.0,0.0,0.21739130434782608,0.0,0.0,0.0,0.0,0.0,7.0,0.0,0.5
https://www.oracle.com/checkout,hard,0,1.0,1,www.oracle.com,oracle.com,com,www,31.0,14.0,0.0,1.0,1.0,0.0,0.1935483870967742,0.0,0.0,0.0,0.0,0.0,9.0,0.0,0.5
https://www.americanexpress.com/releases/tag/v2.3.1,hard,0,1.0,1,www.americanexpress.com,americanexpress.com,com,www,51.0,23.0,0.0,1.0,1.0,0.0,0.19607843137254902,0.058823529411764705,0.0,0.0,0.0,0.0,20.0,0.0,0.4
https://walmart.com/reference/functions.html,hard,0,1.0,1,walmart.com,walmart.com,com,,44.0,11.0,0.0,0.0,1.0,0.0,0.1590909090909091,0.0,0.0,0.0,0.0,0.0,25.0,1.0,0.2857142857142857
https://gitlab.com/order/confirmation/778213,hard,0,1.0,1,gitlab.com,gitlab.com,com,,44.0,10.0,0.0,0.0,1.0,0.0,0.1590909090909091,0.13636363636363635,0.0,0.0,0.0,0.0,26.0,0.0,0.3333333333333333
https://wsj.com/,hard,0,1.0,1,wsj.com,wsj.com,com,,16.0,7.0,0.0,0.0,1.0,0.0,0.3125,0.0,0.0,0.0,0.0,0.0,1.0,0.0,0.0
https://en.wikipedia.org/playlist?list=PL12345,hard,0,1.0,1,en.wikipedia.org,wikipedia.org,org,en,46.0,16.0,0.0,1.0,1.0,0.0,0.17391304347826086,0.10869565217391304,0.0,0.0,0.0,0.0,21.0,1.0,0.5555555555555556
https://harvard.edu/privacy,hard,0,1.0,1,harvard.edu,harvard.edu,edu,,27.0,11.0,0.0,0.0,1.0,0.0,0.18518518518518517,0.0,0.0,0.0,0.0,0.0,8.0,0.0,0.2857142857142857
https://www.europa.eu/shop/category/laptops,hard,0,1.0,1,www.europa.eu,europa.eu,eu,www,43.0,13.0,0.0,1.0,1.0,0.0,0.18604651162790697,0.0,0.0,0.0,0.0,0.0,22.0,0.0,0.6666666666666666
https://www.trello.com/blog,hard,0,1.0,1,www.trello.com,trello.com,com,www,27.0,14.0,0.0,1.0,1.0,0.0,0.2222222222222222,0.0,0.0,0.0,0.0,0.0,5.0,0.0,0.3333333333333333
https://www.techcrunch.com/docs,hard,0,1.0,1,www.techcrunch.com,techcrunch.com,com,www,31.0,18.0,0.0,1.0,1.0,0.0,0.1935483870967742,0.0,0.0,0.0,0.0,0.0,5.0,0.0,0.2
https://azure.microsoft.com/item/98213,hard,0,1.0,1,azure.microsoft.com,microsoft.com,com,azure,38.0,19.0,0.0,1.0,1.0,0.0,0.18421052631578946,0.13157894736842105,0.0,0.0,0.0,0.0,11.0,1.0,0.3333333333333333
https://www.who.int/blog,hard,0,1.0,1,www.who.int,who.int,int,www,24.0,11.0,0.0,1.0,1.0,0.0,0.25,0.0,0.0,0.0,0.0,0.0,5.0,0.0,0.3333333333333333
https://open.spotify.com/search?q=python+tutorial,hard,0,1.0,1,open.spotify.com,spotify.com,com,open,49.0,16.0,0.0,1.0,1.0,0.0,0.1836734693877551,0.0,0.0,0.0,0.0,0.0,24.0,1.0,0.2857142857142857
https://theguardian.com/repos/example/project,hard,0,1.0,1,theguardian.com,theguardian.com,com,,45.0,15.0,0.0,0.0,1.0,0.0,0.15555555555555556,0.0,0.0,0.0,0.0,0.0,22.0,0.0,0.45454545454545453
https://www.atlassian.com/account,hard,0,1.0,1,www.atlassian.com,atlassian.com,com,www,33.0,17.0,0.0,1.0,1.0,1.0,0.18181818181818182,0.0,0.0,0.0,0.0,0.0,8.0,0.0,0.4444444444444444
https://www.twitch.tv/help,hard,0,1.0,1,www.twitch.tv,twitch.tv,tv,www,26.0,13.0,0.0,1.0,1.0,0.0,0.23076923076923078,0.0,0.0,0.0,0.0,0.0,5.0,0.0,0.16666666666666666
https://www.citi.com/blog,hard,0,1.0,1,www.citi.com,citi.com,com,www,25.0,12.0,0.0,1.0,1.0,0.0,0.24,0.0,0.0,0.0,0.0,0.0,5.0,0.0,0.5
https://www.techcrunch.com/forum,hard,0,1.0,1,www.techcrunch.com,techcrunch.com,com,www,32.0,18.0,0.0,1.0,1.0,0.0,0.1875,0.0,0.0,0.0,0.0,0.0,6.0,0.0,0.2
https://bankofamerica.com/en-us/library,hard,0,1.0,1,bankofamerica.com,bankofamerica.com,com,,39.0,17.0,0.0,0.0,1.0,0.0,0.1794871794871795,0.0,0.0,0.0,0.0,0.0,14.0,1.0,0.46153846153846156
https://ebay.com/playlist?list=PL12345,hard,0,1.0,1,ebay.com,ebay.com,com,,38.0,8.0,0.0,0.0,1.0,0.0,0.18421052631578946,0.13157894736842105,0.0,0.0,0.0,0.0,21.0,1.0,0.5
https://wired.com/library/3.12,hard,0,1.0,1,wired.com,wired.com,com,,30.0,9.0,0.0,0.0,1.0,0.0,0.23333333333333334,0.1,0.0,0.0,0.0,0.0,13.0,0.0,0.4
https://doordash.com/tree/main/src,hard,0,1.0,1,doordash.com,doordash.com,com,,34.0,12.0,0.0,0.0,1.0,0.0,0.20588235294117646,0.0,0.0,0.0,0.0,0.0,14.0,0.0,0.375
http://www.cnn.com/news/technology,hard,0,1.0,1,www.cnn.com,cnn.com,com,www,34.0,11.0,0.0,1.0,0.0,0.0,0.20588235294117646,0.0,0.0,0.0,0.0,0.0,16.0,1.0,0.0
https://nytimes.com/support,hard,0,1.0,1,nytimes.com,nytimes.com,com,,27.0,11.0,0.0,0.0,1.0,0.0,0.18518518518518517,0.0,0.0,0.0,0.0,0.0,8.0,0.0,0.2857142857142857
https://www.hsbc.com/news/technology,hard,0,1.0,1,www.hsbc.com,hsbc.com,com,www,36.0,12.0,0.0,1.0,1.0,0.0,0.19444444444444445,0.0,0.0,0.0,0.0,0.0,16.0,0.0,0.0
https://www.gov.uk/playlist?list=PL12345,hard,0,1.0,1,www.gov.uk,www.gov.uk,uk,www,40.0,10.0,0.0,0.0,1.0,0.0,0.2,0.125,0.0,0.0,0.0,0.0,21.0,0.0,0.0
https://wordpress.com/repos/example/project,hard,0,1.0,1,wordpress.com,wordpress.com,com,,43.0,13.0,0.0,0.0,1.0,0.0,0.16279069767441862,0.0,0.0,0.0,0.0,0.0,22.0,0.0,0.2222222222222222
https://www.trello.com/science,hard,0,1.0,1,www.trello.com,trello.com,com,www,30.0,14.0,0.0,1.0,1.0,0.0,0.2,0.0,0.0,0.0,0.0,0.0,8.0,0.0,0.3333333333333333
https://chase.com/wiki,hard,0,1.0,1,chase.com,chase.com,com,,22.0,9.0,0.0,0.0,1.0,0.0,0.22727272727272727,0.0,0.0,0.0,0.0,0.0,5.0,1.0,0.4
https://www.gitlab.com/technology,hard,0,1.0,1,www.gitlab.com,gitlab.com,com,www,33.0,14.0,0.0,1.0,1.0,0.0,0.18181818181818182,0.0,0.0,0.0,0.0,0.0,11.0,0.0,0.3333333333333333
https://citibank.com/wiki/Main_Page,hard,0,1.0,1,citibank.com,citibank.com,com,,35.0,12.0,0.0,0.0,1.0,0.0,0.2,0.0,0.0,0.0,0.0,0.0,15.0,0.0,0.375
https://www.cdc.gov/pull/2031,hard,0,1.0,1,www.cdc.gov,cdc.gov,gov,www,29.0,11.0,0.0,1.0,1.0,0.0,0.2413793103448276,0.13793103448275862,0.0,0.0,0.0,0.0,10.0,0.0,0.0
https://blogger.com/checkout,hard,0,1.0,1,blogger.com,blogger.com,com,,28.0,11.0,0.0,0.0,1.0,0.0,0.17857142857142858,0.0,0.0,0.0,0.0,0.0,9.0,0.0,0.2857142857142857
http://slack.com/checkout,hard,0,1.0,1,slack.com,slack.com,com,,25.0,9.0,0.0,0.0,0.0,0.0,0.2,0.0,0.0,0.0,0.0,0.0,9.0,0.0,0.2
https://www.docker.com/api/v2/products?page=2,hard,0,1.0,1,www.docker.com,docker.com,com,www,45.0,14.0,0.0,1.0,1.0,0.0,0.2222222222222222,0.044444444444444446,0.0,0.0,0.0,0.0,22.0,1.0,0.3333333333333333
https://gitlab.com/questions/12345/how-to-parse-json,hard,0,1.0,1,gitlab.com,gitlab.com,com,,52.0,10.0,0.0,0.0,1.0,0.0,0.19230769230769232,0.09615384615384616,0.0,0.0,0.0,0.0,34.0,0.0,0.3333333333333333
https://www.etsy.com/news/technology,hard,0,1.0,1,www.etsy.com,etsy.com,com,www,36.0,12.0,0.0,1.0,1.0,0.0,0.19444444444444445,0.0,0.0,0.0,0.0,0.0,16.0,0.0,0.25
https://edx.org/privacy,hard,0,1.0,1,edx.org,edx.org,org,,23.0,7.0,0.0,0.0,1.0,0.0,0.21739130434782608,0.0,0.0,0.0,0.0,0.0,8.0,0.0,0.3333333333333333
https://npmjs.com/wiki,hard,0,1.0,1,npmjs.com,npmjs.com,com,,22.0,9.0,0.0,0.0,1.0,0.0,0.22727272727272727,0.0,0.0,0.0,0.0,0.0,5.0,0.0,0.0
https://www.irs.gov/order/confirmation/778213,hard,0,1.0,1,www.irs.gov,irs.gov,gov,www,45.0,11.0,0.0,1.0,1.0,0.0,0.17777777777777778,0.13333333333333333,0.0,0.0,0.0,0.0,26.0,0.0,0.3333333333333333
https://doordash.com/products,hard,0,1.0,1,doordash.com,doordash.com,com,,29.0,12.0,0.0,0.0,1.0,0.0,0.1724137931034483,0.0,0.0,0.0,0.0,0.0,9.0,0.0,0.375
https://docs.python.org/support,hard,0,1.0,1,docs.python.org,python.org,org,docs,31.0,15.0,0.0,1.0,1.0,0.0,0.1935483870967742,0.0,0.0,0.0,0.0,0.0,8.0,0.0,0.16666666666666666
http://google.com/library/3.12,hard,0,1.0,1,google.com,google.com,com,,30.0,10.0,0.0,0.0,0.0,0.0,0.23333333333333334,0.1,0.0,0.0,0.0,0.0,13.0,1.0,0.5
http://www.epicgames.com/help,hard,0,1.0,1,www.epicgames.com,epicgames.com,com,www,29.0,17.0,0.0,1.0,0.0,0.0,0.20689655172413793,0.0,0.0,0.0,0.0,0.0,5.0,0.0,0.4444444444444444
https://adobe.com/downloads/latest,hard,0,1.0,1,adobe.com,adobe.com,com,,34.0,9.0,0.0,0.0,1.0,0.0,0.17647058823529413,0.0,0.0,0.0,0.0,0.0,17.0,1.0,0.6
https://reuters.com/sports,hard,0,1.0,1,reuters.com,reuters.com,com,,26.0,11.0,0.0,0.0,1.0,0.0,0.19230769230769232,0.0,0.0,0.0,0.0,0.0,7.0,0.0,0.42857142857142855
https://wordpress.com/news/technology,hard,0,1.0,1,wordpress.com,wordpress.com,com,,37.0,13.0,0.0,0.0,1.0,0.0,0.16216216216216217,0.0,0.0,0.0,0.0,0.0,16.0,0.0,0.2222222222222222
https://medium.com/api/v2/products?page=2,hard,0,1.0,1,medium.com,medium.com,com,,41.0,10.0,0.0,0.0,1.0,0.0,0.21951219512195122,0.04878048780487805,0.0,0.0,0.0,0.0,22.0,0.0,0.5
https://bestbuy.com/blog/2025/new-features,hard,0,1.0,1,bestbuy.com,bestbuy.com,com,,42.0,11.0,0.0,0.0,1.0,0.0,0.19047619047619047,0.09523809523809523,0.0,0.0,0.0,0.0,23.0,0.0,0.2857142857142857
https://nytimes.com/careers,hard,0,1.0,1,nytimes.com,nytimes.com,com,,27.0,11.0,0.0,0.0,1.0,0.0,0.18518518518518517,0.0,0.0,0.0,0.0,0.0,8.0,0.0,0.2857142857142857
https://harvard.edu/features/security,hard,0,1.0,1,harvard.edu,harvard.edu,edu,,37.0,11.0,0.0,0.0,1.0,0.0,0.16216216216216217,0.0,0.0,0.0,0.0,0.0,18.0,0.0,0.2857142857142857
https://www.bestbuy.com/en-us/library,hard,0,1.0,1,www.bestbuy.com,bestbuy.com,com,www,37.0,15.0,0.0,1.0,1.0,0.0,0.21621621621621623,0.0,0.0,0.0,0.0,0.0,14.0,0.0,0.2857142857142857
https://x.com/careers,hard,0,1.0,1,x.com,x.com,com,,21.0,5.0,0.0,0.0,1.0,0.0,0.23809523809523808,0.0,0.0,0.0,0.0,0.0,8.0,0.0,0.0
https://www.salesforce.com/search,hard,0,1.0,1,www.salesforce.com,salesforce.com,com,www,33.0,18.0,0.0,1.0,1.0,0.0,0.18181818181818182,0.0,0.0,0.0,0.0,0.0,7.0,0.0,0.4
https://www.paypal.com/order/confirmation/778213,hard,0,1.0,1,www.paypal.com,paypal.com,com,www,48.0,14.0,0.0,1.0,1.0,0.0,0.16666666666666666,0.125,0.0,0.0,0.0,0.0,26.0,1.0,0.3333333333333333
https://kubernetes.io/news,hard,0,1.0,1,kubernetes.io,kubernetes.io,io,,26.0,13.0,0.0,0.0,1.0,0.0,0.19230769230769232,0.0,0.0,0.0,0.0,0.0,5.0,0.0,0.4
https://chase.com/downloads/latest,hard,0,1.0,1,chase.com,chase.com,com,,34.0,9.0,0.0,0.0,1.0,0.0,0.17647058823529413,0.0,0.0,0.0,0.0,0.0,17.0,1.0,0.4
https://bestbuy.com/repos/example/project,hard,0,1.0,1,bestbuy.com,bestbuy.com,com,,41.0,11.0,0.0,0.0,1.0,0.0,0.17073170731707318,0.0,0.0,0.0,0.0,0.0,22.0,0.0,0.2857142857142857
https://www.zoom.us/download,hard,0,1.0,1,www.zoom.us,zoom.us,us,www,28.0,11.0,0.0,1.0,1.0,0.0,0.21428571428571427,0.0,0.0,0.0,0.85,0.0,9.0,0.0,0.5
https://khanacademy.org/technology,hard,0,1.0,1,khanacademy.org,khanacademy.org,org,,34.0,15.0,0.0,0.0,1.0,0.0,0.14705882352941177,0.0,0.0,0.0,0.0,0.0,11.0,0.0,0.36363636363636365
https://www.pypi.org/forum,hard,0,1.0,1,www.pypi.org,pypi.org,org,www,26.0,12.0,0.0,1.0,1.0,0.0,0.23076923076923078,0.0,0.0,0.0,0.0,0.0,6.0,0.0,0.25
https://apple.com/features,hard,0,1.0,1,apple.com,apple.com,com,,26.0,9.0,0.0,0.0,1.0,0.0,0.19230769230769232,0.0,0.0,0.0,0.0,0.0,9.0,1.0,0.4
http://www.zoom.us/settings,hard,0,1.0,1,www.zoom.us,zoom.us,us,www,27.0,11.0,0.0,1.0,0.0,0.0,0.2222222222222222,0.0,0.0,0.0,0.85,0.0,9.0,0.0,0.5
https://www.etsy.com/features/security,hard,0,1.0,1,www.etsy.com,etsy.com,com,www,38.0,12.0,0.0,1.0,1.0,0.0,0.18421052631578946,0.0,0.0,0.0,0.0,0.0,18.0,0.0,0.25
https://airbnb.com/products/electronics,hard,0,1.0,1,airbnb.com,airbnb.com,com,,39.0,10.0,0.0,0.0,1.0,0.0,0.15384615384615385,0.0,0.0,0.0,0.0,0.0,21.0,0.0,0.3333333333333333
https://etsy.com/api/v1/users,hard,0,1.0,1,etsy.com,etsy.com,com,,29.0,8.0,0.0,0.0,1.0,0.0,0.2413793103448276,0.034482758620689655,0.0,0.0,0.0,0.0,13.0,0.0,0.25
https://shopify.com/science,hard,0,1.0,1,shopify.com,shopify.com,com,,27.0,11.0,0.0,0.0,1.0,0.0,0.18518518518518517,0.0,0.0,0.0,0.0,0.0,8.0,0.0,0.2857142857142857
https://blogger.com/questions/12345/how-to-parse-json,hard,0,1.0,1,blogger.com,blogger.com,com,,53.0,11.0,0.0,0.0,1.0,0.0,0.18867924528301888,0.09433962264150944,0.0,0.0,0.0,0.0,34.0,0.0,0.2857142857142857
https://www.cdc.gov/order/confirmation/778213,hard,0,1.0,1,www.cdc.gov,cdc.gov,gov,www,45.0,11.0,0.0,1.0,1.0,0.0,0.17777777777777778,0.13333333333333333,0.0,0.0,0.0,0.0,26.0,0.0,0.0
https://wsj.com/api/v1/users,hard,0,1.0,1,wsj.com,wsj.com,com,,28.0,7.0,0.0,0.0,1.0,0.0,0.25,0.03571428571428571,0.0,0.0,0.0,0.0,13.0,0.0,0.0
https://bestbuy.com/pull/2031,hard,0,1.0,1,bestbuy.com,bestbuy.com,com,,29.0,11.0,0.0,0.0,1.0,0.0,0.20689655172413793,0.13793103448275862,0.0,0.0,0.0,0.0,10.0,0.0,0.2857142857142857
https://www.bestbuy.com/issues/1042,hard,0,1.0,1,www.bestbuy.com,bestbuy.com,com,www,35.0,15.0,0.0,1.0,1.0,0.0,0.2,0.11428571428571428,0.0,0.0,0.0,0.0,12.0,0.0,0.2857142857142857
https://www.apple.com/features/security,hard,0,1.0,1,www.apple.com,apple.com,com,www,39.0,13.0,0.0,1.0,1.0,0.0,0.1794871794871795,0.0,0.0,0.0,0.0,0.0,18.0,1.0,0.4
https://bestbuy.com/careers,hard,0,1.0,1,bestbuy.com,bestbuy.com,com,,27.0,11.0,0.0,0.0,1.0,0.0,0.18518518518518517,0.0,0.0,0.0,0.0,0.0,8.0,0.0,0.2857142857142857
https://www.irs.gov/privacy,hard,0,1.0,1,www.irs.gov,irs.gov,gov,www,27.0,11.0,0.0,1.0,1.0,0.0,0.2222222222222222,0.0,0.0,0.0,0.0,0.0,8.0,0.0,0.3333333333333333
https://www.gitlab.com/issues/1042,hard,0,1.0,1,www.gitlab.com,gitlab.com,com,www,34.0,14.0,0.0,1.0,1.0,0.0,0.20588235294117646,0.11764705882352941,0.0,0.0,0.0,0.0,12.0,0.0,0.3333333333333333
https://wellsfargo.com/en-us/library,hard,0,1.0,1,wellsfargo.com,wellsfargo.com,com,,36.0,14.0,0.0,0.0,1.0,0.0,0.19444444444444445,0.0,0.0,0.0,0.0,0.0,14.0,0.0,0.3
https://www.expedia.com/settings,hard,0,1.0,1,www.expedia.com,expedia.com,com,www,32.0,15.0,0.0,1.0,1.0,0.0,0.1875,0.0,0.0,0.0,0.0,0.0,9.0,0.0,0.5714285714285714
https://medium.com/contact,hard,0,1.0,1,medium.com,medium.com,com,,26.0,10.0,0.0,0.0,1.0,0.0,0.19230769230769232,0.0,0.0,0.0,0.0,0.0,8.0,0.0,0.5
https://adobe.com/sports,hard,0,1.0,1,adobe.com,adobe.com,com,,24.0,9.0,0.0,0.0,1.0,0.0,0.20833333333333334,0.0,0.0,0.0,0.0,0.0,7.0,1.0,0.6
https://open.spotify.com/blog/2025/new-features,hard,0,1.0,1,open.spotify.com,spotify.com,com,open,47.0,16.0,0.0,1.0,1.0,0.0,0.19148936170212766,0.0851063829787234,0.0,0.0,0.0,0.0,23.0,1.0,0.2857142857142857
https://aws.amazon.com/releases/tag/v2.3.1,hard,0,1.0,1,aws.amazon.com,amazon.com,com,aws,42.0,14.0,0.0,1.0,1.0,0.0,0.23809523809523808,0.07142857142857142,0.0,0.0,0.0,0.0,20.0,1.0,0.5
https://citibank.com/releases/tag/v2.3.1,hard,0,1.0,1,citibank.com,citibank.com,com,,40.0,12.0,0.0,0.0,1.0,0.0,0.225,0.075,0.0,0.0,0.0,0.0,20.0,0.0,0.375
https://store.steampowered.com/contact,hard,0,1.0,1,store.steampowered.com,steampowered.com,com,store,38.0,22.0,0.0,1.0,1.0,0.0,0.15789473684210525,0.0,0.0,0.0,0.0,0.0,8.0,0.0,0.4166666666666667
https://gov.uk/en-us/docs/Web/JavaScript,hard,0,1.0,1,gov.uk,gov.uk,uk,,40.0,6.0,0.0,0.0,1.0,0.0,0.225,0.0,0.0,0.0,0.0,0.0,26.0,0.0,0.3333333333333333
https://ebay.com/privacy,hard,0,1.0,1,ebay.com,ebay.com,com,,24.0,8.0,0.0,0.0,1.0,0.0,0.20833333333333334,0.0,0.0,0.0,0.0,0.0,8.0,1.0,0.5
https://notion.so/repos/example/project,hard,0,1.0,1,notion.so,notion.so,so,,39.0,9.0,0.0,0.0,1.0,0.0,0.1794871794871795,0.0,0.0,0.0,0.0,0.0,22.0,0.0,0.5
https://steamcommunity.com/docs/api,hard,0,1.0,1,steamcommunity.com,steamcommunity.com,com,,35.0,18.0,0.0,0.0,1.0,0.0,0.17142857142857143,0.0,0.0,0.0,0.0,0.0,9.0,0.0,0.35714285714285715
https://ibm.com/reference/functions.html,hard,0,1.0,1,ibm.com,ibm.com,com,,40.0,7.0,0.0,0.0,1.0,0.0,0.175,0.0,0.0,0.0,0.0,0.0,25.0,0.0,0.3333333333333333
https://www.wordpress.com/search,hard,0,1.0,1,www.wordpress.com,wordpress.com,com,www,32.0,17.0,0.0,1.0,1.0,0.0,0.1875,0.0,0.0,0.0,0.0,0.0,7.0,0.0,0.2222222222222222
https://uber.com/business,hard,0,1.0,1,uber.com,uber.com,com,,25.0,8.0,0.0,0.0,1.0,0.0,0.2,0.0,0.0,0.0,0.0,0.0,9.0,0.0,0.5
https://booking.com/products,hard,0,1.0,1,booking.com,booking.com,com,,28.0,11.0,0.0,0.0,1.0,0.0,0.17857142857142858,0.0,0.0,0.0,0.0,0.0,9.0,0.0,0.42857142857142855
https://www.edx.org/search?q=python+tutorial,hard,0,1.0,1,www.edx.org,edx.org,org,www,44.0,11.0,0.0,1.0,1.0,0.0,0.20454545454545456,0.0,0.0,0.0,0.0,0.0,24.0,0.0,0.3333333333333333
https://www.salesforce.com/shop/category/laptops,hard,0,1.0,1,www.salesforce.com,salesforce.com,com,www,48.0,18.0,0.0,1.0,1.0,0.0,0.16666666666666666,0.0,0.0,0.0,0.0,0.0,22.0,0.0,0.4
https://wsj.com/login,hard,0,1.0,1,wsj.com,wsj.com,com,,21.0,7.0,0.0,0.0,1.0,1.0,0.23809523809523808,0.0,0.0,0.0,0.0,0.0,6.0,0.0,0.0
https://uber.com/settings,hard,0,1.0,1,uber.com,uber.com,com,,25.0,8.0,0.0,0.0,1.0,0.0,0.2,0.0,0.0,0.0,0.0,0.0,9.0,0.0,0.5
https://pinterest.com/wiki,hard,0,1.0,1,pinterest.com,pinterest.com,com,,26.0,13.0,0.0,0.0,1.0,0.0,0.19230769230769232,0.0,0.0,0.0,0.0,0.0,5.0,0.0,0.3333333333333333
https://doordash.com/api/v2/products?page=2,hard,0,1.0,1,doordash.com,doordash.com,com,,43.0,12.0,0.0,0.0,1.0,0.0,0.20930232558139536,0.046511627906976744,0.0,0.0,0.0,0.0,22.0,0.0,0.375
https://www.oracle.com/shop/category/laptops,hard,0,1.0,1,www.oracle.com,oracle.com,com,www,44.0,14.0,0.0,1.0,1.0,0.0,0.18181818181818182,0.0,0.0,0.0,0.0,0.0,22.0,0.0,0.5
https://www.usa.gov/questions/12345/how-to-parse-json,hard,0,1.0,1,www.usa.gov,usa.gov,gov,www,53.0,11.0,0.0,1.0,1.0,0.0,0.20754716981132076,0.09433962264150944,0.0,0.0,0.0,0.0,34.0,0.0,0.6666666666666666
https://www.atlassian.com/help,hard,0,1.0,1,www.atlassian.com,atlassian.com,com,www,30.0,17.0,0.0,1.0,1.0,0.0,0.2,0.0,0.0,0.0,0.0,0.0,5.0,0.0,0.4444444444444444
https://www.mit.edu/help,hard,0,1.0,1,www.mit.edu,mit.edu,edu,www,24.0,11.0,0.0,1.0,1.0,0.0,0.25,0.0,0.0,0.0,0.0,0.0,5.0,0.0,0.3333333333333333
https://www.americanexpress.com/health,hard,0,1.0,1,www.americanexpress.com,americanexpress.com,com,www,38.0,23.0,0.0,1.0,1.0,0.0,0.15789473684210525,0.0,0.0,0.0,0.0,0.0,7.0,0.0,0.4
https://grubhub.com/search?q=python+tutorial,hard,0,1.0,1,grubhub.com,grubhub.com,com,,44.0,11.0,0.0,0.0,1.0,0.0,0.18181818181818182,0.0,0.0,0.0,0.0,0.0,24.0,0.0,0.2857142857142857
https://www.stackoverflow.com/pull/2031,hard,0,1.0,1,www.stackoverflow.com,stackoverflow.com,com,www,39.0,21.0,0.0,1.0,1.0,0.0,0.1794871794871795,0.10256410256410256,0.0,0.0,0.0,0.0,10.0,1.0,0.3076923076923077
https://developer.apple.com/news/technology,hard,0,1.0,1,developer.apple.com,apple.com,com,developer,43.0,19.0,0.0,1.0,1.0,0.0,0.16279069767441862,0.0,0.0,0.0,0.0,0.0,16.0,1.0,0.4
https://kubernetes.io/watch?v=dQw4w9WgXcQ,hard,0,1.0,1,kubernetes.io,kubernetes.io,io,,41.0,13.0,0.0,0.0,1.0,0.0,0.17073170731707318,0.04878048780487805,0.0,0.0,0.0,0.0,19.0,0.0,0.4
https://wellsfargo.com/api/v1/users,hard,0,1.0,1,wellsfargo.com,wellsfargo.com,com,,35.0,14.0,0.0,0.0,1.0,0.0,0.2,0.02857142857142857,0.0,0.0,0.0,0.0,13.0,0.0,0.3
https://www.trello.com/login,hard,0,1.0,1,www.trello.com,trello.com,com,www,28.0,14.0,0.0,1.0,1.0,1.0,0.21428571428571427,0.0,0.0,0.0,0.0,0.0,6.0,0.0,0.3333333333333333
https://steamcommunity.com/news/technology,hard,0,1.0,1,steamcommunity.com,steamcommunity.com,com,,42.0,18.0,0.0,0.0,1.0,0.0,0.14285714285714285,0.0,0.0,0.0,0.0,0.0,16.0,0.0,0.35714285714285715
https://cdc.gov/api/v2/products?page=2,hard,0,1.0,1,cdc.gov,cdc.gov,gov,,38.0,7.0,0.0,0.0,1.0,0.0,0.23684210526315788,0.05263157894736842,0.0,0.0,0.0,0.0,22.0,0.0,0.0
https://uber.com/blog/2025/new-features,hard,0,1.0,1,uber.com,uber.com,com,,39.0,8.0,0.0,0.0,1.0,0.0,0.20512820512820512,0.10256410256410256,0.0,0.0,0.0,0.0,23.0,0.0,0.5
http://booking.com/pricing,hard,0,1.0,1,booking.com,booking.com,com,,26.0,11.0,0.0,0.0,0.0,0.0,0.19230769230769232,0.0,0.0,0.0,0.0,0.0,8.0,0.0,0.42857142857142855
https://nih.gov/terms,hard,0,1.0,1,nih.gov,nih.gov,gov,,21.0,7.0,0.0,0.0,1.0,0.0,0.23809523809523808,0.0,0.0,0.0,0.0,0.0,6.0,0.0,0.3333333333333333
https://coursera.org/playlist?list=PL12345,hard,0,1.0,1,coursera.org,coursera.org,org,,42.0,12.0,0.0,0.0,1.0,0.0,0.16666666666666666,0.11904761904761904,0.0,0.0,0.0,0.0,21.0,0.0,0.5
https://news.bbc.co.uk/blog/2025/new-features,hard,0,1.0,1,news.bbc.co.uk,bbc.co.uk,uk,news.bbc,45.0,14.0,0.0,1.0,1.0,0.0,0.2222222222222222,0.08888888888888889,0.0,0.0,0.0,0.0,23.0,1.0,0.0
https://oracle.com/library/3.12,hard,0,1.0,1,oracle.com,oracle.com,com,,31.0,10.0,0.0,0.0,1.0,0.0,0.22580645161290322,0.0967741935483871,0.0,0.0,0.0,0.0,13.0,0.0,0.5
https://www.lyft.com/docs/getting-started,hard,0,1.0,1,www.lyft.com,lyft.com,com,www,41.0,12.0,0.0,1.0,1.0,0.0,0.1951219512195122,0.0,0.0,0.0,0.0,0.0,21.0,0.0,0.0
https://www.citi.com/settings,hard,0,1.0,1,www.citi.com,citi.com,com,www,29.0,12.0,0.0,1.0,1.0,0.0,0.20689655172413793,0.0,0.0,0.0,0.0,0.0,9.0,0.0,0.5
https://www.edx.org/features/security,hard,0,1.0,1,www.edx.org,edx.org,org,www,37.0,11.0,0.0,1.0,1.0,0.0,0.1891891891891892,0.0,0.0,0.0,0.0,0.0,18.0,0.0,0.3333333333333333
https://www.gov.uk/en-us/library,hard,0,1.0,1,www.gov.uk,www.gov.uk,uk,www,32.0,10.0,0.0,0.0,1.0,0.0,0.25,0.0,0.0,0.0,0.0,0.0,14.0,0.0,0.0
https://blogger.com/about,hard,0,1.0,1,blogger.com,blogger.com,com,,25.0,11.0,0.0,0.0,1.0,0.0,0.2,0.0,0.0,0.0,0.0,0.0,6.0,0.0,0.2857142857142857
http://mit.edu/technology,hard,0,1.0,1,mit.edu,mit.edu,edu,,25.0,7.0,0.0,0.0,0.0,0.0,0.2,0.0,0.0,0.0,0.0,0.0,11.0,0.0,0.3333333333333333
https://www.nih.gov/support,hard,0,1.0,1,www.nih.gov,nih.gov,gov,www,27.0,11.0,0.0,1.0,1.0,0.0,0.2222222222222222,0.0,0.0,0.0,0.0,0.0,8.0,0.0,0.3333333333333333
https://techcrunch.com/search,hard,0,1.0,1,techcrunch.com,techcrunch.com,com,,29.0,14.0,0.0,0.0,1.0,0.0,0.1724137931034483,0.0,0.0,0.0,0.0,0.0,7.0,0.0,0.2
https://store.steampowered.com/features/security,hard,0,1.0,1,store.steampowered.com,steampowered.com,com,store,48.0,22.0,0.0,1.0,1.0,0.0,0.14583333333333334,0.0,0.0,0.0,0.0,0.0,18.0,0.0,0.4166666666666667
https://www.dropbox.com/reference/functions.html,hard,0,1.0,1,www.dropbox.com,dropbox.com,com,www,48.0,15.0,0.0,1.0,1.0,0.0,0.16666666666666666,0.0,0.0,0.0,0.0,0.0,25.0,1.0,0.2857142857142857
https://www.americanexpress.com/features,hard,0,1.0,1,www.americanexpress.com,americanexpress.com,com,www,40.0,23.0,0.0,1.0,1.0,0.0,0.15,0.0,0.0,0.0,0.0,0.0,9.0,0.0,0.4
https://cdc.gov/sports,hard,0,1.0,1,cdc.gov,cdc.gov,gov,,22.0,7.0,0.0,0.0,1.0,0.0,0.22727272727272727,0.0,0.0,0.0,0.0,0.0,7.0,0.0,0.0
https://khanacademy.org/wiki,hard,0,1.0,1,khanacademy.org,khanacademy.org,org,,28.0,15.0,0.0,0.0,1.0,0.0,0.17857142857142858,0.0,0.0,0.0,0.0,0.0,5.0,0.0,0.36363636363636365
https://www.apple.com/search?q=python+tutorial,hard,0,1.0,1,www.apple.com,apple.com,com,www,46.0,13.0,0.0,1.0,1.0,0.0,0.1956521739130435,0.0,0.0,0.0,0.0,0.0,24.0,1.0,0.4
https://www.atlassian.com/wiki,hard,0,1.0,1,www.atlassian.com,atlassian.com,com,www,30.0,17.0,0.0,1.0,1.0,0.0,0.2,0.0,0.0,0.0,0.0,0.0,5.0,0.0,0.4444444444444444
https://bitbucket.org/signin,hard,0,1.0,1,bitbucket.org,bitbucket.org,org,,28.0,13.0,0.0,0.0,1.0,1.0,0.17857142857142858,0.0,0.0,0.0,0.0,0.0,7.0,0.0,0.3333333333333333
https://www.techcrunch.com/api/v2/products?page=2,hard,0,1.0,1,www.techcrunch.com,techcrunch.com,com,www,49.0,18.0,0.0,1.0,1.0,0.0,0.20408163265306123,0.04081632653061224,0.0,0.0,0.0,0.0,22.0,0.0,0.2
https://apple.com/features/security,hard,0,1.0,1,apple.com,apple.com,com,,35.0,9.0,0.0,0.0,1.0,0.0,0.17142857142857143,0.0,0.0,0.0,0.0,0.0,18.0,1.0,0.4
https://harvard.edu/wiki,hard,0,1.0,1,harvard.edu,harvard.edu,edu,,24.0,11.0,0.0,0.0,1.0,0.0,0.20833333333333334,0.0,0.0,0.0,0.0,0.0,5.0,0.0,0.2857142857142857
https://www.nytimes.com/settings,hard,0,1.0,1,www.nytimes.com,nytimes.com,com,www,32.0,15.0,0.0,1.0,1.0,0.0,0.1875,0.0,0.0,0.0,0.0,0.0,9.0,0.0,0.2857142857142857
https://gov.uk/sports,hard,0,1.0,1,gov.uk,gov.uk,uk,,21.0,6.0,0.0,0.0,1.0,0.0,0.23809523809523808,0.0,0.0,0.0,0.0,0.0,7.0,0.0,0.3333333333333333
https://airbnb.com/en-us/library,hard,0,1.0,1,airbnb.com,airbnb.com,com,,32.0,10.0,0.0,0.0,1.0,0.0,0.21875,0.0,0.0,0.0,0.0,0.0,14.0,0.0,0.3333333333333333
https://www.ebay.com/search?q=python+tutorial,hard,0,1.0,1,www.ebay.com,ebay.com,com,www,45.0,12.0,0.0,1.0,1.0,0.0,0.2,0.0,0.0,0.0,0.0,0.0,24.0,1.0,0.5
https://epicgames.com/item/98213,hard,0,1.0,1,epicgames.com,epicgames.com,com,,32.0,13.0,0.0,0.0,1.0,0.0,0.1875,0.15625,0.0,0.0,0.0,0.0,11.0,0.0,0.4444444444444444
https://techcrunch.com/,hard,0,1.0,1,techcrunch.com,techcrunch.com,com,,23.0,14.0,0.0,0.0,1.0,0.0,0.21739130434782608,0.0,0.0,0.0,0.0,0.0,1.0,0.0,0.2
https://ibm.com/signin,hard,0,1.0,1,ibm.com,ibm.com,com,,22.0,7.0,0.0,0.0,1.0,1.0,0.22727272727272727,0.0,0.0,0.0,0.0,0.0,7.0,0.0,0.3333333333333333
https://twitch.tv/playlist?list=PL12345,hard,0,1.0,1,twitch.tv,twitch.tv,tv,,39.0,9.0,0.0,0.0,1.0,0.0,0.1794871794871795,0.1282051282051282,0.0,0.0,0.0,0.0,21.0,0.0,0.16666666666666666
https://steamcommunity.com/search,hard,0,1.0,1,steamcommunity.com,steamcommunity.com,com,,33.0,18.0,0.0,0.0,1.0,0.0,0.15151515151515152,0.0,0.0,0.0,0.0,0.0,7.0,0.0,0.35714285714285715
http://usa.gov/business,hard,0,1.0,1,usa.gov,usa.gov,gov,,23.0,7.0,0.0,0.0,0.0,0.0,0.21739130434782608,0.0,0.0,0.0,0.0,0.0,9.0,0.0,0.6666666666666666
https://www.lyft.com/playlist?list=PL12345,hard,0,1.0,1,www.lyft.com,lyft.com,com,www,42.0,12.0,0.0,1.0,1.0,0.0,0.19047619047619047,0.11904761904761904,0.0,0.0,0.0,0.0,21.0,0.0,0.0
https://www.forbes.com/downloads/latest,hard,0,1.0,1,www.forbes.com,forbes.com,com,www,39.0,14.0,0.0,1.0,1.0,0.0,0.1794871794871795,0.0,0.0,0.0,0.0,0.0,17.0,1.0,0.3333333333333333
https://npmjs.com/docs/getting-started,hard,0,1.0,1,npmjs.com,npmjs.com,com,,38.0,9.0,0.0,0.0,1.0,0.0,0.18421052631578946,0.0,0.0,0.0,0.0,0.0,21.0,0.0,0.0
https://www.instagram.com/downloads/latest,hard,0,1.0,1,www.instagram.com,instagram.com,com,www,42.0,17.0,0.0,1.0,1.0,0.0,0.16666666666666666,0.0,0.0,0.0,0.0,0.0,17.0,1.0,0.3333333333333333
http://www.irs.gov/community,hard,0,1.0,1,www.irs.gov,irs.gov,gov,www,28.0,11.0,0.0,1.0,0.0,0.0,0.21428571428571427,0.0,0.0,0.0,0.0,0.0,10.0,0.0,0.3333333333333333
https://chase.com/api/v1/users,hard,0,1.0,1,chase.com,chase.com,com,,30.0,9.0,0.0,0.0,1.0,0.0,0.23333333333333334,0.03333333333333333,0.0,0.0,0.0,0.0,13.0,1.0,0.4
http://steamcommunity.com/login,hard,0,1.0,1,steamcommunity.com,steamcommunity.com,com,,31.0,18.0,0.0,0.0,0.0,1.0,0.16129032258064516,0.0,0.0,0.0,0.0,0.0,6.0,0.0,0.35714285714285715
https://npmjs.com/forum,hard,0,1.0,1,npmjs.com,npmjs.com,com,,23.0,9.0,0.0,0.0,1.0,0.0,0.21739130434782608,0.0,0.0,0.0,0.0,0.0,6.0,0.0,0.0
https://www.wsj.com/en-us/docs/Web/JavaScript,hard,0,1.0,1,www.wsj.com,wsj.com,com,www,45.0,11.0,0.0,1.0,1.0,0.0,0.2222222222222222,0.0,0.0,0.0,0.0,0.0,26.0,0.0,0.0
https://www.npmjs.com/pricing,hard,0,1.0,1,www.npmjs.com,npmjs.com,com,www,29.0,13.0,0.0,1.0,1.0,0.0,0.20689655172413793,0.0,0.0,0.0,0.0,0.0,8.0,0.0,0.0
https://uber.com/downloads/latest,hard,0,1.0,1,uber.com,uber.com,com,,33.0,8.0,0.0,0.0,1.0,0.0,0.18181818181818182,0.0,0.0,0.0,0.0,0.0,17.0,0.0,0.5
http://americanexpress.com/science,hard,0,1.0,1,americanexpress.com,americanexpress.com,com,,34.0,19.0,0.0,0.0,0.0,0.0,0.14705882352941177,0.0,0.0,0.0,0.0,0.0,8.0,0.0,0.4
https://www.stackoverflow.com/en-us/library,hard,0,1.0,1,www.stackoverflow.com,stackoverflow.com,com,www,43.0,21.0,0.0,1.0,1.0,0.0,0.18604651162790697,0.0,0.0,0.0,0.0,0.0,14.0,1.0,0.3076923076923077
http://berkeley.edu/api/v1/users,hard,0,1.0,1,berkeley.edu,berkeley.edu,edu,,32.0,12.0,0.0,0.0,0.0,0.0,0.21875,0.03125,0.0,0.0,0.0,0.0,13.0,0.0,0.375
https://mit.edu/features/security,hard,0,1.0,1,mit.edu,mit.edu,edu,,33.0,7.0,0.0,0.0,1.0,0.0,0.18181818181818182,0.0,0.0,0.0,0.0,0.0,18.0,0.0,0.3333333333333333
https://www.ibm.com/search,hard,0,1.0,1,www.ibm.com,ibm.com,com,www,26.0,11.0,0.0,1.0,1.0,0.0,0.23076923076923078,0.0,0.0,0.0,0.0,0.0,7.0,0.0,0.3333333333333333
https://www.etsy.com/item/98213,hard,0,1.0,1,www.etsy.com,etsy.com,com,www,31.0,12.0,0.0,1.0,1.0,0.0,0.22580645161290322,0.16129032258064516,0.0,0.0,0.0,0.0,11.0,0.0,0.25
https://target.com/checkout,hard,0,1.0,1,target.com,target.com,com,,27.0,10.0,0.0,0.0,1.0,0.0,0.18518518518518517,0.0,0.0,0.0,0.0,0.0,9.0,0.0,0.3333333333333333
https://www.bbc.com/search?q=python+tutorial,hard,0,1.0,1,www.bbc.com,bbc.com,com,www,44.0,11.0,0.0,1.0,1.0,0.0,0.20454545454545456,0.0,0.0,0.0,0.0,0.0,24.0,1.0,0.0
https://cloud.google.com/reference/functions.html,hard,0,1.0,1,cloud.google.com,google.com,com,cloud,49.0,16.0,0.0,1.0,1.0,0.0,0.16326530612244897,0.0,0.0,0.0,0.0,0.0,25.0,1.0,0.5
http://ebay.com/community,hard,0,1.0,1,ebay.com,ebay.com,com,,25.0,8.0,0.0,0.0,0.0,0.0,0.2,0.0,0.0,0.0,0.0,0.0,10.0,1.0,0.5
https://www.edx.org/help,hard,0,1.0,1,www.edx.org,edx.org,org,www,24.0,11.0,0.0,1.0,1.0,0.0,0.25,0.0,0.0,0.0,0.0,0.0,5.0,0.0,0.3333333333333333
https://pypi.org/wiki,hard,0,1.0,1,pypi.org,pypi.org,org,,21.0,8.0,0.0,0.0,1.0,0.0,0.23809523809523808,0.0,0.0,0.0,0.0,0.0,5.0,0.0,0.25
https://arstechnica.com/features/security,hard,0,1.0,1,arstechnica.com,arstechnica.com,com,,41.0,15.0,0.0,0.0,1.0,0.0,0.14634146341463414,0.0,0.0,0.0,0.0,0.0,18.0,0.0,0.36363636363636365
https://www.notion.so/user/johndoe,hard,0,1.0,1,www.notion.so,notion.so,so,www,34.0,13.0,0.0,1.0,1.0,0.0,0.20588235294117646,0.0,0.0,0.0,0.0,0.0,13.0,0.0,0.5
https://www.wsj.com/questions/12345/how-to-parse-json,hard,0,1.0,1,www.wsj.com,wsj.com,com,www,53.0,11.0,0.0,1.0,1.0,0.0,0.20754716981132076,0.09433962264150944,0.0,0.0,0.0,0.0,34.0,0.0,0.0
https://www.usa.gov/search,hard,0,1.0,1,www.usa.gov,usa.gov,gov,www,26.0,11.0,0.0,1.0,1.0,0.0,0.23076923076923078,0.0,0.0,0.0,0.0,0.0,7.0,0.0,0.6666666666666666
https://www.twitch.tv/reference/functions.html,hard,0,1.0,1,www.twitch.tv,twitch.tv,tv,www,46.0,13.0,0.0,1.0,1.0,0.0,0.17391304347826086,0.0,0.0,0.0,0.0,0.0,25.0,0.0,0.16666666666666666
https://gitlab.com/products/electronics,hard,0,1.0,1,gitlab.com,gitlab.com,com,,39.0,10.0,0.0,0.0,1.0,0.0,0.15384615384615385,0.0,0.0,0.0,0.0,0.0,21.0,0.0,0.3333333333333333
https://americanexpress.com/news,hard,0,1.0,1,americanexpress.com,americanexpress.com,com,,32.0,19.0,0.0,0.0,1.0,0.0,0.15625,0.0,0.0,0.0,0.0,0.0,5.0,0.0,0.4
https://www.quora.com/health,hard,0,1.0,1,www.quora.com,quora.com,com,www,28.0,13.0,0.0,1.0,1.0,0.0,0.21428571428571427,0.0,0.0,0.0,0.0,0.0,7.0,0.0,0.6
https://booking.com/features/security,hard,0,1.0,1,booking.com,booking.com,com,,37.0,11.0,0.0,0.0,1.0,0.0,0.16216216216216217,0.0,0.0,0.0,0.0,0.0,18.0,0.0,0.42857142857142855
https://www.quora.com/blog,hard,0,1.0,1,www.quora.com,quora.com,com,www,26.0,13.0,0.0,1.0,1.0,0.0,0.23076923076923078,0.0,0.0,0.0,0.0,0.0,5.0,0.0,0.6
https://chase.com/business,hard,0,1.0,1,chase.com,chase.com,com,,26.0,9.0,0.0,0.0,1.0,0.0,0.19230769230769232,0.0,0.0,0.0,0.0,0.0,9.0,1.0,0.4
https://www.wired.com/privacy,hard,0,1.0,1,www.wired.com,wired.com,com,www,29.0,13.0,0.0,1.0,1.0,0.0,0.20689655172413793,0.0,0.0,0.0,0.0,0.0,8.0,0.0,0.4
https://salesforce.com/playlist?list=PL12345,hard,0,1.0,1,salesforce.com,salesforce.com,com,,44.0,14.0,0.0,0.0,1.0,0.0,0.1590909090909091,0.11363636363636363,0.0,0.0,0.0,0.0,21.0,0.0,0.4
https://etsy.com/item/98213,hard,0,1.0,1,etsy.com,etsy.com,com,,27.0,8.0,0.0,0.0,1.0,0.0,0.2222222222222222,0.18518518518518517,0.0,0.0,0.0,0.0,11.0,0.0,0.25
https://cloudflare.com/issues/1042,hard,0,1.0,1,cloudflare.com,cloudflare.com,com,,34.0,14.0,0.0,0.0,1.0,0.0,0.17647058823529413,0.11764705882352941,0.0,0.0,0.0,0.0,12.0,0.0,0.4
https://www.wsj.com/products,hard,0,1.0,1,www.wsj.com,wsj.com,com,www,28.0,11.0,0.0,1.0,1.0,0.0,0.21428571428571427,0.0,0.0,0.0,0.0,0.0,9.0,0.0,0.0
https://wired.com/docs,hard,0,1.0,1,wired.com,wired.com,com,,22.0,9.0,0.0,0.0,1.0,0.0,0.22727272727272727,0.0,0.0,0.0,0.0,0.0,5.0,0.0,0.4
https://www.linkedin.com/en-us/docs/Web/JavaScript,hard,0,1.0,1,www.linkedin.com,linkedin.com,com,www,50.0,16.0,0.0,1.0,1.0,0.0,0.2,0.0,0.0,0.0,0.0,0.0,26.0,1.0,0.375
https://mozilla.org/reference/functions.html,hard,0,1.0,1,mozilla.org,mozilla.org,org,,44.0,11.0,0.0,0.0,1.0,0.0,0.1590909090909091,0.0,0.0,0.0,0.0,0.0,25.0,1.0,0.42857142857142855
https://www.intel.com/reference/functions.html,hard,0,1.0,1,www.intel.com,intel.com,com,www,46.0,13.0,0.0,1.0,1.0,0.0,0.17391304347826086,0.0,0.0,0.0,0.0,0.0,25.0,0.0,0.4
https://www.youtube.com/features/security,hard,0,1.0,1,www.youtube.com,youtube.com,com,www,41.0,15.0,0.0,1.0,1.0,0.0,0.17073170731707318,0.0,0.0,0.0,0.0,0.0,18.0,1.0,0.5714285714285714
https://www.docker.com/news/technology,hard,0,1.0,1,www.docker.com,docker.com,com,www,38.0,14.0,0.0,1.0,1.0,0.0,0.18421052631578946,0.0,0.0,0.0,0.0,0.0,16.0,1.0,0.3333333333333333
https://usa.gov/releases/tag/v2.3.1,hard,0,1.0,1,usa.gov,usa.gov,gov,,35.0,7.0,0.0,0.0,1.0,0.0,0.2571428571428571,0.08571428571428572,0.0,0.0,0.0,0.0,20.0,0.0,0.6666666666666666
https://www.epicgames.com/features/security,hard,0,1.0,1,www.epicgames.com,epicgames.com,com,www,43.0,17.0,0.0,1.0,1.0,0.0,0.16279069767441862,0.0,0.0,0.0,0.0,0.0,18.0,0.0,0.4444444444444444
https://www.gitlab.com/questions/12345/how-to-parse-json,hard,0,1.0,1,www.gitlab.com,gitlab.com,com,www,56.0,14.0,0.0,1.0,1.0,0.0,0.19642857142857142,0.08928571428571429,0.0,0.0,0.0,0.0,34.0,0.0,0.3333333333333333
https://atlassian.com/account,hard,0,1.0,1,atlassian.com,atlassian.com,com,,29.0,13.0,0.0,0.0,1.0,1.0,0.1724137931034483,0.0,0.0,0.0,0.0,0.0,8.0,0.0,0.4444444444444444
https://ibm.com/shop/category/laptops,hard,0,1.0,1,ibm.com,ibm.com,com,,37.0,7.0,0.0,0.0,1.0,0.0,0.1891891891891892,0.0,0.0,0.0,0.0,0.0,22.0,0.0,0.3333333333333333
http://udemy.com/releases/tag/v2.3.1,hard,0,1.0,1,udemy.com,udemy.com,com,,36.0,9.0,0.0,0.0,0.0,0.0,0.25,0.08333333333333333,0.0,0.0,0.0,0.0,20.0,0.0,0.4
https://www.wired.com/downloads/latest,hard,0,1.0,1,www.wired.com,wired.com,com,www,38.0,13.0,0.0,1.0,1.0,0.0,0.18421052631578946,0.0,0.0,0.0,0.0,0.0,17.0,0.0,0.4
https://x.com/item/98213,hard,0,1.0,1,x.com,x.com,com,,24.0,5.0,0.0,0.0,1.0,0.0,0.25,0.20833333333333334,0.0,0.0,0.0,0.0,11.0,0.0,0.0
https://www.nytimes.com/business,hard,0,1.0,1,www.nytimes.com,nytimes.com,com,www,32.0,15.0,0.0,1.0,1.0,0.0,0.1875,0.0,0.0,0.0,0.0,0.0,9.0,0.0,0.2857142857142857
https://www.harvard.edu/support,hard,0,1.0,1,www.harvard.edu,harvard.edu,edu,www,31.0,15.0,0.0,1.0,1.0,0.0,0.1935483870967742,0.0,0.0,0.0,0.0,0.0,8.0,0.0,0.2857142857142857
https://harvard.edu/reference/functions.html,hard,0,1.0,1,harvard.edu,harvard.edu,edu,,44.0,11.0,0.0,0.0,1.0,0.0,0.1590909090909091,0.0,0.0,0.0,0.0,0.0,25.0,0.0,0.2857142857142857
https://www.instagram.com/watch?v=dQw4w9WgXcQ,hard,0,1.0,1,www.instagram.com,instagram.com,com,www,45.0,17.0,0.0,1.0,1.0,0.0,0.17777777777777778,0.044444444444444446,0.0,0.0,0.0,0.0,19.0,1.0,0.3333333333333333
https://www.atlassian.com/health,hard,0,1.0,1,www.atlassian.com,atlassian.com,com,www,32.0,17.0,0.0,1.0,1.0,0.0,0.1875,0.0,0.0,0.0,0.0,0.0,7.0,0.0,0.4444444444444444
https://nih.gov/docs/getting-started,hard,0,1.0,1,nih.gov,nih.gov,gov,,36.0,7.0,0.0,0.0,1.0,0.0,0.19444444444444445,0.0,0.0,0.0,0.0,0.0,21.0,0.0,0.3333333333333333
https://www.epicgames.com/features,hard,0,1.0,1,www.epicgames.com,epicgames.com,com,www,34.0,17.0,0.0,1.0,1.0,0.0,0.17647058823529413,0.0,0.0,0.0,0.0,0.0,9.0,0.0,0.4444444444444444
https://developer.mozilla.org/item/98213,hard,0,1.0,1,developer.mozilla.org,mozilla.org,org,developer,40.0,21.0,0.0,1.0,1.0,0.0,0.175,0.125,0.0,0.0,0.0,0.0,11.0,1.0,0.42857142857142855
https://www.nvidia.com/en-us/library,hard,0,1.0,1,www.nvidia.com,nvidia.com,com,www,36.0,14.0,0.0,1.0,1.0,0.0,0.2222222222222222,0.0,0.0,0.0,0.0,0.0,14.0,0.0,0.5
https://www.quora.com/wiki,hard,0,1.0,1,www.quora.com,quora.com,com,www,26.0,13.0,0.0,1.0,1.0,0.0,0.23076923076923078,0.0,0.0,0.0,0.0,0.0,5.0,0.0,0.6
https://aws.amazon.com/api/v2/products?page=2,hard,0,1.0,1,aws.amazon.com,amazon.com,com,aws,45.0,14.0,0.0,1.0,1.0,0.0,0.2222222222222222,0.044444444444444446,0.0,0.0,0.0,0.0,22.0,1.0,0.5
https://www.epicgames.com/reference/functions.html,hard,0,1.0,1,www.epicgames.com,epicgames.com,com,www,50.0,17.0,0.0,1.0,1.0,0.0,0.16,0.0,0.0,0.0,0.0,0.0,25.0,0.0,0.4444444444444444
https://spotify.com/watch?v=dQw4w9WgXcQ,hard,0,1.0,1,spotify.com,spotify.com,com,,39.0,11.0,0.0,0.0,1.0,0.0,0.1794871794871795,0.05128205128205128,0.0,0.0,0.0,0.0,19.0,1.0,0.2857142857142857
https://oracle.com/shop/category/laptops,hard,0,1.0,1,oracle.com,oracle.com,com,,40.0,10.0,0.0,0.0,1.0,0.0,0.175,0.0,0.0,0.0,0.0,0.0,22.0,0.0,0.5
http://www.forbes.com/wiki/Main_Page,hard,0,1.0,1,www.forbes.com,forbes.com,com,www,36.0,14.0,0.0,1.0,0.0,0.0,0.2222222222222222,0.0,0.0,0.0,0.0,0.0,15.0,1.0,0.3333333333333333
https://khanacademy.org/science,hard,0,1.0,1,khanacademy.org,khanacademy.org,org,,31.0,15.0,0.0,0.0,1.0,0.0,0.16129032258064516,0.0,0.0,0.0,0.0,0.0,8.0,0.0,0.36363636363636365
https://atlassian.com/checkout,hard,0,1.0,1,atlassian.com,atlassian.com,com,,30.0,13.0,0.0,0.0,1.0,0.0,0.16666666666666666,0.0,0.0,0.0,0.0,0.0,9.0,0.0,0.4444444444444444
https://www.stackoverflow.com/issues/1042,hard,0,1.0,1,www.stackoverflow.com,stackoverflow.com,com,www,41.0,21.0,0.0,1.0,1.0,0.0,0.17073170731707318,0.0975609756097561,0.0,0.0,0.0,0.0,12.0,1.0,0.3076923076923077
https://www.salesforce.com/help,hard,0,1.0,1,www.salesforce.com,salesforce.com,com,www,31.0,18.0,0.0,1.0,1.0,0.0,0.1935483870967742,0.0,0.0,0.0,0.0,0.0,5.0,0.0,0.4
https://nytimes.com/issues/1042,hard,0,1.0,1,nytimes.com,nytimes.com,com,,31.0,11.0,0.0,0.0,1.0,0.0,0.1935483870967742,0.12903225806451613,0.0,0.0,0.0,0.0,12.0,0.0,0.2857142857142857
https://www.cloudflare.com/,hard,0,1.0,1,www.cloudflare.com,cloudflare.com,com,www,27.0,18.0,0.0,1.0,1.0,0.0,0.2222222222222222,0.0,0.0,0.0,0.0,0.0,1.0,0.0,0.4
https://www.facebook.com/questions/12345/how-to-parse-json,hard,0,1.0,1,www.facebook.com,facebook.com,com,www,58.0,16.0,0.0,1.0,1.0,0.0,0.1896551724137931,0.08620689655172414,0.0,0.0,0.0,0.0,34.0,1.0,0.5
https://khanacademy.org/search?q=python+tutorial,hard,0,1.0,1,khanacademy.org,khanacademy.org,org,,48.0,15.0,0.0,0.0,1.0,0.0,0.16666666666666666,0.0,0.0,0.0,0.0,0.0,24.0,0.0,0.36363636363636365
https://www.nasa.gov/profile,hard,0,1.0,1,www.nasa.gov,nasa.gov,gov,www,28.0,12.0,0.0,1.0,1.0,0.0,0.21428571428571427,0.0,0.0,0.0,0.0,0.0,8.0,0.0,0.5
https://www.nvidia.com/sports,hard,0,1.0,1,www.nvidia.com,nvidia.com,com,www,29.0,14.0,0.0,1.0,1.0,0.0,0.20689655172413793,0.0,0.0,0.0,0.0,0.0,7.0,0.0,0.5
https://atlassian.com/api/v2/products?page=2,hard,0,1.0,1,atlassian.com,atlassian.com,com,,44.0,13.0,0.0,0.0,1.0,0.0,0.20454545454545456,0.045454545454545456,0.0,0.0,0.0,0.0,22.0,0.0,0.4444444444444444
https://forbes.com/reference/functions.html,hard,0,1.0,1,forbes.com,forbes.com,com,,43.0,10.0,0.0,0.0,1.0,0.0,0.16279069767441862,0.0,0.0,0.0,0.0,0.0,25.0,1.0,0.3333333333333333
https://twitch.tv/issues/1042,hard,0,1.0,1,twitch.tv,twitch.tv,tv,,29.0,9.0,0.0,0.0,1.0,0.0,0.20689655172413793,0.13793103448275862,0.0,0.0,0.0,0.0,12.0,0.0,0.16666666666666666
https://instagram.com/downloads/latest,hard,0,1.0,1,instagram.com,instagram.com,com,,38.0,13.0,0.0,0.0,1.0,0.0,0.15789473684210525,0.0,0.0,0.0,0.0,0.0,17.0,1.0,0.3333333333333333
https://usa.gov/terms,hard,0,1.0,1,usa.gov,usa.gov,gov,,21.0,7.0,0.0,0.0,1.0,0.0,0.23809523809523808,0.0,0.0,0.0,0.0,0.0,6.0,0.0,0.6666666666666666
https://harvard.edu/account,hard,0,1.0,1,harvard.edu,harvard.edu,edu,,27.0,11.0,0.0,0.0,1.0,1.0,0.18518518518518517,0.0,0.0,0.0,0.0,0.0,8.0,0.0,0.2857142857142857
https://www.usa.gov/releases/tag/v2.3.1,hard,0,1.0,1,www.usa.gov,usa.gov,gov,www,39.0,11.0,0.0,1.0,1.0,0.0,0.2564102564102564,0.07692307692307693,0.0,0.0,0.0,0.0,20.0,0.0,0.6666666666666666
https://www.wired.com/world,hard,0,1.0,1,www.wired.com,wired.com,com,www,27.0,13.0,0.0,1.0,1.0,0.0,0.2222222222222222,0.0,0.0,0.0,0.0,0.0,6.0,0.0,0.4
https://cloudflare.com/library/3.12,hard,0,1.0,1,cloudflare.com,cloudflare.com,com,,35.0,14.0,0.0,0.0,1.0,0.0,0.2,0.08571428571428572,0.0,0.0,0.0,0.0,13.0,0.0,0.4
https://medium.com/order/confirmation/778213,hard,0,1.0,1,medium.com,medium.com,com,,44.0,10.0,0.0,0.0,1.0,0.0,0.1590909090909091,0.13636363636363635,0.0,0.0,0.0,0.0,26.0,0.0,0.5
https://cdc.gov/issues/1042,hard,0,1.0,1,cdc.gov,cdc.gov,gov,,27.0,7.0,0.0,0.0,1.0,0.0,0.2222222222222222,0.14814814814814814,0.0,0.0,0.0,0.0,12.0,0.0,0.0
https://wsj.com/features/security,hard,0,1.0,1,wsj.com,wsj.com,com,,33.0,7.0,0.0,0.0,1.0,0.0,0.18181818181818182,0.0,0.0,0.0,0.0,0.0,18.0,0.0,0.0
https://bestbuy.com/settings,hard,0,1.0,1,bestbuy.com,bestbuy.com,com,,28.0,11.0,0.0,0.0,1.0,0.0,0.17857142857142858,0.0,0.0,0.0,0.0,0.0,9.0,0.0,0.2857142857142857
https://www.bloomberg.com/support,hard,0,1.0,1,www.bloomberg.com,bloomberg.com,com,www,33.0,17.0,0.0,1.0,1.0,0.0,0.18181818181818182,0.0,0.0,0.0,0.0,0.0,8.0,0.0,0.3333333333333333
https://www.stackoverflow.com/api/v2/products?page=2,hard,0,1.0,1,www.stackoverflow.com,stackoverflow.com,com,www,52.0,21.0,0.0,1.0,1.0,0.0,0.19230769230769232,0.038461538461538464,0.0,0.0,0.0,0.0,22.0,1.0,0.3076923076923077
http://europa.eu/account,hard,0,1.0,1,europa.eu,europa.eu,eu,,24.0,9.0,0.0,0.0,0.0,1.0,0.20833333333333334,0.0,0.0,0.0,0.0,0.0,8.0,0.0,0.6666666666666666
https://berkeley.edu/releases/tag/v2.3.1,hard,0,1.0,1,berkeley.edu,berkeley.edu,edu,,40.0,12.0,0.0,0.0,1.0,0.0,0.225,0.075,0.0,0.0,0.0,0.0,20.0,0.0,0.375
https://www.wordpress.com/watch?v=dQw4w9WgXcQ,hard,0,1.0,1,www.wordpress.com,wordpress.com,com,www,45.0,17.0,0.0,1.0,1.0,0.0,0.17777777777777778,0.044444444444444446,0.0,0.0,0.0,0.0,19.0,0.0,0.2222222222222222
https://www.pypi.org/technology,hard,0,1.0,1,www.pypi.org,pypi.org,org,www,31.0,12.0,0.0,1.0,1.0,0.0,0.1935483870967742,0.0,0.0,0.0,0.0,0.0,11.0,0.0,0.25
https://www.amazon.com/search?q=python+tutorial,hard,0,1.0,1,www.amazon.com,amazon.com,com,www,47.0,14.0,0.0,1.0,1.0,0.0,0.19148936170212766,0.0,0.0,0.0,0.0,0.0,24.0,1.0,0.5
https://pypi.org/products/electronics,hard,0,1.0,1,pypi.org,pypi.org,org,,37.0,8.0,0.0,0.0,1.0,0.0,0.16216216216216217,0.0,0.0,0.0,0.0,0.0,21.0,0.0,0.25
https://www.gov.uk/health,hard,0,1.0,1,www.gov.uk,www.gov.uk,uk,www,25.0,10.0,0.0,0.0,1.0,0.0,0.24,0.0,0.0,0.0,0.0,0.0,7.0,0.0,0.0
https://berkeley.edu/world,hard,0,1.0,1,berkeley.edu,berkeley.edu,edu,,26.0,12.0,0.0,0.0,1.0,0.0,0.19230769230769232,0.0,0.0,0.0,0.0,0.0,6.0,0.0,0.375
https://www.theguardian.com/docs/getting-started,hard,0,1.0,1,www.theguardian.com,theguardian.com,com,www,48.0,19.0,0.0,1.0,1.0,0.0,0.16666666666666666,0.0,0.0,0.0,0.0,0.0,21.0,0.0,0.45454545454545453
https://cloudflare.com/tree/main/src,hard,0,1.0,1,cloudflare.com,cloudflare.com,com,,36.0,14.0,0.0,0.0,1.0,0.0,0.19444444444444445,0.0,0.0,0.0,0.0,0.0,14.0,0.0,0.4
https://gov.uk/tree/main/src,hard,0,1.0,1,gov.uk,gov.uk,uk,,28.0,6.0,0.0,0.0,1.0,0.0,0.25,0.0,0.0,0.0,0.0,0.0,14.0,0.0,0.3333333333333333
https://citibank.com/health,hard,0,1.0,1,citibank.com,citibank.com,com,,27.0,12.0,0.0,0.0,1.0,0.0,0.18518518518518517,0.0,0.0,0.0,0.0,0.0,7.0,0.0,0.375
https://www.bloomberg.com/world,hard,0,1.0,1,www.bloomberg.com,bloomberg.com,com,www,31.0,17.0,0.0,1.0,1.0,0.0,0.1935483870967742,0.0,0.0,0.0,0.0,0.0,6.0,0.0,0.3333333333333333
http://techcrunch.com/community,hard,0,1.0,1,techcrunch.com,techcrunch.com,com,,31.0,14.0,0.0,0.0,0.0,0.0,0.16129032258064516,0.0,0.0,0.0,0.0,0.0,10.0,0.0,0.2
https://steamcommunity.com/downloads/latest,hard,0,1.0,1,steamcommunity.com,steamcommunity.com,com,,43.0,18.0,0.0,0.0,1.0,0.0,0.13953488372093023,0.0,0.0,0.0,0.0,0.0,17.0,0.0,0.35714285714285715
https://developer.mozilla.org/news/technology,hard,0,1.0,1,developer.mozilla.org,mozilla.org,org,developer,45.0,21.0,0.0,1.0,1.0,0.0,0.15555555555555556,0.0,0.0,0.0,0.0,0.0,16.0,1.0,0.42857142857142855
https://www.salesforce.com/watch?v=dQw4w9WgXcQ,hard,0,1.0,1,www.salesforce.com,salesforce.com,com,www,46.0,18.0,0.0,1.0,1.0,0.0,0.17391304347826086,0.043478260869565216,0.0,0.0,0.0,0.0,19.0,0.0,0.4
http://www.expedia.com/docs/getting-started,hard,0,1.0,1,www.expedia.com,expedia.com,com,www,43.0,15.0,0.0,1.0,0.0,0.0,0.18604651162790697,0.0,0.0,0.0,0.0,0.0,21.0,0.0,0.5714285714285714
https://www.airbnb.com/profile,hard,0,1.0,1,www.airbnb.com,airbnb.com,com,www,30.0,14.0,0.0,1.0,1.0,0.0,0.2,0.0,0.0,0.0,0.0,0.0,8.0,0.0,0.3333333333333333
http://www.chase.com/search?q=python+tutorial,hard,0,1.0,1,www.chase.com,chase.com,com,www,45.0,13.0,0.0,1.0,0.0,0.0,0.2,0.0,0.0,0.0,0.0,0.0,24.0,1.0,0.4
https://www.salesforce.com/docs,hard,0,1.0,1,www.salesforce.com,salesforce.com,com,www,31.0,18.0,0.0,1.0,1.0,0.0,0.1935483870967742,0.0,0.0,0.0,0.0,0.0,5.0,0.0,0.4
https://atlassian.com/order/confirmation/778213,hard,0,1.0,1,atlassian.com,atlassian.com,com,,47.0,13.0,0.0,0.0,1.0,0.0,0.14893617021276595,0.1276595744680851,0.0,0.0,0.0,0.0,26.0,0.0,0.4444444444444444
https://open.spotify.com/releases/tag/v2.3.1,hard,0,1.0,1,open.spotify.com,spotify.com,com,open,44.0,16.0,0.0,1.0,1.0,0.0,0.22727272727272727,0.06818181818181818,0.0,0.0,0.0,0.0,20.0,1.0,0.2857142857142857
https://usa.gov/en-us/docs/Web/JavaScript,hard,0,1.0,1,usa.gov,usa.gov,gov,,41.0,7.0,0.0,0.0,1.0,0.0,0.21951219512195122,0.0,0.0,0.0,0.0,0.0,26.0,0.0,0.6666666666666666
https://www.shopify.com/support,hard,0,1.0,1,www.shopify.com,shopify.com,com,www,31.0,15.0,0.0,1.0,1.0,0.0,0.1935483870967742,0.0,0.0,0.0,0.0,0.0,8.0,0.0,0.2857142857142857
https://www.nih.gov/technology,hard,0,1.0,1,www.nih.gov,nih.gov,gov,www,30.0,11.0,0.0,1.0,1.0,0.0,0.2,0.0,0.0,0.0,0.0,0.0,11.0,0.0,0.3333333333333333
https://shopify.com/playlist?list=PL12345,hard,0,1.0,1,shopify.com,shopify.com,com,,41.0,11.0,0.0,0.0,1.0,0.0,0.17073170731707318,0.12195121951219512,0.0,0.0,0.0,0.0,21.0,0.0,0.2857142857142857
https://mit.edu/pricing,hard,0,1.0,1,mit.edu,mit.edu,edu,,23.0,7.0,0.0,0.0,1.0,0.0,0.21739130434782608,0.0,0.0,0.0,0.0,0.0,8.0,0.0,0.3333333333333333
https://www.cloudflare.com/products/electronics,hard,0,1.0,1,www.cloudflare.com,cloudflare.com,com,www,47.0,18.0,0.0,1.0,1.0,0.0,0.14893617021276595,0.0,0.0,0.0,0.0,0.0,21.0,0.0,0.4
https://www.expedia.com/terms,hard,0,1.0,1,www.expedia.com,expedia.com,com,www,29.0,15.0,0.0,1.0,1.0,0.0,0.20689655172413793,0.0,0.0,0.0,0.0,0.0,6.0,0.0,0.5714285714285714
https://www.cnn.com/reference/functions.html,hard,0,1.0,1,www.cnn.com,cnn.com,com,www,44.0,11.0,0.0,1.0,1.0,0.0,0.18181818181818182,0.0,0.0,0.0,0.0,0.0,25.0,1.0,0.0
https://wordpress.com/order/confirmation/778213,hard,0,1.0,1,wordpress.com,wordpress.com,com,,47.0,13.0,0.0,0.0,1.0,0.0,0.14893617021276595,0.1276595744680851,0.0,0.0,0.0,0.0,26.0,0.0,0.2222222222222222
https://www.wired.com/health,hard,0,1.0,1,www.wired.com,wired.com,com,www,28.0,13.0,0.0,1.0,1.0,0.0,0.21428571428571427,0.0,0.0,0.0,0.0,0.0,7.0,0.0,0.4
https://www.wired.com/en-us/library,hard,0,1.0,1,www.wired.com,wired.com,com,www,35.0,13.0,0.0,1.0,1.0,0.0,0.22857142857142856,0.0,0.0,0.0,0.0,0.0,14.0,0.0,0.4
https://www.booking.com/technology,hard,0,1.0,1,www.booking.com,booking.com,com,www,34.0,15.0,0.0,1.0,1.0,0.0,0.17647058823529413,0.0,0.0,0.0,0.0,0.0,11.0,0.0,0.42857142857142855
http://www.paypal.com/news/technology,hard,0,1.0,1,www.paypal.com,paypal.com,com,www,37.0,14.0,0.0,1.0,0.0,0.0,0.1891891891891892,0.0,0.0,0.0,0.0,0.0,16.0,1.0,0.3333333333333333
https://steamcommunity.com/features,hard,0,1.0,1,steamcommunity.com,steamcommunity.com,com,,35.0,18.0,0.0,0.0,1.0,0.0,0.14285714285714285,0.0,0.0,0.0,0.0,0.0,9.0,0.0,0.35714285714285715
https://pypi.org/checkout,hard,0,1.0,1,pypi.org,pypi.org,org,,25.0,8.0,0.0,0.0,1.0,0.0,0.2,0.0,0.0,0.0,0.0,0.0,9.0,0.0,0.25
https://adobe.com/releases/tag/v2.3.1,hard,0,1.0,1,adobe.com,adobe.com,com,,37.0,9.0,0.0,0.0,1.0,0.0,0.24324324324324326,0.08108108108108109,0.0,0.0,0.0,0.0,20.0,1.0,0.6
https://ibm.com/watch?v=dQw4w9WgXcQ,hard,0,1.0,1,ibm.com,ibm.com,com,,35.0,7.0,0.0,0.0,1.0,0.0,0.2,0.05714285714285714,0.0,0.0,0.0,0.0,19.0,0.0,0.3333333333333333
http://www.theguardian.com/api/v2/products?page=2,hard,0,1.0,1,www.theguardian.com,theguardian.com,com,www,49.0,19.0,0.0,1.0,0.0,0.0,0.20408163265306123,0.04081632653061224,0.0,0.0,0.0,0.0,22.0,0.0,0.45454545454545453
https://doordash.com/business,hard,0,1.0,1,doordash.com,doordash.com,com,,29.0,12.0,0.0,0.0,1.0,0.0,0.1724137931034483,0.0,0.0,0.0,0.0,0.0,9.0,0.0,0.375
https://oracle.com/downloads/latest,hard,0,1.0,1,oracle.com,oracle.com,com,,35.0,10.0,0.0,0.0,1.0,0.0,0.17142857142857143,0.0,0.0,0.0,0.0,0.0,17.0,0.0,0.5
https://twitch.tv/dashboard,hard,0,1.0,1,twitch.tv,twitch.tv,tv,,27.0,9.0,0.0,0.0,1.0,0.0,0.18518518518518517,0.0,0.0,0.0,0.0,0.0,10.0,0.0,0.16666666666666666
https://www.uber.com/signin,hard,0,1.0,1,www.uber.com,uber.com,com,www,27.0,12.0,0.0,1.0,1.0,1.0,0.2222222222222222,0.0,0.0,0.0,0.0,0.0,7.0,0.0,0.5
https://grubhub.com/search,hard,0,1.0,1,grubhub.com,grubhub.com,com,,26.0,11.0,0.0,0.0,1.0,0.0,0.19230769230769232,0.0,0.0,0.0,0.0,0.0,7.0,0.0,0.2857142857142857
https://bloomberg.com/about,hard,0,1.0,1,bloomberg.com,bloomberg.com,com,,27.0,13.0,0.0,0.0,1.0,0.0,0.18518518518518517,0.0,0.0,0.0,0.0,0.0,6.0,0.0,0.3333333333333333
https://open.spotify.com/questions/12345/how-to-parse-json,hard,0,1.0,1,open.spotify.com,spotify.com,com,open,58.0,16.0,0.0,1.0,1.0,0.0,0.1896551724137931,0.08620689655172414,0.0,0.0,0.0,0.0,34.0,1.0,0.2857142857142857
https://wsj.com/careers,hard,0,1.0,1,wsj.com,wsj.com,com,,23.0,7.0,0.0,0.0,1.0,0.0,0.21739130434782608,0.0,0.0,0.0,0.0,0.0,8.0,0.0,0.0
https://www.nih.gov/checkout,hard,0,1.0,1,www.nih.gov,nih.gov,gov,www,28.0,11.0,0.0,1.0,1.0,0.0,0.21428571428571427,0.0,0.0,0.0,0.0,0.0,9.0,0.0,0.3333333333333333
https://www.gov.uk/products/electronics,hard,0,1.0,1,www.gov.uk,www.gov.uk,uk,www,39.0,10.0,0.0,0.0,1.0,0.0,0.1794871794871795,0.0,0.0,0.0,0.0,0.0,21.0,0.0,0.0
https://notion.so/forum,hard,0,1.0,1,notion.so,notion.so,so,,23.0,9.0,0.0,0.0,1.0,0.0,0.21739130434782608,0.0,0.0,0.0,0.0,0.0,6.0,0.0,0.5
https://www.booking.com/repos/example/project,hard,0,1.0,1,www.booking.com,booking.com,com,www,45.0,15.0,0.0,1.0,1.0,0.0,0.17777777777777778,0.0,0.0,0.0,0.0,0.0,22.0,0.0,0.42857142857142855
https://www.harvard.edu/world,hard,0,1.0,1,www.harvard.edu,harvard.edu,edu,www,29.0,15.0,0.0,1.0,1.0,0.0,0.20689655172413793,0.0,0.0,0.0,0.0,0.0,6.0,0.0,0.2857142857142857
https://bitbucket.org/community,hard,0,1.0,1,bitbucket.org,bitbucket.org,org,,31.0,13.0,0.0,0.0,1.0,0.0,0.16129032258064516,0.0,0.0,0.0,0.0,0.0,10.0,0.0,0.3333333333333333
https://www.techcrunch.com/reference/functions.html,hard,0,1.0,1,www.techcrunch.com,techcrunch.com,com,www,51.0,18.0,0.0,1.0,1.0,0.0,0.1568627450980392,0.0,0.0,0.0,0.0,0.0,25.0,0.0,0.2
https://www.notion.so/docs,hard,0,1.0,1,www.notion.so,notion.so,so,www,26.0,13.0,0.0,1.0,1.0,0.0,0.23076923076923078,0.0,0.0,0.0,0.0,0.0,5.0,0.0,0.5
https://uber.com/login,hard,0,1.0,1,uber.com,uber.com,com,,22.0,8.0,0.0,0.0,1.0,1.0,0.22727272727272727,0.0,0.0,0.0,0.0,0.0,6.0,0.0,0.5
https://www.nih.gov/forum,hard,0,1.0,1,www.nih.gov,nih.gov,gov,www,25.0,11.0,0.0,1.0,1.0,0.0,0.24,0.0,0.0,0.0,0.0,0.0,6.0,0.0,0.3333333333333333
https://www.stanford.edu/watch?v=dQw4w9WgXcQ,hard,0,1.0,1,www.stanford.edu,stanford.edu,edu,www,44.0,16.0,0.0,1.0,1.0,0.0,0.18181818181818182,0.045454545454545456,0.0,0.0,0.0,0.0,19.0,0.0,0.25
https://www.khanacademy.org/download,hard,0,1.0,1,www.khanacademy.org,khanacademy.org,org,www,36.0,19.0,0.0,1.0,1.0,0.0,0.16666666666666666,0.0,0.0,0.0,0.0,0.0,9.0,0.0,0.36363636363636365
https://www.cdc.gov/en-us/docs/Web/JavaScript,hard,0,1.0,1,www.cdc.gov,cdc.gov,gov,www,45.0,11.0,0.0,1.0,1.0,0.0,0.2222222222222222,0.0,0.0,0.0,0.0,0.0,26.0,0.0,0.0
http://www.theguardian.com/docs,hard,0,1.0,1,www.theguardian.com,theguardian.com,com,www,31.0,19.0,0.0,1.0,0.0,0.0,0.1935483870967742,0.0,0.0,0.0,0.0,0.0,5.0,0.0,0.45454545454545453
https://bitbucket.org/downloads/latest,hard,0,1.0,1,bitbucket.org,bitbucket.org,org,,38.0,13.0,0.0,0.0,1.0,0.0,0.15789473684210525,0.0,0.0,0.0,0.0,0.0,17.0,0.0,0.3333333333333333
https://www.quora.com/releases/tag/v2.3.1,hard,0,1.0,1,www.quora.com,quora.com,com,www,41.0,13.0,0.0,1.0,1.0,0.0,0.24390243902439024,0.07317073170731707,0.0,0.0,0.0,0.0,20.0,0.0,0.6
https://blogger.com/pricing,hard,0,1.0,1,blogger.com,blogger.com,com,,27.0,11.0,0.0,0.0,1.0,0.0,0.18518518518518517,0.0,0.0,0.0,0.0,0.0,8.0,0.0,0.2857142857142857
https://www.theguardian.com/blog/2025/new-features,hard,0,1.0,1,www.theguardian.com,theguardian.com,com,www,50.0,19.0,0.0,1.0,1.0,0.0,0.18,0.08,0.0,0.0,0.0,0.0,23.0,0.0,0.45454545454545453
https://cnn.com/docs/getting-started,hard,0,1.0,1,cnn.com,cnn.com,com,,36.0,7.0,0.0,0.0,1.0,0.0,0.19444444444444445,0.0,0.0,0.0,0.0,0.0,21.0,1.0,0.0
https://www.expedia.com/releases/tag/v2.3.1,hard,0,1.0,1,www.expedia.com,expedia.com,com,www,43.0,15.0,0.0,1.0,1.0,0.0,0.23255813953488372,0.06976744186046512,0.0,0.0,0.0,0.0,20.0,0.0,0.5714285714285714
https://www.ebay.com/shop/category/laptops,hard,0,1.0,1,www.ebay.com,ebay.com,com,www,42.0,12.0,0.0,1.0,1.0,0.0,0.19047619047619047,0.0,0.0,0.0,0.0,0.0,22.0,1.0,0.5
https://techcrunch.com/api/v1/users,hard,0,1.0,1,techcrunch.com,techcrunch.com,com,,35.0,14.0,0.0,0.0,1.0,0.0,0.2,0.02857142857142857,0.0,0.0,0.0,0.0,13.0,0.0,0.2
https://europa.eu/products,hard,0,1.0,1,europa.eu,europa.eu,eu,,26.0,9.0,0.0,0.0,1.0,0.0,0.19230769230769232,0.0,0.0,0.0,0.0,0.0,9.0,0.0,0.6666666666666666
https://adobe.com/article/2025/06/12/world-news,hard,0,1.0,1,adobe.com,adobe.com,com,,47.0,9.0,0.0,0.0,1.0,0.0,0.2127659574468085,0.1702127659574468,0.0,0.0,0.0,0.0,30.0,1.0,0.6
https://edx.org/watch?v=dQw4w9WgXcQ,hard,0,1.0,1,edx.org,edx.org,org,,35.0,7.0,0.0,0.0,1.0,0.0,0.2,0.05714285714285714,0.0,0.0,0.0,0.0,19.0,0.0,0.3333333333333333
https://x.com/sports,hard,0,1.0,1,x.com,x.com,com,,20.0,5.0,0.0,0.0,1.0,0.0,0.25,0.0,0.0,0.0,0.0,0.0,7.0,0.0,0.0
https://www.cdc.gov/features,hard,0,1.0,1,www.cdc.gov,cdc.gov,gov,www,28.0,11.0,0.0,1.0,1.0,0.0,0.21428571428571427,0.0,0.0,0.0,0.0,0.0,9.0,0.0,0.0
https://epicgames.com/blog,hard,0,1.0,1,epicgames.com,epicgames.com,com,,26.0,13.0,0.0,0.0,1.0,0.0,0.19230769230769232,0.0,0.0,0.0,0.0,0.0,5.0,0.0,0.4444444444444444
https://www.doordash.com/api/v1/users,hard,0,1.0,1,www.doordash.com,doordash.com,com,www,37.0,16.0,0.0,1.0,1.0,0.0,0.21621621621621623,0.02702702702702703,0.0,0.0,0.0,0.0,13.0,0.0,0.375
http://www.pinterest.com/world,hard,0,1.0,1,www.pinterest.com,pinterest.com,com,www,30.0,17.0,0.0,1.0,0.0,0.0,0.2,0.0,0.0,0.0,0.0,0.0,6.0,0.0,0.3333333333333333
https://wsj.com/wiki,hard,0,1.0,1,wsj.com,wsj.com,com,,20.0,7.0,0.0,0.0,1.0,0.0,0.25,0.0,0.0,0.0,0.0,0.0,5.0,0.0,0.0
https://intel.com/features,hard,0,1.0,1,intel.com,intel.com,com,,26.0,9.0,0.0,0.0,1.0,0.0,0.19230769230769232,0.0,0.0,0.0,0.0,0.0,9.0,0.0,0.4
https://www.europa.eu/user/johndoe,hard,0,1.0,1,www.europa.eu,europa.eu,eu,www,34.0,13.0,0.0,1.0,1.0,0.0,0.20588235294117646,0.0,0.0,0.0,0.0,0.0,13.0,0.0,0.6666666666666666
https://irs.gov/watch?v=dQw4w9WgXcQ,hard,0,1.0,1,irs.gov,irs.gov,gov,,35.0,7.0,0.0,0.0,1.0,0.0,0.2,0.05714285714285714,0.0,0.0,0.0,0.0,19.0,0.0,0.3333333333333333
https://wellsfargo.com/careers,hard,0,1.0,1,wellsfargo.com,wellsfargo.com,com,,30.0,14.0,0.0,0.0,1.0,0.0,0.16666666666666666,0.0,0.0,0.0,0.0,0.0,8.0,0.0,0.3
https://techcrunch.com/en-us/docs/Web/JavaScript,hard,0,1.0,1,techcrunch.com,techcrunch.com,com,,48.0,14.0,0.0,0.0,1.0,0.0,0.1875,0.0,0.0,0.0,0.0,0.0,26.0,0.0,0.2
https://booking.com/help,hard,0,1.0,1,booking.com,booking.com,com,,24.0,11.0,0.0,0.0,1.0,0.0,0.20833333333333334,0.0,0.0,0.0,0.0,0.0,5.0,0.0,0.42857142857142855
https://www.trello.com/profile,hard,0,1.0,1,www.trello.com,trello.com,com,www,30.0,14.0,0.0,1.0,1.0,0.0,0.2,0.0,0.0,0.0,0.0,0.0,8.0,0.0,0.3333333333333333
https://airbnb.com/community,hard,0,1.0,1,airbnb.com,airbnb.com,com,,28.0,10.0,0.0,0.0,1.0,0.0,0.17857142857142858,0.0,0.0,0.0,0.0,0.0,10.0,0.0,0.3333333333333333
https://www.notion.so/products,hard,0,1.0,1,www.notion.so,notion.so,so,www,30.0,13.0,0.0,1.0,1.0,0.0,0.2,0.0,0.0,0.0,0.0,0.0,9.0,0.0,0.5
https://www.doordash.com/dashboard,hard,0,1.0,1,www.doordash.com,doordash.com,com,www,34.0,16.0,0.0,1.0,1.0,0.0,0.17647058823529413,0.0,0.0,0.0,0.0,0.0,10.0,0.0,0.375
https://irs.gov/news,hard,0,1.0,1,irs.gov,irs.gov,gov,,20.0,7.0,0.0,0.0,1.0,0.0,0.25,0.0,0.0,0.0,0.0,0.0,5.0,0.0,0.3333333333333333
https://www.shopify.com/issues/1042,hard,0,1.0,1,www.shopify.com,shopify.com,com,www,35.0,15.0,0.0,1.0,1.0,0.0,0.2,0.11428571428571428,0.0,0.0,0.0,0.0,12.0,0.0,0.2857142857142857
https://irs.gov/features/security,hard,0,1.0,1,irs.gov,irs.gov,gov,,33.0,7.0,0.0,0.0,1.0,0.0,0.18181818181818182,0.0,0.0,0.0,0.0,0.0,18.0,0.0,0.3333333333333333
https://booking.com/search,hard,0,1.0,1,booking.com,booking.com,com,,26.0,11.0,0.0,0.0,1.0,0.0,0.19230769230769232,0.0,0.0,0.0,0.0,0.0,7.0,0.0,0.42857142857142855
https://nasa.gov/careers,hard,0,1.0,1,nasa.gov,nasa.gov,gov,,24.0,8.0,0.0,0.0,1.0,0.0,0.20833333333333334,0.0,0.0,0.0,0.0,0.0,8.0,0.0,0.5
http://twitch.tv/health,hard,0,1.0,1,twitch.tv,twitch.tv,tv,,23.0,9.0,0.0,0.0,0.0,0.0,0.21739130434782608,0.0,0.0,0.0,0.0,0.0,7.0,0.0,0.16666666666666666
https://www.americanexpress.com/features/security,hard,0,1.0,1,www.americanexpress.com,americanexpress.com,com,www,49.0,23.0,0.0,1.0,1.0,0.0,0.14285714285714285,0.0,0.0,0.0,0.0,0.0,18.0,0.0,0.4
https://notion.so/wiki,hard,0,1.0,1,notion.so,notion.so,so,,22.0,9.0,0.0,0.0,1.0,0.0,0.22727272727272727,0.0,0.0,0.0,0.0,0.0,5.0,0.0,0.5
https://x.com/news/technology,hard,0,1.0,1,x.com,x.com,com,,29.0,5.0,0.0,0.0,1.0,0.0,0.20689655172413793,0.0,0.0,0.0,0.0,0.0,16.0,0.0,0.0
https://www.hsbc.com/profile,hard,0,1.0,1,www.hsbc.com,hsbc.com,com,www,28.0,12.0,0.0,1.0,1.0,0.0,0.21428571428571427,0.0,0.0,0.0,0.0,0.0,8.0,0.0,0.0
https://pypi.org/support,hard,0,1.0,1,pypi.org,pypi.org,org,,24.0,8.0,0.0,0.0,1.0,0.0,0.20833333333333334,0.0,0.0,0.0,0.0,0.0,8.0,0.0,0.25
https://www.lyft.com/shop/category/laptops,hard,0,1.0,1,www.lyft.com,lyft.com,com,www,42.0,12.0,0.0,1.0,1.0,0.0,0.19047619047619047,0.0,0.0,0.0,0.0,0.0,22.0,0.0,0.0
https://coursera.org/search,hard,0,1.0,1,coursera.org,coursera.org,org,,27.0,12.0,0.0,0.0,1.0,0.0,0.18518518518518517,0.0,0.0,0.0,0.0,0.0,7.0,0.0,0.5
https://www.trello.com/products,hard,0,1.0,1,www.trello.com,trello.com,com,www,31.0,14.0,0.0,1.0,1.0,0.0,0.1935483870967742,0.0,0.0,0.0,0.0,0.0,9.0,0.0,0.3333333333333333
https://target.com/forum,hard,0,1.0,1,target.com,target.com,com,,24.0,10.0,0.0,0.0,1.0,0.0,0.20833333333333334,0.0,0.0,0.0,0.0,0.0,6.0,0.0,0.3333333333333333
https://usa.gov/reference/functions.html,hard,0,1.0,1,usa.gov,usa.gov,gov,,40.0,7.0,0.0,0.0,1.0,0.0,0.175,0.0,0.0,0.0,0.0,0.0,25.0,0.0,0.6666666666666666
https://www.airbnb.com/,hard,0,1.0,1,www.airbnb.com,airbnb.com,com,www,23.0,14.0,0.0,1.0,1.0,0.0,0.2608695652173913,0.0,0.0,0.0,0.0,0.0,1.0,0.0,0.3333333333333333
https://theguardian.com/technology,hard,0,1.0,1,theguardian.com,theguardian.com,com,,34.0,15.0,0.0,0.0,1.0,0.0,0.14705882352941177,0.0,0.0,0.0,0.0,0.0,11.0,0.0,0.45454545454545453
https://www.wordpress.com/science,hard,0,1.0,1,www.wordpress.com,wordpress.com,com,www,33.0,17.0,0.0,1.0,1.0,0.0,0.18181818181818182,0.0,0.0,0.0,0.0,0.0,8.0,0.0,0.2222222222222222
https://europa.eu/products/electronics,hard,0,1.0,1,europa.eu,europa.eu,eu,,38.0,9.0,0.0,0.0,1.0,0.0,0.15789473684210525,0.0,0.0,0.0,0.0,0.0,21.0,0.0,0.6666666666666666
https://trello.com/settings,hard,0,1.0,1,trello.com,trello.com,com,,27.0,10.0,0.0,0.0,1.0,0.0,0.18518518518518517,0.0,0.0,0.0,0.0,0.0,9.0,0.0,0.3333333333333333
https://www.netflix.com/en-us/docs/Web/JavaScript,hard,0,1.0,1,www.netflix.com,netflix.com,com,www,49.0,15.0,0.0,1.0,1.0,0.0,0.20408163265306123,0.0,0.0,0.0,0.0,0.0,26.0,1.0,0.2857142857142857
https://americanexpress.com/article/2025/06/12/world-news,hard,0,1.0,1,americanexpress.com,americanexpress.com,com,,57.0,19.0,0.0,0.0,1.0,0.0,0.17543859649122806,0.14035087719298245,0.0,0.0,0.0,0.0,30.0,0.0,0.4
https://docs.python.org/business,hard,0,1.0,1,docs.python.org,python.org,org,docs,32.0,15.0,0.0,1.0,1.0,0.0,0.1875,0.0,0.0,0.0,0.0,0.0,9.0,0.0,0.16666666666666666
https://www.bloomberg.com/careers,hard,0,1.0,1,www.bloomberg.com,bloomberg.com,com,www,33.0,17.0,0.0,1.0,1.0,0.0,0.18181818181818182,0.0,0.0,0.0,0.0,0.0,8.0,0.0,0.3333333333333333
https://www.lyft.com/downloads/latest,hard,0,1.0,1,www.lyft.com,lyft.com,com,www,37.0,12.0,0.0,1.0,1.0,0.0,0.1891891891891892,0.0,0.0,0.0,0.0,0.0,17.0,0.0,0.0
https://www.usa.gov/science,hard,0,1.0,1,www.usa.gov,usa.gov,gov,www,27.0,11.0,0.0,1.0,1.0,0.0,0.2222222222222222,0.0,0.0,0.0,0.0,0.0,8.0,0.0,0.6666666666666666
https://bestbuy.com/,hard,0,1.0,1,bestbuy.com,bestbuy.com,com,,20.0,11.0,0.0,0.0,1.0,0.0,0.25,0.0,0.0,0.0,0.0,0.0,1.0,0.0,0.2857142857142857
https://citibank.com/api/v2/products?page=2,hard,0,1.0,1,citibank.com,citibank.com,com,,43.0,12.0,0.0,0.0,1.0,0.0,0.20930232558139536,0.046511627906976744,0.0,0.0,0.0,0.0,22.0,0.0,0.375
https://www.bankofamerica.com/order/confirmation/778213,hard,0,1.0,1,www.bankofamerica.com,bankofamerica.com,com,www,55.0,21.0,0.0,1.0,1.0,0.0,0.14545454545454545,0.10909090909090909,0.0,0.0,0.0,0.0,26.0,1.0,0.46153846153846156
https://atlassian.com/releases/tag/v2.3.1,hard,0,1.0,1,atlassian.com,atlassian.com,com,,41.0,13.0,0.0,0.0,1.0,0.0,0.21951219512195122,0.07317073170731707,0.0,0.0,0.0,0.0,20.0,0.0,0.4444444444444444
https://techcrunch.com,hard,0,1.0,1,techcrunch.com,techcrunch.com,com,,22.0,14.0,0.0,0.0,1.0,0.0,0.18181818181818182,0.0,0.0,0.0,0.0,0.0,0.0,0.0,0.2
https://www.doordash.com/en-us/docs/Web/JavaScript,hard,0,1.0,1,www.doordash.com,doordash.com,com,www,50.0,16.0,0.0,1.0,1.0,0.0,0.2,0.0,0.0,0.0,0.0,0.0,26.0,0.0,0.375
https://www.booking.com/about,hard,0,1.0,1,www.booking.com,booking.com,com,www,29.0,15.0,0.0,1.0,1.0,0.0,0.20689655172413793,0.0,0.0,0.0,0.0,0.0,6.0,0.0,0.42857142857142855
https://intel.com/download,hard,0,1.0,1,intel.com,intel.com,com,,26.0,9.0,0.0,0.0,1.0,0.0,0.19230769230769232,0.0,0.0,0.0,0.0,0.0,9.0,0.0,0.4
https://www.netflix.com/features/security,hard,0,1.0,1,www.netflix.com,netflix.com,com,www,41.0,15.0,0.0,1.0,1.0,0.0,0.17073170731707318,0.0,0.0,0.0,0.0,0.0,18.0,1.0,0.2857142857142857
https://cdc.gov/forum,hard,0,1.0,1,cdc.gov,cdc.gov,gov,,21.0,7.0,0.0,0.0,1.0,0.0,0.23809523809523808,0.0,0.0,0.0,0.0,0.0,6.0,0.0,0.0
https://www.notion.so/wiki/Main_Page,hard,0,1.0,1,www.notion.so,notion.so,so,www,36.0,13.0,0.0,1.0,1.0,0.0,0.2222222222222222,0.0,0.0,0.0,0.0,0.0,15.0,0.0,0.5
https://www.gov.uk/wiki,hard,0,1.0,1,www.gov.uk,www.gov.uk,uk,www,23.0,10.0,0.0,0.0,1.0,0.0,0.2608695652173913,0.0,0.0,0.0,0.0,0.0,5.0,0.0,0.0
https://mit.edu/technology,hard,0,1.0,1,mit.edu,mit.edu,edu,,26.0,7.0,0.0,0.0,1.0,0.0,0.19230769230769232,0.0,0.0,0.0,0.0,0.0,11.0,0.0,0.3333333333333333
https://www.uber.com/wiki,hard,0,1.0,1,www.uber.com,uber.com,com,www,25.0,12.0,0.0,1.0,1.0,0.0,0.24,0.0,0.0,0.0,0.0,0.0,5.0,0.0,0.5
http://news.bbc.co.uk/playlist?list=PL12345,hard,0,1.0,1,news.bbc.co.uk,bbc.co.uk,uk,news.bbc,43.0,14.0,0.0,1.0,0.0,0.0,0.20930232558139536,0.11627906976744186,0.0,0.0,0.0,0.0,21.0,1.0,0.0
https://www.trello.com/docs/api,hard,0,1.0,1,www.trello.com,trello.com,com,www,31.0,14.0,0.0,1.0,1.0,0.0,0.22580645161290322,0.0,0.0,0.0,0.0,0.0,9.0,0.0,0.3333333333333333
https://www.apple.com/products/electronics,hard,0,1.0,1,www.apple.com,apple.com,com,www,42.0,13.0,0.0,1.0,1.0,0.0,0.16666666666666666,0.0,0.0,0.0,0.0,0.0,21.0,1.0,0.4
https://irs.gov/api/v2/products?page=2,hard,0,1.0,1,irs.gov,irs.gov,gov,,38.0,7.0,0.0,0.0,1.0,0.0,0.23684210526315788,0.05263157894736842,0.0,0.0,0.0,0.0,22.0,0.0,0.3333333333333333
https://www.irs.gov/technology,hard,0,1.0,1,www.irs.gov,irs.gov,gov,www,30.0,11.0,0.0,1.0,1.0,0.0,0.2,0.0,0.0,0.0,0.0,0.0,11.0,0.0,0.3333333333333333
https://www.target.com/world,hard,0,1.0,1,www.target.com,target.com,com,www,28.0,14.0,0.0,1.0,1.0,0.0,0.21428571428571427,0.0,0.0,0.0,0.0,0.0,6.0,0.0,0.3333333333333333
https://www.notion.so/questions/12345/how-to-parse-json,hard,0,1.0,1,www.notion.so,notion.so,so,www,55.0,13.0,0.0,1.0,1.0,0.0,0.2,0.09090909090909091,0.0,0.0,0.0,0.0,34.0,0.0,0.5
https://stanford.edu/article/2025/06/12/world-news,hard,0,1.0,1,stanford.edu,stanford.edu,edu,,50.0,12.0,0.0,0.0,1.0,0.0,0.2,0.16,0.0,0.0,0.0,0.0,30.0,0.0,0.25
https://facebook.com/features/security,hard,0,1.0,1,facebook.com,facebook.com,com,,38.0,12.0,0.0,0.0,1.0,0.0,0.15789473684210525,0.0,0.0,0.0,0.0,0.0,18.0,1.0,0.5
https://doordash.com/issues/1042,hard,0,1.0,1,doordash.com,doordash.com,com,,32.0,12.0,0.0,0.0,1.0,0.0,0.1875,0.125,0.0,0.0,0.0,0.0,12.0,0.0,0.375
https://www.stanford.edu/settings,hard,0,1.0,1,www.stanford.edu,stanford.edu,edu,www,33.0,16.0,0.0,1.0,1.0,0.0,0.18181818181818182,0.0,0.0,0.0,0.0,0.0,9.0,0.0,0.25
https://berkeley.edu/business,hard,0,1.0,1,berkeley.edu,berkeley.edu,edu,,29.0,12.0,0.0,0.0,1.0,0.0,0.1724137931034483,0.0,0.0,0.0,0.0,0.0,9.0,0.0,0.375
https://www.intel.com/login,hard,0,1.0,1,www.intel.com,intel.com,com,www,27.0,13.0,0.0,1.0,1.0,1.0,0.2222222222222222,0.0,0.0,0.0,0.0,0.0,6.0,0.0,0.4
https://stanford.edu/forum,hard,0,1.0,1,stanford.edu,stanford.edu,edu,,26.0,12.0,0.0,0.0,1.0,0.0,0.19230769230769232,0.0,0.0,0.0,0.0,0.0,6.0,0.0,0.25
https://www.who.int/profile,hard,0,1.0,1,www.who.int,who.int,int,www,27.0,11.0,0.0,1.0,1.0,0.0,0.2222222222222222,0.0,0.0,0.0,0.0,0.0,8.0,0.0,0.3333333333333333
http://www.wsj.com/privacy,hard,0,1.0,1,www.wsj.com,wsj.com,com,www,26.0,11.0,0.0,1.0,0.0,0.0,0.23076923076923078,0.0,0.0,0.0,0.0,0.0,8.0,0.0,0.0
https://www.americanexpress.com/wiki,hard,0,1.0,1,www.americanexpress.com,americanexpress.com,com,www,36.0,23.0,0.0,1.0,1.0,0.0,0.16666666666666666,0.0,0.0,0.0,0.0,0.0,5.0,0.0,0.4
https://nvidia.com/world,hard,0,1.0,1,nvidia.com,nvidia.com,com,,24.0,10.0,0.0,0.0,1.0,0.0,0.20833333333333334,0.0,0.0,0.0,0.0,0.0,6.0,0.0,0.5
https://steamcommunity.com/help,hard,0,1.0,1,steamcommunity.com,steamcommunity.com,com,,31.0,18.0,0.0,0.0,1.0,0.0,0.16129032258064516,0.0,0.0,0.0,0.0,0.0,5.0,0.0,0.35714285714285715
https://www.booking.com/privacy,hard,0,1.0,1,www.booking.com,booking.com,com,www,31.0,15.0,0.0,1.0,1.0,0.0,0.1935483870967742,0.0,0.0,0.0,0.0,0.0,8.0,0.0,0.42857142857142855
https://www.expedia.com/checkout,hard,0,1.0,1,www.expedia.com,expedia.com,com,www,32.0,15.0,0.0,1.0,1.0,0.0,0.1875,0.0,0.0,0.0,0.0,0.0,9.0,0.0,0.5714285714285714
https://cloudflare.com/repos/example/project,hard,0,1.0,1,cloudflare.com,cloudflare.com,com,,44.0,14.0,0.0,0.0,1.0,0.0,0.1590909090909091,0.0,0.0,0.0,0.0,0.0,22.0,0.0,0.4
https://irs.gov/blog,hard,0,1.0,1,irs.gov,irs.gov,gov,,20.0,7.0,0.0,0.0,1.0,0.0,0.25,0.0,0.0,0.0,0.0,0.0,5.0,0.0,0.3333333333333333
https://mit.edu/tree/main/src,hard,0,1.0,1,mit.edu,mit.edu,edu,,29.0,7.0,0.0,0.0,1.0,0.0,0.2413793103448276,0.0,0.0,0.0,0.0,0.0,14.0,0.0,0.3333333333333333
https://notion.so/world,hard,0,1.0,1,notion.so,notion.so,so,,23.0,9.0,0.0,0.0,1.0,0.0,0.21739130434782608,0.0,0.0,0.0,0.0,0.0,6.0,0.0,0.5
https://gitlab.com/help,hard,0,1.0,1,gitlab.com,gitlab.com,com,,23.0,10.0,0.0,0.0,1.0,0.0,0.21739130434782608,0.0,0.0,0.0,0.0,0.0,5.0,0.0,0.3333333333333333
https://www.americanexpress.com/forum,hard,0,1.0,1,www.americanexpress.com,americanexpress.com,com,www,37.0,23.0,0.0,1.0,1.0,0.0,0.16216216216216217,0.0,0.0,0.0,0.0,0.0,6.0,0.0,0.4
https://www.booking.com/news,hard,0,1.0,1,www.booking.com,booking.com,com,www,28.0,15.0,0.0,1.0,1.0,0.0,0.21428571428571427,0.0,0.0,0.0,0.0,0.0,5.0,0.0,0.42857142857142855
https://www.nytimes.com/repos/example/project,hard,0,1.0,1,www.nytimes.com,nytimes.com,com,www,45.0,15.0,0.0,1.0,1.0,0.0,0.17777777777777778,0.0,0.0,0.0,0.0,0.0,22.0,0.0,0.2857142857142857
http://uber.com/wiki,hard,0,1.0,1,uber.com,uber.com,com,,20.0,8.0,0.0,0.0,0.0,0.0,0.25,0.0,0.0,0.0,0.0,0.0,5.0,0.0,0.5
https://nih.gov/repos/example/project,hard,0,1.0,1,nih.gov,nih.gov,gov,,37.0,7.0,0.0,0.0,1.0,0.0,0.1891891891891892,0.0,0.0,0.0,0.0,0.0,22.0,0.0,0.3333333333333333
https://www.nasa.gov/products,hard,0,1.0,1,www.nasa.gov,nasa.gov,gov,www,29.0,12.0,0.0,1.0,1.0,0.0,0.20689655172413793,0.0,0.0,0.0,0.0,0.0,9.0,0.0,0.5
https://reuters.com/profile,hard,0,1.0,1,reuters.com,reuters.com,com,,27.0,11.0,0.0,0.0,1.0,0.0,0.18518518518518517,0.0,0.0,0.0,0.0,0.0,8.0,0.0,0.42857142857142855
https://etsy.com/forum,hard,0,1.0,1,etsy.com,etsy.com,com,,22.0,8.0,0.0,0.0,1.0,0.0,0.22727272727272727,0.0,0.0,0.0,0.0,0.0,6.0,0.0,0.25
https://pypi.org/download,hard,0,1.0,1,pypi.org,pypi.org,org,,25.0,8.0,0.0,0.0,1.0,0.0,0.2,0.0,0.0,0.0,0.0,0.0,9.0,0.0,0.25
https://www.github.com/article/2025/06/12/world-news,hard,0,1.0,1,www.github.com,github.com,com,www,52.0,14.0,0.0,1.0,1.0,0.0,0.21153846153846154,0.15384615384615385,0.0,0.0,0.0,0.0,30.0,1.0,0.3333333333333333
https://www.usa.gov/products,hard,0,1.0,1,www.usa.gov,usa.gov,gov,www,28.0,11.0,0.0,1.0,1.0,0.0,0.21428571428571427,0.0,0.0,0.0,0.0,0.0,9.0,0.0,0.6666666666666666
https://nytimes.com/docs,hard,0,1.0,1,nytimes.com,nytimes.com,com,,24.0,11.0,0.0,0.0,1.0,0.0,0.20833333333333334,0.0,0.0,0.0,0.0,0.0,5.0,0.0,0.2857142857142857
https://www.nih.gov/docs/getting-started,hard,0,1.0,1,www.nih.gov,nih.gov,gov,www,40.0,11.0,0.0,1.0,1.0,0.0,0.2,0.0,0.0,0.0,0.0,0.0,21.0,0.0,0.3333333333333333
https://www.intel.com/news,hard,0,1.0,1,www.intel.com,intel.com,com,www,26.0,13.0,0.0,1.0,1.0,0.0,0.23076923076923078,0.0,0.0,0.0,0.0,0.0,5.0,0.0,0.4
https://citibank.com/user/johndoe,hard,0,1.0,1,citibank.com,citibank.com,com,,33.0,12.0,0.0,0.0,1.0,0.0,0.18181818181818182,0.0,0.0,0.0,0.0,0.0,13.0,0.0,0.375
https://intel.com/science,hard,0,1.0,1,intel.com,intel.com,com,,25.0,9.0,0.0,0.0,1.0,0.0,0.2,0.0,0.0,0.0,0.0,0.0,8.0,0.0,0.4
https://harvard.edu/docs,hard,0,1.0,1,harvard.edu,harvard.edu,edu,,24.0,11.0,0.0,0.0,1.0,0.0,0.20833333333333334,0.0,0.0,0.0,0.0,0.0,5.0,0.0,0.2857142857142857
https://epicgames.com/releases/tag/v2.3.1,hard,0,1.0,1,epicgames.com,epicgames.com,com,,41.0,13.0,0.0,0.0,1.0,0.0,0.21951219512195122,0.07317073170731707,0.0,0.0,0.0,0.0,20.0,0.0,0.4444444444444444
https://www.quora.com/sports,hard,0,1.0,1,www.quora.com,quora.com,com,www,28.0,13.0,0.0,1.0,1.0,0.0,0.21428571428571427,0.0,0.0,0.0,0.0,0.0,7.0,0.0,0.6
https://support.mozilla.org/search?q=python+tutorial,hard,0,1.0,1,support.mozilla.org,mozilla.org,org,support,52.0,19.0,0.0,1.0,1.0,0.0,0.17307692307692307,0.0,0.0,0.0,0.0,0.0,24.0,1.0,0.42857142857142855
https://lyft.com/watch?v=dQw4w9WgXcQ,hard,0,1.0,1,lyft.com,lyft.com,com,,36.0,8.0,0.0,0.0,1.0,0.0,0.19444444444444445,0.05555555555555555,0.0,0.0,0.0,0.0,19.0,0.0,0.0
https://www.europa.eu/article/2025/06/12/world-news,hard,0,1.0,1,www.europa.eu,europa.eu,eu,www,51.0,13.0,0.0,1.0,1.0,0.0,0.21568627450980393,0.1568627450980392,0.0,0.0,0.0,0.0,30.0,0.0,0.6666666666666666
https://www.shopify.com/downloads/latest,hard,0,1.0,1,www.shopify.com,shopify.com,com,www,40.0,15.0,0.0,1.0,1.0,0.0,0.175,0.0,0.0,0.0,0.0,0.0,17.0,0.0,0.2857142857142857
http://www.who.int/community,hard,0,1.0,1,www.who.int,who.int,int,www,28.0,11.0,0.0,1.0,0.0,0.0,0.21428571428571427,0.0,0.0,0.0,0.0,0.0,10.0,0.0,0.3333333333333333
https://www.expedia.com/api/v2/products?page=2,hard,0,1.0,1,www.expedia.com,expedia.com,com,www,46.0,15.0,0.0,1.0,1.0,0.0,0.21739130434782608,0.043478260869565216,0.0,0.0,0.0,0.0,22.0,0.0,0.5714285714285714
https://www.harvard.edu/download,hard,0,1.0,1,www.harvard.edu,harvard.edu,edu,www,32.0,15.0,0.0,1.0,1.0,0.0,0.1875,0.0,0.0,0.0,0.0,0.0,9.0,0.0,0.2857142857142857
https://cloud.google.com/wiki/Main_Page,hard,0,1.0,1,cloud.google.com,google.com,com,cloud,39.0,16.0,0.0,1.0,1.0,0.0,0.20512820512820512,0.0,0.0,0.0,0.0,0.0,15.0,1.0,0.5
https://x.com/order/confirmation/778213,hard,0,1.0,1,x.com,x.com,com,,39.0,5.0,0.0,0.0,1.0,0.0,0.1794871794871795,0.15384615384615385,0.0,0.0,0.0,0.0,26.0,0.0,0.0
https://aws.amazon.com/products/electronics,hard,0,1.0,1,aws.amazon.com,amazon.com,com,aws,43.0,14.0,0.0,1.0,1.0,0.0,0.16279069767441862,0.0,0.0,0.0,0.0,0.0,21.0,1.0,0.5
https://irs.gov/api/v1/users,hard,0,1.0,1,irs.gov,irs.gov,gov,,28.0,7.0,0.0,0.0,1.0,0.0,0.25,0.03571428571428571,0.0,0.0,0.0,0.0,13.0,0.0,0.3333333333333333
https://bloomberg.com/en-us/docs/Web/JavaScript,hard,0,1.0,1,bloomberg.com,bloomberg.com,com,,47.0,13.0,0.0,0.0,1.0,0.0,0.19148936170212766,0.0,0.0,0.0,0.0,0.0,26.0,0.0,0.3333333333333333
https://www.citi.com/blog/2025/new-features,hard,0,1.0,1,www.citi.com,citi.com,com,www,43.0,12.0,0.0,1.0,1.0,0.0,0.20930232558139536,0.09302325581395349,0.0,0.0,0.0,0.0,23.0,0.0,0.5
https://www.discord.com/shop/category/laptops,hard,0,1.0,1,www.discord.com,discord.com,com,www,45.0,15.0,0.0,1.0,1.0,0.0,0.17777777777777778,0.0,0.0,0.0,0.0,0.0,22.0,1.0,0.2857142857142857
https://www.doordash.com/account,hard,0,1.0,1,www.doordash.com,doordash.com,com,www,32.0,16.0,0.0,1.0,1.0,1.0,0.1875,0.0,0.0,0.0,0.0,0.0,8.0,0.0,0.375
https://cloudflare.com/downloads/latest,hard,0,1.0,1,cloudflare.com,cloudflare.com,com,,39.0,14.0,0.0,0.0,1.0,0.0,0.15384615384615385,0.0,0.0,0.0,0.0,0.0,17.0,0.0,0.4
https://docs.python.org/repos/example/project,hard,0,1.0,1,docs.python.org,python.org,org,docs,45.0,15.0,0.0,1.0,1.0,0.0,0.17777777777777778,0.0,0.0,0.0,0.0,0.0,22.0,0.0,0.16666666666666666
https://www.gov.uk/contact,hard,0,1.0,1,www.gov.uk,www.gov.uk,uk,www,26.0,10.0,0.0,0.0,1.0,0.0,0.23076923076923078,0.0,0.0,0.0,0.0,0.0,8.0,0.0,0.0
https://wordpress.com/,hard,0,1.0,1,wordpress.com,wordpress.com,com,,22.0,13.0,0.0,0.0,1.0,0.0,0.22727272727272727,0.0,0.0,0.0,0.0,0.0,1.0,0.0,0.2222222222222222
https://oracle.com/en-us/library,hard,0,1.0,1,oracle.com,oracle.com,com,,32.0,10.0,0.0,0.0,1.0,0.0,0.21875,0.0,0.0,0.0,0.0,0.0,14.0,0.0,0.5
https://bitbucket.org/en-us/library,hard,0,1.0,1,bitbucket.org,bitbucket.org,org,,35.0,13.0,0.0,0.0,1.0,0.0,0.2,0.0,0.0,0.0,0.0,0.0,14.0,0.0,0.3333333333333333
https://www.twitch.tv/privacy,hard,0,1.0,1,www.twitch.tv,twitch.tv,tv,www,29.0,13.0,0.0,1.0,1.0,0.0,0.20689655172413793,0.0,0.0,0.0,0.0,0.0,8.0,0.0,0.16666666666666666
http://store.steampowered.com/signin,hard,0,1.0,1,store.steampowered.com,steampowered.com,com,store,36.0,22.0,0.0,1.0,0.0,1.0,0.16666666666666666,0.0,0.0,0.0,0.0,0.0,7.0,0.0,0.4166666666666667
https://www.cnn.com/api/v1/users,hard,0,1.0,1,www.cnn.com,cnn.com,com,www,32.0,11.0,0.0,1.0,1.0,0.0,0.25,0.03125,0.0,0.0,0.0,0.0,13.0,1.0,0.0
https://nvidia.com/article/2025/06/12/world-news,hard,0,1.0,1,nvidia.com,nvidia.com,com,,48.0,10.0,0.0,0.0,1.0,0.0,0.20833333333333334,0.16666666666666666,0.0,0.0,0.0,0.0,30.0,0.0,0.5
https://github.com/docs/getting-started,hard,0,1.0,1,github.com,github.com,com,,39.0,10.0,0.0,0.0,1.0,0.0,0.1794871794871795,0.0,0.0,0.0,0.0,0.0,21.0,1.0,0.3333333333333333
https://www.cdc.gov/settings,hard,0,1.0,1,www.cdc.gov,cdc.gov,gov,www,28.0,11.0,0.0,1.0,1.0,0.0,0.21428571428571427,0.0,0.0,0.0,0.0,0.0,9.0,0.0,0.0
https://www.oracle.com/community,hard,0,1.0,1,www.oracle.com,oracle.com,com,www,32.0,14.0,0.0,1.0,1.0,0.0,0.1875,0.0,0.0,0.0,0.0,0.0,10.0,0.0,0.5
https://cloud.google.com/tree/main/src,hard,0,1.0,1,cloud.google.com,google.com,com,cloud,38.0,16.0,0.0,1.0,1.0,0.0,0.21052631578947367,0.0,0.0,0.0,0.0,0.0,14.0,1.0,0.5
https://wellsfargo.com/about,hard,0,1.0,1,wellsfargo.com,wellsfargo.com,com,,28.0,14.0,0.0,0.0,1.0,0.0,0.17857142857142858,0.0,0.0,0.0,0.0,0.0,6.0,0.0,0.3
http://www.github.com/blog,hard,0,1.0,1,www.github.com,github.com,com,www,26.0,14.0,0.0,1.0,0.0,0.0,0.23076923076923078,0.0,0.0,0.0,0.0,0.0,5.0,1.0,0.3333333333333333
https://harvard.edu/news/technology,hard,0,1.0,1,harvard.edu,harvard.edu,edu,,35.0,11.0,0.0,0.0,1.0,0.0,0.17142857142857143,0.0,0.0,0.0,0.0,0.0,16.0,0.0,0.2857142857142857
https://quora.com/docs/api,hard,0,1.0,1,quora.com,quora.com,com,,26.0,9.0,0.0,0.0,1.0,0.0,0.23076923076923078,0.0,0.0,0.0,0.0,0.0,9.0,0.0,0.6
https://www.youtube.com/wiki/Main_Page,hard,0,1.0,1,www.youtube.com,youtube.com,com,www,38.0,15.0,0.0,1.0,1.0,0.0,0.21052631578947367,0.0,0.0,0.0,0.0,0.0,15.0,1.0,0.5714285714285714
https://irs.gov/help,hard,0,1.0,1,irs.gov,irs.gov,gov,,20.0,7.0,0.0,0.0,1.0,0.0,0.25,0.0,0.0,0.0,0.0,0.0,5.0,0.0,0.3333333333333333
https://reddit.com/releases/tag/v2.3.1,hard,0,1.0,1,reddit.com,reddit.com,com,,38.0,10.0,0.0,0.0,1.0,0.0,0.23684210526315788,0.07894736842105263,0.0,0.0,0.0,0.0,20.0,1.0,0.3333333333333333
https://berkeley.edu/news,hard,0,1.0,1,berkeley.edu,berkeley.edu,edu,,25.0,12.0,0.0,0.0,1.0,0.0,0.2,0.0,0.0,0.0,0.0,0.0,5.0,0.0,0.375
https://www.nvidia.com/search,hard,0,1.0,1,www.nvidia.com,nvidia.com,com,www,29.0,14.0,0.0,1.0,1.0,0.0,0.20689655172413793,0.0,0.0,0.0,0.0,0.0,7.0,0.0,0.5
https://bitbucket.org/about,hard,0,1.0,1,bitbucket.org,bitbucket.org,org,,27.0,13.0,0.0,0.0,1.0,0.0,0.18518518518518517,0.0,0.0,0.0,0.0,0.0,6.0,0.0,0.3333333333333333
https://digitalocean.com/news/technology,hard,0,1.0,1,digitalocean.com,digitalocean.com,com,,40.0,16.0,0.0,0.0,1.0,0.0,0.15,0.0,0.0,0.0,0.0,0.0,16.0,0.0,0.5
https://www.atlassian.com/settings,hard,0,1.0,1,www.atlassian.com,atlassian.com,com,www,34.0,17.0,0.0,1.0,1.0,0.0,0.17647058823529413,0.0,0.0,0.0,0.0,0.0,9.0,0.0,0.4444444444444444
https://target.com/science,hard,0,1.0,1,target.com,target.com,com,,26.0,10.0,0.0,0.0,1.0,0.0,0.19230769230769232,0.0,0.0,0.0,0.0,0.0,8.0,0.0,0.3333333333333333
https://www.intel.com/health,hard,0,1.0,1,www.intel.com,intel.com,com,www,28.0,13.0,0.0,1.0,1.0,0.0,0.21428571428571427,0.0,0.0,0.0,0.0,0.0,7.0,0.0,0.4
https://www.airbnb.com/news,hard,0,1.0,1,www.airbnb.com,airbnb.com,com,www,27.0,14.0,0.0,1.0,1.0,0.0,0.2222222222222222,0.0,0.0,0.0,0.0,0.0,5.0,0.0,0.3333333333333333
https://atlassian.com/repos/example/project,hard,0,1.0,1,atlassian.com,atlassian.com,com,,43.0,13.0,0.0,0.0,1.0,0.0,0.16279069767441862,0.0,0.0,0.0,0.0,0.0,22.0,0.0,0.4444444444444444
https://shopify.com/wiki,hard,0,1.0,1,shopify.com,shopify.com,com,,24.0,11.0,0.0,0.0,1.0,0.0,0.20833333333333334,0.0,0.0,0.0,0.0,0.0,5.0,0.0,0.2857142857142857
https://developer.apple.com/repos/example/project,hard,0,1.0,1,developer.apple.com,apple.com,com,developer,49.0,19.0,0.0,1.0,1.0,0.0,0.16326530612244897,0.0,0.0,0.0,0.0,0.0,22.0,1.0,0.4
https://atlassian.com/business,hard,0,1.0,1,atlassian.com,atlassian.com,com,,30.0,13.0,0.0,0.0,1.0,0.0,0.16666666666666666,0.0,0.0,0.0,0.0,0.0,9.0,0.0,0.4444444444444444
https://nvidia.com/docs/api,hard,0,1.0,1,nvidia.com,nvidia.com,com,,27.0,10.0,0.0,0.0,1.0,0.0,0.2222222222222222,0.0,0.0,0.0,0.0,0.0,9.0,0.0,0.5
https://wikipedia.org/products/electronics,hard,0,1.0,1,wikipedia.org,wikipedia.org,org,,42.0,13.0,0.0,0.0,1.0,0.0,0.14285714285714285,0.0,0.0,0.0,0.0,0.0,21.0,1.0,0.5555555555555556
https://oracle.com/features,hard,0,1.0,1,oracle.com,oracle.com,com,,27.0,10.0,0.0,0.0,1.0,0.0,0.18518518518518517,0.0,0.0,0.0,0.0,0.0,9.0,0.0,0.5
https://www.expedia.com/features,hard,0,1.0,1,www.expedia.com,expedia.com,com,www,32.0,15.0,0.0,1.0,1.0,0.0,0.1875,0.0,0.0,0.0,0.0,0.0,9.0,0.0,0.5714285714285714
https://docs.python.org/order/confirmation/778213,hard,0,1.0,1,docs.python.org,python.org,org,docs,49.0,15.0,0.0,1.0,1.0,0.0,0.16326530612244897,0.12244897959183673,0.0,0.0,0.0,0.0,26.0,0.0,0.16666666666666666
https://developer.apple.com/en-us/docs/Web/JavaScript,hard,0,1.0,1,developer.apple.com,apple.com,com,developer,53.0,19.0,0.0,1.0,1.0,0.0,0.18867924528301888,0.0,0.0,0.0,0.0,0.0,26.0,1.0,0.4
https://chase.com/blog/2025/new-features,hard,0,1.0,1,chase.com,chase.com,com,,40.0,9.0,0.0,0.0,1.0,0.0,0.2,0.1,0.0,0.0,0.0,0.0,23.0,1.0,0.4
https://chase.com/world,hard,0,1.0,1,chase.com,chase.com,com,,23.0,9.0,0.0,0.0,1.0,0.0,0.21739130434782608,0.0,0.0,0.0,0.0,0.0,6.0,1.0,0.4
https://oracle.com/download,hard,0,1.0,1,oracle.com,oracle.com,com,,27.0,10.0,0.0,0.0,1.0,0.0,0.18518518518518517,0.0,0.0,0.0,0.0,0.0,9.0,0.0,0.5
https://atlassian.com/api/v1/users,hard,0,1.0,1,atlassian.com,atlassian.com,com,,34.0,13.0,0.0,0.0,1.0,0.0,0.20588235294117646,0.029411764705882353,0.0,0.0,0.0,0.0,13.0,0.0,0.4444444444444444
https://youtube.com/releases/tag/v2.3.1,hard,0,1.0,1,youtube.com,youtube.com,com,,39.0,11.0,0.0,0.0,1.0,0.0,0.23076923076923078,0.07692307692307693,0.0,0.0,0.0,0.0,20.0,1.0,0.5714285714285714
https://stackoverflow.com/article/2025/06/12/world-news,hard,0,1.0,1,stackoverflow.com,stackoverflow.com,com,,55.0,17.0,0.0,0.0,1.0,0.0,0.18181818181818182,0.14545454545454545,0.0,0.0,0.0,0.0,30.0,1.0,0.3076923076923077
https://uber.com/sports,hard,0,1.0,1,uber.com,uber.com,com,,23.0,8.0,0.0,0.0,1.0,0.0,0.21739130434782608,0.0,0.0,0.0,0.0,0.0,7.0,0.0,0.5
https://hsbc.com/business,hard,0,1.0,1,hsbc.com,hsbc.com,com,,25.0,8.0,0.0,0.0,1.0,0.0,0.2,0.0,0.0,0.0,0.0,0.0,9.0,0.0,0.0
https://www.expedia.com/user/johndoe,hard,0,1.0,1,www.expedia.com,expedia.com,com,www,36.0,15.0,0.0,1.0,1.0,0.0,0.19444444444444445,0.0,0.0,0.0,0.0,0.0,13.0,0.0,0.5714285714285714
https://www.discord.com/order/confirmation/778213,hard,0,1.0,1,www.discord.com,discord.com,com,www,49.0,15.0,0.0,1.0,1.0,0.0,0.16326530612244897,0.12244897959183673,0.0,0.0,0.0,0.0,26.0,1.0,0.2857142857142857
https://www.bloomberg.com/watch?v=dQw4w9WgXcQ,hard,0,1.0,1,www.bloomberg.com,bloomberg.com,com,www,45.0,17.0,0.0,1.0,1.0,0.0,0.17777777777777778,0.044444444444444446,0.0,0.0,0.0,0.0,19.0,0.0,0.3333333333333333
https://nytimes.com/download,hard,0,1.0,1,nytimes.com,nytimes.com,com,,28.0,11.0,0.0,0.0,1.0,0.0,0.17857142857142858,0.0,0.0,0.0,0.0,0.0,9.0,0.0,0.2857142857142857
https://www.cloudflare.com/playlist?list=PL12345,hard,0,1.0,1,www.cloudflare.com,cloudflare.com,com,www,48.0,18.0,0.0,1.0,1.0,0.0,0.16666666666666666,0.10416666666666667,0.0,0.0,0.0,0.0,21.0,0.0,0.4
https://www.irs.gov/search?q=python+tutorial,hard,0,1.0,1,www.irs.gov,irs.gov,gov,www,44.0,11.0,0.0,1.0,1.0,0.0,0.20454545454545456,0.0,0.0,0.0,0.0,0.0,24.0,0.0,0.3333333333333333
https://zoom.us/,hard,0,1.0,1,zoom.us,zoom.us,us,,16.0,7.0,0.0,0.0,1.0,0.0,0.3125,0.0,0.0,0.0,0.85,0.0,1.0,0.0,0.5
https://www.reuters.com/tree/main/src,hard,0,1.0,1,www.reuters.com,reuters.com,com,www,37.0,15.0,0.0,1.0,1.0,0.0,0.21621621621621623,0.0,0.0,0.0,0.0,0.0,14.0,0.0,0.42857142857142855
https://pinterest.com/privacy,hard,0,1.0,1,pinterest.com,pinterest.com,com,,29.0,13.0,0.0,0.0,1.0,0.0,0.1724137931034483,0.0,0.0,0.0,0.0,0.0,8.0,0.0,0.3333333333333333
https://www.doordash.com/,hard,0,1.0,1,www.doordash.com,doordash.com,com,www,25.0,16.0,0.0,1.0,1.0,0.0,0.24,0.0,0.0,0.0,0.0,0.0,1.0,0.0,0.375
https://www.ibm.com/search?q=python+tutorial,hard,0,1.0,1,www.ibm.com,ibm.com,com,www,44.0,11.0,0.0,1.0,1.0,0.0,0.20454545454545456,0.0,0.0,0.0,0.0,0.0,24.0,0.0,0.3333333333333333
https://medium.com/blog,hard,0,1.0,1,medium.com,medium.com,com,,23.0,10.0,0.0,0.0,1.0,0.0,0.21739130434782608,0.0,0.0,0.0,0.0,0.0,5.0,0.0,0.5
https://www.nasa.gov/article/2025/06/12/world-news,hard,0,1.0,1,www.nasa.gov,nasa.gov,gov,www,50.0,12.0,0.0,1.0,1.0,0.0,0.22,0.16,0.0,0.0,0.0,0.0,30.0,0.0,0.5
https://coursera.org/help,hard,0,1.0,1,coursera.org,coursera.org,org,,25.0,12.0,0.0,0.0,1.0,0.0,0.2,0.0,0.0,0.0,0.0,0.0,5.0,0.0,0.5
https://lyft.com/terms,hard,0,1.0,1,lyft.com,lyft.com,com,,22.0,8.0,0.0,0.0,1.0,0.0,0.22727272727272727,0.0,0.0,0.0,0.0,0.0,6.0,0.0,0.0
https://www.coursera.org/library/3.12,hard,0,1.0,1,www.coursera.org,coursera.org,org,www,37.0,16.0,0.0,1.0,1.0,0.0,0.21621621621621623,0.08108108108108109,0.0,0.0,0.0,0.0,13.0,0.0,0.5
https://trello.com/tree/main/src,hard,0,1.0,1,trello.com,trello.com,com,,32.0,10.0,0.0,0.0,1.0,0.0,0.21875,0.0,0.0,0.0,0.0,0.0,14.0,0.0,0.3333333333333333
http://booking.com/dashboard,hard,0,1.0,1,booking.com,booking.com,com,,28.0,11.0,0.0,0.0,0.0,0.0,0.17857142857142858,0.0,0.0,0.0,0.0,0.0,10.0,0.0,0.42857142857142855
https://www.europa.eu/watch?v=dQw4w9WgXcQ,hard,0,1.0,1,www.europa.eu,europa.eu,eu,www,41.0,13.0,0.0,1.0,1.0,0.0,0.1951219512195122,0.04878048780487805,0.0,0.0,0.0,0.0,19.0,0.0,0.6666666666666666
https://etsy.com/world,hard,0,1.0,1,etsy.com,etsy.com,com,,22.0,8.0,0.0,0.0,1.0,0.0,0.22727272727272727,0.0,0.0,0.0,0.0,0.0,6.0,0.0,0.25
https://reuters.com/wiki,hard,0,1.0,1,reuters.com,reuters.com,com,,24.0,11.0,0.0,0.0,1.0,0.0,0.20833333333333334,0.0,0.0,0.0,0.0,0.0,5.0,0.0,0.42857142857142855
https://citibank.com/article/2025/06/12/world-news,hard,0,1.0,1,citibank.com,citibank.com,com,,50.0,12.0,0.0,0.0,1.0,0.0,0.2,0.16,0.0,0.0,0.0,0.0,30.0,0.0,0.375
https://www.pypi.org/terms,hard,0,1.0,1,www.pypi.org,pypi.org,org,www,26.0,12.0,0.0,1.0,1.0,0.0,0.23076923076923078,0.0,0.0,0.0,0.0,0.0,6.0,0.0,0.25
https://www.bbc.com/pull/2031,hard,0,1.0,1,www.bbc.com,bbc.com,com,www,29.0,11.0,0.0,1.0,1.0,0.0,0.2413793103448276,0.13793103448275862,0.0,0.0,0.0,0.0,10.0,1.0,0.0
https://reddit.com/article/2025/06/12/world-news,hard,0,1.0,1,reddit.com,reddit.com,com,,48.0,10.0,0.0,0.0,1.0,0.0,0.20833333333333334,0.16666666666666666,0.0,0.0,0.0,0.0,30.0,1.0,0.3333333333333333
https://forbes.com/docs/getting-started,hard,0,1.0,1,forbes.com,forbes.com,com,,39.0,10.0,0.0,0.0,1.0,0.0,0.1794871794871795,0.0,0.0,0.0,0.0,0.0,21.0,1.0,0.3333333333333333
https://slack.com/wiki,hard,0,1.0,1,slack.com,slack.com,com,,22.0,9.0,0.0,0.0,1.0,0.0,0.22727272727272727,0.0,0.0,0.0,0.0,0.0,5.0,0.0,0.2
https://epicgames.com/features/security,hard,0,1.0,1,epicgames.com,epicgames.com,com,,39.0,13.0,0.0,0.0,1.0,0.0,0.15384615384615385,0.0,0.0,0.0,0.0,0.0,18.0,0.0,0.4444444444444444
https://www.notion.so/shop/category/laptops,hard,0,1.0,1,www.notion.so,notion.so,so,www,43.0,13.0,0.0,1.0,1.0,0.0,0.18604651162790697,0.0,0.0,0.0,0.0,0.0,22.0,0.0,0.5
https://apple.com/wiki,hard,0,1.0,1,apple.com,apple.com,com,,22.0,9.0,0.0,0.0,1.0,0.0,0.22727272727272727,0.0,0.0,0.0,0.0,0.0,5.0,1.0,0.4
https://who.int/item/98213,hard,0,1.0,1,who.int,who.int,int,,26.0,7.0,0.0,0.0,1.0,0.0,0.23076923076923078,0.19230769230769232,0.0,0.0,0.0,0.0,11.0,0.0,0.3333333333333333
https://cloud.google.com/en-us/library,hard,0,1.0,1,cloud.google.com,google.com,com,cloud,38.0,16.0,0.0,1.0,1.0,0.0,0.21052631578947367,0.0,0.0,0.0,0.0,0.0,14.0,1.0,0.5
https://quora.com/community,hard,0,1.0,1,quora.com,quora.com,com,,27.0,9.0,0.0,0.0,1.0,0.0,0.18518518518518517,0.0,0.0,0.0,0.0,0.0,10.0,0.0,0.6
https://shopify.com/wiki/Main_Page,hard,0,1.0,1,shopify.com,shopify.com,com,,34.0,11.0,0.0,0.0,1.0,0.0,0.20588235294117646,0.0,0.0,0.0,0.0,0.0,15.0,0.0,0.2857142857142857
https://wellsfargo.com/docs,hard,0,1.0,1,wellsfargo.com,wellsfargo.com,com,,27.0,14.0,0.0,0.0,1.0,0.0,0.18518518518518517,0.0,0.0,0.0,0.0,0.0,5.0,0.0,0.3
https://instagram.com/watch?v=dQw4w9WgXcQ,hard,0,1.0,1,instagram.com,instagram.com,com,,41.0,13.0,0.0,0.0,1.0,0.0,0.17073170731707318,0.04878048780487805,0.0,0.0,0.0,0.0,19.0,1.0,0.3333333333333333
https://npmjs.com/pull/2031,hard,0,1.0,1,npmjs.com,npmjs.com,com,,27.0,9.0,0.0,0.0,1.0,0.0,0.2222222222222222,0.14814814814814814,0.0,0.0,0.0,0.0,10.0,0.0,0.0
http://stanford.edu/checkout,hard,0,1.0,1,stanford.edu,stanford.edu,edu,,28.0,12.0,0.0,0.0,0.0,0.0,0.17857142857142858,0.0,0.0,0.0,0.0,0.0,9.0,0.0,0.25
https://www.wsj.com/en-us/library,hard,0,1.0,1,www.wsj.com,wsj.com,com,www,33.0,11.0,0.0,1.0,1.0,0.0,0.24242424242424243,0.0,0.0,0.0,0.0,0.0,14.0,0.0,0.0
https://blogger.com/article/2025/06/12/world-news,hard,0,1.0,1,blogger.com,blogger.com,com,,49.0,11.0,0.0,0.0,1.0,0.0,0.20408163265306123,0.16326530612244897,0.0,0.0,0.0,0.0,30.0,0.0,0.2857142857142857
https://twitch.tv/news/technology,hard,0,1.0,1,twitch.tv,twitch.tv,tv,,33.0,9.0,0.0,0.0,1.0,0.0,0.18181818181818182,0.0,0.0,0.0,0.0,0.0,16.0,0.0,0.16666666666666666
https://uber.com/terms,hard,0,1.0,1,uber.com,uber.com,com,,22.0,8.0,0.0,0.0,1.0,0.0,0.22727272727272727,0.0,0.0,0.0,0.0,0.0,6.0,0.0,0.5
https://npr.org/watch?v=dQw4w9WgXcQ,hard,0,1.0,1,npr.org,npr.org,org,,35.0,7.0,0.0,0.0,1.0,0.0,0.2,0.05714285714285714,0.0,0.0,0.0,0.0,19.0,0.0,0.0
https://www.harvard.edu/contact,hard,0,1.0,1,www.harvard.edu,harvard.edu,edu,www,31.0,15.0,0.0,1.0,1.0,0.0,0.1935483870967742,0.0,0.0,0.0,0.0,0.0,8.0,0.0,0.2857142857142857
https://who.int/checkout,hard,0,1.0,1,who.int,who.int,int,,24.0,7.0,0.0,0.0,1.0,0.0,0.20833333333333334,0.0,0.0,0.0,0.0,0.0,9.0,0.0,0.3333333333333333
https://www.amazon.com/news/technology,hard,0,1.0,1,www.amazon.com,amazon.com,com,www,38.0,14.0,0.0,1.0,1.0,0.0,0.18421052631578946,0.0,0.0,0.0,0.0,0.0,16.0,1.0,0.5
https://target.com/api/v2/products?page=2,hard,0,1.0,1,target.com,target.com,com,,41.0,10.0,0.0,0.0,1.0,0.0,0.21951219512195122,0.04878048780487805,0.0,0.0,0.0,0.0,22.0,0.0,0.3333333333333333
https://pinterest.com/playlist?list=PL12345,hard,0,1.0,1,pinterest.com,pinterest.com,com,,43.0,13.0,0.0,0.0,1.0,0.0,0.16279069767441862,0.11627906976744186,0.0,0.0,0.0,0.0,21.0,0.0,0.3333333333333333
https://www.gov.uk/features/security,hard,0,1.0,1,www.gov.uk,www.gov.uk,uk,www,36.0,10.0,0.0,0.0,1.0,0.0,0.19444444444444445,0.0,0.0,0.0,0.0,0.0,18.0,0.0,0.0
https://www.stanford.edu/world,hard,0,1.0,1,www.stanford.edu,stanford.edu,edu,www,30.0,16.0,0.0,1.0,1.0,0.0,0.2,0.0,0.0,0.0,0.0,0.0,6.0,0.0,0.25
https://oracle.com/wiki,hard,0,1.0,1,oracle.com,oracle.com,com,,23.0,10.0,0.0,0.0,1.0,0.0,0.21739130434782608,0.0,0.0,0.0,0.0,0.0,5.0,0.0,0.5
https://www.apple.com/en-us/docs/Web/JavaScript,hard,0,1.0,1,www.apple.com,apple.com,com,www,47.0,13.0,0.0,1.0,1.0,0.0,0.2127659574468085,0.0,0.0,0.0,0.0,0.0,26.0,1.0,0.4
https://wsj.com/en-us/docs/Web/JavaScript,hard,0,1.0,1,wsj.com,wsj.com,com,,41.0,7.0,0.0,0.0,1.0,0.0,0.21951219512195122,0.0,0.0,0.0,0.0,0.0,26.0,0.0,0.0
https://www.github.com/releases/tag/v2.3.1,hard,0,1.0,1,www.github.com,github.com,com,www,42.0,14.0,0.0,1.0,1.0,0.0,0.23809523809523808,0.07142857142857142,0.0,0.0,0.0,0.0,20.0,1.0,0.3333333333333333
http://www.usa.gov/signin,hard,0,1.0,1,www.usa.gov,usa.gov,gov,www,25.0,11.0,0.0,1.0,0.0,1.0,0.24,0.0,0.0,0.0,0.0,0.0,7.0,0.0,0.6666666666666666
https://arstechnica.com/careers,hard,0,1.0,1,arstechnica.com,arstechnica.com,com,,31.0,15.0,0.0,0.0,1.0,0.0,0.16129032258064516,0.0,0.0,0.0,0.0,0.0,8.0,0.0,0.36363636363636365
https://www.khanacademy.org/news/technology,hard,0,1.0,1,www.khanacademy.org,khanacademy.org,org,www,43.0,19.0,0.0,1.0,1.0,0.0,0.16279069767441862,0.0,0.0,0.0,0.0,0.0,16.0,0.0,0.36363636363636365
https://salesforce.com/repos/example/project,hard,0,1.0,1,salesforce.com,salesforce.com,com,,44.0,14.0,0.0,0.0,1.0,0.0,0.1590909090909091,0.0,0.0,0.0,0.0,0.0,22.0,0.0,0.4
https://console.cloud.google.com/login,hard,0,1.0,1,console.cloud.google.com,google.com,com,console.cloud,38.0,24.0,0.0,2.0,1.0,1.0,0.18421052631578946,0.0,0.0,0.0,0.0,0.0,6.0,1.0,0.5
https://target.com/en-us/library,hard,0,1.0,1,target.com,target.com,com,,32.0,10.0,0.0,0.0,1.0,0.0,0.21875,0.0,0.0,0.0,0.0,0.0,14.0,0.0,0.3333333333333333
https://wellsfargo.com/products/electronics,hard,0,1.0,1,wellsfargo.com,wellsfargo.com,com,,43.0,14.0,0.0,0.0,1.0,0.0,0.13953488372093023,0.0,0.0,0.0,0.0,0.0,21.0,0.0,0.3
http://airbnb.com/signin,hard,0,1.0,1,airbnb.com,airbnb.com,com,,24.0,10.0,0.0,0.0,0.0,1.0,0.20833333333333334,0.0,0.0,0.0,0.0,0.0,7.0,0.0,0.3333333333333333
https://www.adobe.com/reference/functions.html,hard,0,1.0,1,www.adobe.com,adobe.com,com,www,46.0,13.0,0.0,1.0,1.0,0.0,0.17391304347826086,0.0,0.0,0.0,0.0,0.0,25.0,1.0,0.6
https://doordash.com/products/electronics,hard,0,1.0,1,doordash.com,doordash.com,com,,41.0,12.0,0.0,0.0,1.0,0.0,0.14634146341463414,0.0,0.0,0.0,0.0,0.0,21.0,0.0,0.375
https://npmjs.com/health,hard,0,1.0,1,npmjs.com,npmjs.com,com,,24.0,9.0,0.0,0.0,1.0,0.0,0.20833333333333334,0.0,0.0,0.0,0.0,0.0,7.0,0.0,0.0
https://www.twitch.tv/checkout,hard,0,1.0,1,www.twitch.tv,twitch.tv,tv,www,30.0,13.0,0.0,1.0,1.0,0.0,0.2,0.0,0.0,0.0,0.0,0.0,9.0,0.0,0.16666666666666666
https://www.harvard.edu/features/security,hard,0,1.0,1,www.harvard.edu,harvard.edu,edu,www,41.0,15.0,0.0,1.0,1.0,0.0,0.17073170731707318,0.0,0.0,0.0,0.0,0.0,18.0,0.0,0.2857142857142857
https://www.doordash.com/blog,hard,0,1.0,1,www.doordash.com,doordash.com,com,www,29.0,16.0,0.0,1.0,1.0,0.0,0.20689655172413793,0.0,0.0,0.0,0.0,0.0,5.0,0.0,0.375
https://zoom.us/news/technology,hard,0,1.0,1,zoom.us,zoom.us,us,,31.0,7.0,0.0,0.0,1.0,0.0,0.1935483870967742,0.0,0.0,0.0,0.85,0.0,16.0,0.0,0.5
https://shopify.com/search,hard,0,1.0,1,shopify.com,shopify.com,com,,26.0,11.0,0.0,0.0,1.0,0.0,0.19230769230769232,0.0,0.0,0.0,0.0,0.0,7.0,0.0,0.2857142857142857
https://www.techcrunch.com/news/technology,hard,0,1.0,1,www.techcrunch.com,techcrunch.com,com,www,42.0,18.0,0.0,1.0,1.0,0.0,0.16666666666666666,0.0,0.0,0.0,0.0,0.0,16.0,0.0,0.2
https://expedia.com/sports,hard,0,1.0,1,expedia.com,expedia.com,com,,26.0,11.0,0.0,0.0,1.0,0.0,0.19230769230769232,0.0,0.0,0.0,0.0,0.0,7.0,0.0,0.5714285714285714
https://grubhub.com/account,hard,0,1.0,1,grubhub.com,grubhub.com,com,,27.0,11.0,0.0,0.0,1.0,1.0,0.18518518518518517,0.0,0.0,0.0,0.0,0.0,8.0,0.0,0.2857142857142857
https://medium.com/about,hard,0,1.0,1,medium.com,medium.com,com,,24.0,10.0,0.0,0.0,1.0,0.0,0.20833333333333334,0.0,0.0,0.0,0.0,0.0,6.0,0.0,0.5
https://berkeley.edu/reference/functions.html,hard,0,1.0,1,berkeley.edu,berkeley.edu,edu,,45.0,12.0,0.0,0.0,1.0,0.0,0.15555555555555556,0.0,0.0,0.0,0.0,0.0,25.0,0.0,0.375
https://www.google.com/search?q=python+tutorial,hard,0,1.0,1,www.google.com,google.com,com,www,47.0,14.0,0.0,1.0,1.0,0.0,0.19148936170212766,0.0,0.0,0.0,0.0,0.0,24.0,1.0,0.5
https://notion.so/technology,hard,0,1.0,1,notion.so,notion.so,so,,28.0,9.0,0.0,0.0,1.0,0.0,0.17857142857142858,0.0,0.0,0.0,0.0,0.0,11.0,0.0,0.5
https://slack.com/search,hard,0,1.0,1,slack.com,slack.com,com,,24.0,9.0,0.0,0.0,1.0,0.0,0.20833333333333334,0.0,0.0,0.0,0.0,0.0,7.0,0.0,0.2
https://pinterest.com/news,hard,0,1.0,1,pinterest.com,pinterest.com,com,,26.0,13.0,0.0,0.0,1.0,0.0,0.19230769230769232,0.0,0.0,0.0,0.0,0.0,5.0,0.0,0.3333333333333333
https://intel.com/wiki/Main_Page,hard,0,1.0,1,intel.com,intel.com,com,,32.0,9.0,0.0,0.0,1.0,0.0,0.21875,0.0,0.0,0.0,0.0,0.0,15.0,0.0,0.4
https://medium.com/en-us/docs/Web/JavaScript,hard,0,1.0,1,medium.com,medium.com,com,,44.0,10.0,0.0,0.0,1.0,0.0,0.20454545454545456,0.0,0.0,0.0,0.0,0.0,26.0,0.0,0.5
https://www.mit.edu/features/security,hard,0,1.0,1,www.mit.edu,mit.edu,edu,www,37.0,11.0,0.0,1.0,1.0,0.0,0.1891891891891892,0.0,0.0,0.0,0.0,0.0,18.0,0.0,0.3333333333333333
https://quora.com/account,hard,0,1.0,1,quora.com,quora.com,com,,25.0,9.0,0.0,0.0,1.0,1.0,0.2,0.0,0.0,0.0,0.0,0.0,8.0,0.0,0.6
https://www.bloomberg.com/pricing,hard,0,1.0,1,www.bloomberg.com,bloomberg.com,com,www,33.0,17.0,0.0,1.0,1.0,0.0,0.18181818181818182,0.0,0.0,0.0,0.0,0.0,8.0,0.0,0.3333333333333333
https://chase.com/contact,hard,0,1.0,1,chase.com,chase.com,com,,25.0,9.0,0.0,0.0,1.0,0.0,0.2,0.0,0.0,0.0,0.0,0.0,8.0,1.0,0.4
https://www.uber.com/en-us/library,hard,0,1.0,1,www.uber.com,uber.com,com,www,34.0,12.0,0.0,1.0,1.0,0.0,0.23529411764705882,0.0,0.0,0.0,0.0,0.0,14.0,0.0,0.5
http://www.oracle.com/news/technology,hard,0,1.0,1,www.oracle.com,oracle.com,com,www,37.0,14.0,0.0,1.0,0.0,0.0,0.1891891891891892,0.0,0.0,0.0,0.0,0.0,16.0,0.0,0.5
https://wired.com/order/confirmation/778213,hard,0,1.0,1,wired.com,wired.com,com,,43.0,9.0,0.0,0.0,1.0,0.0,0.16279069767441862,0.13953488372093023,0.0,0.0,0.0,0.0,26.0,0.0,0.4
https://who.int/support,hard,0,1.0,1,who.int,who.int,int,,23.0,7.0,0.0,0.0,1.0,0.0,0.21739130434782608,0.0,0.0,0.0,0.0,0.0,8.0,0.0,0.3333333333333333
https://who.int/technology,hard,0,1.0,1,who.int,who.int,int,,26.0,7.0,0.0,0.0,1.0,0.0,0.19230769230769232,0.0,0.0,0.0,0.0,0.0,11.0,0.0,0.3333333333333333
https://www.lyft.com/business,hard,0,1.0,1,www.lyft.com,lyft.com,com,www,29.0,12.0,0.0,1.0,1.0,0.0,0.20689655172413793,0.0,0.0,0.0,0.0,0.0,9.0,0.0,0.0
https://bitbucket.org/docs/getting-started,hard,0,1.0,1,bitbucket.org,bitbucket.org,org,,42.0,13.0,0.0,0.0,1.0,0.0,0.16666666666666666,0.0,0.0,0.0,0.0,0.0,21.0,0.0,0.3333333333333333
https://www.americanexpress.com/download,hard,0,1.0,1,www.americanexpress.com,americanexpress.com,com,www,40.0,23.0,0.0,1.0,1.0,0.0,0.15,0.0,0.0,0.0,0.0,0.0,9.0,0.0,0.4
https://gov.uk/api/v1/users,hard,0,1.0,1,gov.uk,gov.uk,uk,,27.0,6.0,0.0,0.0,1.0,0.0,0.25925925925925924,0.037037037037037035,0.0,0.0,0.0,0.0,13.0,0.0,0.3333333333333333
https://www.mit.edu/products/electronics,hard,0,1.0,1,www.mit.edu,mit.edu,edu,www,40.0,11.0,0.0,1.0,1.0,0.0,0.175,0.0,0.0,0.0,0.0,0.0,21.0,0.0,0.3333333333333333
https://gitlab.com/blog/2025/new-features,hard,0,1.0,1,gitlab.com,gitlab.com,com,,41.0,10.0,0.0,0.0,1.0,0.0,0.1951219512195122,0.0975609756097561,0.0,0.0,0.0,0.0,23.0,0.0,0.3333333333333333
https://npr.org/news,hard,0,1.0,1,npr.org,npr.org,org,,20.0,7.0,0.0,0.0,1.0,0.0,0.25,0.0,0.0,0.0,0.0,0.0,5.0,0.0,0.0
https://who.int/products,hard,0,1.0,1,who.int,who.int,int,,24.0,7.0,0.0,0.0,1.0,0.0,0.20833333333333334,0.0,0.0,0.0,0.0,0.0,9.0,0.0,0.3333333333333333
https://coursera.org/careers,hard,0,1.0,1,coursera.org,coursera.org,org,,28.0,12.0,0.0,0.0,1.0,0.0,0.17857142857142858,0.0,0.0,0.0,0.0,0.0,8.0,0.0,0.5
https://pinterest.com/science,hard,0,1.0,1,pinterest.com,pinterest.com,com,,29.0,13.0,0.0,0.0,1.0,0.0,0.1724137931034483,0.0,0.0,0.0,0.0,0.0,8.0,0.0,0.3333333333333333
https://epicgames.com/playlist?list=PL12345,hard,0,1.0,1,epicgames.com,epicgames.com,com,,43.0,13.0,0.0,0.0,1.0,0.0,0.16279069767441862,0.11627906976744186,0.0,0.0,0.0,0.0,21.0,0.0,0.4444444444444444
https://gitlab.com/forum,hard,0,1.0,1,gitlab.com,gitlab.com,com,,24.0,10.0,0.0,0.0,1.0,0.0,0.20833333333333334,0.0,0.0,0.0,0.0,0.0,6.0,0.0,0.3333333333333333
https://intel.com/technology,hard,0,1.0,1,intel.com,intel.com,com,,28.0,9.0,0.0,0.0,1.0,0.0,0.17857142857142858,0.0,0.0,0.0,0.0,0.0,11.0,0.0,0.4
https://grubhub.com/careers,hard,0,1.0,1,grubhub.com,grubhub.com,com,,27.0,11.0,0.0,0.0,1.0,0.0,0.18518518518518517,0.0,0.0,0.0,0.0,0.0,8.0,0.0,0.2857142857142857
https://edx.org/article/2025/06/12/world-news,hard,0,1.0,1,edx.org,edx.org,org,,45.0,7.0,0.0,0.0,1.0,0.0,0.2222222222222222,0.17777777777777778,0.0,0.0,0.0,0.0,30.0,0.0,0.3333333333333333
https://linkedin.com/playlist?list=PL12345,hard,0,1.0,1,linkedin.com,linkedin.com,com,,42.0,12.0,0.0,0.0,1.0,0.0,0.16666666666666666,0.11904761904761904,0.0,0.0,0.0,0.0,21.0,1.0,0.375
https://www.theguardian.com/downloads/latest,hard,0,1.0,1,www.theguardian.com,theguardian.com,com,www,44.0,19.0,0.0,1.0,1.0,0.0,0.1590909090909091,0.0,0.0,0.0,0.0,0.0,17.0,0.0,0.45454545454545453
https://nasa.gov/wiki/Main_Page,hard,0,1.0,1,nasa.gov,nasa.gov,gov,,31.0,8.0,0.0,0.0,1.0,0.0,0.22580645161290322,0.0,0.0,0.0,0.0,0.0,15.0,0.0,0.5
https://netflix.com/releases/tag/v2.3.1,hard,0,1.0,1,netflix.com,netflix.com,com,,39.0,11.0,0.0,0.0,1.0,0.0,0.23076923076923078,0.07692307692307693,0.0,0.0,0.0,0.0,20.0,1.0,0.2857142857142857
https://www.forbes.com/playlist?list=PL12345,hard,0,1.0,1,www.forbes.com,forbes.com,com,www,44.0,14.0,0.0,1.0,1.0,0.0,0.18181818181818182,0.11363636363636363,0.0,0.0,0.0,0.0,21.0,1.0,0.3333333333333333
https://oracle.com/support,hard,0,1.0,1,oracle.com,oracle.com,com,,26.0,10.0,0.0,0.0,1.0,0.0,0.19230769230769232,0.0,0.0,0.0,0.0,0.0,8.0,0.0,0.5
https://pinterest.com/questions/12345/how-to-parse-json,hard,0,1.0,1,pinterest.com,pinterest.com,com,,55.0,13.0,0.0,0.0,1.0,0.0,0.18181818181818182,0.09090909090909091,0.0,0.0,0.0,0.0,34.0,0.0,0.3333333333333333
https://www.booking.com/help,hard,0,1.0,1,www.booking.com,booking.com,com,www,28.0,15.0,0.0,1.0,1.0,0.0,0.21428571428571427,0.0,0.0,0.0,0.0,0.0,5.0,0.0,0.42857142857142855
https://shopify.com/sports,hard,0,1.0,1,shopify.com,shopify.com,com,,26.0,11.0,0.0,0.0,1.0,0.0,0.19230769230769232,0.0,0.0,0.0,0.0,0.0,7.0,0.0,0.2857142857142857
http://instagram.com/account,hard,0,1.0,1,instagram.com,instagram.com,com,,28.0,13.0,0.0,0.0,0.0,1.0,0.17857142857142858,0.0,0.0,0.0,0.0,0.0,8.0,1.0,0.3333333333333333
https://www.gov.uk/terms,hard,0,1.0,1,www.gov.uk,www.gov.uk,uk,www,24.0,10.0,0.0,0.0,1.0,0.0,0.25,0.0,0.0,0.0,0.0,0.0,6.0,0.0,0.0
https://www.wsj.com/technology,hard,0,1.0,1,www.wsj.com,wsj.com,com,www,30.0,11.0,0.0,1.0,1.0,0.0,0.2,0.0,0.0,0.0,0.0,0.0,11.0,0.0,0.0
https://reddit.com/questions/12345/how-to-parse-json,hard,0,1.0,1,reddit.com,reddit.com,com,,52.0,10.0,0.0,0.0,1.0,0.0,0.19230769230769232,0.09615384615384616,0.0,0.0,0.0,0.0,34.0,1.0,0.3333333333333333
http://www.shopify.com/watch?v=dQw4w9WgXcQ,hard,0,1.0,1,www.shopify.com,shopify.com,com,www,42.0,15.0,0.0,1.0,0.0,0.0,0.19047619047619047,0.047619047619047616,0.0,0.0,0.0,0.0,19.0,0.0,0.2857142857142857
https://www.airbnb.com/questions/12345/how-to-parse-json,hard,0,1.0,1,www.airbnb.com,airbnb.com,com,www,56.0,14.0,0.0,1.0,1.0,0.0,0.19642857142857142,0.08928571428571429,0.0,0.0,0.0,0.0,34.0,0.0,0.3333333333333333
https://usa.gov/questions/12345/how-to-parse-json,hard,0,1.0,1,usa.gov,usa.gov,gov,,49.0,7.0,0.0,0.0,1.0,0.0,0.20408163265306123,0.10204081632653061,0.0,0.0,0.0,0.0,34.0,0.0,0.6666666666666666
https://www.gitlab.com/settings,hard,0,1.0,1,www.gitlab.com,gitlab.com,com,www,31.0,14.0,0.0,1.0,1.0,0.0,0.1935483870967742,0.0,0.0,0.0,0.0,0.0,9.0,0.0,0.3333333333333333
https://www.wordpress.com/,hard,0,1.0,1,www.wordpress.com,wordpress.com,com,www,26.0,17.0,0.0,1.0,1.0,0.0,0.23076923076923078,0.0,0.0,0.0,0.0,0.0,1.0,0.0,0.2222222222222222
https://nytimes.com/wiki,hard,0,1.0,1,nytimes.com,nytimes.com,com,,24.0,11.0,0.0,0.0,1.0,0.0,0.20833333333333334,0.0,0.0,0.0,0.0,0.0,5.0,0.0,0.2857142857142857
https://dropbox.com/en-us/docs/Web/JavaScript,hard,0,1.0,1,dropbox.com,dropbox.com,com,,45.0,11.0,0.0,0.0,1.0,0.0,0.2,0.0,0.0,0.0,0.0,0.0,26.0,1.0,0.2857142857142857
https://medium.com/profile,hard,0,1.0,1,medium.com,medium.com,com,,26.0,10.0,0.0,0.0,1.0,0.0,0.19230769230769232,0.0,0.0,0.0,0.0,0.0,8.0,0.0,0.5
https://console.cloud.google.com/news/technology,hard,0,1.0,1,console.cloud.google.com,google.com,com,console.cloud,48.0,24.0,0.0,2.0,1.0,0.0,0.16666666666666666,0.0,0.0,0.0,0.0,0.0,16.0,1.0,0.5
https://booking.com/terms,hard,0,1.0,1,booking.com,booking.com,com,,25.0,11.0,0.0,0.0,1.0,0.0,0.2,0.0,0.0,0.0,0.0,0.0,6.0,0.0,0.42857142857142855
https://www.wired.com/about,hard,0,1.0,1,www.wired.com,wired.com,com,www,27.0,13.0,0.0,1.0,1.0,0.0,0.2222222222222222,0.0,0.0,0.0,0.0,0.0,6.0,0.0,0.4
https://www.bankofamerica.com/features/security,hard,0,1.0,1,www.bankofamerica.com,bankofamerica.com,com,www,47.0,21.0,0.0,1.0,1.0,0.0,0.14893617021276595,0.0,0.0,0.0,0.0,0.0,18.0,1.0,0.46153846153846156
https://www.coursera.org/careers,hard,0,1.0,1,www.coursera.org,coursera.org,org,www,32.0,16.0,0.0,1.0,1.0,0.0,0.1875,0.0,0.0,0.0,0.0,0.0,8.0,0.0,0.5
https://aws.amazon.com/en-us/docs/Web/JavaScript,hard,0,1.0,1,aws.amazon.com,amazon.com,com,aws,48.0,14.0,0.0,1.0,1.0,0.0,0.20833333333333334,0.0,0.0,0.0,0.0,0.0,26.0,1.0,0.5
https://docs.python.org/en-us/library,hard,0,1.0,1,docs.python.org,python.org,org,docs,37.0,15.0,0.0,1.0,1.0,0.0,0.21621621621621623,0.0,0.0,0.0,0.0,0.0,14.0,0.0,0.16666666666666666
https://www.apple.com/playlist?list=PL12345,hard,0,1.0,1,www.apple.com,apple.com,com,www,43.0,13.0,0.0,1.0,1.0,0.0,0.18604651162790697,0.11627906976744186,0.0,0.0,0.0,0.0,21.0,1.0,0.4
https://nvidia.com/community,hard,0,1.0,1,nvidia.com,nvidia.com,com,,28.0,10.0,0.0,0.0,1.0,0.0,0.17857142857142858,0.0,0.0,0.0,0.0,0.0,10.0,0.0,0.5
https://apple.com/login,hard,0,1.0,1,apple.com,apple.com,com,,23.0,9.0,0.0,0.0,1.0,1.0,0.21739130434782608,0.0,0.0,0.0,0.0,0.0,6.0,1.0,0.4
https://support.mozilla.org/repos/example/project,hard,0,1.0,1,support.mozilla.org,mozilla.org,org,support,49.0,19.0,0.0,1.0,1.0,0.0,0.16326530612244897,0.0,0.0,0.0,0.0,0.0,22.0,1.0,0.42857142857142855
https://npr.org/features/security,hard,0,1.0,1,npr.org,npr.org,org,,33.0,7.0,0.0,0.0,1.0,0.0,0.18181818181818182,0.0,0.0,0.0,0.0,0.0,18.0,0.0,0.0
https://npr.org/news/technology,hard,0,1.0,1,npr.org,npr.org,org,,31.0,7.0,0.0,0.0,1.0,0.0,0.1935483870967742,0.0,0.0,0.0,0.0,0.0,16.0,0.0,0.0
https://www.pinterest.com/order/confirmation/778213,hard,0,1.0,1,www.pinterest.com,pinterest.com,com,www,51.0,17.0,0.0,1.0,1.0,0.0,0.1568627450980392,0.11764705882352941,0.0,0.0,0.0,0.0,26.0,0.0,0.3333333333333333
https://www.npmjs.com/community,hard,0,1.0,1,www.npmjs.com,npmjs.com,com,www,31.0,13.0,0.0,1.0,1.0,0.0,0.1935483870967742,0.0,0.0,0.0,0.0,0.0,10.0,0.0,0.0
https://www.bloomberg.com/news/technology,hard,0,1.0,1,www.bloomberg.com,bloomberg.com,com,www,41.0,17.0,0.0,1.0,1.0,0.0,0.17073170731707318,0.0,0.0,0.0,0.0,0.0,16.0,0.0,0.3333333333333333
https://www.doordash.com/questions/12345/how-to-parse-json,hard,0,1.0,1,www.doordash.com,doordash.com,com,www,58.0,16.0,0.0,1.0,1.0,0.0,0.1896551724137931,0.08620689655172414,0.0,0.0,0.0,0.0,34.0,0.0,0.375
https://instagram.com/order/confirmation/778213,hard,0,1.0,1,instagram.com,instagram.com,com,,47.0,13.0,0.0,0.0,1.0,0.0,0.14893617021276595,0.1276595744680851,0.0,0.0,0.0,0.0,26.0,1.0,0.3333333333333333
https://citibank.com/features/security,hard,0,1.0,1,citibank.com,citibank.com,com,,38.0,12.0,0.0,0.0,1.0,0.0,0.15789473684210525,0.0,0.0,0.0,0.0,0.0,18.0,0.0,0.375
https://www.pinterest.com/search?q=python+tutorial,hard,0,1.0,1,www.pinterest.com,pinterest.com,com,www,50.0,17.0,0.0,1.0,1.0,0.0,0.18,0.0,0.0,0.0,0.0,0.0,24.0,0.0,0.3333333333333333
https://www.intel.com/item/98213,hard,0,1.0,1,www.intel.com,intel.com,com,www,32.0,13.0,0.0,1.0,1.0,0.0,0.21875,0.15625,0.0,0.0,0.0,0.0,11.0,0.0,0.4
https://ebay.com/sports,hard,0,1.0,1,ebay.com,ebay.com,com,,23.0,8.0,0.0,0.0,1.0,0.0,0.21739130434782608,0.0,0.0,0.0,0.0,0.0,7.0,1.0,0.5
https://www.npmjs.com/checkout,hard,0,1.0,1,www.npmjs.com,npmjs.com,com,www,30.0,13.0,0.0,1.0,1.0,0.0,0.2,0.0,0.0,0.0,0.0,0.0,9.0,0.0,0.0
https://adobe.com/issues/1042,hard,0,1.0,1,adobe.com,adobe.com,com,,29.0,9.0,0.0,0.0,1.0,0.0,0.20689655172413793,0.13793103448275862,0.0,0.0,0.0,0.0,12.0,1.0,0.6
https://ebay.com/user/johndoe,hard,0,1.0,1,ebay.com,ebay.com,com,,29.0,8.0,0.0,0.0,1.0,0.0,0.20689655172413793,0.0,0.0,0.0,0.0,0.0,13.0,1.0,0.5
https://bloomberg.com/search,hard,0,1.0,1,bloomberg.com,bloomberg.com,com,,28.0,13.0,0.0,0.0,1.0,0.0,0.17857142857142858,0.0,0.0,0.0,0.0,0.0,7.0,0.0,0.3333333333333333
https://www.salesforce.com/library/3.12,hard,0,1.0,1,www.salesforce.com,salesforce.com,com,www,39.0,18.0,0.0,1.0,1.0,0.0,0.20512820512820512,0.07692307692307693,0.0,0.0,0.0,0.0,13.0,0.0,0.4
https://www.booking.com/world,hard,0,1.0,1,www.booking.com,booking.com,com,www,29.0,15.0,0.0,1.0,1.0,0.0,0.20689655172413793,0.0,0.0,0.0,0.0,0.0,6.0,0.0,0.42857142857142855
http://salesforce.com/login,hard,0,1.0,1,salesforce.com,salesforce.com,com,,27.0,14.0,0.0,0.0,0.0,1.0,0.18518518518518517,0.0,0.0,0.0,0.0,0.0,6.0,0.0,0.4
https://bloomberg.com/downloads/latest,hard,0,1.0,1,bloomberg.com,bloomberg.com,com,,38.0,13.0,0.0,0.0,1.0,0.0,0.15789473684210525,0.0,0.0,0.0,0.0,0.0,17.0,0.0,0.3333333333333333
https://doordash.com/library/3.12,hard,0,1.0,1,doordash.com,doordash.com,com,,33.0,12.0,0.0,0.0,1.0,0.0,0.21212121212121213,0.09090909090909091,0.0,0.0,0.0,0.0,13.0,0.0,0.375
https://www.trello.com/pull/2031,hard,0,1.0,1,www.trello.com,trello.com,com,www,32.0,14.0,0.0,1.0,1.0,0.0,0.21875,0.125,0.0,0.0,0.0,0.0,10.0,0.0,0.3333333333333333
https://grubhub.com/products/electronics,hard,0,1.0,1,grubhub.com,grubhub.com,com,,40.0,11.0,0.0,0.0,1.0,0.0,0.15,0.0,0.0,0.0,0.0,0.0,21.0,0.0,0.2857142857142857
https://bloomberg.com/docs/getting-started,hard,0,1.0,1,bloomberg.com,bloomberg.com,com,,42.0,13.0,0.0,0.0,1.0,0.0,0.16666666666666666,0.0,0.0,0.0,0.0,0.0,21.0,0.0,0.3333333333333333
https://www.mit.edu/repos/example/project,hard,0,1.0,1,www.mit.edu,mit.edu,edu,www,41.0,11.0,0.0,1.0,1.0,0.0,0.1951219512195122,0.0,0.0,0.0,0.0,0.0,22.0,0.0,0.3333333333333333
https://www.quora.com/article/2025/06/12/world-news,hard,0,1.0,1,www.quora.com,quora.com,com,www,51.0,13.0,0.0,1.0,1.0,0.0,0.21568627450980393,0.1568627450980392,0.0,0.0,0.0,0.0,30.0,0.0,0.6
https://gitlab.com/account,hard,0,1.0,1,gitlab.com,gitlab.com,com,,26.0,10.0,0.0,0.0,1.0,1.0,0.19230769230769232,0.0,0.0,0.0,0.0,0.0,8.0,0.0,0.3333333333333333
https://www.airbnb.com/science,hard,0,1.0,1,www.airbnb.com,airbnb.com,com,www,30.0,14.0,0.0,1.0,1.0,0.0,0.2,0.0,0.0,0.0,0.0,0.0,8.0,0.0,0.3333333333333333
https://wellsfargo.com/item/98213,hard,0,1.0,1,wellsfargo.com,wellsfargo.com,com,,33.0,14.0,0.0,0.0,1.0,0.0,0.18181818181818182,0.15151515151515152,0.0,0.0,0.0,0.0,11.0,0.0,0.3
https://quora.com/news/technology,hard,0,1.0,1,quora.com,quora.com,com,,33.0,9.0,0.0,0.0,1.0,0.0,0.18181818181818182,0.0,0.0,0.0,0.0,0.0,16.0,0.0,0.6
https://www.harvard.edu/about,hard,0,1.0,1,www.harvard.edu,harvard.edu,edu,www,29.0,15.0,0.0,1.0,1.0,0.0,0.20689655172413793,0.0,0.0,0.0,0.0,0.0,6.0,0.0,0.2857142857142857
https://www.target.com/help,hard,0,1.0,1,www.target.com,target.com,com,www,27.0,14.0,0.0,1.0,1.0,0.0,0.2222222222222222,0.0,0.0,0.0,0.0,0.0,5.0,0.0,0.3333333333333333
https://www.nih.gov/search?q=python+tutorial,hard,0,1.0,1,www.nih.gov,nih.gov,gov,www,44.0,11.0,0.0,1.0,1.0,0.0,0.20454545454545456,0.0,0.0,0.0,0.0,0.0,24.0,0.0,0.3333333333333333
https://europa.eu/careers,hard,0,1.0,1,europa.eu,europa.eu,eu,,25.0,9.0,0.0,0.0,1.0,0.0,0.2,0.0,0.0,0.0,0.0,0.0,8.0,0.0,0.6666666666666666
https://npr.org/download,hard,0,1.0,1,npr.org,npr.org,org,,24.0,7.0,0.0,0.0,1.0,0.0,0.20833333333333334,0.0,0.0,0.0,0.0,0.0,9.0,0.0,0.0
https://citibank.com/questions/12345/how-to-parse-json,hard,0,1.0,1,citibank.com,citibank.com,com,,54.0,12.0,0.0,0.0,1.0,0.0,0.18518518518518517,0.09259259259259259,0.0,0.0,0.0,0.0,34.0,0.0,0.375
https://dropbox.com/products/electronics,hard,0,1.0,1,dropbox.com,dropbox.com,com,,40.0,11.0,0.0,0.0,1.0,0.0,0.15,0.0,0.0,0.0,0.0,0.0,21.0,1.0,0.2857142857142857
https://www.pinterest.com/tree/main/src,hard,0,1.0,1,www.pinterest.com,pinterest.com,com,www,39.0,17.0,0.0,1.0,1.0,0.0,0.20512820512820512,0.0,0.0,0.0,0.0,0.0,14.0,0.0,0.3333333333333333
https://theguardian.com/user/johndoe,hard,0,1.0,1,theguardian.com,theguardian.com,com,,36.0,15.0,0.0,0.0,1.0,0.0,0.16666666666666666,0.0,0.0,0.0,0.0,0.0,13.0,0.0,0.45454545454545453
https://wsj.com/wiki/Main_Page,hard,0,1.0,1,wsj.com,wsj.com,com,,30.0,7.0,0.0,0.0,1.0,0.0,0.23333333333333334,0.0,0.0,0.0,0.0,0.0,15.0,0.0,0.0
https://trello.com/news,hard,0,1.0,1,trello.com,trello.com,com,,23.0,10.0,0.0,0.0,1.0,0.0,0.21739130434782608,0.0,0.0,0.0,0.0,0.0,5.0,0.0,0.3333333333333333
https://pypi.org/terms,hard,0,1.0,1,pypi.org,pypi.org,org,,22.0,8.0,0.0,0.0,1.0,0.0,0.22727272727272727,0.0,0.0,0.0,0.0,0.0,6.0,0.0,0.25
https://adobe.com/watch?v=dQw4w9WgXcQ,hard,0,1.0,1,adobe.com,adobe.com,com,,37.0,9.0,0.0,0.0,1.0,0.0,0.1891891891891892,0.05405405405405406,0.0,0.0,0.0,0.0,19.0,1.0,0.6
https://harvard.edu/business,hard,0,1.0,1,harvard.edu,harvard.edu,edu,,28.0,11.0,0.0,0.0,1.0,0.0,0.17857142857142858,0.0,0.0,0.0,0.0,0.0,9.0,0.0,0.2857142857142857
https://store.steampowered.com/products/electronics,hard,0,1.0,1,store.steampowered.com,steampowered.com,com,store,51.0,22.0,0.0,1.0,1.0,0.0,0.13725490196078433,0.0,0.0,0.0,0.0,0.0,21.0,0.0,0.4166666666666667
https://wsj.com/pricing,hard,0,1.0,1,wsj.com,wsj.com,com,,23.0,7.0,0.0,0.0,1.0,0.0,0.21739130434782608,0.0,0.0,0.0,0.0,0.0,8.0,0.0,0.0
https://www.doordash.com/item/98213,hard,0,1.0,1,www.doordash.com,doordash.com,com,www,35.0,16.0,0.0,1.0,1.0,0.0,0.2,0.14285714285714285,0.0,0.0,0.0,0.0,11.0,0.0,0.375
https://stanford.edu/world,hard,0,1.0,1,stanford.edu,stanford.edu,edu,,26.0,12.0,0.0,0.0,1.0,0.0,0.19230769230769232,0.0,0.0,0.0,0.0,0.0,6.0,0.0,0.25
https://www.americanexpress.com/shop/category/laptops,hard,0,1.0,1,www.americanexpress.com,americanexpress.com,com,www,53.0,23.0,0.0,1.0,1.0,0.0,0.1509433962264151,0.0,0.0,0.0,0.0,0.0,22.0,0.0,0.4
https://intel.com/pricing,hard,0,1.0,1,intel.com,intel.com,com,,25.0,9.0,0.0,0.0,1.0,0.0,0.2,0.0,0.0,0.0,0.0,0.0,8.0,0.0,0.4
https://expedia.com/library/3.12,hard,0,1.0,1,expedia.com,expedia.com,com,,32.0,11.0,0.0,0.0,1.0,0.0,0.21875,0.09375,0.0,0.0,0.0,0.0,13.0,0.0,0.5714285714285714
https://www.expedia.com/wiki,hard,0,1.0,1,www.expedia.com,expedia.com,com,www,28.0,15.0,0.0,1.0,1.0,0.0,0.21428571428571427,0.0,0.0,0.0,0.0,0.0,5.0,0.0,0.5714285714285714
https://www.coursera.org/playlist?list=PL12345,hard,0,1.0,1,www.coursera.org,coursera.org,org,www,46.0,16.0,0.0,1.0,1.0,0.0,0.17391304347826086,0.10869565217391304,0.0,0.0,0.0,0.0,21.0,0.0,0.5
https://arstechnica.com/en-us/library,hard,0,1.0,1,arstechnica.com,arstechnica.com,com,,37.0,15.0,0.0,0.0,1.0,0.0,0.1891891891891892,0.0,0.0,0.0,0.0,0.0,14.0,0.0,0.36363636363636365
https://www.hsbc.com/features,hard,0,1.0,1,www.hsbc.com,hsbc.com,com,www,29.0,12.0,0.0,1.0,1.0,0.0,0.20689655172413793,0.0,0.0,0.0,0.0,0.0,9.0,0.0,0.0
https://gitlab.com/tree/main/src,hard,0,1.0,1,gitlab.com,gitlab.com,com,,32.0,10.0,0.0,0.0,1.0,0.0,0.21875,0.0,0.0,0.0,0.0,0.0,14.0,0.0,0.3333333333333333
https://usa.gov/item/98213,hard,0,1.0,1,usa.gov,usa.gov,gov,,26.0,7.0,0.0,0.0,1.0,0.0,0.23076923076923078,0.19230769230769232,0.0,0.0,0.0,0.0,11.0,0.0,0.6666666666666666
https://www.github.com/blog/2025/new-features,hard,0,1.0,1,www.github.com,github.com,com,www,45.0,14.0,0.0,1.0,1.0,0.0,0.2,0.08888888888888889,0.0,0.0,0.0,0.0,23.0,1.0,0.3333333333333333
https://x.com/account,hard,0,1.0,1,x.com,x.com,com,,21.0,5.0,0.0,0.0,1.0,1.0,0.23809523809523808,0.0,0.0,0.0,0.0,0.0,8.0,0.0,0.0
https://target.com/privacy,hard,0,1.0,1,target.com,target.com,com,,26.0,10.0,0.0,0.0,1.0,0.0,0.19230769230769232,0.0,0.0,0.0,0.0,0.0,8.0,0.0,0.3333333333333333
https://arstechnica.com/search,hard,0,1.0,1,arstechnica.com,arstechnica.com,com,,30.0,15.0,0.0,0.0,1.0,0.0,0.16666666666666666,0.0,0.0,0.0,0.0,0.0,7.0,0.0,0.36363636363636365
https://www.intel.com/business,hard,0,1.0,1,www.intel.com,intel.com,com,www,30.0,13.0,0.0,1.0,1.0,0.0,0.2,0.0,0.0,0.0,0.0,0.0,9.0,0.0,0.4
https://gitlab.com/careers,hard,0,1.0,1,gitlab.com,gitlab.com,com,,26.0,10.0,0.0,0.0,1.0,0.0,0.19230769230769232,0.0,0.0,0.0,0.0,0.0,8.0,0.0,0.3333333333333333
https://www.wordpress.com/about,hard,0,1.0,1,www.wordpress.com,wordpress.com,com,www,31.0,17.0,0.0,1.0,1.0,0.0,0.1935483870967742,0.0,0.0,0.0,0.0,0.0,6.0,0.0,0.2222222222222222
https://doordash.com/playlist?list=PL12345,hard,0,1.0,1,doordash.com,doordash.com,com,,42.0,12.0,0.0,0.0,1.0,0.0,0.16666666666666666,0.11904761904761904,0.0,0.0,0.0,0.0,21.0,0.0,0.375
https://adobe.com/features/security,hard,0,1.0,1,adobe.com,adobe.com,com,,35.0,9.0,0.0,0.0,1.0,0.0,0.17142857142857143,0.0,0.0,0.0,0.0,0.0,18.0,1.0,0.6
https://quora.com/help,hard,0,1.0,1,quora.com,quora.com,com,,22.0,9.0,0.0,0.0,1.0,0.0,0.22727272727272727,0.0,0.0,0.0,0.0,0.0,5.0,0.0,0.6
https://ibm.com/wiki,hard,0,1.0,1,ibm.com,ibm.com,com,,20.0,7.0,0.0,0.0,1.0,0.0,0.25,0.0,0.0,0.0,0.0,0.0,5.0,0.0,0.3333333333333333
https://wellsfargo.com/download,hard,0,1.0,1,wellsfargo.com,wellsfargo.com,com,,31.0,14.0,0.0,0.0,1.0,0.0,0.16129032258064516,0.0,0.0,0.0,0.0,0.0,9.0,0.0,0.3
https://grubhub.com/reference/functions.html,hard,0,1.0,1,grubhub.com,grubhub.com,com,,44.0,11.0,0.0,0.0,1.0,0.0,0.1590909090909091,0.0,0.0,0.0,0.0,0.0,25.0,0.0,0.2857142857142857
https://udemy.com/careers,hard,0,1.0,1,udemy.com,udemy.com,com,,25.0,9.0,0.0,0.0,1.0,0.0,0.2,0.0,0.0,0.0,0.0,0.0,8.0,0.0,0.4
https://www.uber.com/features,hard,0,1.0,1,www.uber.com,uber.com,com,www,29.0,12.0,0.0,1.0,1.0,0.0,0.20689655172413793,0.0,0.0,0.0,0.0,0.0,9.0,0.0,0.5
https://www.gov.uk/watch?v=dQw4w9WgXcQ,hard,0,1.0,1,www.gov.uk,www.gov.uk,uk,www,38.0,10.0,0.0,0.0,1.0,0.0,0.21052631578947367,0.05263157894736842,0.0,0.0,0.0,0.0,19.0,0.0,0.0
https://harvard.edu/blog,hard,0,1.0,1,harvard.edu,harvard.edu,edu,,24.0,11.0,0.0,0.0,1.0,0.0,0.20833333333333334,0.0,0.0,0.0,0.0,0.0,5.0,0.0,0.2857142857142857
https://booking.com/docs,hard,0,1.0,1,booking.com,booking.com,com,,24.0,11.0,0.0,0.0,1.0,0.0,0.20833333333333334,0.0,0.0,0.0,0.0,0.0,5.0,0.0,0.42857142857142855
https://khanacademy.org/watch?v=dQw4w9WgXcQ,hard,0,1.0,1,khanacademy.org,khanacademy.org,org,,43.0,15.0,0.0,0.0,1.0,0.0,0.16279069767441862,0.046511627906976744,0.0,0.0,0.0,0.0,19.0,0.0,0.36363636363636365
https://linkedin.com/products/electronics,hard,0,1.0,1,linkedin.com,linkedin.com,com,,41.0,12.0,0.0,0.0,1.0,0.0,0.14634146341463414,0.0,0.0,0.0,0.0,0.0,21.0,1.0,0.375
https://www.pinterest.com/account,hard,0,1.0,1,www.pinterest.com,pinterest.com,com,www,33.0,17.0,0.0,1.0,1.0,1.0,0.18181818181818182,0.0,0.0,0.0,0.0,0.0,8.0,0.0,0.3333333333333333
https://berkeley.edu/account,hard,0,1.0,1,berkeley.edu,berkeley.edu,edu,,28.0,12.0,0.0,0.0,1.0,1.0,0.17857142857142858,0.0,0.0,0.0,0.0,0.0,8.0,0.0,0.375
https://cloudflare.com/shop/category/laptops,hard,0,1.0,1,cloudflare.com,cloudflare.com,com,,44.0,14.0,0.0,0.0,1.0,0.0,0.1590909090909091,0.0,0.0,0.0,0.0,0.0,22.0,0.0,0.4
https://www.target.com/questions/12345/how-to-parse-json,hard,0,1.0,1,www.target.com,target.com,com,www,56.0,14.0,0.0,1.0,1.0,0.0,0.19642857142857142,0.08928571428571429,0.0,0.0,0.0,0.0,34.0,0.0,0.3333333333333333
https://reuters.com/repos/example/project,hard,0,1.0,1,reuters.com,reuters.com,com,,41.0,11.0,0.0,0.0,1.0,0.0,0.17073170731707318,0.0,0.0,0.0,0.0,0.0,22.0,0.0,0.42857142857142855
https://google.com/releases/tag/v2.3.1,hard,0,1.0,1,google.com,google.com,com,,38.0,10.0,0.0,0.0,1.0,0.0,0.23684210526315788,0.07894736842105263,0.0,0.0,0.0,0.0,20.0,1.0,0.5
http://instagram.com/news/technology,hard,0,1.0,1,instagram.com,instagram.com,com,,36.0,13.0,0.0,0.0,0.0,0.0,0.16666666666666666,0.0,0.0,0.0,0.0,0.0,16.0,1.0,0.3333333333333333
https://apple.com/technology,hard,0,1.0,1,apple.com,apple.com,com,,28.0,9.0,0.0,0.0,1.0,0.0,0.17857142857142858,0.0,0.0,0.0,0.0,0.0,11.0,1.0,0.4
https://www.gov.uk/api/v2/products?page=2,hard,0,1.0,1,www.gov.uk,www.gov.uk,uk,www,41.0,10.0,0.0,0.0,1.0,0.0,0.24390243902439024,0.04878048780487805,0.0,0.0,0.0,0.0,22.0,0.0,0.0
https://ebay.com/health,hard,0,1.0,1,ebay.com,ebay.com,com,,23.0,8.0,0.0,0.0,1.0,0.0,0.21739130434782608,0.0,0.0,0.0,0.0,0.0,7.0,1.0,0.5
https://stackoverflow.com/docs/getting-started,hard,0,1.0,1,stackoverflow.com,stackoverflow.com,com,,46.0,17.0,0.0,0.0,1.0,0.0,0.15217391304347827,0.0,0.0,0.0,0.0,0.0,21.0,1.0,0.3076923076923077
https://cloud.google.com/features/security,hard,0,1.0,1,cloud.google.com,google.com,com,cloud,42.0,16.0,0.0,1.0,1.0,0.0,0.16666666666666666,0.0,0.0,0.0,0.0,0.0,18.0,1.0,0.5
https://www.techcrunch.com/science,hard,0,1.0,1,www.techcrunch.com,techcrunch.com,com,www,34.0,18.0,0.0,1.0,1.0,0.0,0.17647058823529413,0.0,0.0,0.0,0.0,0.0,8.0,0.0,0.2
https://stanford.edu/docs/getting-started,hard,0,1.0,1,stanford.edu,stanford.edu,edu,,41.0,12.0,0.0,0.0,1.0,0.0,0.17073170731707318,0.0,0.0,0.0,0.0,0.0,21.0,0.0,0.25
https://chase.com/user/johndoe,hard,0,1.0,1,chase.com,chase.com,com,,30.0,9.0,0.0,0.0,1.0,0.0,0.2,0.0,0.0,0.0,0.0,0.0,13.0,1.0,0.4
https://www.quora.com/pricing,hard,0,1.0,1,www.quora.com,quora.com,com,www,29.0,13.0,0.0,1.0,1.0,0.0,0.20689655172413793,0.0,0.0,0.0,0.0,0.0,8.0,0.0,0.6
https://khanacademy.org/support,hard,0,1.0,1,khanacademy.org,khanacademy.org,org,,31.0,15.0,0.0,0.0,1.0,0.0,0.16129032258064516,0.0,0.0,0.0,0.0,0.0,8.0,0.0,0.36363636363636365
https://www.bankofamerica.com/playlist?list=PL12345,hard,0,1.0,1,www.bankofamerica.com,bankofamerica.com,com,www,51.0,21.0,0.0,1.0,1.0,0.0,0.1568627450980392,0.09803921568627451,0.0,0.0,0.0,0.0,21.0,1.0,0.46153846153846156
https://ibm.com/order/confirmation/778213,hard,0,1.0,1,ibm.com,ibm.com,com,,41.0,7.0,0.0,0.0,1.0,0.0,0.17073170731707318,0.14634146341463414,0.0,0.0,0.0,0.0,26.0,0.0,0.3333333333333333
https://developer.apple.com/reference/functions.html,hard,0,1.0,1,developer.apple.com,apple.com,com,developer,52.0,19.0,0.0,1.0,1.0,0.0,0.15384615384615385,0.0,0.0,0.0,0.0,0.0,25.0,1.0,0.4
https://arstechnica.com/wiki/Main_Page,hard,0,1.0,1,arstechnica.com,arstechnica.com,com,,38.0,15.0,0.0,0.0,1.0,0.0,0.18421052631578946,0.0,0.0,0.0,0.0,0.0,15.0,0.0,0.36363636363636365
https://www.trello.com/contact,hard,0,1.0,1,www.trello.com,trello.com,com,www,30.0,14.0,0.0,1.0,1.0,0.0,0.2,0.0,0.0,0.0,0.0,0.0,8.0,0.0,0.3333333333333333
https://shopify.com/profile,hard,0,1.0,1,shopify.com,shopify.com,com,,27.0,11.0,0.0,0.0,1.0,0.0,0.18518518518518517,0.0,0.0,0.0,0.0,0.0,8.0,0.0,0.2857142857142857
https://wsj.com/download,hard,0,1.0,1,wsj.com,wsj.com,com,,24.0,7.0,0.0,0.0,1.0,0.0,0.20833333333333334,0.0,0.0,0.0,0.0,0.0,9.0,0.0,0.0
https://www.coursera.org/download,hard,0,1.0,1,www.coursera.org,coursera.org,org,www,33.0,16.0,0.0,1.0,1.0,0.0,0.18181818181818182,0.0,0.0,0.0,0.0,0.0,9.0,0.0,0.5
https://stanford.edu/privacy,hard,0,1.0,1,stanford.edu,stanford.edu,edu,,28.0,12.0,0.0,0.0,1.0,0.0,0.17857142857142858,0.0,0.0,0.0,0.0,0.0,8.0,0.0,0.25
https://ibm.com/help,hard,0,1.0,1,ibm.com,ibm.com,com,,20.0,7.0,0.0,0.0,1.0,0.0,0.25,0.0,0.0,0.0,0.0,0.0,5.0,0.0,0.3333333333333333
https://npmjs.com/features,hard,0,1.0,1,npmjs.com,npmjs.com,com,,26.0,9.0,0.0,0.0,1.0,0.0,0.19230769230769232,0.0,0.0,0.0,0.0,0.0,9.0,0.0,0.0
http://bloomberg.com/shop/category/laptops,hard,0,1.0,1,bloomberg.com,bloomberg.com,com,,42.0,13.0,0.0,0.0,0.0,0.0,0.16666666666666666,0.0,0.0,0.0,0.0,0.0,22.0,0.0,0.3333333333333333
https://www.intel.com/support,hard,0,1.0,1,www.intel.com,intel.com,com,www,29.0,13.0,0.0,1.0,1.0,0.0,0.20689655172413793,0.0,0.0,0.0,0.0,0.0,8.0,0.0,0.4
https://forbes.com/watch?v=dQw4w9WgXcQ,hard,0,1.0,1,forbes.com,forbes.com,com,,38.0,10.0,0.0,0.0,1.0,0.0,0.18421052631578946,0.05263157894736842,0.0,0.0,0.0,0.0,19.0,1.0,0.3333333333333333
http://docker.com/technology,hard,0,1.0,1,docker.com,docker.com,com,,28.0,10.0,0.0,0.0,0.0,0.0,0.17857142857142858,0.0,0.0,0.0,0.0,0.0,11.0,1.0,0.3333333333333333
https://www.wordpress.com/issues/1042,hard,0,1.0,1,www.wordpress.com,wordpress.com,com,www,37.0,17.0,0.0,1.0,1.0,0.0,0.1891891891891892,0.10810810810810811,0.0,0.0,0.0,0.0,12.0,0.0,0.2222222222222222
https://www.trello.com/settings,hard,0,1.0,1,www.trello.com,trello.com,com,www,31.0,14.0,0.0,1.0,1.0,0.0,0.1935483870967742,0.0,0.0,0.0,0.0,0.0,9.0,0.0,0.3333333333333333
https://berkeley.edu/support,hard,0,1.0,1,berkeley.edu,berkeley.edu,edu,,28.0,12.0,0.0,0.0,1.0,0.0,0.17857142857142858,0.0,0.0,0.0,0.0,0.0,8.0,0.0,0.375
https://medium.com/search,hard,0,1.0,1,medium.com,medium.com,com,,25.0,10.0,0.0,0.0,1.0,0.0,0.2,0.0,0.0,0.0,0.0,0.0,7.0,0.0,0.5
http://techcrunch.com/article/2025/06/12/world-news,hard,0,1.0,1,techcrunch.com,techcrunch.com,com,,51.0,14.0,0.0,0.0,0.0,0.0,0.19607843137254902,0.1568627450980392,0.0,0.0,0.0,0.0,30.0,0.0,0.2
https://www.stanford.edu/search,hard,0,1.0,1,www.stanford.edu,stanford.edu,edu,www,31.0,16.0,0.0,1.0,1.0,0.0,0.1935483870967742,0.0,0.0,0.0,0.0,0.0,7.0,0.0,0.25
https://kubernetes.io/health,hard,0,1.0,1,kubernetes.io,kubernetes.io,io,,28.0,13.0,0.0,0.0,1.0,0.0,0.17857142857142858,0.0,0.0,0.0,0.0,0.0,7.0,0.0,0.4
https://medium.com/terms,hard,0,1.0,1,medium.com,medium.com,com,,24.0,10.0,0.0,0.0,1.0,0.0,0.20833333333333334,0.0,0.0,0.0,0.0,0.0,6.0,0.0,0.5
https://www.bloomberg.com/features,hard,0,1.0,1,www.bloomberg.com,bloomberg.com,com,www,34.0,17.0,0.0,1.0,1.0,0.0,0.17647058823529413,0.0,0.0,0.0,0.0,0.0,9.0,0.0,0.3333333333333333
https://twitch.tv/watch?v=dQw4w9WgXcQ,hard,0,1.0,1,twitch.tv,twitch.tv,tv,,37.0,9.0,0.0,0.0,1.0,0.0,0.1891891891891892,0.05405405405405406,0.0,0.0,0.0,0.0,19.0,0.0,0.16666666666666666
https://npmjs.com/business,hard,0,1.0,1,npmjs.com,npmjs.com,com,,26.0,9.0,0.0,0.0,1.0,0.0,0.19230769230769232,0.0,0.0,0.0,0.0,0.0,9.0,0.0,0.0
https://www.target.com/en-us/docs/Web/JavaScript,hard,0,1.0,1,www.target.com,target.com,com,www,48.0,14.0,0.0,1.0,1.0,0.0,0.20833333333333334,0.0,0.0,0.0,0.0,0.0,26.0,0.0,0.3333333333333333
https://khanacademy.org/contact,hard,0,1.0,1,khanacademy.org,khanacademy.org,org,,31.0,15.0,0.0,0.0,1.0,0.0,0.16129032258064516,0.0,0.0,0.0,0.0,0.0,8.0,0.0,0.36363636363636365
https://pypi.org/releases/tag/v2.3.1,hard,0,1.0,1,pypi.org,pypi.org,org,,36.0,8.0,0.0,0.0,1.0,0.0,0.25,0.08333333333333333,0.0,0.0,0.0,0.0,20.0,0.0,0.25
https://airbnb.com/,hard,0,1.0,1,airbnb.com,airbnb.com,com,,19.0,10.0,0.0,0.0,1.0,0.0,0.2631578947368421,0.0,0.0,0.0,0.0,0.0,1.0,0.0,0.3333333333333333
https://www.quora.com/business,hard,0,1.0,1,www.quora.com,quora.com,com,www,30.0,13.0,0.0,1.0,1.0,0.0,0.2,0.0,0.0,0.0,0.0,0.0,9.0,0.0,0.6
https://www.gitlab.com/world,hard,0,1.0,1,www.gitlab.com,gitlab.com,com,www,28.0,14.0,0.0,1.0,1.0,0.0,0.21428571428571427,0.0,0.0,0.0,0.0,0.0,6.0,0.0,0.3333333333333333
http://wsj.com/contact,hard,0,1.0,1,wsj.com,wsj.com,com,,22.0,7.0,0.0,0.0,0.0,0.0,0.22727272727272727,0.0,0.0,0.0,0.0,0.0,8.0,0.0,0.0
https://shopify.com/blog/2025/new-features,hard,0,1.0,1,shopify.com,shopify.com,com,,42.0,11.0,0.0,0.0,1.0,0.0,0.19047619047619047,0.09523809523809523,0.0,0.0,0.0,0.0,23.0,0.0,0.2857142857142857
https://www.bbc.com/api/v1/users,hard,0,1.0,1,www.bbc.com,bbc.com,com,www,32.0,11.0,0.0,1.0,1.0,0.0,0.25,0.03125,0.0,0.0,0.0,0.0,13.0,1.0,0.0
https://www.gov.uk/features,hard,0,1.0,1,www.gov.uk,www.gov.uk,uk,www,27.0,10.0,0.0,0.0,1.0,0.0,0.2222222222222222,0.0,0.0,0.0,0.0,0.0,9.0,0.0,0.0
https://www.booking.com/settings,hard,0,1.0,1,www.booking.com,booking.com,com,www,32.0,15.0,0.0,1.0,1.0,0.0,0.1875,0.0,0.0,0.0,0.0,0.0,9.0,0.0,0.42857142857142855
https://support.mozilla.org/docs/getting-started,hard,0,1.0,1,support.mozilla.org,mozilla.org,org,support,48.0,19.0,0.0,1.0,1.0,0.0,0.16666666666666666,0.0,0.0,0.0,0.0,0.0,21.0,1.0,0.42857142857142855
https://www.nih.gov/world,hard,0,1.0,1,www.nih.gov,nih.gov,gov,www,25.0,11.0,0.0,1.0,1.0,0.0,0.24,0.0,0.0,0.0,0.0,0.0,6.0,0.0,0.3333333333333333
https://wordpress.com/community,hard,0,1.0,1,wordpress.com,wordpress.com,com,,31.0,13.0,0.0,0.0,1.0,0.0,0.16129032258064516,0.0,0.0,0.0,0.0,0.0,10.0,0.0,0.2222222222222222
http://npmjs.com/en-us/library,hard,0,1.0,1,npmjs.com,npmjs.com,com,,30.0,9.0,0.0,0.0,0.0,0.0,0.23333333333333334,0.0,0.0,0.0,0.0,0.0,14.0,0.0,0.0
https://pinterest.com/community,hard,0,1.0,1,pinterest.com,pinterest.com,com,,31.0,13.0,0.0,0.0,1.0,0.0,0.16129032258064516,0.0,0.0,0.0,0.0,0.0,10.0,0.0,0.3333333333333333
https://usa.gov/order/confirmation/778213,hard,0,1.0,1,usa.gov,usa.gov,gov,,41.0,7.0,0.0,0.0,1.0,0.0,0.17073170731707318,0.14634146341463414,0.0,0.0,0.0,0.0,26.0,0.0,0.6666666666666666
https://www.usa.gov/pricing,hard,0,1.0,1,www.usa.gov,usa.gov,gov,www,27.0,11.0,0.0,1.0,1.0,0.0,0.2222222222222222,0.0,0.0,0.0,0.0,0.0,8.0,0.0,0.6666666666666666
https://www.salesforce.com/repos/example/project,hard,0,1.0,1,www.salesforce.com,salesforce.com,com,www,48.0,18.0,0.0,1.0,1.0,0.0,0.16666666666666666,0.0,0.0,0.0,0.0,0.0,22.0,0.0,0.4
https://www.nytimes.com/wiki,hard,0,1.0,1,www.nytimes.com,nytimes.com,com,www,28.0,15.0,0.0,1.0,1.0,0.0,0.21428571428571427,0.0,0.0,0.0,0.0,0.0,5.0,0.0,0.2857142857142857
http://salesforce.com/checkout,hard,0,1.0,1,salesforce.com,salesforce.com,com,,30.0,14.0,0.0,0.0,0.0,0.0,0.16666666666666666,0.0,0.0,0.0,0.0,0.0,9.0,0.0,0.4
https://www.amazon.com/shop/category/laptops,hard,0,1.0,1,www.amazon.com,amazon.com,com,www,44.0,14.0,0.0,1.0,1.0,0.0,0.18181818181818182,0.0,0.0,0.0,0.0,0.0,22.0,1.0,0.5
https://mit.edu/search?q=python+tutorial,hard,0,1.0,1,mit.edu,mit.edu,edu,,40.0,7.0,0.0,0.0,1.0,0.0,0.2,0.0,0.0,0.0,0.0,0.0,24.0,0.0,0.3333333333333333
https://www.apple.com/order/confirmation/778213,hard,0,1.0,1,www.apple.com,apple.com,com,www,47.0,13.0,0.0,1.0,1.0,0.0,0.1702127659574468,0.1276595744680851,0.0,0.0,0.0,0.0,26.0,1.0,0.4
https://www.target.com/forum,hard,0,1.0,1,www.target.com,target.com,com,www,28.0,14.0,0.0,1.0,1.0,0.0,0.21428571428571427,0.0,0.0,0.0,0.0,0.0,6.0,0.0,0.3333333333333333
https://who.int/news/technology,hard,0,1.0,1,who.int,who.int,int,,31.0,7.0,0.0,0.0,1.0,0.0,0.1935483870967742,0.0,0.0,0.0,0.0,0.0,16.0,0.0,0.3333333333333333
https://edx.org/,hard,0,1.0,1,edx.org,edx.org,org,,16.0,7.0,0.0,0.0,1.0,0.0,0.3125,0.0,0.0,0.0,0.0,0.0,1.0,0.0,0.3333333333333333
https://www.reuters.com/docs/api,hard,0,1.0,1,www.reuters.com,reuters.com,com,www,32.0,15.0,0.0,1.0,1.0,0.0,0.21875,0.0,0.0,0.0,0.0,0.0,9.0,0.0,0.42857142857142855
https://www.usa.gov/profile,hard,0,1.0,1,www.usa.gov,usa.gov,gov,www,27.0,11.0,0.0,1.0,1.0,0.0,0.2222222222222222,0.0,0.0,0.0,0.0,0.0,8.0,0.0,0.6666666666666666
https://www.nih.gov/releases/tag/v2.3.1,hard,0,1.0,1,www.nih.gov,nih.gov,gov,www,39.0,11.0,0.0,1.0,1.0,0.0,0.2564102564102564,0.07692307692307693,0.0,0.0,0.0,0.0,20.0,0.0,0.3333333333333333
https://www.nvidia.com/world,hard,0,1.0,1,www.nvidia.com,nvidia.com,com,www,28.0,14.0,0.0,1.0,1.0,0.0,0.21428571428571427,0.0,0.0,0.0,0.0,0.0,6.0,0.0,0.5
https://www.adobe.com/api/v2/products?page=2,hard,0,1.0,1,www.adobe.com,adobe.com,com,www,44.0,13.0,0.0,1.0,1.0,0.0,0.22727272727272727,0.045454545454545456,0.0,0.0,0.0,0.0,22.0,1.0,0.6
https://doordash.com/technology,hard,0,1.0,1,doordash.com,doordash.com,com,,31.0,12.0,0.0,0.0,1.0,0.0,0.16129032258064516,0.0,0.0,0.0,0.0,0.0,11.0,0.0,0.375
https://www.wordpress.com/blog/2025/new-features,hard,0,1.0,1,www.wordpress.com,wordpress.com,com,www,48.0,17.0,0.0,1.0,1.0,0.0,0.1875,0.08333333333333333,0.0,0.0,0.0,0.0,23.0,0.0,0.2222222222222222
https://udemy.com/blog/2025/new-features,hard,0,1.0,1,udemy.com,udemy.com,com,,40.0,9.0,0.0,0.0,1.0,0.0,0.2,0.1,0.0,0.0,0.0,0.0,23.0,0.0,0.4
https://booking.com/user/johndoe,hard,0,1.0,1,booking.com,booking.com,com,,32.0,11.0,0.0,0.0,1.0,0.0,0.1875,0.0,0.0,0.0,0.0,0.0,13.0,0.0,0.42857142857142855
https://ibm.com/item/98213,hard,0,1.0,1,ibm.com,ibm.com,com,,26.0,7.0,0.0,0.0,1.0,0.0,0.23076923076923078,0.19230769230769232,0.0,0.0,0.0,0.0,11.0,0.0,0.3333333333333333
https://wordpress.com/blog/2025/new-features,hard,0,1.0,1,wordpress.com,wordpress.com,com,,44.0,13.0,0.0,0.0,1.0,0.0,0.18181818181818182,0.09090909090909091,0.0,0.0,0.0,0.0,23.0,0.0,0.2222222222222222
https://www.harvard.edu/terms,hard,0,1.0,1,www.harvard.edu,harvard.edu,edu,www,29.0,15.0,0.0,1.0,1.0,0.0,0.20689655172413793,0.0,0.0,0.0,0.0,0.0,6.0,0.0,0.2857142857142857
https://chase.com/features/security,hard,0,1.0,1,chase.com,chase.com,com,,35.0,9.0,0.0,0.0,1.0,0.0,0.17142857142857143,0.0,0.0,0.0,0.0,0.0,18.0,1.0,0.4
https://www.etsy.com/search,hard,0,1.0,1,www.etsy.com,etsy.com,com,www,27.0,12.0,0.0,1.0,1.0,0.0,0.2222222222222222,0.0,0.0,0.0,0.0,0.0,7.0,0.0,0.25
https://bloomberg.com/library/3.12,hard,0,1.0,1,bloomberg.com,bloomberg.com,com,,34.0,13.0,0.0,0.0,1.0,0.0,0.20588235294117646,0.08823529411764706,0.0,0.0,0.0,0.0,13.0,0.0,0.3333333333333333
https://stanford.edu/pull/2031,hard,0,1.0,1,stanford.edu,stanford.edu,edu,,30.0,12.0,0.0,0.0,1.0,0.0,0.2,0.13333333333333333,0.0,0.0,0.0,0.0,10.0,0.0,0.25
https://www.cloudflare.com/docs/api,hard,0,1.0,1,www.cloudflare.com,cloudflare.com,com,www,35.0,18.0,0.0,1.0,1.0,0.0,0.2,0.0,0.0,0.0,0.0,0.0,9.0,0.0,0.4
https://cloud.google.com/playlist?list=PL12345,hard,0,1.0,1,cloud.google.com,google.com,com,cloud,46.0,16.0,0.0,1.0,1.0,0.0,0.17391304347826086,0.10869565217391304,0.0,0.0,0.0,0.0,21.0,1.0,0.5
https://www.bloomberg.com/profile,hard,0,1.0,1,www.bloomberg.com,bloomberg.com,com,www,33.0,17.0,0.0,1.0,1.0,0.0,0.18181818181818182,0.0,0.0,0.0,0.0,0.0,8.0,0.0,0.3333333333333333
https://americanexpress.com/signin,hard,0,1.0,1,americanexpress.com,americanexpress.com,com,,34.0,19.0,0.0,0.0,1.0,1.0,0.14705882352941177,0.0,0.0,0.0,0.0,0.0,7.0,0.0,0.4
https://techcrunch.com/profile,hard,0,1.0,1,techcrunch.com,techcrunch.com,com,,30.0,14.0,0.0,0.0,1.0,0.0,0.16666666666666666,0.0,0.0,0.0,0.0,0.0,8.0,0.0,0.2
http://pinterest.com/forum,hard,0,1.0,1,pinterest.com,pinterest.com,com,,26.0,13.0,0.0,0.0,0.0,0.0,0.19230769230769232,0.0,0.0,0.0,0.0,0.0,6.0,0.0,0.3333333333333333
https://www.quora.com/products/electronics,hard,0,1.0,1,www.quora.com,quora.com,com,www,42.0,13.0,0.0,1.0,1.0,0.0,0.16666666666666666,0.0,0.0,0.0,0.0,0.0,21.0,0.0,0.6
https://www.nytimes.com/order/confirmation/778213,hard,0,1.0,1,www.nytimes.com,nytimes.com,com,www,49.0,15.0,0.0,1.0,1.0,0.0,0.16326530612244897,0.12244897959183673,0.0,0.0,0.0,0.0,26.0,0.0,0.2857142857142857
http://nih.gov/en-us/library,hard,0,1.0,1,nih.gov,nih.gov,gov,,28.0,7.0,0.0,0.0,0.0,0.0,0.25,0.0,0.0,0.0,0.0,0.0,14.0,0.0,0.3333333333333333
https://wsj.com/terms,hard,0,1.0,1,wsj.com,wsj.com,com,,21.0,7.0,0.0,0.0,1.0,0.0,0.23809523809523808,0.0,0.0,0.0,0.0,0.0,6.0,0.0,0.0
https://www.epicgames.com/products/electronics,hard,0,1.0,1,www.epicgames.com,epicgames.com,com,www,46.0,17.0,0.0,1.0,1.0,0.0,0.15217391304347827,0.0,0.0,0.0,0.0,0.0,21.0,0.0,0.4444444444444444
https://docker.com/blog/2025/new-features,hard,0,1.0,1,docker.com,docker.com,com,,41.0,10.0,0.0,0.0,1.0,0.0,0.1951219512195122,0.0975609756097561,0.0,0.0,0.0,0.0,23.0,1.0,0.3333333333333333
http://www.cdc.gov/issues/1042,hard,0,1.0,1,www.cdc.gov,cdc.gov,gov,www,30.0,11.0,0.0,1.0,0.0,0.0,0.23333333333333334,0.13333333333333333,0.0,0.0,0.0,0.0,12.0,0.0,0.0
https://www.hsbc.com/repos/example/project,hard,0,1.0,1,www.hsbc.com,hsbc.com,com,www,42.0,12.0,0.0,1.0,1.0,0.0,0.19047619047619047,0.0,0.0,0.0,0.0,0.0,22.0,0.0,0.0
https://kubernetes.io/user/johndoe,hard,0,1.0,1,kubernetes.io,kubernetes.io,io,,34.0,13.0,0.0,0.0,1.0,0.0,0.17647058823529413,0.0,0.0,0.0,0.0,0.0,13.0,0.0,0.4
https://www.slack.com/issues/1042,hard,0,1.0,1,www.slack.com,slack.com,com,www,33.0,13.0,0.0,1.0,1.0,0.0,0.21212121212121213,0.12121212121212122,0.0,0.0,0.0,0.0,12.0,0.0,0.2
https://booking.com/en-us/docs/Web/JavaScript,hard,0,1.0,1,booking.com,booking.com,com,,45.0,11.0,0.0,0.0,1.0,0.0,0.2,0.0,0.0,0.0,0.0,0.0,26.0,0.0,0.42857142857142855
https://www.pypi.org/api/v2/products?page=2,hard,0,1.0,1,www.pypi.org,pypi.org,org,www,43.0,12.0,0.0,1.0,1.0,0.0,0.23255813953488372,0.046511627906976744,0.0,0.0,0.0,0.0,22.0,0.0,0.25
https://www.reuters.com/business,hard,0,1.0,1,www.reuters.com,reuters.com,com,www,32.0,15.0,0.0,1.0,1.0,0.0,0.1875,0.0,0.0,0.0,0.0,0.0,9.0,0.0,0.42857142857142855
https://reddit.com/reference/functions.html,hard,0,1.0,1,reddit.com,reddit.com,com,,43.0,10.0,0.0,0.0,1.0,0.0,0.16279069767441862,0.0,0.0,0.0,0.0,0.0,25.0,1.0,0.3333333333333333
https://www.bestbuy.com/privacy,hard,0,1.0,1,www.bestbuy.com,bestbuy.com,com,www,31.0,15.0,0.0,1.0,1.0,0.0,0.1935483870967742,0.0,0.0,0.0,0.0,0.0,8.0,0.0,0.2857142857142857
https://www.edx.org/about,hard,0,1.0,1,www.edx.org,edx.org,org,www,25.0,11.0,0.0,1.0,1.0,0.0,0.24,0.0,0.0,0.0,0.0,0.0,6.0,0.0,0.3333333333333333
http://www.linkedin.com/en-us/library,hard,0,1.0,1,www.linkedin.com,linkedin.com,com,www,37.0,16.0,0.0,1.0,0.0,0.0,0.21621621621621623,0.0,0.0,0.0,0.0,0.0,14.0,1.0,0.375
https://expedia.com/item/98213,hard,0,1.0,1,expedia.com,expedia.com,com,,30.0,11.0,0.0,0.0,1.0,0.0,0.2,0.16666666666666666,0.0,0.0,0.0,0.0,11.0,0.0,0.5714285714285714
https://nih.gov/api/v2/products?page=2,hard,0,1.0,1,nih.gov,nih.gov,gov,,38.0,7.0,0.0,0.0,1.0,0.0,0.23684210526315788,0.05263157894736842,0.0,0.0,0.0,0.0,22.0,0.0,0.3333333333333333
https://booking.com/article/2025/06/12/world-news,hard,0,1.0,1,booking.com,booking.com,com,,49.0,11.0,0.0,0.0,1.0,0.0,0.20408163265306123,0.16326530612244897,0.0,0.0,0.0,0.0,30.0,0.0,0.42857142857142855
https://wellsfargo.com/tree/main/src,hard,0,1.0,1,wellsfargo.com,wellsfargo.com,com,,36.0,14.0,0.0,0.0,1.0,0.0,0.19444444444444445,0.0,0.0,0.0,0.0,0.0,14.0,0.0,0.3
https://cloud.google.com/products/electronics,hard,0,1.0,1,cloud.google.com,google.com,com,cloud,45.0,16.0,0.0,1.0,1.0,0.0,0.15555555555555556,0.0,0.0,0.0,0.0,0.0,21.0,1.0,0.5
https://www.gov.uk/technology,hard,0,1.0,1,www.gov.uk,www.gov.uk,uk,www,29.0,10.0,0.0,0.0,1.0,0.0,0.20689655172413793,0.0,0.0,0.0,0.0,0.0,11.0,0.0,0.0
https://irs.gov/downloads/latest,hard,0,1.0,1,irs.gov,irs.gov,gov,,32.0,7.0,0.0,0.0,1.0,0.0,0.1875,0.0,0.0,0.0,0.0,0.0,17.0,0.0,0.3333333333333333
https://www.hsbc.com/api/v2/products?page=2,hard,0,1.0,1,www.hsbc.com,hsbc.com,com,www,43.0,12.0,0.0,1.0,1.0,0.0,0.23255813953488372,0.046511627906976744,0.0,0.0,0.0,0.0,22.0,0.0,0.0
https://oracle.com/forum,hard,0,1.0,1,oracle.com,oracle.com,com,,24.0,10.0,0.0,0.0,1.0,0.0,0.20833333333333334,0.0,0.0,0.0,0.0,0.0,6.0,0.0,0.5
https://digitalocean.com/downloads/latest,hard,0,1.0,1,digitalocean.com,digitalocean.com,com,,41.0,16.0,0.0,0.0,1.0,0.0,0.14634146341463414,0.0,0.0,0.0,0.0,0.0,17.0,0.0,0.5
https://blogger.com/repos/example/project,hard,0,1.0,1,blogger.com,blogger.com,com,,41.0,11.0,0.0,0.0,1.0,0.0,0.17073170731707318,0.0,0.0,0.0,0.0,0.0,22.0,0.0,0.2857142857142857
https://berkeley.edu/shop/category/laptops,hard,0,1.0,1,berkeley.edu,berkeley.edu,edu,,42.0,12.0,0.0,0.0,1.0,0.0,0.16666666666666666,0.0,0.0,0.0,0.0,0.0,22.0,0.0,0.375
https://www.nvidia.com/contact,hard,0,1.0,1,www.nvidia.com,nvidia.com,com,www,30.0,14.0,0.0,1.0,1.0,0.0,0.2,0.0,0.0,0.0,0.0,0.0,8.0,0.0,0.5
https://medium.com/business,hard,0,1.0,1,medium.com,medium.com,com,,27.0,10.0,0.0,0.0,1.0,0.0,0.18518518518518517,0.0,0.0,0.0,0.0,0.0,9.0,0.0,0.5
https://www.nvidia.com/community,hard,0,1.0,1,www.nvidia.com,nvidia.com,com,www,32.0,14.0,0.0,1.0,1.0,0.0,0.1875,0.0,0.0,0.0,0.0,0.0,10.0,0.0,0.5
https://www.target.com/releases/tag/v2.3.1,hard,0,1.0,1,www.target.com,target.com,com,www,42.0,14.0,0.0,1.0,1.0,0.0,0.23809523809523808,0.07142857142857142,0.0,0.0,0.0,0.0,20.0,0.0,0.3333333333333333
https://www.expedia.com/repos/example/project,hard,0,1.0,1,www.expedia.com,expedia.com,com,www,45.0,15.0,0.0,1.0,1.0,0.0,0.17777777777777778,0.0,0.0,0.0,0.0,0.0,22.0,0.0,0.5714285714285714
https://npr.org/order/confirmation/778213,hard,0,1.0,1,npr.org,npr.org,org,,41.0,7.0,0.0,0.0,1.0,0.0,0.17073170731707318,0.14634146341463414,0.0,0.0,0.0,0.0,26.0,0.0,0.0
https://reuters.com/forum,hard,0,1.0,1,reuters.com,reuters.com,com,,25.0,11.0,0.0,0.0,1.0,0.0,0.2,0.0,0.0,0.0,0.0,0.0,6.0,0.0,0.42857142857142855
https://salesforce.com/shop/category/laptops,hard,0,1.0,1,salesforce.com,salesforce.com,com,,44.0,14.0,0.0,0.0,1.0,0.0,0.1590909090909091,0.0,0.0,0.0,0.0,0.0,22.0,0.0,0.4
https://www.bestbuy.com/api/v2/products?page=2,hard,0,1.0,1,www.bestbuy.com,bestbuy.com,com,www,46.0,15.0,0.0,1.0,1.0,0.0,0.21739130434782608,0.043478260869565216,0.0,0.0,0.0,0.0,22.0,0.0,0.2857142857142857
https://www.bloomberg.com/forum,hard,0,1.0,1,www.bloomberg.com,bloomberg.com,com,www,31.0,17.0,0.0,1.0,1.0,0.0,0.1935483870967742,0.0,0.0,0.0,0.0,0.0,6.0,0.0,0.3333333333333333
https://npr.org/search,hard,0,1.0,1,npr.org,npr.org,org,,22.0,7.0,0.0,0.0,1.0,0.0,0.22727272727272727,0.0,0.0,0.0,0.0,0.0,7.0,0.0,0.0
https://www.stackoverflow.com/features/security,hard,0,1.0,1,www.stackoverflow.com,stackoverflow.com,com,www,47.0,21.0,0.0,1.0,1.0,0.0,0.14893617021276595,0.0,0.0,0.0,0.0,0.0,18.0,1.0,0.3076923076923077
https://grubhub.com/en-us/docs/Web/JavaScript,hard,0,1.0,1,grubhub.com,grubhub.com,com,,45.0,11.0,0.0,0.0,1.0,0.0,0.2,0.0,0.0,0.0,0.0,0.0,26.0,0.0,0.2857142857142857
https://cloudflare.com/docs/getting-started,hard,0,1.0,1,cloudflare.com,cloudflare.com,com,,43.0,14.0,0.0,0.0,1.0,0.0,0.16279069767441862,0.0,0.0,0.0,0.0,0.0,21.0,0.0,0.4
https://salesforce.com/login,hard,0,1.0,1,salesforce.com,salesforce.com,com,,28.0,14.0,0.0,0.0,1.0,1.0,0.17857142857142858,0.0,0.0,0.0,0.0,0.0,6.0,0.0,0.4
https://www.airbnb.com/health,hard,0,1.0,1,www.airbnb.com,airbnb.com,com,www,29.0,14.0,0.0,1.0,1.0,0.0,0.20689655172413793,0.0,0.0,0.0,0.0,0.0,7.0,0.0,0.3333333333333333
https://nytimes.com/world,hard,0,1.0,1,nytimes.com,nytimes.com,com,,25.0,11.0,0.0,0.0,1.0,0.0,0.2,0.0,0.0,0.0,0.0,0.0,6.0,0.0,0.2857142857142857
https://edx.org/library/3.12,hard,0,1.0,1,edx.org,edx.org,org,,28.0,7.0,0.0,0.0,1.0,0.0,0.25,0.10714285714285714,0.0,0.0,0.0,0.0,13.0,0.0,0.3333333333333333
https://www.discord.com/releases/tag/v2.3.1,hard,0,1.0,1,www.discord.com,discord.com,com,www,43.0,15.0,0.0,1.0,1.0,0.0,0.23255813953488372,0.06976744186046512,0.0,0.0,0.0,0.0,20.0,1.0,0.2857142857142857
https://www.ibm.com/releases/tag/v2.3.1,hard,0,1.0,1,www.ibm.com,ibm.com,com,www,39.0,11.0,0.0,1.0,1.0,0.0,0.2564102564102564,0.07692307692307693,0.0,0.0,0.0,0.0,20.0,0.0,0.3333333333333333
https://atlassian.com/about,hard,0,1.0,1,atlassian.com,atlassian.com,com,,27.0,13.0,0.0,0.0,1.0,0.0,0.18518518518518517,0.0,0.0,0.0,0.0,0.0,6.0,0.0,0.4444444444444444
https://www.khanacademy.org/docs/getting-started,hard,0,1.0,1,www.khanacademy.org,khanacademy.org,org,www,48.0,19.0,0.0,1.0,1.0,0.0,0.16666666666666666,0.0,0.0,0.0,0.0,0.0,21.0,0.0,0.36363636363636365
https://docs.python.org/login,hard,0,1.0,1,docs.python.org,python.org,org,docs,29.0,15.0,0.0,1.0,1.0,1.0,0.20689655172413793,0.0,0.0,0.0,0.0,0.0,6.0,0.0,0.16666666666666666
https://www.bloomberg.com/docs/api,hard,0,1.0,1,www.bloomberg.com,bloomberg.com,com,www,34.0,17.0,0.0,1.0,1.0,0.0,0.20588235294117646,0.0,0.0,0.0,0.0,0.0,9.0,0.0,0.3333333333333333
https://cdc.gov/en-us/docs/Web/JavaScript,hard,0,1.0,1,cdc.gov,cdc.gov,gov,,41.0,7.0,0.0,0.0,1.0,0.0,0.21951219512195122,0.0,0.0,0.0,0.0,0.0,26.0,0.0,0.0
https://edx.org/blog/2025/new-features,hard,0,1.0,1,edx.org,edx.org,org,,38.0,7.0,0.0,0.0,1.0,0.0,0.21052631578947367,0.10526315789473684,0.0,0.0,0.0,0.0,23.0,0.0,0.3333333333333333
https://wellsfargo.com/technology,hard,0,1.0,1,wellsfargo.com,wellsfargo.com,com,,33.0,14.0,0.0,0.0,1.0,0.0,0.15151515151515152,0.0,0.0,0.0,0.0,0.0,11.0,0.0,0.3
https://cnn.com/blog,hard,0,1.0,1,cnn.com,cnn.com,com,,20.0,7.0,0.0,0.0,1.0,0.0,0.25,0.0,0.0,0.0,0.0,0.0,5.0,1.0,0.0
https://www.nytimes.com/features/security,hard,0,1.0,1,www.nytimes.com,nytimes.com,com,www,41.0,15.0,0.0,1.0,1.0,0.0,0.17073170731707318,0.0,0.0,0.0,0.0,0.0,18.0,0.0,0.2857142857142857
https://www.gov.uk/community,hard,0,1.0,1,www.gov.uk,www.gov.uk,uk,www,28.0,10.0,0.0,0.0,1.0,0.0,0.21428571428571427,0.0,0.0,0.0,0.0,0.0,10.0,0.0,0.0
https://cloudflare.com/login,hard,0,1.0,1,cloudflare.com,cloudflare.com,com,,28.0,14.0,0.0,0.0,1.0,1.0,0.17857142857142858,0.0,0.0,0.0,0.0,0.0,6.0,0.0,0.4
https://arstechnica.com/world,hard,0,1.0,1,arstechnica.com,arstechnica.com,com,,29.0,15.0,0.0,0.0,1.0,0.0,0.1724137931034483,0.0,0.0,0.0,0.0,0.0,6.0,0.0,0.36363636363636365
https://www.americanexpress.com/terms,hard,0,1.0,1,www.americanexpress.com,americanexpress.com,com,www,37.0,23.0,0.0,1.0,1.0,0.0,0.16216216216216217,0.0,0.0,0.0,0.0,0.0,6.0,0.0,0.4
https://www.github.com/questions/12345/how-to-parse-json,hard,0,1.0,1,www.github.com,github.com,com,www,56.0,14.0,0.0,1.0,1.0,0.0,0.19642857142857142,0.08928571428571429,0.0,0.0,0.0,0.0,34.0,1.0,0.3333333333333333
http://www.bankofamerica.com/,hard,0,1.0,1,www.bankofamerica.com,bankofamerica.com,com,www,29.0,21.0,0.0,1.0,0.0,0.0,0.20689655172413793,0.0,0.0,0.0,0.0,0.0,1.0,1.0,0.46153846153846156
https://airbnb.com/forum,hard,0,1.0,1,airbnb.com,airbnb.com,com,,24.0,10.0,0.0,0.0,1.0,0.0,0.20833333333333334,0.0,0.0,0.0,0.0,0.0,6.0,0.0,0.3333333333333333
https://www.uber.com/playlist?list=PL12345,hard,0,1.0,1,www.uber.com,uber.com,com,www,42.0,12.0,0.0,1.0,1.0,0.0,0.19047619047619047,0.11904761904761904,0.0,0.0,0.0,0.0,21.0,0.0,0.5
https://nvidia.com/tree/main/src,hard,0,1.0,1,nvidia.com,nvidia.com,com,,32.0,10.0,0.0,0.0,1.0,0.0,0.21875,0.0,0.0,0.0,0.0,0.0,14.0,0.0,0.5
https://expedia.com/order/confirmation/778213,hard,0,1.0,1,expedia.com,expedia.com,com,,45.0,11.0,0.0,0.0,1.0,0.0,0.15555555555555556,0.13333333333333333,0.0,0.0,0.0,0.0,26.0,0.0,0.5714285714285714
https://kubernetes.io/docs/getting-started,hard,0,1.0,1,kubernetes.io,kubernetes.io,io,,42.0,13.0,0.0,0.0,1.0,0.0,0.16666666666666666,0.0,0.0,0.0,0.0,0.0,21.0,0.0,0.4
https://coursera.org/wiki,hard,0,1.0,1,coursera.org,coursera.org,org,,25.0,12.0,0.0,0.0,1.0,0.0,0.2,0.0,0.0,0.0,0.0,0.0,5.0,0.0,0.5
https://www.expedia.com/business,hard,0,1.0,1,www.expedia.com,expedia.com,com,www,32.0,15.0,0.0,1.0,1.0,0.0,0.1875,0.0,0.0,0.0,0.0,0.0,9.0,0.0,0.5714285714285714
https://www.forbes.com/repos/example/project,hard,0,1.0,1,www.forbes.com,forbes.com,com,www,44.0,14.0,0.0,1.0,1.0,0.0,0.18181818181818182,0.0,0.0,0.0,0.0,0.0,22.0,1.0,0.3333333333333333
https://ebay.com/,hard,0,1.0,1,ebay.com,ebay.com,com,,17.0,8.0,0.0,0.0,1.0,0.0,0.29411764705882354,0.0,0.0,0.0,0.0,0.0,1.0,1.0,0.5
https://digitalocean.com/reference/functions.html,hard,0,1.0,1,digitalocean.com,digitalocean.com,com,,49.0,16.0,0.0,0.0,1.0,0.0,0.14285714285714285,0.0,0.0,0.0,0.0,0.0,25.0,0.0,0.5
https://arstechnica.com/news/technology,hard,0,1.0,1,arstechnica.com,arstechnica.com,com,,39.0,15.0,0.0,0.0,1.0,0.0,0.15384615384615385,0.0,0.0,0.0,0.0,0.0,16.0,0.0,0.36363636363636365
https://www.europa.eu/products,hard,0,1.0,1,www.europa.eu,europa.eu,eu,www,30.0,13.0,0.0,1.0,1.0,0.0,0.2,0.0,0.0,0.0,0.0,0.0,9.0,0.0,0.6666666666666666
https://blogger.com/sports,hard,0,1.0,1,blogger.com,blogger.com,com,,26.0,11.0,0.0,0.0,1.0,0.0,0.19230769230769232,0.0,0.0,0.0,0.0,0.0,7.0,0.0,0.2857142857142857
https://pinterest.com/forum,hard,0,1.0,1,pinterest.com,pinterest.com,com,,27.0,13.0,0.0,0.0,1.0,0.0,0.18518518518518517,0.0,0.0,0.0,0.0,0.0,6.0,0.0,0.3333333333333333
https://stanford.edu/download,hard,0,1.0,1,stanford.edu,stanford.edu,edu,,29.0,12.0,0.0,0.0,1.0,0.0,0.1724137931034483,0.0,0.0,0.0,0.0,0.0,9.0,0.0,0.25
https://bankofamerica.com/watch?v=dQw4w9WgXcQ,hard,0,1.0,1,bankofamerica.com,bankofamerica.com,com,,45.0,17.0,0.0,0.0,1.0,0.0,0.15555555555555556,0.044444444444444446,0.0,0.0,0.0,0.0,19.0,1.0,0.46153846153846156
https://www.pinterest.com/technology,hard,0,1.0,1,www.pinterest.com,pinterest.com,com,www,36.0,17.0,0.0,1.0,1.0,0.0,0.16666666666666666,0.0,0.0,0.0,0.0,0.0,11.0,0.0,0.3333333333333333
https://udemy.com/playlist?list=PL12345,hard,0,1.0,1,udemy.com,udemy.com,com,,39.0,9.0,0.0,0.0,1.0,0.0,0.1794871794871795,0.1282051282051282,0.0,0.0,0.0,0.0,21.0,0.0,0.4
https://bestbuy.com/shop/category/laptops,hard,0,1.0,1,bestbuy.com,bestbuy.com,com,,41.0,11.0,0.0,0.0,1.0,0.0,0.17073170731707318,0.0,0.0,0.0,0.0,0.0,22.0,0.0,0.2857142857142857
https://www.reuters.com/en-us/library,hard,0,1.0,1,www.reuters.com,reuters.com,com,www,37.0,15.0,0.0,1.0,1.0,0.0,0.21621621621621623,0.0,0.0,0.0,0.0,0.0,14.0,0.0,0.42857142857142855
https://booking.com/settings,hard,0,1.0,1,booking.com,booking.com,com,,28.0,11.0,0.0,0.0,1.0,0.0,0.17857142857142858,0.0,0.0,0.0,0.0,0.0,9.0,0.0,0.42857142857142855
https://www.doordash.com/checkout,hard,0,1.0,1,www.doordash.com,doordash.com,com,www,33.0,16.0,0.0,1.0,1.0,0.0,0.18181818181818182,0.0,0.0,0.0,0.0,0.0,9.0,0.0,0.375
https://support.mozilla.org/blog/2025/new-features,hard,0,1.0,1,support.mozilla.org,mozilla.org,org,support,50.0,19.0,0.0,1.0,1.0,0.0,0.18,0.08,0.0,0.0,0.0,0.0,23.0,1.0,0.42857142857142855
https://khanacademy.org/news,hard,0,1.0,1,khanacademy.org,khanacademy.org,org,,28.0,15.0,0.0,0.0,1.0,0.0,0.17857142857142858,0.0,0.0,0.0,0.0,0.0,5.0,0.0,0.36363636363636365
https://docs.python.org/news/technology,hard,0,1.0,1,docs.python.org,python.org,org,docs,39.0,15.0,0.0,1.0,1.0,0.0,0.1794871794871795,0.0,0.0,0.0,0.0,0.0,16.0,0.0,0.16666666666666666
https://zoom.us/dashboard,hard,0,1.0,1,zoom.us,zoom.us,us,,25.0,7.0,0.0,0.0,1.0,0.0,0.2,0.0,0.0,0.0,0.85,0.0,10.0,0.0,0.5
https://www.europa.eu/privacy,hard,0,1.0,1,www.europa.eu,europa.eu,eu,www,29.0,13.0,0.0,1.0,1.0,0.0,0.20689655172413793,0.0,0.0,0.0,0.0,0.0,8.0,0.0,0.6666666666666666
https://www.nasa.gov/reference/functions.html,hard,0,1.0,1,www.nasa.gov,nasa.gov,gov,www,45.0,12.0,0.0,1.0,1.0,0.0,0.17777777777777778,0.0,0.0,0.0,0.0,0.0,25.0,0.0,0.5
https://edx.org/science,hard,0,1.0,1,edx.org,edx.org,org,,23.0,7.0,0.0,0.0,1.0,0.0,0.21739130434782608,0.0,0.0,0.0,0.0,0.0,8.0,0.0,0.3333333333333333
https://usa.gov/api/v2/products?page=2,hard,0,1.0,1,usa.gov,usa.gov,gov,,38.0,7.0,0.0,0.0,1.0,0.0,0.23684210526315788,0.05263157894736842,0.0,0.0,0.0,0.0,22.0,0.0,0.6666666666666666
https://www.adobe.com/order/confirmation/778213,hard,0,1.0,1,www.adobe.com,adobe.com,com,www,47.0,13.0,0.0,1.0,1.0,0.0,0.1702127659574468,0.1276595744680851,0.0,0.0,0.0,0.0,26.0,1.0,0.6
https://www.expedia.com/order/confirmation/778213,hard,0,1.0,1,www.expedia.com,expedia.com,com,www,49.0,15.0,0.0,1.0,1.0,0.0,0.16326530612244897,0.12244897959183673,0.0,0.0,0.0,0.0,26.0,0.0,0.5714285714285714
https://www.booking.com/business,hard,0,1.0,1,www.booking.com,booking.com,com,www,32.0,15.0,0.0,1.0,1.0,0.0,0.1875,0.0,0.0,0.0,0.0,0.0,9.0,0.0,0.42857142857142855
https://www.khanacademy.org/order/confirmation/778213,hard,0,1.0,1,www.khanacademy.org,khanacademy.org,org,www,53.0,19.0,0.0,1.0,1.0,0.0,0.1509433962264151,0.11320754716981132,0.0,0.0,0.0,0.0,26.0,0.0,0.36363636363636365
https://quora.com/world,hard,0,1.0,1,quora.com,quora.com,com,,23.0,9.0,0.0,0.0,1.0,0.0,0.21739130434782608,0.0,0.0,0.0,0.0,0.0,6.0,0.0,0.6
https://www.wsj.com/library/3.12,hard,0,1.0,1,www.wsj.com,wsj.com,com,www,32.0,11.0,0.0,1.0,1.0,0.0,0.25,0.09375,0.0,0.0,0.0,0.0,13.0,0.0,0.0
https://www.stackoverflow.com/settings,hard,0,1.0,1,www.stackoverflow.com,stackoverflow.com,com,www,38.0,21.0,0.0,1.0,1.0,0.0,0.15789473684210525,0.0,0.0,0.0,0.0,0.0,9.0,1.0,0.3076923076923077
https://citibank.com/docs,hard,0,1.0,1,citibank.com,citibank.com,com,,25.0,12.0,0.0,0.0,1.0,0.0,0.2,0.0,0.0,0.0,0.0,0.0,5.0,0.0,0.375
https://docs.python.org/docs/api,hard,0,1.0,1,docs.python.org,python.org,org,docs,32.0,15.0,0.0,1.0,1.0,0.0,0.21875,0.0,0.0,0.0,0.0,0.0,9.0,0.0,0.16666666666666666
https://www.booking.com/sports,hard,0,1.0,1,www.booking.com,booking.com,com,www,30.0,15.0,0.0,1.0,1.0,0.0,0.2,0.0,0.0,0.0,0.0,0.0,7.0,0.0,0.42857142857142855
https://hsbc.com/library/3.12,hard,0,0.9994261999278239,1,hsbc.com,hsbc.com,com,,29.0,8.0,0.0,0.0,1.0,0.0,0.2413793103448276,0.10344827586206896,0.0,0.0,0.0,0.0,13.0,0.0,0.0
https://npr.org/library/3.12,hard,0,0.9994261999278239,1,npr.org,npr.org,org,,28.0,7.0,0.0,0.0,1.0,0.0,0.25,0.10714285714285714,0.0,0.0,0.0,0.0,13.0,0.0,0.0
https://cnn.com/playlist?list=PL12345,hard,0,0.9994261999278239,1,cnn.com,cnn.com,com,,37.0,7.0,0.0,0.0,1.0,0.0,0.1891891891891892,0.13513513513513514,0.0,0.0,0.0,0.0,21.0,1.0,0.0
https://cdc.gov/questions/12345/how-to-parse-json,hard,0,0.9994261999278239,1,cdc.gov,cdc.gov,gov,,49.0,7.0,0.0,0.0,1.0,0.0,0.20408163265306123,0.10204081632653061,0.0,0.0,0.0,0.0,34.0,0.0,0.0
http://npmjs.com/order/confirmation/778213,hard,0,0.9994261999278239,1,npmjs.com,npmjs.com,com,,42.0,9.0,0.0,0.0,0.0,0.0,0.16666666666666666,0.14285714285714285,0.0,0.0,0.0,0.0,26.0,0.0,0.0
https://x.com/blog/2025/new-features,hard,0,0.9994261999278239,1,x.com,x.com,com,,36.0,5.0,0.0,0.0,1.0,0.0,0.2222222222222222,0.1111111111111111,0.0,0.0,0.0,0.0,23.0,0.0,0.0
https://cdc.gov/releases/tag/v2.3.1,hard,0,0.9994261999278239,1,cdc.gov,cdc.gov,gov,,35.0,7.0,0.0,0.0,1.0,0.0,0.2571428571428571,0.08571428571428572,0.0,0.0,0.0,0.0,20.0,0.0,0.0
https://lyft.com/order/confirmation/778213,hard,0,0.9994261999278239,1,lyft.com,lyft.com,com,,42.0,8.0,0.0,0.0,1.0,0.0,0.16666666666666666,0.14285714285714285,0.0,0.0,0.0,0.0,26.0,0.0,0.0
https://wsj.com/blog/2025/new-features,hard,0,0.9994261999278239,1,wsj.com,wsj.com,com,,38.0,7.0,0.0,0.0,1.0,0.0,0.21052631578947367,0.10526315789473684,0.0,0.0,0.0,0.0,23.0,0.0,0.0
https://npmjs.com/releases/tag/v2.3.1,hard,0,0.9994261999278239,1,npmjs.com,npmjs.com,com,,37.0,9.0,0.0,0.0,1.0,0.0,0.24324324324324326,0.08108108108108109,0.0,0.0,0.0,0.0,20.0,0.0,0.0
https://www.pinterest.com/article/2025/06/12/world-news,hard,0,0.991148542253185,1,www.pinterest.com,pinterest.com,com,www,55.0,17.0,0.0,1.0,1.0,0.0,0.2,0.14545454545454545,0.0,0.0,0.0,0.0,30.0,0.0,0.3333333333333333
https://www.harvard.edu/item/98213,hard,0,0.991148542253185,1,www.harvard.edu,harvard.edu,edu,www,34.0,15.0,0.0,1.0,1.0,0.0,0.20588235294117646,0.14705882352941177,0.0,0.0,0.0,0.0,11.0,0.0,0.2857142857142857
https://docs.python.org/item/98213,hard,0,0.991148542253185,1,docs.python.org,python.org,org,docs,34.0,15.0,0.0,1.0,1.0,0.0,0.20588235294117646,0.14705882352941177,0.0,0.0,0.0,0.0,11.0,0.0,0.16666666666666666
https://www.who.int/pull/2031,hard,0,0.9891170323928945,1,www.who.int,who.int,int,www,29.0,11.0,0.0,1.0,1.0,0.0,0.2413793103448276,0.13793103448275862,0.0,0.0,0.0,0.0,10.0,0.0,0.3333333333333333
https://coursera.org/pull/2031,hard,0,0.9891170323928945,1,coursera.org,coursera.org,org,,30.0,12.0,0.0,0.0,1.0,0.0,0.2,0.13333333333333333,0.0,0.0,0.0,0.0,10.0,0.0,0.5
https://nvidia.com/issues/1042,hard,0,0.9891170323928945,1,nvidia.com,nvidia.com,com,,30.0,10.0,0.0,0.0,1.0,0.0,0.2,0.13333333333333333,0.0,0.0,0.0,0.0,12.0,0.0,0.5
https://www.nih.gov/pull/2031,hard,0,0.9891170323928945,1,www.nih.gov,nih.gov,gov,www,29.0,11.0,0.0,1.0,1.0,0.0,0.2413793103448276,0.13793103448275862,0.0,0.0,0.0,0.0,10.0,0.0,0.3333333333333333
https://trello.com/issues/1042,hard,0,0.9891170323928945,1,trello.com,trello.com,com,,30.0,10.0,0.0,0.0,1.0,0.0,0.2,0.13333333333333333,0.0,0.0,0.0,0.0,12.0,0.0,0.3333333333333333
https://airbnb.com/issues/1042,hard,0,0.9891170323928945,1,airbnb.com,airbnb.com,com,,30.0,10.0,0.0,0.0,1.0,0.0,0.2,0.13333333333333333,0.0,0.0,0.0,0.0,12.0,0.0,0.3333333333333333
https://www.mit.edu/pull/2031,hard,0,0.9891170323928945,1,www.mit.edu,mit.edu,edu,www,29.0,11.0,0.0,1.0,1.0,0.0,0.2413793103448276,0.13793103448275862,0.0,0.0,0.0,0.0,10.0,0.0,0.3333333333333333
https://www.who.int/login,hard,0,0.9848786354690574,1,www.who.int,who.int,int,www,25.0,11.0,0.0,1.0,1.0,1.0,0.24,0.0,0.0,0.0,0.0,0.0,6.0,0.0,0.3333333333333333
https://www.who.int/signin,hard,0,0.9848786354690574,1,www.who.int,who.int,int,www,26.0,11.0,0.0,1.0,1.0,1.0,0.23076923076923078,0.0,0.0,0.0,0.0,0.0,7.0,0.0,0.3333333333333333
https://www.usa.gov/login,hard,0,0.9848786354690574,1,www.usa.gov,usa.gov,gov,www,25.0,11.0,0.0,1.0,1.0,1.0,0.24,0.0,0.0,0.0,0.0,0.0,6.0,0.0,0.6666666666666666
https://www.uber.com/login,hard,0,0.9848786354690574,1,www.uber.com,uber.com,com,www,26.0,12.0,0.0,1.0,1.0,1.0,0.23076923076923078,0.0,0.0,0.0,0.0,0.0,6.0,0.0,0.5
https://www.nih.gov/login,hard,0,0.9848786354690574,1,www.nih.gov,nih.gov,gov,www,25.0,11.0,0.0,1.0,1.0,1.0,0.24,0.0,0.0,0.0,0.0,0.0,6.0,0.0,0.3333333333333333
https://www.nasa.gov/login,hard,0,0.9848786354690574,1,www.nasa.gov,nasa.gov,gov,www,26.0,12.0,0.0,1.0,1.0,1.0,0.23076923076923078,0.0,0.0,0.0,0.0,0.0,6.0,0.0,0.5
https://target.com/item/98213,hard,0,0.9848354688410017,1,target.com,target.com,com,,29.0,10.0,0.0,0.0,1.0,0.0,0.20689655172413793,0.1724137931034483,0.0,0.0,0.0,0.0,11.0,0.0,0.3333333333333333
https://booking.com/item/98213,hard,0,0.9848354688410017,1,booking.com,booking.com,com,,30.0,11.0,0.0,0.0,1.0,0.0,0.2,0.16666666666666666,0.0,0.0,0.0,0.0,11.0,0.0,0.42857142857142855
https://www.edx.org/item/98213,hard,0,0.9848354688410017,1,www.edx.org,edx.org,org,www,30.0,11.0,0.0,1.0,1.0,0.0,0.23333333333333334,0.16666666666666666,0.0,0.0,0.0,0.0,11.0,0.0,0.3333333333333333
https://www.slack.com/item/98213,hard,0,0.9845419088046867,1,www.slack.com,slack.com,com,www,32.0,13.0,0.0,1.0,1.0,0.0,0.21875,0.15625,0.0,0.0,0.0,0.0,11.0,0.0,0.2
https://www.slack.com/pull/2031,hard,0,0.9826030898960326,1,www.slack.com,slack.com,com,www,31.0,13.0,0.0,1.0,1.0,0.0,0.22580645161290322,0.12903225806451613,0.0,0.0,0.0,0.0,10.0,0.0,0.2
https://www.npr.org/issues/1042,hard,0,0.9826030898960326,1,www.npr.org,npr.org,org,www,31.0,11.0,0.0,1.0,1.0,0.0,0.22580645161290322,0.12903225806451613,0.0,0.0,0.0,0.0,12.0,0.0,0.0
https://www.cdc.gov/,hard,0,0.9811554707725847,1,www.cdc.gov,cdc.gov,gov,www,20.0,11.0,0.0,1.0,1.0,0.0,0.3,0.0,0.0,0.0,0.0,0.0,1.0,0.0,0.0
https://www.nih.gov/,hard,0,0.978519254873147,1,www.nih.gov,nih.gov,gov,www,20.0,11.0,0.0,1.0,1.0,0.0,0.3,0.0,0.0,0.0,0.0,0.0,1.0,0.0,0.3333333333333333
https://www.mit.edu/,hard,0,0.978519254873147,1,www.mit.edu,mit.edu,edu,www,20.0,11.0,0.0,1.0,1.0,0.0,0.3,0.0,0.0,0.0,0.0,0.0,1.0,0.0,0.3333333333333333
https://www.irs.gov/,hard,0,0.978519254873147,1,www.irs.gov,irs.gov,gov,www,20.0,11.0,0.0,1.0,1.0,0.0,0.3,0.0,0.0,0.0,0.0,0.0,1.0,0.0,0.3333333333333333
https://www.pinterest.com/,hard,0,0.9756113584659163,1,www.pinterest.com,pinterest.com,com,www,26.0,17.0,0.0,1.0,1.0,0.0,0.23076923076923078,0.0,0.0,0.0,0.0,0.0,1.0,0.0,0.3333333333333333
https://nytimes.com,hard,0,0.9752920227547481,1,nytimes.com,nytimes.com,com,,19.0,11.0,0.0,0.0,1.0,0.0,0.21052631578947367,0.0,0.0,0.0,0.0,0.0,0.0,0.0,0.2857142857142857
https://cloudflare.com,hard,0,0.9752920227547481,1,cloudflare.com,cloudflare.com,com,,22.0,14.0,0.0,0.0,1.0,0.0,0.18181818181818182,0.0,0.0,0.0,0.0,0.0,0.0,0.0,0.4
https://arstechnica.com,hard,0,0.9752920227547481,1,arstechnica.com,arstechnica.com,com,,23.0,15.0,0.0,0.0,1.0,0.0,0.17391304347826086,0.0,0.0,0.0,0.0,0.0,0.0,0.0,0.36363636363636365
https://pypi.org,hard,0,0.9751082193875311,1,pypi.org,pypi.org,org,,16.0,8.0,0.0,0.0,1.0,0.0,0.25,0.0,0.0,0.0,0.0,0.0,0.0,0.0,0.25
https://www.lyft.com/docs/api,hard,0,0.9750209884722529,1,www.lyft.com,lyft.com,com,www,29.0,12.0,0.0,1.0,1.0,0.0,0.2413793103448276,0.0,0.0,0.0,0.0,0.0,9.0,0.0,0.0
https://www.wsj.com/health,hard,0,0.9750209884722529,1,www.wsj.com,wsj.com,com,www,26.0,11.0,0.0,1.0,1.0,0.0,0.23076923076923078,0.0,0.0,0.0,0.0,0.0,7.0,0.0,0.0
https://www.cdc.gov/docs,hard,0,0.9750209884722529,1,www.cdc.gov,cdc.gov,gov,www,24.0,11.0,0.0,1.0,1.0,0.0,0.25,0.0,0.0,0.0,0.0,0.0,5.0,0.0,0.0
https://www.wsj.com/forum,hard,0,0.9750209884722529,1,www.wsj.com,wsj.com,com,www,25.0,11.0,0.0,1.0,1.0,0.0,0.24,0.0,0.0,0.0,0.0,0.0,6.0,0.0,0.0
https://www.npr.org/docs,hard,0,0.9750209884722529,1,www.npr.org,npr.org,org,www,24.0,11.0,0.0,1.0,1.0,0.0,0.25,0.0,0.0,0.0,0.0,0.0,5.0,0.0,0.0
https://www.npr.org/health,hard,0,0.9750209884722529,1,www.npr.org,npr.org,org,www,26.0,11.0,0.0,1.0,1.0,0.0,0.23076923076923078,0.0,0.0,0.0,0.0,0.0,7.0,0.0,0.0
https://www.cdc.gov/terms,hard,0,0.9750209884722529,1,www.cdc.gov,cdc.gov,gov,www,25.0,11.0,0.0,1.0,1.0,0.0,0.24,0.0,0.0,0.0,0.0,0.0,6.0,0.0,0.0
https://www.lyft.com/terms,hard,0,0.9750209884722529,1,www.lyft.com,lyft.com,com,www,26.0,12.0,0.0,1.0,1.0,0.0,0.23076923076923078,0.0,0.0,0.0,0.0,0.0,6.0,0.0,0.0
https://www.cdc.gov/sports,hard,0,0.9750209884722529,1,www.cdc.gov,cdc.gov,gov,www,26.0,11.0,0.0,1.0,1.0,0.0,0.23076923076923078,0.0,0.0,0.0,0.0,0.0,7.0,0.0,0.0
https://www.npmjs.com/help,hard,0,0.9750209884722529,1,www.npmjs.com,npmjs.com,com,www,26.0,13.0,0.0,1.0,1.0,0.0,0.23076923076923078,0.0,0.0,0.0,0.0,0.0,5.0,0.0,0.0
https://www.hsbc.com/help,hard,0,0.9750209884722529,1,www.hsbc.com,hsbc.com,com,www,25.0,12.0,0.0,1.0,1.0,0.0,0.24,0.0,0.0,0.0,0.0,0.0,5.0,0.0,0.0
https://www.wsj.com/help,hard,0,0.9750209884722529,1,www.wsj.com,wsj.com,com,www,24.0,11.0,0.0,1.0,1.0,0.0,0.25,0.0,0.0,0.0,0.0,0.0,5.0,0.0,0.0
https://www.wsj.com/docs/api,hard,0,0.9750209884722529,1,www.wsj.com,wsj.com,com,www,28.0,11.0,0.0,1.0,1.0,0.0,0.25,0.0,0.0,0.0,0.0,0.0,9.0,0.0,0.0
https://www.cdc.gov/blog,hard,0,0.9750209884722529,1,www.cdc.gov,cdc.gov,gov,www,24.0,11.0,0.0,1.0,1.0,0.0,0.25,0.0,0.0,0.0,0.0,0.0,5.0,0.0,0.0
https://www.wsj.com/wiki,hard,0,0.9750209884722529,1,www.wsj.com,wsj.com,com,www,24.0,11.0,0.0,1.0,1.0,0.0,0.25,0.0,0.0,0.0,0.0,0.0,5.0,0.0,0.0
https://www.hsbc.com/news,hard,0,0.9750209884722529,1,www.hsbc.com,hsbc.com,com,www,25.0,12.0,0.0,1.0,1.0,0.0,0.24,0.0,0.0,0.0,0.0,0.0,5.0,0.0,0.0
https://www.npr.org/privacy,hard,0,0.9750209884722529,1,www.npr.org,npr.org,org,www,27.0,11.0,0.0,1.0,1.0,0.0,0.2222222222222222,0.0,0.0,0.0,0.0,0.0,8.0,0.0,0.0
https://www.cdc.gov/privacy,hard,0,0.9750209884722529,1,www.cdc.gov,cdc.gov,gov,www,27.0,11.0,0.0,1.0,1.0,0.0,0.2222222222222222,0.0,0.0,0.0,0.0,0.0,8.0,0.0,0.0
https://spotify.com/world,hard,0,0.975,1,spotify.com,spotify.com,com,,25.0,11.0,0.0,0.0,1.0,0.0,0.2,0.0,0.0,0.0,0.0,0.0,6.0,1.0,0.2857142857142857
https://walmart.com/blog,hard,0,0.975,1,walmart.com,walmart.com,com,,24.0,11.0,0.0,0.0,1.0,0.0,0.20833333333333334,0.0,0.0,0.0,0.0,0.0,5.0,1.0,0.2857142857142857
https://amazon.com/technology,hard,0,0.975,1,amazon.com,amazon.com,com,,29.0,10.0,0.0,0.0,1.0,0.0,0.1724137931034483,0.0,0.0,0.0,0.0,0.0,11.0,1.0,0.5
https://discord.com/community,hard,0,0.975,1,discord.com,discord.com,com,,29.0,11.0,0.0,0.0,1.0,0.0,0.1724137931034483,0.0,0.0,0.0,0.0,0.0,10.0,1.0,0.2857142857142857
https://microsoft.com/search,hard,0,0.975,1,microsoft.com,microsoft.com,com,,28.0,13.0,0.0,0.0,1.0,0.0,0.17857142857142858,0.0,0.0,0.0,0.0,0.0,7.0,1.0,0.3333333333333333
https://www.dropbox.com/library/3.12,hard,0,0.975,1,www.dropbox.com,dropbox.com,com,www,36.0,15.0,0.0,1.0,1.0,0.0,0.2222222222222222,0.08333333333333333,0.0,0.0,0.0,0.0,13.0,1.0,0.2857142857142857
https://dropbox.com/privacy,hard,0,0.975,1,dropbox.com,dropbox.com,com,,27.0,11.0,0.0,0.0,1.0,0.0,0.18518518518518517,0.0,0.0,0.0,0.0,0.0,8.0,1.0,0.2857142857142857
https://developer.mozilla.org/privacy,hard,0,0.975,1,developer.mozilla.org,mozilla.org,org,developer,37.0,21.0,0.0,1.0,1.0,0.0,0.16216216216216217,0.0,0.0,0.0,0.0,0.0,8.0,1.0,0.42857142857142855
https://www.forbes.com/wiki/Main_Page,hard,0,0.975,1,www.forbes.com,forbes.com,com,www,37.0,14.0,0.0,1.0,1.0,0.0,0.21621621621621623,0.0,0.0,0.0,0.0,0.0,15.0,1.0,0.3333333333333333
https://stackoverflow.com/community,hard,0,0.975,1,stackoverflow.com,stackoverflow.com,com,,35.0,17.0,0.0,0.0,1.0,0.0,0.14285714285714285,0.0,0.0,0.0,0.0,0.0,10.0,1.0,0.3076923076923077
https://www.target.com/account,hard,0,0.975,1,www.target.com,target.com,com,www,30.0,14.0,0.0,1.0,1.0,1.0,0.2,0.0,0.0,0.0,0.0,0.0,8.0,0.0,0.3333333333333333
https://discord.com/account,hard,0,0.975,1,discord.com,discord.com,com,,27.0,11.0,0.0,0.0,1.0,1.0,0.18518518518518517,0.0,0.0,0.0,0.0,0.0,8.0,1.0,0.2857142857142857
https://www.docker.com/api/v1/users,hard,0,0.975,1,www.docker.com,docker.com,com,www,35.0,14.0,0.0,1.0,1.0,0.0,0.22857142857142856,0.02857142857142857,0.0,0.0,0.0,0.0,13.0,1.0,0.3333333333333333
https://linkedin.com/user/johndoe,hard,0,0.975,1,linkedin.com,linkedin.com,com,,33.0,12.0,0.0,0.0,1.0,0.0,0.18181818181818182,0.0,0.0,0.0,0.0,0.0,13.0,1.0,0.375
https://www.google.com/api/v1/users,hard,0,0.975,1,www.google.com,google.com,com,www,35.0,14.0,0.0,1.0,1.0,0.0,0.22857142857142856,0.02857142857142857,0.0,0.0,0.0,0.0,13.0,1.0,0.5
https://azure.microsoft.com/search,hard,0,0.975,1,azure.microsoft.com,microsoft.com,com,azure,34.0,19.0,0.0,1.0,1.0,0.0,0.17647058823529413,0.0,0.0,0.0,0.0,0.0,7.0,1.0,0.3333333333333333
https://www.bloomberg.com/community,hard,0,0.975,1,www.bloomberg.com,bloomberg.com,com,www,35.0,17.0,0.0,1.0,1.0,0.0,0.17142857142857143,0.0,0.0,0.0,0.0,0.0,10.0,0.0,0.3333333333333333
https://www.expedia.com/signin,hard,0,0.975,1,www.expedia.com,expedia.com,com,www,30.0,15.0,0.0,1.0,1.0,1.0,0.2,0.0,0.0,0.0,0.0,0.0,7.0,0.0,0.5714285714285714
https://bankofamerica.com/dashboard,hard,0,0.975,1,bankofamerica.com,bankofamerica.com,com,,35.0,17.0,0.0,0.0,1.0,0.0,0.14285714285714285,0.0,0.0,0.0,0.0,0.0,10.0,1.0,0.46153846153846156
https://spotify.com/user/johndoe,hard,0,0.975,1,spotify.com,spotify.com,com,,32.0,11.0,0.0,0.0,1.0,0.0,0.1875,0.0,0.0,0.0,0.0,0.0,13.0,1.0,0.2857142857142857
https://discord.com/news,hard,0,0.975,1,discord.com,discord.com,com,,24.0,11.0,0.0,0.0,1.0,0.0,0.20833333333333334,0.0,0.0,0.0,0.0,0.0,5.0,1.0,0.2857142857142857
https://amazon.com/docs,hard,0,0.975,1,amazon.com,amazon.com,com,,23.0,10.0,0.0,0.0,1.0,0.0,0.21739130434782608,0.0,0.0,0.0,0.0,0.0,5.0,1.0,0.5
https://mozilla.org/downloads/latest,hard,0,0.975,1,mozilla.org,mozilla.org,org,,36.0,11.0,0.0,0.0,1.0,0.0,0.16666666666666666,0.0,0.0,0.0,0.0,0.0,17.0,1.0,0.42857142857142855
https://www.stackoverflow.com/science,hard,0,0.975,1,www.stackoverflow.com,stackoverflow.com,com,www,37.0,21.0,0.0,1.0,1.0,0.0,0.16216216216216217,0.0,0.0,0.0,0.0,0.0,8.0,1.0,0.3076923076923077
https://www.apple.com/api/v1/users,hard,0,0.975,1,www.apple.com,apple.com,com,www,34.0,13.0,0.0,1.0,1.0,0.0,0.23529411764705882,0.029411764705882353,0.0,0.0,0.0,0.0,13.0,1.0,0.4
https://discord.com/privacy,hard,0,0.975,1,discord.com,discord.com,com,,27.0,11.0,0.0,0.0,1.0,0.0,0.18518518518518517,0.0,0.0,0.0,0.0,0.0,8.0,1.0,0.2857142857142857
https://walmart.com/library/3.12,hard,0,0.975,1,walmart.com,walmart.com,com,,32.0,11.0,0.0,0.0,1.0,0.0,0.21875,0.09375,0.0,0.0,0.0,0.0,13.0,1.0,0.2857142857142857
https://microsoft.com/blog,hard,0,0.975,1,microsoft.com,microsoft.com,com,,26.0,13.0,0.0,0.0,1.0,0.0,0.19230769230769232,0.0,0.0,0.0,0.0,0.0,5.0,1.0,0.3333333333333333
https://netflix.com/help,hard,0,0.975,1,netflix.com,netflix.com,com,,24.0,11.0,0.0,0.0,1.0,0.0,0.20833333333333334,0.0,0.0,0.0,0.0,0.0,5.0,1.0,0.2857142857142857
https://azure.microsoft.com/docs/api,hard,0,0.975,1,azure.microsoft.com,microsoft.com,com,azure,36.0,19.0,0.0,1.0,1.0,0.0,0.19444444444444445,0.0,0.0,0.0,0.0,0.0,9.0,1.0,0.3333333333333333
https://linkedin.com/item/98213,hard,0,0.975,1,linkedin.com,linkedin.com,com,,31.0,12.0,0.0,0.0,1.0,0.0,0.1935483870967742,0.16129032258064516,0.0,0.0,0.0,0.0,11.0,1.0,0.375
https://open.spotify.com/pull/2031,hard,0,0.975,1,open.spotify.com,spotify.com,com,open,34.0,16.0,0.0,1.0,1.0,0.0,0.20588235294117646,0.11764705882352941,0.0,0.0,0.0,0.0,10.0,1.0,0.2857142857142857
https://youtube.com/products,hard,0,0.975,1,youtube.com,youtube.com,com,,28.0,11.0,0.0,0.0,1.0,0.0,0.17857142857142858,0.0,0.0,0.0,0.0,0.0,9.0,1.0,0.5714285714285714
https://google.com/wiki,hard,0,0.975,1,google.com,google.com,com,,23.0,10.0,0.0,0.0,1.0,0.0,0.21739130434782608,0.0,0.0,0.0,0.0,0.0,5.0,1.0,0.5
https://dropbox.com/forum,hard,0,0.975,1,dropbox.com,dropbox.com,com,,25.0,11.0,0.0,0.0,1.0,0.0,0.2,0.0,0.0,0.0,0.0,0.0,6.0,1.0,0.2857142857142857
https://twitter.com/world,hard,0,0.975,1,twitter.com,twitter.com,com,,25.0,11.0,0.0,0.0,1.0,0.0,0.2,0.0,0.0,0.0,0.0,0.0,6.0,1.0,0.2857142857142857
https://cloud.google.com/library/3.12,hard,0,0.975,1,cloud.google.com,google.com,com,cloud,37.0,16.0,0.0,1.0,1.0,0.0,0.21621621621621623,0.08108108108108109,0.0,0.0,0.0,0.0,13.0,1.0,0.5
https://instagram.com/help,hard,0,0.975,1,instagram.com,instagram.com,com,,26.0,13.0,0.0,0.0,1.0,0.0,0.19230769230769232,0.0,0.0,0.0,0.0,0.0,5.0,1.0,0.3333333333333333
https://mozilla.org/,hard,0,0.975,1,mozilla.org,mozilla.org,org,,20.0,11.0,0.0,0.0,1.0,0.0,0.25,0.0,0.0,0.0,0.0,0.0,1.0,1.0,0.42857142857142855
https://youtube.com/community,hard,0,0.975,1,youtube.com,youtube.com,com,,29.0,11.0,0.0,0.0,1.0,0.0,0.1724137931034483,0.0,0.0,0.0,0.0,0.0,10.0,1.0,0.5714285714285714
https://instagram.com/contact,hard,0,0.975,1,instagram.com,instagram.com,com,,29.0,13.0,0.0,0.0,1.0,0.0,0.1724137931034483,0.0,0.0,0.0,0.0,0.0,8.0,1.0,0.3333333333333333
https://google.com/contact,hard,0,0.975,1,google.com,google.com,com,,26.0,10.0,0.0,0.0,1.0,0.0,0.19230769230769232,0.0,0.0,0.0,0.0,0.0,8.0,1.0,0.5
https://github.com/docs,hard,0,0.975,1,github.com,github.com,com,,23.0,10.0,0.0,0.0,1.0,0.0,0.21739130434782608,0.0,0.0,0.0,0.0,0.0,5.0,1.0,0.3333333333333333
https://walmart.com/help,hard,0,0.975,1,walmart.com,walmart.com,com,,24.0,11.0,0.0,0.0,1.0,0.0,0.20833333333333334,0.0,0.0,0.0,0.0,0.0,5.0,1.0,0.2857142857142857
https://walmart.com/science,hard,0,0.975,1,walmart.com,walmart.com,com,,27.0,11.0,0.0,0.0,1.0,0.0,0.18518518518518517,0.0,0.0,0.0,0.0,0.0,8.0,1.0,0.2857142857142857
https://www.khanacademy.org/support,hard,0,0.975,1,www.khanacademy.org,khanacademy.org,org,www,35.0,19.0,0.0,1.0,1.0,0.0,0.17142857142857143,0.0,0.0,0.0,0.0,0.0,8.0,0.0,0.36363636363636365
https://youtube.com/docs/api,hard,0,0.975,1,youtube.com,youtube.com,com,,28.0,11.0,0.0,0.0,1.0,0.0,0.21428571428571427,0.0,0.0,0.0,0.0,0.0,9.0,1.0,0.5714285714285714
https://www.theguardian.com/profile,hard,0,0.975,1,www.theguardian.com,theguardian.com,com,www,35.0,19.0,0.0,1.0,1.0,0.0,0.17142857142857143,0.0,0.0,0.0,0.0,0.0,8.0,0.0,0.45454545454545453
https://reddit.com/news/technology,hard,0,0.975,1,reddit.com,reddit.com,com,,34.0,10.0,0.0,0.0,1.0,0.0,0.17647058823529413,0.0,0.0,0.0,0.0,0.0,16.0,1.0,0.3333333333333333
https://www.reddit.com/tree/main/src,hard,0,0.975,1,www.reddit.com,reddit.com,com,www,36.0,14.0,0.0,1.0,1.0,0.0,0.2222222222222222,0.0,0.0,0.0,0.0,0.0,14.0,1.0,0.3333333333333333
https://www.khanacademy.org/careers,hard,0,0.975,1,www.khanacademy.org,khanacademy.org,org,www,35.0,19.0,0.0,1.0,1.0,0.0,0.17142857142857143,0.0,0.0,0.0,0.0,0.0,8.0,0.0,0.36363636363636365
https://www.atlassian.com/dashboard,hard,0,0.975,1,www.atlassian.com,atlassian.com,com,www,35.0,17.0,0.0,1.0,1.0,0.0,0.17142857142857143,0.0,0.0,0.0,0.0,0.0,10.0,0.0,0.4444444444444444
https://wikipedia.org/support,hard,0,0.975,1,wikipedia.org,wikipedia.org,org,,29.0,13.0,0.0,0.0,1.0,0.0,0.1724137931034483,0.0,0.0,0.0,0.0,0.0,8.0,1.0,0.5555555555555556
https://netflix.com/contact,hard,0,0.975,1,netflix.com,netflix.com,com,,27.0,11.0,0.0,0.0,1.0,0.0,0.18518518518518517,0.0,0.0,0.0,0.0,0.0,8.0,1.0,0.2857142857142857
https://www.ebay.com/wiki/Main_Page,hard,0,0.975,1,www.ebay.com,ebay.com,com,www,35.0,12.0,0.0,1.0,1.0,0.0,0.22857142857142856,0.0,0.0,0.0,0.0,0.0,15.0,1.0,0.5
https://azure.microsoft.com/business,hard,0,0.975,1,azure.microsoft.com,microsoft.com,com,azure,36.0,19.0,0.0,1.0,1.0,0.0,0.16666666666666666,0.0,0.0,0.0,0.0,0.0,9.0,1.0,0.3333333333333333
https://open.spotify.com/dashboard,hard,0,0.975,1,open.spotify.com,spotify.com,com,open,34.0,16.0,0.0,1.0,1.0,0.0,0.17647058823529413,0.0,0.0,0.0,0.0,0.0,10.0,1.0,0.2857142857142857
https://twitter.com/checkout,hard,0,0.975,1,twitter.com,twitter.com,com,,28.0,11.0,0.0,0.0,1.0,0.0,0.17857142857142858,0.0,0.0,0.0,0.0,0.0,9.0,1.0,0.2857142857142857
https://support.mozilla.org/checkout,hard,0,0.975,1,support.mozilla.org,mozilla.org,org,support,36.0,19.0,0.0,1.0,1.0,0.0,0.16666666666666666,0.0,0.0,0.0,0.0,0.0,9.0,1.0,0.42857142857142855
https://netflix.com/pricing,hard,0,0.975,1,netflix.com,netflix.com,com,,27.0,11.0,0.0,0.0,1.0,0.0,0.18518518518518517,0.0,0.0,0.0,0.0,0.0,8.0,1.0,0.2857142857142857
https://facebook.com/docs,hard,0,0.975,1,facebook.com,facebook.com,com,,25.0,12.0,0.0,0.0,1.0,0.0,0.2,0.0,0.0,0.0,0.0,0.0,5.0,1.0,0.5
https://www.cnn.com/en-us/library,hard,0,0.975,1,www.cnn.com,cnn.com,com,www,33.0,11.0,0.0,1.0,1.0,0.0,0.24242424242424243,0.0,0.0,0.0,0.0,0.0,14.0,1.0,0.0
https://facebook.com/settings,hard,0,0.975,1,facebook.com,facebook.com,com,,29.0,12.0,0.0,0.0,1.0,0.0,0.1724137931034483,0.0,0.0,0.0,0.0,0.0,9.0,1.0,0.5
https://en.wikipedia.org/api/v1/users,hard,0,0.975,1,en.wikipedia.org,wikipedia.org,org,en,37.0,16.0,0.0,1.0,1.0,0.0,0.21621621621621623,0.02702702702702703,0.0,0.0,0.0,0.0,13.0,1.0,0.5555555555555556
https://www.adobe.com/api/v1/users,hard,0,0.975,1,www.adobe.com,adobe.com,com,www,34.0,13.0,0.0,1.0,1.0,0.0,0.23529411764705882,0.029411764705882353,0.0,0.0,0.0,0.0,13.0,1.0,0.6
https://en.wikipedia.org/dashboard,hard,0,0.975,1,en.wikipedia.org,wikipedia.org,org,en,34.0,16.0,0.0,1.0,1.0,0.0,0.17647058823529413,0.0,0.0,0.0,0.0,0.0,10.0,1.0,0.5555555555555556
https://amazon.com/science,hard,0,0.975,1,amazon.com,amazon.com,com,,26.0,10.0,0.0,0.0,1.0,0.0,0.19230769230769232,0.0,0.0,0.0,0.0,0.0,8.0,1.0,0.5
https://amazon.com/,hard,0,0.975,1,amazon.com,amazon.com,com,,19.0,10.0,0.0,0.0,1.0,0.0,0.2631578947368421,0.0,0.0,0.0,0.0,0.0,1.0,1.0,0.5
https://twitter.com/features,hard,0,0.975,1,twitter.com,twitter.com,com,,28.0,11.0,0.0,0.0,1.0,0.0,0.17857142857142858,0.0,0.0,0.0,0.0,0.0,9.0,1.0,0.2857142857142857
https://www.amazon.com/item/98213,hard,0,0.975,1,www.amazon.com,amazon.com,com,www,33.0,14.0,0.0,1.0,1.0,0.0,0.21212121212121213,0.15151515151515152,0.0,0.0,0.0,0.0,11.0,1.0,0.5
https://www.wsj.com/account,hard,0,0.975,1,www.wsj.com,wsj.com,com,www,27.0,11.0,0.0,1.0,1.0,1.0,0.2222222222222222,0.0,0.0,0.0,0.0,0.0,8.0,0.0,0.0
https://reddit.com/user/johndoe,hard,0,0.975,1,reddit.com,reddit.com,com,,31.0,10.0,0.0,0.0,1.0,0.0,0.1935483870967742,0.0,0.0,0.0,0.0,0.0,13.0,1.0,0.3333333333333333
https://www.apple.com/library/3.12,hard,0,0.975,1,www.apple.com,apple.com,com,www,34.0,13.0,0.0,1.0,1.0,0.0,0.23529411764705882,0.08823529411764706,0.0,0.0,0.0,0.0,13.0,1.0,0.4
https://www.ebay.com/api/v1/users,hard,0,0.975,1,www.ebay.com,ebay.com,com,www,33.0,12.0,0.0,1.0,1.0,0.0,0.24242424242424243,0.030303030303030304,0.0,0.0,0.0,0.0,13.0,1.0,0.5
https://forbes.com/news/technology,hard,0,0.975,1,forbes.com,forbes.com,com,,34.0,10.0,0.0,0.0,1.0,0.0,0.17647058823529413,0.0,0.0,0.0,0.0,0.0,16.0,1.0,0.3333333333333333
https://reddit.com/health,hard,0,0.975,1,reddit.com,reddit.com,com,,25.0,10.0,0.0,0.0,1.0,0.0,0.2,0.0,0.0,0.0,0.0,0.0,7.0,1.0,0.3333333333333333
https://dropbox.com/issues/1042,hard,0,0.975,1,dropbox.com,dropbox.com,com,,31.0,11.0,0.0,0.0,1.0,0.0,0.1935483870967742,0.12903225806451613,0.0,0.0,0.0,0.0,12.0,1.0,0.2857142857142857
https://www.apple.com/en-us/library,hard,0,0.975,1,www.apple.com,apple.com,com,www,35.0,13.0,0.0,1.0,1.0,0.0,0.22857142857142856,0.0,0.0,0.0,0.0,0.0,14.0,1.0,0.4
https://www.bloomberg.com/dashboard,hard,0,0.975,1,www.bloomberg.com,bloomberg.com,com,www,35.0,17.0,0.0,1.0,1.0,0.0,0.17142857142857143,0.0,0.0,0.0,0.0,0.0,10.0,0.0,0.3333333333333333
https://www.slack.com/signin,hard,0,0.975,1,www.slack.com,slack.com,com,www,28.0,13.0,0.0,1.0,1.0,1.0,0.21428571428571427,0.0,0.0,0.0,0.0,0.0,7.0,0.0,0.2
https://netflix.com/news,hard,0,0.975,1,netflix.com,netflix.com,com,,24.0,11.0,0.0,0.0,1.0,0.0,0.20833333333333334,0.0,0.0,0.0,0.0,0.0,5.0,1.0,0.2857142857142857
https://instagram.com/support,hard,0,0.975,1,instagram.com,instagram.com,com,,29.0,13.0,0.0,0.0,1.0,0.0,0.1724137931034483,0.0,0.0,0.0,0.0,0.0,8.0,1.0,0.3333333333333333
https://github.com/health,hard,0,0.975,1,github.com,github.com,com,,25.0,10.0,0.0,0.0,1.0,0.0,0.2,0.0,0.0,0.0,0.0,0.0,7.0,1.0,0.3333333333333333
https://spotify.com/wiki/Main_Page,hard,0,0.975,1,spotify.com,spotify.com,com,,34.0,11.0,0.0,0.0,1.0,0.0,0.20588235294117646,0.0,0.0,0.0,0.0,0.0,15.0,1.0,0.2857142857142857
https://github.com/science,hard,0,0.975,1,github.com,github.com,com,,26.0,10.0,0.0,0.0,1.0,0.0,0.19230769230769232,0.0,0.0,0.0,0.0,0.0,8.0,1.0,0.3333333333333333
https://console.cloud.google.com/docs,hard,0,0.975,1,console.cloud.google.com,google.com,com,console.cloud,37.0,24.0,0.0,2.0,1.0,0.0,0.1891891891891892,0.0,0.0,0.0,0.0,0.0,5.0,1.0,0.5
https://walmart.com/products,hard,0,0.975,1,walmart.com,walmart.com,com,,28.0,11.0,0.0,0.0,1.0,0.0,0.17857142857142858,0.0,0.0,0.0,0.0,0.0,9.0,1.0,0.2857142857142857
https://www.reuters.com/signin,hard,0,0.975,1,www.reuters.com,reuters.com,com,www,30.0,15.0,0.0,1.0,1.0,1.0,0.2,0.0,0.0,0.0,0.0,0.0,7.0,0.0,0.42857142857142855
https://aws.amazon.com/pull/2031,hard,0,0.975,1,aws.amazon.com,amazon.com,com,aws,32.0,14.0,0.0,1.0,1.0,0.0,0.21875,0.125,0.0,0.0,0.0,0.0,10.0,1.0,0.5
https://developer.apple.com/settings,hard,0,0.975,1,developer.apple.com,apple.com,com,developer,36.0,19.0,0.0,1.0,1.0,0.0,0.16666666666666666,0.0,0.0,0.0,0.0,0.0,9.0,1.0,0.4
https://www.theguardian.com/privacy,hard,0,0.975,1,www.theguardian.com,theguardian.com,com,www,35.0,19.0,0.0,1.0,1.0,0.0,0.17142857142857143,0.0,0.0,0.0,0.0,0.0,8.0,0.0,0.45454545454545453
https://console.cloud.google.com/wiki,hard,0,0.975,1,console.cloud.google.com,google.com,com,console.cloud,37.0,24.0,0.0,2.0,1.0,0.0,0.1891891891891892,0.0,0.0,0.0,0.0,0.0,5.0,1.0,0.5
https://www.reuters.com/login,hard,0,0.975,1,www.reuters.com,reuters.com,com,www,29.0,15.0,0.0,1.0,1.0,1.0,0.20689655172413793,0.0,0.0,0.0,0.0,0.0,6.0,0.0,0.42857142857142855
https://discord.com/en-us/library,hard,0,0.975,1,discord.com,discord.com,com,,33.0,11.0,0.0,0.0,1.0,0.0,0.21212121212121213,0.0,0.0,0.0,0.0,0.0,14.0,1.0,0.2857142857142857
https://www.ebay.com/tree/main/src,hard,0,0.975,1,www.ebay.com,ebay.com,com,www,34.0,12.0,0.0,1.0,1.0,0.0,0.23529411764705882,0.0,0.0,0.0,0.0,0.0,14.0,1.0,0.5
https://dropbox.com/world,hard,0,0.975,1,dropbox.com,dropbox.com,com,,25.0,11.0,0.0,0.0,1.0,0.0,0.2,0.0,0.0,0.0,0.0,0.0,6.0,1.0,0.2857142857142857
https://microsoft.com/docs/api,hard,0,0.975,1,microsoft.com,microsoft.com,com,,30.0,13.0,0.0,0.0,1.0,0.0,0.2,0.0,0.0,0.0,0.0,0.0,9.0,1.0,0.3333333333333333
https://facebook.com/downloads/latest,hard,0,0.975,1,facebook.com,facebook.com,com,,37.0,12.0,0.0,0.0,1.0,0.0,0.16216216216216217,0.0,0.0,0.0,0.0,0.0,17.0,1.0,0.5
https://dropbox.com/wiki/Main_Page,hard,0,0.975,1,dropbox.com,dropbox.com,com,,34.0,11.0,0.0,0.0,1.0,0.0,0.20588235294117646,0.0,0.0,0.0,0.0,0.0,15.0,1.0,0.2857142857142857
https://forbes.com/,hard,0,0.975,1,forbes.com,forbes.com,com,,19.0,10.0,0.0,0.0,1.0,0.0,0.2631578947368421,0.0,0.0,0.0,0.0,0.0,1.0,1.0,0.3333333333333333
https://www.stackoverflow.com/search,hard,0,0.975,1,www.stackoverflow.com,stackoverflow.com,com,www,36.0,21.0,0.0,1.0,1.0,0.0,0.16666666666666666,0.0,0.0,0.0,0.0,0.0,7.0,1.0,0.3076923076923077
https://twitter.com/dashboard,hard,0,0.975,1,twitter.com,twitter.com,com,,29.0,11.0,0.0,0.0,1.0,0.0,0.1724137931034483,0.0,0.0,0.0,0.0,0.0,10.0,1.0,0.2857142857142857
https://twitter.com/downloads/latest,hard,0,0.975,1,twitter.com,twitter.com,com,,36.0,11.0,0.0,0.0,1.0,0.0,0.16666666666666666,0.0,0.0,0.0,0.0,0.0,17.0,1.0,0.2857142857142857
https://discord.com/world,hard,0,0.975,1,discord.com,discord.com,com,,25.0,11.0,0.0,0.0,1.0,0.0,0.2,0.0,0.0,0.0,0.0,0.0,6.0,1.0,0.2857142857142857
https://www.netflix.com/en-us/library,hard,0,0.975,1,www.netflix.com,netflix.com,com,www,37.0,15.0,0.0,1.0,1.0,0.0,0.21621621621621623,0.0,0.0,0.0,0.0,0.0,14.0,1.0,0.2857142857142857
https://docker.com/docs,hard,0,0.975,1,docker.com,docker.com,com,,23.0,10.0,0.0,0.0,1.0,0.0,0.21739130434782608,0.0,0.0,0.0,0.0,0.0,5.0,1.0,0.3333333333333333
https://discord.com/wiki/Main_Page,hard,0,0.975,1,discord.com,discord.com,com,,34.0,11.0,0.0,0.0,1.0,0.0,0.20588235294117646,0.0,0.0,0.0,0.0,0.0,15.0,1.0,0.2857142857142857
https://www.youtube.com/tree/main/src,hard,0,0.975,1,www.youtube.com,youtube.com,com,www,37.0,15.0,0.0,1.0,1.0,0.0,0.21621621621621623,0.0,0.0,0.0,0.0,0.0,14.0,1.0,0.5714285714285714
https://walmart.com/sports,hard,0,0.975,1,walmart.com,walmart.com,com,,26.0,11.0,0.0,0.0,1.0,0.0,0.19230769230769232,0.0,0.0,0.0,0.0,0.0,7.0,1.0,0.2857142857142857
https://booking.com/login,hard,0,0.975,1,booking.com,booking.com,com,,25.0,11.0,0.0,0.0,1.0,1.0,0.2,0.0,0.0,0.0,0.0,0.0,6.0,0.0,0.42857142857142855
https://spotify.com/contact,hard,0,0.975,1,spotify.com,spotify.com,com,,27.0,11.0,0.0,0.0,1.0,0.0,0.18518518518518517,0.0,0.0,0.0,0.0,0.0,8.0,1.0,0.2857142857142857
https://dropbox.com/tree/main/src,hard,0,0.975,1,dropbox.com,dropbox.com,com,,33.0,11.0,0.0,0.0,1.0,0.0,0.21212121212121213,0.0,0.0,0.0,0.0,0.0,14.0,1.0,0.2857142857142857
https://www.github.com/api/v1/users,hard,0,0.975,1,www.github.com,github.com,com,www,35.0,14.0,0.0,1.0,1.0,0.0,0.22857142857142856,0.02857142857142857,0.0,0.0,0.0,0.0,13.0,1.0,0.3333333333333333
https://developer.apple.com/docs/api,hard,0,0.975,1,developer.apple.com,apple.com,com,developer,36.0,19.0,0.0,1.0,1.0,0.0,0.19444444444444445,0.0,0.0,0.0,0.0,0.0,9.0,1.0,0.4
https://youtube.com/about,hard,0,0.975,1,youtube.com,youtube.com,com,,25.0,11.0,0.0,0.0,1.0,0.0,0.2,0.0,0.0,0.0,0.0,0.0,6.0,1.0,0.5714285714285714
https://www.cdc.gov/signin,hard,0,0.975,1,www.cdc.gov,cdc.gov,gov,www,26.0,11.0,0.0,1.0,1.0,1.0,0.23076923076923078,0.0,0.0,0.0,0.0,0.0,7.0,0.0,0.0
https://forbes.com/docs,hard,0,0.975,1,forbes.com,forbes.com,com,,23.0,10.0,0.0,0.0,1.0,0.0,0.21739130434782608,0.0,0.0,0.0,0.0,0.0,5.0,1.0,0.3333333333333333
https://facebook.com/dashboard,hard,0,0.975,1,facebook.com,facebook.com,com,,30.0,12.0,0.0,0.0,1.0,0.0,0.16666666666666666,0.0,0.0,0.0,0.0,0.0,10.0,1.0,0.5
https://www.facebook.com/item/98213,hard,0,0.975,1,www.facebook.com,facebook.com,com,www,35.0,16.0,0.0,1.0,1.0,0.0,0.2,0.14285714285714285,0.0,0.0,0.0,0.0,11.0,1.0,0.5
https://github.com/en-us/library,hard,0,0.975,1,github.com,github.com,com,,32.0,10.0,0.0,0.0,1.0,0.0,0.21875,0.0,0.0,0.0,0.0,0.0,14.0,1.0,0.3333333333333333
https://linkedin.com/products,hard,0,0.975,1,linkedin.com,linkedin.com,com,,29.0,12.0,0.0,0.0,1.0,0.0,0.1724137931034483,0.0,0.0,0.0,0.0,0.0,9.0,1.0,0.375
https://www.paypal.com/issues/1042,hard,0,0.975,1,www.paypal.com,paypal.com,com,www,34.0,14.0,0.0,1.0,1.0,0.0,0.20588235294117646,0.11764705882352941,0.0,0.0,0.0,0.0,12.0,1.0,0.3333333333333333
https://youtube.com/profile,hard,0,0.975,1,youtube.com,youtube.com,com,,27.0,11.0,0.0,0.0,1.0,0.0,0.18518518518518517,0.0,0.0,0.0,0.0,0.0,8.0,1.0,0.5714285714285714
https://bankofamerica.com/login,hard,0,0.975,1,bankofamerica.com,bankofamerica.com,com,,31.0,17.0,0.0,0.0,1.0,1.0,0.16129032258064516,0.0,0.0,0.0,0.0,0.0,6.0,1.0,0.46153846153846156
https://paypal.com/sports,hard,0,0.975,1,paypal.com,paypal.com,com,,25.0,10.0,0.0,0.0,1.0,0.0,0.2,0.0,0.0,0.0,0.0,0.0,7.0,1.0,0.3333333333333333
https://netflix.com/features/security,hard,0,0.975,1,netflix.com,netflix.com,com,,37.0,11.0,0.0,0.0,1.0,0.0,0.16216216216216217,0.0,0.0,0.0,0.0,0.0,18.0,1.0,0.2857142857142857
https://spotify.com/health,hard,0,0.975,1,spotify.com,spotify.com,com,,26.0,11.0,0.0,0.0,1.0,0.0,0.19230769230769232,0.0,0.0,0.0,0.0,0.0,7.0,1.0,0.2857142857142857
https://walmart.com/account,hard,0,0.975,1,walmart.com,walmart.com,com,,27.0,11.0,0.0,0.0,1.0,1.0,0.18518518518518517,0.0,0.0,0.0,0.0,0.0,8.0,1.0,0.2857142857142857
https://www.facebook.com/issues/1042,hard,0,0.975,1,www.facebook.com,facebook.com,com,www,36.0,16.0,0.0,1.0,1.0,0.0,0.19444444444444445,0.1111111111111111,0.0,0.0,0.0,0.0,12.0,1.0,0.5
https://www.shopify.com/login,hard,0,0.975,1,www.shopify.com,shopify.com,com,www,29.0,15.0,0.0,1.0,1.0,1.0,0.20689655172413793,0.0,0.0,0.0,0.0,0.0,6.0,0.0,0.2857142857142857
https://grubhub.com/login,hard,0,0.975,1,grubhub.com,grubhub.com,com,,25.0,11.0,0.0,0.0,1.0,1.0,0.2,0.0,0.0,0.0,0.0,0.0,6.0,0.0,0.2857142857142857
https://twitter.com/support,hard,0,0.975,1,twitter.com,twitter.com,com,,27.0,11.0,0.0,0.0,1.0,0.0,0.18518518518518517,0.0,0.0,0.0,0.0,0.0,8.0,1.0,0.2857142857142857
https://discord.com/wiki,hard,0,0.975,1,discord.com,discord.com,com,,24.0,11.0,0.0,0.0,1.0,0.0,0.20833333333333334,0.0,0.0,0.0,0.0,0.0,5.0,1.0,0.2857142857142857
https://walmart.com/user/johndoe,hard,0,0.975,1,walmart.com,walmart.com,com,,32.0,11.0,0.0,0.0,1.0,0.0,0.1875,0.0,0.0,0.0,0.0,0.0,13.0,1.0,0.2857142857142857
https://discord.com/features,hard,0,0.975,1,discord.com,discord.com,com,,28.0,11.0,0.0,0.0,1.0,0.0,0.17857142857142858,0.0,0.0,0.0,0.0,0.0,9.0,1.0,0.2857142857142857
https://paypal.com/features/security,hard,0,0.975,1,paypal.com,paypal.com,com,,36.0,10.0,0.0,0.0,1.0,0.0,0.16666666666666666,0.0,0.0,0.0,0.0,0.0,18.0,1.0,0.3333333333333333
https://discord.com/science,hard,0,0.975,1,discord.com,discord.com,com,,27.0,11.0,0.0,0.0,1.0,0.0,0.18518518518518517,0.0,0.0,0.0,0.0,0.0,8.0,1.0,0.2857142857142857
https://facebook.com/forum,hard,0,0.975,1,facebook.com,facebook.com,com,,26.0,12.0,0.0,0.0,1.0,0.0,0.19230769230769232,0.0,0.0,0.0,0.0,0.0,6.0,1.0,0.5
https://walmart.com/careers,hard,0,0.975,1,walmart.com,walmart.com,com,,27.0,11.0,0.0,0.0,1.0,0.0,0.18518518518518517,0.0,0.0,0.0,0.0,0.0,8.0,1.0,0.2857142857142857
https://discord.com/news/technology,hard,0,0.975,1,discord.com,discord.com,com,,35.0,11.0,0.0,0.0,1.0,0.0,0.17142857142857143,0.0,0.0,0.0,0.0,0.0,16.0,1.0,0.2857142857142857
https://console.cloud.google.com/watch?v=dQw4w9WgXcQ,hard,0,0.975,1,console.cloud.google.com,google.com,com,console.cloud,52.0,24.0,0.0,2.0,1.0,0.0,0.17307692307692307,0.038461538461538464,0.0,0.0,0.0,0.0,19.0,1.0,0.5
https://linkedin.com/api/v1/users,hard,0,0.975,1,linkedin.com,linkedin.com,com,,33.0,12.0,0.0,0.0,1.0,0.0,0.21212121212121213,0.030303030303030304,0.0,0.0,0.0,0.0,13.0,1.0,0.375
https://stackoverflow.com/forum,hard,0,0.975,1,stackoverflow.com,stackoverflow.com,com,,31.0,17.0,0.0,0.0,1.0,0.0,0.16129032258064516,0.0,0.0,0.0,0.0,0.0,6.0,1.0,0.3076923076923077
https://www.paypal.com/library/3.12,hard,0,0.975,1,www.paypal.com,paypal.com,com,www,35.0,14.0,0.0,1.0,1.0,0.0,0.22857142857142856,0.08571428571428572,0.0,0.0,0.0,0.0,13.0,1.0,0.3333333333333333
https://www.chase.com/wiki/Main_Page,hard,0,0.975,1,www.chase.com,chase.com,com,www,36.0,13.0,0.0,1.0,1.0,0.0,0.2222222222222222,0.0,0.0,0.0,0.0,0.0,15.0,1.0,0.4
https://google.com/science,hard,0,0.975,1,google.com,google.com,com,,26.0,10.0,0.0,0.0,1.0,0.0,0.19230769230769232,0.0,0.0,0.0,0.0,0.0,8.0,1.0,0.5
https://google.com/en-us/library,hard,0,0.975,1,google.com,google.com,com,,32.0,10.0,0.0,0.0,1.0,0.0,0.21875,0.0,0.0,0.0,0.0,0.0,14.0,1.0,0.5
https://amazon.com/pricing,hard,0,0.975,1,amazon.com,amazon.com,com,,26.0,10.0,0.0,0.0,1.0,0.0,0.19230769230769232,0.0,0.0,0.0,0.0,0.0,8.0,1.0,0.5
https://mozilla.org/community,hard,0,0.975,1,mozilla.org,mozilla.org,org,,29.0,11.0,0.0,0.0,1.0,0.0,0.1724137931034483,0.0,0.0,0.0,0.0,0.0,10.0,1.0,0.42857142857142855
https://facebook.com/privacy,hard,0,0.975,1,facebook.com,facebook.com,com,,28.0,12.0,0.0,0.0,1.0,0.0,0.17857142857142858,0.0,0.0,0.0,0.0,0.0,8.0,1.0,0.5
https://www.khanacademy.org/account,hard,0,0.975,1,www.khanacademy.org,khanacademy.org,org,www,35.0,19.0,0.0,1.0,1.0,1.0,0.17142857142857143,0.0,0.0,0.0,0.0,0.0,8.0,0.0,0.36363636363636365
https://forbes.com/forum,hard,0,0.975,1,forbes.com,forbes.com,com,,24.0,10.0,0.0,0.0,1.0,0.0,0.20833333333333334,0.0,0.0,0.0,0.0,0.0,6.0,1.0,0.3333333333333333
https://facebook.com/library/3.12,hard,0,0.975,1,facebook.com,facebook.com,com,,33.0,12.0,0.0,0.0,1.0,0.0,0.21212121212121213,0.09090909090909091,0.0,0.0,0.0,0.0,13.0,1.0,0.5
https://youtube.com/world,hard,0,0.975,1,youtube.com,youtube.com,com,,25.0,11.0,0.0,0.0,1.0,0.0,0.2,0.0,0.0,0.0,0.0,0.0,6.0,1.0,0.5714285714285714
https://dropbox.com/checkout,hard,0,0.975,1,dropbox.com,dropbox.com,com,,28.0,11.0,0.0,0.0,1.0,0.0,0.17857142857142858,0.0,0.0,0.0,0.0,0.0,9.0,1.0,0.2857142857142857
https://www.epicgames.com/dashboard,hard,0,0.975,1,www.epicgames.com,epicgames.com,com,www,35.0,17.0,0.0,1.0,1.0,0.0,0.17142857142857143,0.0,0.0,0.0,0.0,0.0,10.0,0.0,0.4444444444444444
https://amazon.com/features/security,hard,0,0.975,1,amazon.com,amazon.com,com,,36.0,10.0,0.0,0.0,1.0,0.0,0.16666666666666666,0.0,0.0,0.0,0.0,0.0,18.0,1.0,0.5
https://paypal.com/news,hard,0,0.975,1,paypal.com,paypal.com,com,,23.0,10.0,0.0,0.0,1.0,0.0,0.21739130434782608,0.0,0.0,0.0,0.0,0.0,5.0,1.0,0.3333333333333333
https://www.google.com/library/3.12,hard,0,0.975,1,www.google.com,google.com,com,www,35.0,14.0,0.0,1.0,1.0,0.0,0.22857142857142856,0.08571428571428572,0.0,0.0,0.0,0.0,13.0,1.0,0.5
https://docker.com/docs/api,hard,0,0.975,1,docker.com,docker.com,com,,27.0,10.0,0.0,0.0,1.0,0.0,0.2222222222222222,0.0,0.0,0.0,0.0,0.0,9.0,1.0,0.3333333333333333
https://wikipedia.org/privacy,hard,0,0.975,1,wikipedia.org,wikipedia.org,org,,29.0,13.0,0.0,0.0,1.0,0.0,0.1724137931034483,0.0,0.0,0.0,0.0,0.0,8.0,1.0,0.5555555555555556
https://wordpress.com/signin,hard,0,0.975,1,wordpress.com,wordpress.com,com,,28.0,13.0,0.0,0.0,1.0,1.0,0.17857142857142858,0.0,0.0,0.0,0.0,0.0,7.0,0.0,0.2222222222222222
https://twitter.com/pull/2031,hard,0,0.975,1,twitter.com,twitter.com,com,,29.0,11.0,0.0,0.0,1.0,0.0,0.20689655172413793,0.13793103448275862,0.0,0.0,0.0,0.0,10.0,1.0,0.2857142857142857
https://linkedin.com/science,hard,0,0.975,1,linkedin.com,linkedin.com,com,,28.0,12.0,0.0,0.0,1.0,0.0,0.17857142857142858,0.0,0.0,0.0,0.0,0.0,8.0,1.0,0.375
https://dropbox.com/business,hard,0,0.975,1,dropbox.com,dropbox.com,com,,28.0,11.0,0.0,0.0,1.0,0.0,0.17857142857142858,0.0,0.0,0.0,0.0,0.0,9.0,1.0,0.2857142857142857
https://linkedin.com/library/3.12,hard,0,0.975,1,linkedin.com,linkedin.com,com,,33.0,12.0,0.0,0.0,1.0,0.0,0.21212121212121213,0.09090909090909091,0.0,0.0,0.0,0.0,13.0,1.0,0.375
https://instagram.com/,hard,0,0.975,1,instagram.com,instagram.com,com,,22.0,13.0,0.0,0.0,1.0,0.0,0.22727272727272727,0.0,0.0,0.0,0.0,0.0,1.0,1.0,0.3333333333333333
https://www.cnn.com/tree/main/src,hard,0,0.975,1,www.cnn.com,cnn.com,com,www,33.0,11.0,0.0,1.0,1.0,0.0,0.24242424242424243,0.0,0.0,0.0,0.0,0.0,14.0,1.0,0.0
https://twitter.com/wiki,hard,0,0.975,1,twitter.com,twitter.com,com,,24.0,11.0,0.0,0.0,1.0,0.0,0.20833333333333334,0.0,0.0,0.0,0.0,0.0,5.0,1.0,0.2857142857142857
https://old.reddit.com/user/johndoe,hard,0,0.975,1,old.reddit.com,reddit.com,com,old,35.0,14.0,0.0,1.0,1.0,0.0,0.2,0.0,0.0,0.0,0.0,0.0,13.0,1.0,0.3333333333333333
https://www.bankofamerica.com/pricing,hard,0,0.975,1,www.bankofamerica.com,bankofamerica.com,com,www,37.0,21.0,0.0,1.0,1.0,0.0,0.16216216216216217,0.0,0.0,0.0,0.0,0.0,8.0,1.0,0.46153846153846156
https://netflix.com/terms,hard,0,0.975,1,netflix.com,netflix.com,com,,25.0,11.0,0.0,0.0,1.0,0.0,0.2,0.0,0.0,0.0,0.0,0.0,6.0,1.0,0.2857142857142857
https://netflix.com/dashboard,hard,0,0.975,1,netflix.com,netflix.com,com,,29.0,11.0,0.0,0.0,1.0,0.0,0.1724137931034483,0.0,0.0,0.0,0.0,0.0,10.0,1.0,0.2857142857142857
https://dropbox.com/search,hard,0,0.975,1,dropbox.com,dropbox.com,com,,26.0,11.0,0.0,0.0,1.0,0.0,0.19230769230769232,0.0,0.0,0.0,0.0,0.0,7.0,1.0,0.2857142857142857
https://docker.com/sports,hard,0,0.975,1,docker.com,docker.com,com,,25.0,10.0,0.0,0.0,1.0,0.0,0.2,0.0,0.0,0.0,0.0,0.0,7.0,1.0,0.3333333333333333
https://linkedin.com/community,hard,0,0.975,1,linkedin.com,linkedin.com,com,,30.0,12.0,0.0,0.0,1.0,0.0,0.16666666666666666,0.0,0.0,0.0,0.0,0.0,10.0,1.0,0.375
https://www.amazon.com/tree/main/src,hard,0,0.975,1,www.amazon.com,amazon.com,com,www,36.0,14.0,0.0,1.0,1.0,0.0,0.2222222222222222,0.0,0.0,0.0,0.0,0.0,14.0,1.0,0.5
https://youtube.com/wiki/Main_Page,hard,0,0.975,1,youtube.com,youtube.com,com,,34.0,11.0,0.0,0.0,1.0,0.0,0.20588235294117646,0.0,0.0,0.0,0.0,0.0,15.0,1.0,0.5714285714285714
https://github.com/profile,hard,0,0.975,1,github.com,github.com,com,,26.0,10.0,0.0,0.0,1.0,0.0,0.19230769230769232,0.0,0.0,0.0,0.0,0.0,8.0,1.0,0.3333333333333333
https://github.com/user/johndoe,hard,0,0.975,1,github.com,github.com,com,,31.0,10.0,0.0,0.0,1.0,0.0,0.1935483870967742,0.0,0.0,0.0,0.0,0.0,13.0,1.0,0.3333333333333333
https://youtube.com/news,hard,0,0.975,1,youtube.com,youtube.com,com,,24.0,11.0,0.0,0.0,1.0,0.0,0.20833333333333334,0.0,0.0,0.0,0.0,0.0,5.0,1.0,0.5714285714285714
https://youtube.com/support,hard,0,0.975,1,youtube.com,youtube.com,com,,27.0,11.0,0.0,0.0,1.0,0.0,0.18518518518518517,0.0,0.0,0.0,0.0,0.0,8.0,1.0,0.5714285714285714
https://youtube.com/docs,hard,0,0.975,1,youtube.com,youtube.com,com,,24.0,11.0,0.0,0.0,1.0,0.0,0.20833333333333334,0.0,0.0,0.0,0.0,0.0,5.0,1.0,0.5714285714285714
https://netflix.com/tree/main/src,hard,0,0.975,1,netflix.com,netflix.com,com,,33.0,11.0,0.0,0.0,1.0,0.0,0.21212121212121213,0.0,0.0,0.0,0.0,0.0,14.0,1.0,0.2857142857142857
https://dropbox.com/downloads/latest,hard,0,0.975,1,dropbox.com,dropbox.com,com,,36.0,11.0,0.0,0.0,1.0,0.0,0.16666666666666666,0.0,0.0,0.0,0.0,0.0,17.0,1.0,0.2857142857142857
https://www.etsy.com/login,hard,0,0.975,1,www.etsy.com,etsy.com,com,www,26.0,12.0,0.0,1.0,1.0,1.0,0.23076923076923078,0.0,0.0,0.0,0.0,0.0,6.0,0.0,0.25
https://docker.com/downloads/latest,hard,0,0.975,1,docker.com,docker.com,com,,35.0,10.0,0.0,0.0,1.0,0.0,0.17142857142857143,0.0,0.0,0.0,0.0,0.0,17.0,1.0,0.3333333333333333
https://gitlab.com/login,hard,0,0.975,1,gitlab.com,gitlab.com,com,,24.0,10.0,0.0,0.0,1.0,1.0,0.20833333333333334,0.0,0.0,0.0,0.0,0.0,6.0,0.0,0.3333333333333333
https://www.instagram.com/technology,hard,0,0.975,1,www.instagram.com,instagram.com,com,www,36.0,17.0,0.0,1.0,1.0,0.0,0.16666666666666666,0.0,0.0,0.0,0.0,0.0,11.0,1.0,0.3333333333333333
https://cloud.google.com/issues/1042,hard,0,0.975,1,cloud.google.com,google.com,com,cloud,36.0,16.0,0.0,1.0,1.0,0.0,0.19444444444444445,0.1111111111111111,0.0,0.0,0.0,0.0,12.0,1.0,0.5
https://mozilla.org/blog,hard,0,0.975,1,mozilla.org,mozilla.org,org,,24.0,11.0,0.0,0.0,1.0,0.0,0.20833333333333334,0.0,0.0,0.0,0.0,0.0,5.0,1.0,0.42857142857142855
https://netflix.com/products,hard,0,0.975,1,netflix.com,netflix.com,com,,28.0,11.0,0.0,0.0,1.0,0.0,0.17857142857142858,0.0,0.0,0.0,0.0,0.0,9.0,1.0,0.2857142857142857
https://mozilla.org/account,hard,0,0.975,1,mozilla.org,mozilla.org,org,,27.0,11.0,0.0,0.0,1.0,1.0,0.18518518518518517,0.0,0.0,0.0,0.0,0.0,8.0,1.0,0.42857142857142855
https://twitter.com/sports,hard,0,0.975,1,twitter.com,twitter.com,com,,26.0,11.0,0.0,0.0,1.0,0.0,0.19230769230769232,0.0,0.0,0.0,0.0,0.0,7.0,1.0,0.2857142857142857
https://bankofamerica.com/careers,hard,0,0.975,1,bankofamerica.com,bankofamerica.com,com,,33.0,17.0,0.0,0.0,1.0,0.0,0.15151515151515152,0.0,0.0,0.0,0.0,0.0,8.0,1.0,0.46153846153846156
https://mozilla.org/news/technology,hard,0,0.975,1,mozilla.org,mozilla.org,org,,35.0,11.0,0.0,0.0,1.0,0.0,0.17142857142857143,0.0,0.0,0.0,0.0,0.0,16.0,1.0,0.42857142857142855
https://wikipedia.org/download,hard,0,0.975,1,wikipedia.org,wikipedia.org,org,,30.0,13.0,0.0,0.0,1.0,0.0,0.16666666666666666,0.0,0.0,0.0,0.0,0.0,9.0,1.0,0.5555555555555556
https://stackoverflow.com/help,hard,0,0.975,1,stackoverflow.com,stackoverflow.com,com,,30.0,17.0,0.0,0.0,1.0,0.0,0.16666666666666666,0.0,0.0,0.0,0.0,0.0,5.0,1.0,0.3076923076923077
https://www.nvidia.com/account,hard,0,0.975,1,www.nvidia.com,nvidia.com,com,www,30.0,14.0,0.0,1.0,1.0,1.0,0.2,0.0,0.0,0.0,0.0,0.0,8.0,0.0,0.5
https://www.discord.com/library/3.12,hard,0,0.975,1,www.discord.com,discord.com,com,www,36.0,15.0,0.0,1.0,1.0,0.0,0.2222222222222222,0.08333333333333333,0.0,0.0,0.0,0.0,13.0,1.0,0.2857142857142857
https://www.stackoverflow.com/profile,hard,0,0.975,1,www.stackoverflow.com,stackoverflow.com,com,www,37.0,21.0,0.0,1.0,1.0,0.0,0.16216216216216217,0.0,0.0,0.0,0.0,0.0,8.0,1.0,0.3076923076923077
https://docker.com/wiki/Main_Page,hard,0,0.975,1,docker.com,docker.com,com,,33.0,10.0,0.0,0.0,1.0,0.0,0.21212121212121213,0.0,0.0,0.0,0.0,0.0,15.0,1.0,0.3333333333333333
https://google.com/profile,hard,0,0.975,1,google.com,google.com,com,,26.0,10.0,0.0,0.0,1.0,0.0,0.19230769230769232,0.0,0.0,0.0,0.0,0.0,8.0,1.0,0.5
https://amazon.com/download,hard,0,0.975,1,amazon.com,amazon.com,com,,27.0,10.0,0.0,0.0,1.0,0.0,0.18518518518518517,0.0,0.0,0.0,0.0,0.0,9.0,1.0,0.5
https://facebook.com/blog,hard,0,0.975,1,facebook.com,facebook.com,com,,25.0,12.0,0.0,0.0,1.0,0.0,0.2,0.0,0.0,0.0,0.0,0.0,5.0,1.0,0.5
https://en.wikipedia.org/community,hard,0,0.975,1,en.wikipedia.org,wikipedia.org,org,en,34.0,16.0,0.0,1.0,1.0,0.0,0.17647058823529413,0.0,0.0,0.0,0.0,0.0,10.0,1.0,0.5555555555555556
https://www.netflix.com/tree/main/src,hard,0,0.975,1,www.netflix.com,netflix.com,com,www,37.0,15.0,0.0,1.0,1.0,0.0,0.21621621621621623,0.0,0.0,0.0,0.0,0.0,14.0,1.0,0.2857142857142857
https://bankofamerica.com/news,hard,0,0.975,1,bankofamerica.com,bankofamerica.com,com,,30.0,17.0,0.0,0.0,1.0,0.0,0.16666666666666666,0.0,0.0,0.0,0.0,0.0,5.0,1.0,0.46153846153846156
https://google.com/about,hard,0,0.975,1,google.com,google.com,com,,24.0,10.0,0.0,0.0,1.0,0.0,0.20833333333333334,0.0,0.0,0.0,0.0,0.0,6.0,1.0,0.5
https://walmart.com/docs/api,hard,0,0.975,1,walmart.com,walmart.com,com,,28.0,11.0,0.0,0.0,1.0,0.0,0.21428571428571427,0.0,0.0,0.0,0.0,0.0,9.0,1.0,0.2857142857142857
https://developer.mozilla.org/help,hard,0,0.975,1,developer.mozilla.org,mozilla.org,org,developer,34.0,21.0,0.0,1.0,1.0,0.0,0.17647058823529413,0.0,0.0,0.0,0.0,0.0,5.0,1.0,0.42857142857142855
https://microsoft.com/item/98213,hard,0,0.975,1,microsoft.com,microsoft.com,com,,32.0,13.0,0.0,0.0,1.0,0.0,0.1875,0.15625,0.0,0.0,0.0,0.0,11.0,1.0,0.3333333333333333
https://instagram.com/pull/2031,hard,0,0.975,1,instagram.com,instagram.com,com,,31.0,13.0,0.0,0.0,1.0,0.0,0.1935483870967742,0.12903225806451613,0.0,0.0,0.0,0.0,10.0,1.0,0.3333333333333333
https://www.stackoverflow.com/support,hard,0,0.975,1,www.stackoverflow.com,stackoverflow.com,com,www,37.0,21.0,0.0,1.0,1.0,0.0,0.16216216216216217,0.0,0.0,0.0,0.0,0.0,8.0,1.0,0.3076923076923077
https://netflix.com/download,hard,0,0.975,1,netflix.com,netflix.com,com,,28.0,11.0,0.0,0.0,1.0,0.0,0.17857142857142858,0.0,0.0,0.0,0.0,0.0,9.0,1.0,0.2857142857142857
https://old.reddit.com/tree/main/src,hard,0,0.975,1,old.reddit.com,reddit.com,com,old,36.0,14.0,0.0,1.0,1.0,0.0,0.2222222222222222,0.0,0.0,0.0,0.0,0.0,14.0,1.0,0.3333333333333333
https://www.chase.com/item/98213,hard,0,0.975,1,www.chase.com,chase.com,com,www,32.0,13.0,0.0,1.0,1.0,0.0,0.21875,0.15625,0.0,0.0,0.0,0.0,11.0,1.0,0.4
https://linkedin.com/careers,hard,0,0.975,1,linkedin.com,linkedin.com,com,,28.0,12.0,0.0,0.0,1.0,0.0,0.17857142857142858,0.0,0.0,0.0,0.0,0.0,8.0,1.0,0.375
https://www.oracle.com/account,hard,0,0.975,1,www.oracle.com,oracle.com,com,www,30.0,14.0,0.0,1.0,1.0,1.0,0.2,0.0,0.0,0.0,0.0,0.0,8.0,0.0,0.5
https://stackoverflow.com/business,hard,0,0.975,1,stackoverflow.com,stackoverflow.com,com,,34.0,17.0,0.0,0.0,1.0,0.0,0.14705882352941177,0.0,0.0,0.0,0.0,0.0,9.0,1.0,0.3076923076923077
https://aws.amazon.com/en-us/library,hard,0,0.975,1,aws.amazon.com,amazon.com,com,aws,36.0,14.0,0.0,1.0,1.0,0.0,0.2222222222222222,0.0,0.0,0.0,0.0,0.0,14.0,1.0,0.5
https://google.com/user/johndoe,hard,0,0.975,1,google.com,google.com,com,,31.0,10.0,0.0,0.0,1.0,0.0,0.1935483870967742,0.0,0.0,0.0,0.0,0.0,13.0,1.0,0.5
https://amazon.com/forum,hard,0,0.975,1,amazon.com,amazon.com,com,,24.0,10.0,0.0,0.0,1.0,0.0,0.20833333333333334,0.0,0.0,0.0,0.0,0.0,6.0,1.0,0.5
https://wikipedia.org/search,hard,0,0.975,1,wikipedia.org,wikipedia.org,org,,28.0,13.0,0.0,0.0,1.0,0.0,0.17857142857142858,0.0,0.0,0.0,0.0,0.0,7.0,1.0,0.5555555555555556
https://bankofamerica.com/health,hard,0,0.975,1,bankofamerica.com,bankofamerica.com,com,,32.0,17.0,0.0,0.0,1.0,0.0,0.15625,0.0,0.0,0.0,0.0,0.0,7.0,1.0,0.46153846153846156
https://microsoft.com/support,hard,0,0.975,1,microsoft.com,microsoft.com,com,,29.0,13.0,0.0,0.0,1.0,0.0,0.1724137931034483,0.0,0.0,0.0,0.0,0.0,8.0,1.0,0.3333333333333333
https://facebook.com/wiki,hard,0,0.975,1,facebook.com,facebook.com,com,,25.0,12.0,0.0,0.0,1.0,0.0,0.2,0.0,0.0,0.0,0.0,0.0,5.0,1.0,0.5
https://youtube.com/help,hard,0,0.975,1,youtube.com,youtube.com,com,,24.0,11.0,0.0,0.0,1.0,0.0,0.20833333333333334,0.0,0.0,0.0,0.0,0.0,5.0,1.0,0.5714285714285714
https://twitter.com/health,hard,0,0.975,1,twitter.com,twitter.com,com,,26.0,11.0,0.0,0.0,1.0,0.0,0.19230769230769232,0.0,0.0,0.0,0.0,0.0,7.0,1.0,0.2857142857142857
https://bankofamerica.com/science,hard,0,0.975,1,bankofamerica.com,bankofamerica.com,com,,33.0,17.0,0.0,0.0,1.0,0.0,0.15151515151515152,0.0,0.0,0.0,0.0,0.0,8.0,1.0,0.46153846153846156
https://bankofamerica.com/docs/api,hard,0,0.975,1,bankofamerica.com,bankofamerica.com,com,,34.0,17.0,0.0,0.0,1.0,0.0,0.17647058823529413,0.0,0.0,0.0,0.0,0.0,9.0,1.0,0.46153846153846156
https://forbes.com/pricing,hard,0,0.975,1,forbes.com,forbes.com,com,,26.0,10.0,0.0,0.0,1.0,0.0,0.19230769230769232,0.0,0.0,0.0,0.0,0.0,8.0,1.0,0.3333333333333333
https://www.netflix.com/technology,hard,0,0.975,1,www.netflix.com,netflix.com,com,www,34.0,15.0,0.0,1.0,1.0,0.0,0.17647058823529413,0.0,0.0,0.0,0.0,0.0,11.0,1.0,0.2857142857142857
https://www.github.com/pull/2031,hard,0,0.975,1,www.github.com,github.com,com,www,32.0,14.0,0.0,1.0,1.0,0.0,0.21875,0.125,0.0,0.0,0.0,0.0,10.0,1.0,0.3333333333333333
https://google.com/features,hard,0,0.975,1,google.com,google.com,com,,27.0,10.0,0.0,0.0,1.0,0.0,0.18518518518518517,0.0,0.0,0.0,0.0,0.0,9.0,1.0,0.5
https://www.bbc.com/en-us/library,hard,0,0.975,1,www.bbc.com,bbc.com,com,www,33.0,11.0,0.0,1.0,1.0,0.0,0.24242424242424243,0.0,0.0,0.0,0.0,0.0,14.0,1.0,0.0
https://www.hsbc.com/account,hard,0,0.975,1,www.hsbc.com,hsbc.com,com,www,28.0,12.0,0.0,1.0,1.0,1.0,0.21428571428571427,0.0,0.0,0.0,0.0,0.0,8.0,0.0,0.0
https://instagram.com/account,hard,0,0.975,1,instagram.com,instagram.com,com,,29.0,13.0,0.0,0.0,1.0,1.0,0.1724137931034483,0.0,0.0,0.0,0.0,0.0,8.0,1.0,0.3333333333333333
https://www.bankofamerica.com/docs,hard,0,0.975,1,www.bankofamerica.com,bankofamerica.com,com,www,34.0,21.0,0.0,1.0,1.0,0.0,0.17647058823529413,0.0,0.0,0.0,0.0,0.0,5.0,1.0,0.46153846153846156
https://www.forbes.com/tree/main/src,hard,0,0.975,1,www.forbes.com,forbes.com,com,www,36.0,14.0,0.0,1.0,1.0,0.0,0.2222222222222222,0.0,0.0,0.0,0.0,0.0,14.0,1.0,0.3333333333333333
https://www.dropbox.com/en-us/library,hard,0,0.975,1,www.dropbox.com,dropbox.com,com,www,37.0,15.0,0.0,1.0,1.0,0.0,0.21621621621621623,0.0,0.0,0.0,0.0,0.0,14.0,1.0,0.2857142857142857
https://paypal.com/api/v1/users,hard,0,0.975,1,paypal.com,paypal.com,com,,31.0,10.0,0.0,0.0,1.0,0.0,0.22580645161290322,0.03225806451612903,0.0,0.0,0.0,0.0,13.0,1.0,0.3333333333333333
https://twitter.com/docs/api,hard,0,0.975,1,twitter.com,twitter.com,com,,28.0,11.0,0.0,0.0,1.0,0.0,0.21428571428571427,0.0,0.0,0.0,0.0,0.0,9.0,1.0,0.2857142857142857
https://azure.microsoft.com/signin,hard,0,0.97255026058704,1,azure.microsoft.com,microsoft.com,com,azure,34.0,19.0,0.0,1.0,1.0,1.0,0.17647058823529413,0.0,0.0,0.0,0.0,0.0,7.0,1.0,0.3333333333333333
https://www.usa.gov/issues/1042,hard,0,0.9680981567823919,1,www.usa.gov,usa.gov,gov,www,31.0,11.0,0.0,1.0,1.0,0.0,0.22580645161290322,0.12903225806451613,0.0,0.0,0.0,0.0,12.0,0.0,0.6666666666666666
https://www.usa.gov/item/98213,hard,0,0.9680981567823919,1,www.usa.gov,usa.gov,gov,www,30.0,11.0,0.0,1.0,1.0,0.0,0.23333333333333334,0.16666666666666666,0.0,0.0,0.0,0.0,11.0,0.0,0.6666666666666666
https://reddit.com/issues/1042,hard,0,0.9641170323928945,1,reddit.com,reddit.com,com,,30.0,10.0,0.0,0.0,1.0,0.0,0.2,0.13333333333333333,0.0,0.0,0.0,0.0,12.0,1.0,0.3333333333333333
https://github.com/item/98213,hard,0,0.9598354688410018,1,github.com,github.com,com,,29.0,10.0,0.0,0.0,1.0,0.0,0.20689655172413793,0.1724137931034483,0.0,0.0,0.0,0.0,11.0,1.0,0.3333333333333333
https://open.spotify.com/technology,hard,0,0.9515469111394396,1,open.spotify.com,spotify.com,com,open,35.0,16.0,0.0,1.0,1.0,0.0,0.17142857142857143,0.0,0.0,0.0,0.0,0.0,11.0,1.0,0.2857142857142857
https://berkeley.edu,hard,0,0.950340997080124,1,berkeley.edu,berkeley.edu,edu,,20.0,12.0,0.0,0.0,1.0,0.0,0.2,0.0,0.0,0.0,0.0,0.0,0.0,0.0,0.375
https://www.bankofamerica.com/world,hard,0,0.9501253881060425,1,www.bankofamerica.com,bankofamerica.com,com,www,35.0,21.0,0.0,1.0,1.0,0.0,0.17142857142857143,0.0,0.0,0.0,0.0,0.0,6.0,1.0,0.46153846153846156
https://www.amazon.com/download,hard,0,0.95,1,www.amazon.com,amazon.com,com,www,31.0,14.0,0.0,1.0,1.0,0.0,0.1935483870967742,0.0,0.0,0.0,0.0,0.0,9.0,1.0,0.5
https://www.forbes.com/terms,hard,0,0.95,1,www.forbes.com,forbes.com,com,www,28.0,14.0,0.0,1.0,1.0,0.0,0.21428571428571427,0.0,0.0,0.0,0.0,0.0,6.0,1.0,0.3333333333333333
https://old.reddit.com/health,hard,0,0.95,1,old.reddit.com,reddit.com,com,old,29.0,14.0,0.0,1.0,1.0,0.0,0.20689655172413793,0.0,0.0,0.0,0.0,0.0,7.0,1.0,0.3333333333333333
https://www.forbes.com/features,hard,0,0.95,1,www.forbes.com,forbes.com,com,www,31.0,14.0,0.0,1.0,1.0,0.0,0.1935483870967742,0.0,0.0,0.0,0.0,0.0,9.0,1.0,0.3333333333333333
https://open.spotify.com/health,hard,0,0.95,1,open.spotify.com,spotify.com,com,open,31.0,16.0,0.0,1.0,1.0,0.0,0.1935483870967742,0.0,0.0,0.0,0.0,0.0,7.0,1.0,0.2857142857142857
https://www.bbc.com/technology,hard,0,0.95,1,www.bbc.com,bbc.com,com,www,30.0,11.0,0.0,1.0,1.0,0.0,0.2,0.0,0.0,0.0,0.0,0.0,11.0,1.0,0.0
https://www.instagram.com/pricing,hard,0,0.95,1,www.instagram.com,instagram.com,com,www,33.0,17.0,0.0,1.0,1.0,0.0,0.18181818181818182,0.0,0.0,0.0,0.0,0.0,8.0,1.0,0.3333333333333333
https://news.bbc.co.uk/products,hard,0,0.95,1,news.bbc.co.uk,bbc.co.uk,uk,news.bbc,31.0,14.0,0.0,1.0,1.0,0.0,0.22580645161290322,0.0,0.0,0.0,0.0,0.0,9.0,1.0,0.0
https://www.facebook.com/products,hard,0,0.95,1,www.facebook.com,facebook.com,com,www,33.0,16.0,0.0,1.0,1.0,0.0,0.18181818181818182,0.0,0.0,0.0,0.0,0.0,9.0,1.0,0.5
https://open.spotify.com/account,hard,0,0.95,1,open.spotify.com,spotify.com,com,open,32.0,16.0,0.0,1.0,1.0,1.0,0.1875,0.0,0.0,0.0,0.0,0.0,8.0,1.0,0.2857142857142857
https://www.youtube.com/pricing,hard,0,0.95,1,www.youtube.com,youtube.com,com,www,31.0,15.0,0.0,1.0,1.0,0.0,0.1935483870967742,0.0,0.0,0.0,0.0,0.0,8.0,1.0,0.5714285714285714
https://open.spotify.com/signin,hard,0,0.95,1,open.spotify.com,spotify.com,com,open,31.0,16.0,0.0,1.0,1.0,1.0,0.1935483870967742,0.0,0.0,0.0,0.0,0.0,7.0,1.0,0.2857142857142857
https://www.dropbox.com/docs,hard,0,0.95,1,www.dropbox.com,dropbox.com,com,www,28.0,15.0,0.0,1.0,1.0,0.0,0.21428571428571427,0.0,0.0,0.0,0.0,0.0,5.0,1.0,0.2857142857142857
https://developer.mozilla.org/about,hard,0,0.95,1,developer.mozilla.org,mozilla.org,org,developer,35.0,21.0,0.0,1.0,1.0,0.0,0.17142857142857143,0.0,0.0,0.0,0.0,0.0,6.0,1.0,0.42857142857142855
https://en.wikipedia.org/pricing,hard,0,0.95,1,en.wikipedia.org,wikipedia.org,org,en,32.0,16.0,0.0,1.0,1.0,0.0,0.1875,0.0,0.0,0.0,0.0,0.0,8.0,1.0,0.5555555555555556
https://www.adobe.com/download,hard,0,0.95,1,www.adobe.com,adobe.com,com,www,30.0,13.0,0.0,1.0,1.0,0.0,0.2,0.0,0.0,0.0,0.0,0.0,9.0,1.0,0.6
https://www.forbes.com/docs,hard,0,0.95,1,www.forbes.com,forbes.com,com,www,27.0,14.0,0.0,1.0,1.0,0.0,0.2222222222222222,0.0,0.0,0.0,0.0,0.0,5.0,1.0,0.3333333333333333
https://old.reddit.com/news,hard,0,0.95,1,old.reddit.com,reddit.com,com,old,27.0,14.0,0.0,1.0,1.0,0.0,0.2222222222222222,0.0,0.0,0.0,0.0,0.0,5.0,1.0,0.3333333333333333
https://www.chase.com/signin,hard,0,0.95,1,www.chase.com,chase.com,com,www,28.0,13.0,0.0,1.0,1.0,1.0,0.21428571428571427,0.0,0.0,0.0,0.0,0.0,7.0,1.0,0.4
https://www.docker.com/features,hard,0,0.95,1,www.docker.com,docker.com,com,www,31.0,14.0,0.0,1.0,1.0,0.0,0.1935483870967742,0.0,0.0,0.0,0.0,0.0,9.0,1.0,0.3333333333333333
https://azure.microsoft.com/pricing,hard,0,0.95,1,azure.microsoft.com,microsoft.com,com,azure,35.0,19.0,0.0,1.0,1.0,0.0,0.17142857142857143,0.0,0.0,0.0,0.0,0.0,8.0,1.0,0.3333333333333333
https://www.walmart.com/account,hard,0,0.95,1,www.walmart.com,walmart.com,com,www,31.0,15.0,0.0,1.0,1.0,1.0,0.1935483870967742,0.0,0.0,0.0,0.0,0.0,8.0,1.0,0.2857142857142857
https://www.amazon.com/search,hard,0,0.95,1,www.amazon.com,amazon.com,com,www,29.0,14.0,0.0,1.0,1.0,0.0,0.20689655172413793,0.0,0.0,0.0,0.0,0.0,7.0,1.0,0.5
https://www.github.com/profile,hard,0,0.95,1,www.github.com,github.com,com,www,30.0,14.0,0.0,1.0,1.0,0.0,0.2,0.0,0.0,0.0,0.0,0.0,8.0,1.0,0.3333333333333333
https://docker.com/pull/2031,hard,0,0.95,1,docker.com,docker.com,com,,28.0,10.0,0.0,0.0,1.0,0.0,0.21428571428571427,0.14285714285714285,0.0,0.0,0.0,0.0,10.0,1.0,0.3333333333333333
https://www.ebay.com/dashboard,hard,0,0.95,1,www.ebay.com,ebay.com,com,www,30.0,12.0,0.0,1.0,1.0,0.0,0.2,0.0,0.0,0.0,0.0,0.0,10.0,1.0,0.5
https://developer.apple.com/forum,hard,0,0.95,1,developer.apple.com,apple.com,com,developer,33.0,19.0,0.0,1.0,1.0,0.0,0.18181818181818182,0.0,0.0,0.0,0.0,0.0,6.0,1.0,0.4
https://www.walmart.com/business,hard,0,0.95,1,www.walmart.com,walmart.com,com,www,32.0,15.0,0.0,1.0,1.0,0.0,0.1875,0.0,0.0,0.0,0.0,0.0,9.0,1.0,0.2857142857142857
https://paypal.com/login,hard,0,0.95,1,paypal.com,paypal.com,com,,24.0,10.0,0.0,0.0,1.0,1.0,0.20833333333333334,0.0,0.0,0.0,0.0,0.0,6.0,1.0,0.3333333333333333
https://www.forbes.com/technology,hard,0,0.95,1,www.forbes.com,forbes.com,com,www,33.0,14.0,0.0,1.0,1.0,0.0,0.18181818181818182,0.0,0.0,0.0,0.0,0.0,11.0,1.0,0.3333333333333333
https://www.forbes.com/profile,hard,0,0.95,1,www.forbes.com,forbes.com,com,www,30.0,14.0,0.0,1.0,1.0,0.0,0.2,0.0,0.0,0.0,0.0,0.0,8.0,1.0,0.3333333333333333
https://open.spotify.com/support,hard,0,0.95,1,open.spotify.com,spotify.com,com,open,32.0,16.0,0.0,1.0,1.0,0.0,0.1875,0.0,0.0,0.0,0.0,0.0,8.0,1.0,0.2857142857142857
https://www.facebook.com/careers,hard,0,0.95,1,www.facebook.com,facebook.com,com,www,32.0,16.0,0.0,1.0,1.0,0.0,0.1875,0.0,0.0,0.0,0.0,0.0,8.0,1.0,0.5
https://www.microsoft.com/help,hard,0,0.95,1,www.microsoft.com,microsoft.com,com,www,30.0,17.0,0.0,1.0,1.0,0.0,0.2,0.0,0.0,0.0,0.0,0.0,5.0,1.0,0.3333333333333333
https://github.com/login,hard,0,0.95,1,github.com,github.com,com,,24.0,10.0,0.0,0.0,1.0,1.0,0.20833333333333334,0.0,0.0,0.0,0.0,0.0,6.0,1.0,0.3333333333333333
https://old.reddit.com/login,hard,0,0.95,1,old.reddit.com,reddit.com,com,old,28.0,14.0,0.0,1.0,1.0,1.0,0.21428571428571427,0.0,0.0,0.0,0.0,0.0,6.0,1.0,0.3333333333333333
https://www.walmart.com/checkout,hard,0,0.95,1,www.walmart.com,walmart.com,com,www,32.0,15.0,0.0,1.0,1.0,0.0,0.1875,0.0,0.0,0.0,0.0,0.0,9.0,1.0,0.2857142857142857
https://azure.microsoft.com/blog,hard,0,0.95,1,azure.microsoft.com,microsoft.com,com,azure,32.0,19.0,0.0,1.0,1.0,0.0,0.1875,0.0,0.0,0.0,0.0,0.0,5.0,1.0,0.3333333333333333
https://www.netflix.com/support,hard,0,0.95,1,www.netflix.com,netflix.com,com,www,31.0,15.0,0.0,1.0,1.0,0.0,0.1935483870967742,0.0,0.0,0.0,0.0,0.0,8.0,1.0,0.2857142857142857
https://stackoverflow.com/account,hard,0,0.95,1,stackoverflow.com,stackoverflow.com,com,,33.0,17.0,0.0,0.0,1.0,1.0,0.15151515151515152,0.0,0.0,0.0,0.0,0.0,8.0,1.0,0.3076923076923077
https://azure.microsoft.com/profile,hard,0,0.95,1,azure.microsoft.com,microsoft.com,com,azure,35.0,19.0,0.0,1.0,1.0,0.0,0.17142857142857143,0.0,0.0,0.0,0.0,0.0,8.0,1.0,0.3333333333333333
https://www.netflix.com/docs/api,hard,0,0.95,1,www.netflix.com,netflix.com,com,www,32.0,15.0,0.0,1.0,1.0,0.0,0.21875,0.0,0.0,0.0,0.0,0.0,9.0,1.0,0.2857142857142857
https://www.instagram.com/search,hard,0,0.95,1,www.instagram.com,instagram.com,com,www,32.0,17.0,0.0,1.0,1.0,0.0,0.1875,0.0,0.0,0.0,0.0,0.0,7.0,1.0,0.3333333333333333
https://www.netflix.com/search,hard,0,0.95,1,www.netflix.com,netflix.com,com,www,30.0,15.0,0.0,1.0,1.0,0.0,0.2,0.0,0.0,0.0,0.0,0.0,7.0,1.0,0.2857142857142857
https://www.forbes.com/news,hard,0,0.95,1,www.forbes.com,forbes.com,com,www,27.0,14.0,0.0,1.0,1.0,0.0,0.2222222222222222,0.0,0.0,0.0,0.0,0.0,5.0,1.0,0.3333333333333333
https://www.netflix.com/terms,hard,0,0.95,1,www.netflix.com,netflix.com,com,www,29.0,15.0,0.0,1.0,1.0,0.0,0.20689655172413793,0.0,0.0,0.0,0.0,0.0,6.0,1.0,0.2857142857142857
https://www.cnn.com/technology,hard,0,0.95,1,www.cnn.com,cnn.com,com,www,30.0,11.0,0.0,1.0,1.0,0.0,0.2,0.0,0.0,0.0,0.0,0.0,11.0,1.0,0.0
https://www.google.com/health,hard,0,0.95,1,www.google.com,google.com,com,www,29.0,14.0,0.0,1.0,1.0,0.0,0.20689655172413793,0.0,0.0,0.0,0.0,0.0,7.0,1.0,0.5
https://old.reddit.com/about,hard,0,0.95,1,old.reddit.com,reddit.com,com,old,28.0,14.0,0.0,1.0,1.0,0.0,0.21428571428571427,0.0,0.0,0.0,0.0,0.0,6.0,1.0,0.3333333333333333
https://www.instagram.com/careers,hard,0,0.95,1,www.instagram.com,instagram.com,com,www,33.0,17.0,0.0,1.0,1.0,0.0,0.18181818181818182,0.0,0.0,0.0,0.0,0.0,8.0,1.0,0.3333333333333333
https://www.chase.com/docs/api,hard,0,0.95,1,www.chase.com,chase.com,com,www,30.0,13.0,0.0,1.0,1.0,0.0,0.23333333333333334,0.0,0.0,0.0,0.0,0.0,9.0,1.0,0.4
https://www.facebook.com/docs,hard,0,0.95,1,www.facebook.com,facebook.com,com,www,29.0,16.0,0.0,1.0,1.0,0.0,0.20689655172413793,0.0,0.0,0.0,0.0,0.0,5.0,1.0,0.5
https://en.wikipedia.org/support,hard,0,0.95,1,en.wikipedia.org,wikipedia.org,org,en,32.0,16.0,0.0,1.0,1.0,0.0,0.1875,0.0,0.0,0.0,0.0,0.0,8.0,1.0,0.5555555555555556
https://www.walmart.com/dashboard,hard,0,0.95,1,www.walmart.com,walmart.com,com,www,33.0,15.0,0.0,1.0,1.0,0.0,0.18181818181818182,0.0,0.0,0.0,0.0,0.0,10.0,1.0,0.2857142857142857
https://www.discord.com/science,hard,0,0.95,1,www.discord.com,discord.com,com,www,31.0,15.0,0.0,1.0,1.0,0.0,0.1935483870967742,0.0,0.0,0.0,0.0,0.0,8.0,1.0,0.2857142857142857
https://www.microsoft.com/terms,hard,0,0.95,1,www.microsoft.com,microsoft.com,com,www,31.0,17.0,0.0,1.0,1.0,0.0,0.1935483870967742,0.0,0.0,0.0,0.0,0.0,6.0,1.0,0.3333333333333333
https://www.adobe.com/forum,hard,0,0.95,1,www.adobe.com,adobe.com,com,www,27.0,13.0,0.0,1.0,1.0,0.0,0.2222222222222222,0.0,0.0,0.0,0.0,0.0,6.0,1.0,0.6
https://www.dropbox.com/science,hard,0,0.95,1,www.dropbox.com,dropbox.com,com,www,31.0,15.0,0.0,1.0,1.0,0.0,0.1935483870967742,0.0,0.0,0.0,0.0,0.0,8.0,1.0,0.2857142857142857
https://www.discord.com/profile,hard,0,0.95,1,www.discord.com,discord.com,com,www,31.0,15.0,0.0,1.0,1.0,0.0,0.1935483870967742,0.0,0.0,0.0,0.0,0.0,8.0,1.0,0.2857142857142857
https://www.amazon.com/checkout,hard,0,0.95,1,www.amazon.com,amazon.com,com,www,31.0,14.0,0.0,1.0,1.0,0.0,0.1935483870967742,0.0,0.0,0.0,0.0,0.0,9.0,1.0,0.5
https://developer.mozilla.org/login,hard,0,0.95,1,developer.mozilla.org,mozilla.org,org,developer,35.0,21.0,0.0,1.0,1.0,1.0,0.17142857142857143,0.0,0.0,0.0,0.0,0.0,6.0,1.0,0.42857142857142855
https://en.wikipedia.org/about,hard,0,0.95,1,en.wikipedia.org,wikipedia.org,org,en,30.0,16.0,0.0,1.0,1.0,0.0,0.2,0.0,0.0,0.0,0.0,0.0,6.0,1.0,0.5555555555555556
https://www.paypal.com/wiki,hard,0,0.95,1,www.paypal.com,paypal.com,com,www,27.0,14.0,0.0,1.0,1.0,0.0,0.2222222222222222,0.0,0.0,0.0,0.0,0.0,5.0,1.0,0.3333333333333333
https://azure.microsoft.com/forum,hard,0,0.95,1,azure.microsoft.com,microsoft.com,com,azure,33.0,19.0,0.0,1.0,1.0,0.0,0.18181818181818182,0.0,0.0,0.0,0.0,0.0,6.0,1.0,0.3333333333333333
https://www.amazon.com/support,hard,0,0.95,1,www.amazon.com,amazon.com,com,www,30.0,14.0,0.0,1.0,1.0,0.0,0.2,0.0,0.0,0.0,0.0,0.0,8.0,1.0,0.5
https://open.spotify.com/sports,hard,0,0.95,1,open.spotify.com,spotify.com,com,open,31.0,16.0,0.0,1.0,1.0,0.0,0.1935483870967742,0.0,0.0,0.0,0.0,0.0,7.0,1.0,0.2857142857142857
https://dropbox.com/login,hard,0,0.95,1,dropbox.com,dropbox.com,com,,25.0,11.0,0.0,0.0,1.0,1.0,0.2,0.0,0.0,0.0,0.0,0.0,6.0,1.0,0.2857142857142857
https://www.adobe.com/item/98213,hard,0,0.95,1,www.adobe.com,adobe.com,com,www,32.0,13.0,0.0,1.0,1.0,0.0,0.21875,0.15625,0.0,0.0,0.0,0.0,11.0,1.0,0.6
https://www.microsoft.com/pricing,hard,0,0.95,1,www.microsoft.com,microsoft.com,com,www,33.0,17.0,0.0,1.0,1.0,0.0,0.18181818181818182,0.0,0.0,0.0,0.0,0.0,8.0,1.0,0.3333333333333333
https://www.amazon.com/dashboard,hard,0,0.95,1,www.amazon.com,amazon.com,com,www,32.0,14.0,0.0,1.0,1.0,0.0,0.1875,0.0,0.0,0.0,0.0,0.0,10.0,1.0,0.5
https://netflix.com/login,hard,0,0.95,1,netflix.com,netflix.com,com,,25.0,11.0,0.0,0.0,1.0,1.0,0.2,0.0,0.0,0.0,0.0,0.0,6.0,1.0,0.2857142857142857
https://www.youtube.com/forum,hard,0,0.95,1,www.youtube.com,youtube.com,com,www,29.0,15.0,0.0,1.0,1.0,0.0,0.20689655172413793,0.0,0.0,0.0,0.0,0.0,6.0,1.0,0.5714285714285714
https://open.spotify.com/docs,hard,0,0.95,1,open.spotify.com,spotify.com,com,open,29.0,16.0,0.0,1.0,1.0,0.0,0.20689655172413793,0.0,0.0,0.0,0.0,0.0,5.0,1.0,0.2857142857142857
https://www.forbes.com/dashboard,hard,0,0.95,1,www.forbes.com,forbes.com,com,www,32.0,14.0,0.0,1.0,1.0,0.0,0.1875,0.0,0.0,0.0,0.0,0.0,10.0,1.0,0.3333333333333333
https://aws.amazon.com/search,hard,0,0.95,1,aws.amazon.com,amazon.com,com,aws,29.0,14.0,0.0,1.0,1.0,0.0,0.20689655172413793,0.0,0.0,0.0,0.0,0.0,7.0,1.0,0.5
https://www.paypal.com/about,hard,0,0.95,1,www.paypal.com,paypal.com,com,www,28.0,14.0,0.0,1.0,1.0,0.0,0.21428571428571427,0.0,0.0,0.0,0.0,0.0,6.0,1.0,0.3333333333333333
https://open.spotify.com/privacy,hard,0,0.95,1,open.spotify.com,spotify.com,com,open,32.0,16.0,0.0,1.0,1.0,0.0,0.1875,0.0,0.0,0.0,0.0,0.0,8.0,1.0,0.2857142857142857
https://www.ebay.com/privacy,hard,0,0.95,1,www.ebay.com,ebay.com,com,www,28.0,12.0,0.0,1.0,1.0,0.0,0.21428571428571427,0.0,0.0,0.0,0.0,0.0,8.0,1.0,0.5
https://cloud.google.com/products,hard,0,0.95,1,cloud.google.com,google.com,com,cloud,33.0,16.0,0.0,1.0,1.0,0.0,0.18181818181818182,0.0,0.0,0.0,0.0,0.0,9.0,1.0,0.5
https://www.forbes.com/docs/api,hard,0,0.95,1,www.forbes.com,forbes.com,com,www,31.0,14.0,0.0,1.0,1.0,0.0,0.22580645161290322,0.0,0.0,0.0,0.0,0.0,9.0,1.0,0.3333333333333333
https://www.discord.com/terms,hard,0,0.95,1,www.discord.com,discord.com,com,www,29.0,15.0,0.0,1.0,1.0,0.0,0.20689655172413793,0.0,0.0,0.0,0.0,0.0,6.0,1.0,0.2857142857142857
https://aws.amazon.com/privacy,hard,0,0.95,1,aws.amazon.com,amazon.com,com,aws,30.0,14.0,0.0,1.0,1.0,0.0,0.2,0.0,0.0,0.0,0.0,0.0,8.0,1.0,0.5
https://www.discord.com/help,hard,0,0.95,1,www.discord.com,discord.com,com,www,28.0,15.0,0.0,1.0,1.0,0.0,0.21428571428571427,0.0,0.0,0.0,0.0,0.0,5.0,1.0,0.2857142857142857
https://www.forbes.com/checkout,hard,0,0.95,1,www.forbes.com,forbes.com,com,www,31.0,14.0,0.0,1.0,1.0,0.0,0.1935483870967742,0.0,0.0,0.0,0.0,0.0,9.0,1.0,0.3333333333333333
https://www.docker.com/contact,hard,0,0.95,1,www.docker.com,docker.com,com,www,30.0,14.0,0.0,1.0,1.0,0.0,0.2,0.0,0.0,0.0,0.0,0.0,8.0,1.0,0.3333333333333333
https://developer.apple.com/terms,hard,0,0.95,1,developer.apple.com,apple.com,com,developer,33.0,19.0,0.0,1.0,1.0,0.0,0.18181818181818182,0.0,0.0,0.0,0.0,0.0,6.0,1.0,0.4
https://www.youtube.com/contact,hard,0,0.95,1,www.youtube.com,youtube.com,com,www,31.0,15.0,0.0,1.0,1.0,0.0,0.1935483870967742,0.0,0.0,0.0,0.0,0.0,8.0,1.0,0.5714285714285714
https://www.github.com/docs/api,hard,0,0.95,1,www.github.com,github.com,com,www,31.0,14.0,0.0,1.0,1.0,0.0,0.22580645161290322,0.0,0.0,0.0,0.0,0.0,9.0,1.0,0.3333333333333333
https://support.mozilla.org/login,hard,0,0.95,1,support.mozilla.org,mozilla.org,org,support,33.0,19.0,0.0,1.0,1.0,1.0,0.18181818181818182,0.0,0.0,0.0,0.0,0.0,6.0,1.0,0.42857142857142855
https://www.linkedin.com/help,hard,0,0.95,1,www.linkedin.com,linkedin.com,com,www,29.0,16.0,0.0,1.0,1.0,0.0,0.20689655172413793,0.0,0.0,0.0,0.0,0.0,5.0,1.0,0.375
https://www.facebook.com/help,hard,0,0.95,1,www.facebook.com,facebook.com,com,www,29.0,16.0,0.0,1.0,1.0,0.0,0.20689655172413793,0.0,0.0,0.0,0.0,0.0,5.0,1.0,0.5
https://www.linkedin.com/world,hard,0,0.95,1,www.linkedin.com,linkedin.com,com,www,30.0,16.0,0.0,1.0,1.0,0.0,0.2,0.0,0.0,0.0,0.0,0.0,6.0,1.0,0.375
https://www.ebay.com/support,hard,0,0.95,1,www.ebay.com,ebay.com,com,www,28.0,12.0,0.0,1.0,1.0,0.0,0.21428571428571427,0.0,0.0,0.0,0.0,0.0,8.0,1.0,0.5
https://www.discord.com/checkout,hard,0,0.95,1,www.discord.com,discord.com,com,www,32.0,15.0,0.0,1.0,1.0,0.0,0.1875,0.0,0.0,0.0,0.0,0.0,9.0,1.0,0.2857142857142857
https://azure.microsoft.com/terms,hard,0,0.95,1,azure.microsoft.com,microsoft.com,com,azure,33.0,19.0,0.0,1.0,1.0,0.0,0.18181818181818182,0.0,0.0,0.0,0.0,0.0,6.0,1.0,0.3333333333333333
https://www.ebay.com/careers,hard,0,0.95,1,www.ebay.com,ebay.com,com,www,28.0,12.0,0.0,1.0,1.0,0.0,0.21428571428571427,0.0,0.0,0.0,0.0,0.0,8.0,1.0,0.5
https://en.wikipedia.org/features,hard,0,0.95,1,en.wikipedia.org,wikipedia.org,org,en,33.0,16.0,0.0,1.0,1.0,0.0,0.18181818181818182,0.0,0.0,0.0,0.0,0.0,9.0,1.0,0.5555555555555556
https://support.mozilla.org/,hard,0,0.95,1,support.mozilla.org,mozilla.org,org,support,28.0,19.0,0.0,1.0,1.0,0.0,0.21428571428571427,0.0,0.0,0.0,0.0,0.0,1.0,1.0,0.42857142857142855
https://azure.microsoft.com/about,hard,0,0.95,1,azure.microsoft.com,microsoft.com,com,azure,33.0,19.0,0.0,1.0,1.0,0.0,0.18181818181818182,0.0,0.0,0.0,0.0,0.0,6.0,1.0,0.3333333333333333
https://www.apple.com/about,hard,0,0.95,1,www.apple.com,apple.com,com,www,27.0,13.0,0.0,1.0,1.0,0.0,0.2222222222222222,0.0,0.0,0.0,0.0,0.0,6.0,1.0,0.4
https://news.bbc.co.uk/docs/api,hard,0,0.95,1,news.bbc.co.uk,bbc.co.uk,uk,news.bbc,31.0,14.0,0.0,1.0,1.0,0.0,0.25806451612903225,0.0,0.0,0.0,0.0,0.0,9.0,1.0,0.0
https://www.microsoft.com/account,hard,0,0.95,1,www.microsoft.com,microsoft.com,com,www,33.0,17.0,0.0,1.0,1.0,1.0,0.18181818181818182,0.0,0.0,0.0,0.0,0.0,8.0,1.0,0.3333333333333333
https://www.paypal.com/blog,hard,0,0.95,1,www.paypal.com,paypal.com,com,www,27.0,14.0,0.0,1.0,1.0,0.0,0.2222222222222222,0.0,0.0,0.0,0.0,0.0,5.0,1.0,0.3333333333333333
https://developer.apple.com/login,hard,0,0.95,1,developer.apple.com,apple.com,com,developer,33.0,19.0,0.0,1.0,1.0,1.0,0.18181818181818182,0.0,0.0,0.0,0.0,0.0,6.0,1.0,0.4
https://www.walmart.com/search,hard,0,0.95,1,www.walmart.com,walmart.com,com,www,30.0,15.0,0.0,1.0,1.0,0.0,0.2,0.0,0.0,0.0,0.0,0.0,7.0,1.0,0.2857142857142857
https://www.google.com/wiki,hard,0,0.95,1,www.google.com,google.com,com,www,27.0,14.0,0.0,1.0,1.0,0.0,0.2222222222222222,0.0,0.0,0.0,0.0,0.0,5.0,1.0,0.5
https://developer.apple.com/privacy,hard,0,0.95,1,developer.apple.com,apple.com,com,developer,35.0,19.0,0.0,1.0,1.0,0.0,0.17142857142857143,0.0,0.0,0.0,0.0,0.0,8.0,1.0,0.4
https://www.forbes.com/pricing,hard,0,0.95,1,www.forbes.com,forbes.com,com,www,30.0,14.0,0.0,1.0,1.0,0.0,0.2,0.0,0.0,0.0,0.0,0.0,8.0,1.0,0.3333333333333333
https://aws.amazon.com/profile,hard,0,0.95,1,aws.amazon.com,amazon.com,com,aws,30.0,14.0,0.0,1.0,1.0,0.0,0.2,0.0,0.0,0.0,0.0,0.0,8.0,1.0,0.5
https://www.docker.com/technology,hard,0,0.95,1,www.docker.com,docker.com,com,www,33.0,14.0,0.0,1.0,1.0,0.0,0.18181818181818182,0.0,0.0,0.0,0.0,0.0,11.0,1.0,0.3333333333333333
https://www.dropbox.com/community,hard,0,0.95,1,www.dropbox.com,dropbox.com,com,www,33.0,15.0,0.0,1.0,1.0,0.0,0.18181818181818182,0.0,0.0,0.0,0.0,0.0,10.0,1.0,0.2857142857142857
https://www.docker.com/docs,hard,0,0.95,1,www.docker.com,docker.com,com,www,27.0,14.0,0.0,1.0,1.0,0.0,0.2222222222222222,0.0,0.0,0.0,0.0,0.0,5.0,1.0,0.3333333333333333
https://www.chase.com/download,hard,0,0.95,1,www.chase.com,chase.com,com,www,30.0,13.0,0.0,1.0,1.0,0.0,0.2,0.0,0.0,0.0,0.0,0.0,9.0,1.0,0.4
https://old.reddit.com/world,hard,0,0.95,1,old.reddit.com,reddit.com,com,old,28.0,14.0,0.0,1.0,1.0,0.0,0.21428571428571427,0.0,0.0,0.0,0.0,0.0,6.0,1.0,0.3333333333333333
https://open.spotify.com/science,hard,0,0.95,1,open.spotify.com,spotify.com,com,open,32.0,16.0,0.0,1.0,1.0,0.0,0.1875,0.0,0.0,0.0,0.0,0.0,8.0,1.0,0.2857142857142857
https://www.linkedin.com/terms,hard,0,0.95,1,www.linkedin.com,linkedin.com,com,www,30.0,16.0,0.0,1.0,1.0,0.0,0.2,0.0,0.0,0.0,0.0,0.0,6.0,1.0,0.375
https://aws.amazon.com/pricing,hard,0,0.95,1,aws.amazon.com,amazon.com,com,aws,30.0,14.0,0.0,1.0,1.0,0.0,0.2,0.0,0.0,0.0,0.0,0.0,8.0,1.0,0.5
https://www.google.com/dashboard,hard,0,0.95,1,www.google.com,google.com,com,www,32.0,14.0,0.0,1.0,1.0,0.0,0.1875,0.0,0.0,0.0,0.0,0.0,10.0,1.0,0.5
https://www.reddit.com/download,hard,0,0.95,1,www.reddit.com,reddit.com,com,www,31.0,14.0,0.0,1.0,1.0,0.0,0.1935483870967742,0.0,0.0,0.0,0.0,0.0,9.0,1.0,0.3333333333333333
https://www.microsoft.com/contact,hard,0,0.95,1,www.microsoft.com,microsoft.com,com,www,33.0,17.0,0.0,1.0,1.0,0.0,0.18181818181818182,0.0,0.0,0.0,0.0,0.0,8.0,1.0,0.3333333333333333
https://www.github.com/search,hard,0,0.95,1,www.github.com,github.com,com,www,29.0,14.0,0.0,1.0,1.0,0.0,0.20689655172413793,0.0,0.0,0.0,0.0,0.0,7.0,1.0,0.3333333333333333
https://old.reddit.com/checkout,hard,0,0.95,1,old.reddit.com,reddit.com,com,old,31.0,14.0,0.0,1.0,1.0,0.0,0.1935483870967742,0.0,0.0,0.0,0.0,0.0,9.0,1.0,0.3333333333333333
https://www.ebay.com/pricing,hard,0,0.95,1,www.ebay.com,ebay.com,com,www,28.0,12.0,0.0,1.0,1.0,0.0,0.21428571428571427,0.0,0.0,0.0,0.0,0.0,8.0,1.0,0.5
https://aws.amazon.com/dashboard,hard,0,0.95,1,aws.amazon.com,amazon.com,com,aws,32.0,14.0,0.0,1.0,1.0,0.0,0.1875,0.0,0.0,0.0,0.0,0.0,10.0,1.0,0.5
https://www.paypal.com/contact,hard,0,0.95,1,www.paypal.com,paypal.com,com,www,30.0,14.0,0.0,1.0,1.0,0.0,0.2,0.0,0.0,0.0,0.0,0.0,8.0,1.0,0.3333333333333333
https://developer.apple.com/support,hard,0,0.95,1,developer.apple.com,apple.com,com,developer,35.0,19.0,0.0,1.0,1.0,0.0,0.17142857142857143,0.0,0.0,0.0,0.0,0.0,8.0,1.0,0.4
https://www.facebook.com/science,hard,0,0.95,1,www.facebook.com,facebook.com,com,www,32.0,16.0,0.0,1.0,1.0,0.0,0.1875,0.0,0.0,0.0,0.0,0.0,8.0,1.0,0.5
https://www.google.com/community,hard,0,0.95,1,www.google.com,google.com,com,www,32.0,14.0,0.0,1.0,1.0,0.0,0.1875,0.0,0.0,0.0,0.0,0.0,10.0,1.0,0.5
https://www.adobe.com/settings,hard,0,0.95,1,www.adobe.com,adobe.com,com,www,30.0,13.0,0.0,1.0,1.0,0.0,0.2,0.0,0.0,0.0,0.0,0.0,9.0,1.0,0.6
https://www.youtube.com/terms,hard,0,0.95,1,www.youtube.com,youtube.com,com,www,29.0,15.0,0.0,1.0,1.0,0.0,0.20689655172413793,0.0,0.0,0.0,0.0,0.0,6.0,1.0,0.5714285714285714
https://aws.amazon.com/settings,hard,0,0.95,1,aws.amazon.com,amazon.com,com,aws,31.0,14.0,0.0,1.0,1.0,0.0,0.1935483870967742,0.0,0.0,0.0,0.0,0.0,9.0,1.0,0.5
https://www.youtube.com/privacy,hard,0,0.95,1,www.youtube.com,youtube.com,com,www,31.0,15.0,0.0,1.0,1.0,0.0,0.1935483870967742,0.0,0.0,0.0,0.0,0.0,8.0,1.0,0.5714285714285714
https://azure.microsoft.com/science,hard,0,0.95,1,azure.microsoft.com,microsoft.com,com,azure,35.0,19.0,0.0,1.0,1.0,0.0,0.17142857142857143,0.0,0.0,0.0,0.0,0.0,8.0,1.0,0.3333333333333333
https://www.netflix.com/community,hard,0,0.95,1,www.netflix.com,netflix.com,com,www,33.0,15.0,0.0,1.0,1.0,0.0,0.18181818181818182,0.0,0.0,0.0,0.0,0.0,10.0,1.0,0.2857142857142857
https://www.apple.com/forum,hard,0,0.95,1,www.apple.com,apple.com,com,www,27.0,13.0,0.0,1.0,1.0,0.0,0.2222222222222222,0.0,0.0,0.0,0.0,0.0,6.0,1.0,0.4
https://www.ebay.com/login,hard,0,0.9348786354690575,1,www.ebay.com,ebay.com,com,www,26.0,12.0,0.0,1.0,1.0,1.0,0.23076923076923078,0.0,0.0,0.0,0.0,0.0,6.0,1.0,0.5
https://www.cnn.com/search,hard,0,0.925020988472253,1,www.cnn.com,cnn.com,com,www,26.0,11.0,0.0,1.0,1.0,0.0,0.23076923076923078,0.0,0.0,0.0,0.0,0.0,7.0,1.0,0.0
https://www.cnn.com/about,hard,0,0.925020988472253,1,www.cnn.com,cnn.com,com,www,25.0,11.0,0.0,1.0,1.0,0.0,0.24,0.0,0.0,0.0,0.0,0.0,6.0,1.0,0.0
https://news.bbc.co.uk/privacy,hard,0,0.925020988472253,1,news.bbc.co.uk,bbc.co.uk,uk,news.bbc,30.0,14.0,0.0,1.0,1.0,0.0,0.23333333333333334,0.0,0.0,0.0,0.0,0.0,8.0,1.0,0.0
https://www.bbc.com/about,hard,0,0.925020988472253,1,www.bbc.com,bbc.com,com,www,25.0,11.0,0.0,1.0,1.0,0.0,0.24,0.0,0.0,0.0,0.0,0.0,6.0,1.0,0.0
https://www.cnn.com/sports,hard,0,0.925020988472253,1,www.cnn.com,cnn.com,com,www,26.0,11.0,0.0,1.0,1.0,0.0,0.23076923076923078,0.0,0.0,0.0,0.0,0.0,7.0,1.0,0.0
https://www.cnn.com/science,hard,0,0.925020988472253,1,www.cnn.com,cnn.com,com,www,27.0,11.0,0.0,1.0,1.0,0.0,0.2222222222222222,0.0,0.0,0.0,0.0,0.0,8.0,1.0,0.0
https://www.cnn.com/pricing,hard,0,0.925020988472253,1,www.cnn.com,cnn.com,com,www,27.0,11.0,0.0,1.0,1.0,0.0,0.2222222222222222,0.0,0.0,0.0,0.0,0.0,8.0,1.0,0.0
https://www.cnn.com/terms,hard,0,0.925020988472253,1,www.cnn.com,cnn.com,com,www,25.0,11.0,0.0,1.0,1.0,0.0,0.24,0.0,0.0,0.0,0.0,0.0,6.0,1.0,0.0
https://www.bbc.com/support,hard,0,0.925020988472253,1,www.bbc.com,bbc.com,com,www,27.0,11.0,0.0,1.0,1.0,0.0,0.2222222222222222,0.0,0.0,0.0,0.0,0.0,8.0,1.0,0.0
https://www.chase.com/help,hard,0,0.925,1,www.chase.com,chase.com,com,www,26.0,13.0,0.0,1.0,1.0,0.0,0.23076923076923078,0.0,0.0,0.0,0.0,0.0,5.0,1.0,0.4
https://www.forbes.com/account,hard,0,0.925,1,www.forbes.com,forbes.com,com,www,30.0,14.0,0.0,1.0,1.0,1.0,0.2,0.0,0.0,0.0,0.0,0.0,8.0,1.0,0.3333333333333333
https://www.dropbox.com/signin,hard,0,0.925,1,www.dropbox.com,dropbox.com,com,www,30.0,15.0,0.0,1.0,1.0,1.0,0.2,0.0,0.0,0.0,0.0,0.0,7.0,1.0,0.2857142857142857
https://www.paypal.com/,hard,0,0.925,1,www.paypal.com,paypal.com,com,www,23.0,14.0,0.0,1.0,1.0,0.0,0.2608695652173913,0.0,0.0,0.0,0.0,0.0,1.0,1.0,0.3333333333333333
https://www.discord.com/login,hard,0,0.925,1,www.discord.com,discord.com,com,www,29.0,15.0,0.0,1.0,1.0,1.0,0.20689655172413793,0.0,0.0,0.0,0.0,0.0,6.0,1.0,0.2857142857142857
https://www.discord.com/signin,hard,0,0.925,1,www.discord.com,discord.com,com,www,30.0,15.0,0.0,1.0,1.0,1.0,0.2,0.0,0.0,0.0,0.0,0.0,7.0,1.0,0.2857142857142857
https://www.ebay.com/about,hard,0,0.925,1,www.ebay.com,ebay.com,com,www,26.0,12.0,0.0,1.0,1.0,0.0,0.23076923076923078,0.0,0.0,0.0,0.0,0.0,6.0,1.0,0.5
https://www.netflix.com/signin,hard,0,0.925,1,www.netflix.com,netflix.com,com,www,30.0,15.0,0.0,1.0,1.0,1.0,0.2,0.0,0.0,0.0,0.0,0.0,7.0,1.0,0.2857142857142857
https://www.paypal.com/account,hard,0,0.925,1,www.paypal.com,paypal.com,com,www,30.0,14.0,0.0,1.0,1.0,1.0,0.2,0.0,0.0,0.0,0.0,0.0,8.0,1.0,0.3333333333333333
https://www.apple.com/blog,hard,0,0.925,1,www.apple.com,apple.com,com,www,26.0,13.0,0.0,1.0,1.0,0.0,0.23076923076923078,0.0,0.0,0.0,0.0,0.0,5.0,1.0,0.4
https://www.amazon.com/account,hard,0,0.925,1,www.amazon.com,amazon.com,com,www,30.0,14.0,0.0,1.0,1.0,1.0,0.2,0.0,0.0,0.0,0.0,0.0,8.0,1.0,0.5
https://www.github.com/signin,hard,0,0.925,1,www.github.com,github.com,com,www,29.0,14.0,0.0,1.0,1.0,1.0,0.20689655172413793,0.0,0.0,0.0,0.0,0.0,7.0,1.0,0.3333333333333333
https://open.spotify.com/,hard,0,0.925,1,open.spotify.com,spotify.com,com,open,25.0,16.0,0.0,1.0,1.0,0.0,0.24,0.0,0.0,0.0,0.0,0.0,1.0,1.0,0.2857142857142857
https://notion.so,hard,0,0.9138059575626236,1,notion.so,notion.so,so,,17.0,9.0,0.0,0.0,1.0,0.0,0.23529411764705882,0.0,0.0,0.0,0.0,0.0,0.0,0.0,0.5
https://stackoverflow.com,hard,0,0.87541268660223,1,stackoverflow.com,stackoverflow.com,com,,25.0,17.0,0.0,0.0,1.0,0.0,0.16,0.0,0.0,0.0,0.0,0.0,0.0,1.0,0.3076923076923077
https://forbes.com,hard,0,0.8502920227547481,1,forbes.com,forbes.com,com,,18.0,10.0,0.0,0.0,1.0,0.0,0.2222222222222222,0.0,0.0,0.0,0.0,0.0,0.0,1.0,0.3333333333333333
https://github.com,hard,0,0.8502920227547481,1,github.com,github.com,com,,18.0,10.0,0.0,0.0,1.0,0.0,0.2222222222222222,0.0,0.0,0.0,0.0,0.0,0.0,1.0,0.3333333333333333
https://facebook.com,hard,0,0.8502920227547481,1,facebook.com,facebook.com,com,,20.0,12.0,0.0,0.0,1.0,0.0,0.2,0.0,0.0,0.0,0.0,0.0,0.0,1.0,0.5
https://docker.com,hard,0,0.8502920227547481,1,docker.com,docker.com,com,,18.0,10.0,0.0,0.0,1.0,0.0,0.2222222222222222,0.0,0.0,0.0,0.0,0.0,0.0,1.0,0.3333333333333333
