url,DatasetSource,label,score,predicted,hostname,registrable_domain,tld,subdomain,URLLength,DomainLength,IsDomainIP,NoOfSubDomain,IsHTTPS,HasSuspiciousWords,SpecialCharRatio,DigitRatio,HasAtSymbol,SuspiciousTLD,BrandImpersonationScore,HyphenCount,PathQueryLength,KnownBrandDomain,DomainVowelRatio
https://spotify.com/world,hard,0,0.975,1,spotify.com,spotify.com,com,,25.0,11.0,0.0,0.0,1.0,0.0,0.2,0.0,0.0,0.0,0.0,0.0,6.0,1.0,0.2857142857142857
https://www.trello.com/community,hard,0,1.0,1,www.trello.com,trello.com,com,www,32.0,14.0,0.0,1.0,1.0,0.0,0.1875,0.0,0.0,0.0,0.0,0.0,10.0,0.0,0.3333333333333333
http://instagram-billing.click/wallet/unlock,hard,1,1.0,1,instagram-billing.click,instagram-billing.click,click,,44.0,23.0,0.0,0.0,0.0,1.0,0.1590909090909091,0.0,0.0,1.0,1.0,1.0,14.0,0.0,0.3125
https://www.bestbuy.com/contact,hard,0,1.0,1,www.bestbuy.com,bestbuy.com,com,www,31.0,15.0,0.0,1.0,1.0,0.0,0.1935483870967742,0.0,0.0,0.0,0.0,0.0,8.0,0.0,0.2857142857142857
https://expedia.com/community,hard,0,1.0,1,expedia.com,expedia.com,com,,29.0,11.0,0.0,0.0,1.0,0.0,0.1724137931034483,0.0,0.0,0.0,0.0,0.0,10.0,0.0,0.5714285714285714
https://www.netflix.com/blog/2025/new-features,hard,0,1.0,1,www.netflix.com,netflix.com,com,www,46.0,15.0,0.0,1.0,1.0,0.0,0.1956521739130435,0.08695652173913043,0.0,0.0,0.0,0.0,23.0,1.0,0.2857142857142857
https://www.stackoverflow.com/en-us/docs/Web/JavaScript,hard,0,1.0,1,www.stackoverflow.com,stackoverflow.com,com,www,55.0,21.0,0.0,1.0,1.0,0.0,0.18181818181818182,0.0,0.0,0.0,0.0,0.0,26.0,1.0,0.3076923076923077
https://secure-chase815.crypto.net/session/renew?token=2ac1f0ad5d0ac823,hard,1,1.0,1,secure-chase815.crypto.net,crypto.net,net,secure-chase815,71.0,26.0,0.0,1.0,1.0,1.0,0.14084507042253522,0.15492957746478872,0.0,0.0,0.0,1.0,36.0,0.0,0.16666666666666666
https://coursera.org/search?q=python+tutorial,hard,0,1.0,1,coursera.org,coursera.org,org,,45.0,12.0,0.0,0.0,1.0,0.0,0.17777777777777778,0.0,0.0,0.0,0.0,0.0,24.0,0.0,0.5
https://reuters.com/downloads/latest,hard,0,1.0,1,reuters.com,reuters.com,com,,36.0,11.0,0.0,0.0,1.0,0.0,0.16666666666666666,0.0,0.0,0.0,0.0,0.0,17.0,0.0,0.42857142857142855
https://www.forbes.com/blog/2025/new-features,hard,0,1.0,1,www.forbes.com,forbes.com,com,www,45.0,14.0,0.0,1.0,1.0,0.0,0.2,0.08888888888888889,0.0,0.0,0.0,0.0,23.0,1.0,0.3333333333333333
https://www.europa.eu/products,hard,0,1.0,1,www.europa.eu,europa.eu,eu,www,30.0,13.0,0.0,1.0,1.0,0.0,0.2,0.0,0.0,0.0,0.0,0.0,9.0,0.0,0.6666666666666666
https://www.booking.com/sports,hard,0,1.0,1,www.booking.com,booking.com,com,www,30.0,15.0,0.0,1.0,1.0,0.0,0.2,0.0,0.0,0.0,0.0,0.0,7.0,0.0,0.42857142857142855
http://irs-password-reset.work/login,hard,1,1.0,1,irs-password-reset.work,irs-password-reset.work,work,,36.0,23.0,0.0,0.0,0.0,1.0,0.19444444444444445,0.0,0.0,1.0,0.0,2.0,6.0,0.0,0.3125
https://docs.python.org/docs/api,hard,0,1.0,1,docs.python.org,python.org,org,docs,32.0,15.0,0.0,1.0,1.0,0.0,0.21875,0.0,0.0,0.0,0.0,0.0,9.0,0.0,0.16666666666666666
https://citibank.com/docs,hard,0,1.0,1,citibank.com,citibank.com,com,,25.0,12.0,0.0,0.0,1.0,0.0,0.2,0.0,0.0,0.0,0.0,0.0,5.0,0.0,0.375
https://www.stackoverflow.com/settings,hard,0,1.0,1,www.stackoverflow.com,stackoverflow.com,com,www,38.0,21.0,0.0,1.0,1.0,0.0,0.15789473684210525,0.0,0.0,0.0,0.0,0.0,9.0,1.0,0.3076923076923077
https://www.wsj.com/library/3.12,hard,0,1.0,1,www.wsj.com,wsj.com,com,www,32.0,11.0,0.0,1.0,1.0,0.0,0.25,0.09375,0.0,0.0,0.0,0.0,13.0,0.0,0.0
https://quora.com/world,hard,0,1.0,1,quora.com,quora.com,com,,23.0,9.0,0.0,0.0,1.0,0.0,0.21739130434782608,0.0,0.0,0.0,0.0,0.0,6.0,0.0,0.6
https://apple-helpdesk-secure.top/login.php,hard,1,1.0,1,apple-helpdesk-secure.top,apple-helpdesk-secure.top,top,,43.0,25.0,0.0,0.0,1.0,1.0,0.18604651162790697,0.0,0.0,1.0,1.0,2.0,10.0,0.0,0.3684210526315789
https://fedex-invoice-wallet.loan/account/update,hard,1,1.0,1,fedex-invoice-wallet.loan,fedex-invoice-wallet.loan,loan,,48.0,25.0,0.0,0.0,1.0,1.0,0.16666666666666666,0.0,0.0,1.0,1.0,2.0,15.0,0.0,0.4444444444444444
https://www.khanacademy.org/order/confirmation/778213,hard,0,1.0,1,www.khanacademy.org,khanacademy.org,org,www,53.0,19.0,0.0,1.0,1.0,0.0,0.1509433962264151,0.11320754716981132,0.0,0.0,0.0,0.0,26.0,0.0,0.36363636363636365
https://secure-login.americanexpress.com.security-update.co,hard,1,0.8379467581701171,1,secure-login.americanexpress.com.security-update.co,security-update.co,co,secure-login.americanexpress.com,59.0,51.0,0.0,3.0,1.0,1.0,0.15254237288135594,0.0,0.0,0.0,0.0,2.0,0.0,0.0,0.42857142857142855
https://www.booking.com/business,hard,0,1.0,1,www.booking.com,booking.com,com,www,32.0,15.0,0.0,1.0,1.0,0.0,0.1875,0.0,0.0,0.0,0.0,0.0,9.0,0.0,0.42857142857142855
http://binance-helpdesk.tk/alert/action-required,hard,1,1.0,1,binance-helpdesk.tk,binance-helpdesk.tk,tk,,48.0,19.0,0.0,0.0,0.0,0.0,0.16666666666666666,0.0,0.0,1.0,0.0,1.0,22.0,0.0,0.3333333333333333
https://portal-update-support-identity-user.cf/secure/index.html,hard,1,1.0,1,portal-update-support-identity-user.cf,portal-update-support-identity-user.cf,cf,,64.0,38.0,0.0,0.0,1.0,1.0,0.171875,0.0,0.0,1.0,0.0,4.0,18.0,0.0,0.3870967741935484
https://myapple-apple71.billing.net/verify-account,hard,1,1.0,1,myapple-apple71.billing.net,billing.net,net,myapple-apple71,50.0,27.0,0.0,1.0,1.0,1.0,0.16,0.04,0.0,0.0,0.0,1.0,15.0,0.0,0.2857142857142857
https://www.expedia.com/order/confirmation/778213,hard,0,1.0,1,www.expedia.com,expedia.com,com,www,49.0,15.0,0.0,1.0,1.0,0.0,0.16326530612244897,0.12244897959183673,0.0,0.0,0.0,0.0,26.0,0.0,0.5714285714285714
https://id-confirm.dropbox.com.confirm-identity.gq,hard,1,0.7013759736512576,1,id-confirm.dropbox.com.confirm-identity.gq,confirm-identity.gq,gq,id-confirm.dropbox.com,50.0,42.0,0.0,3.0,1.0,0.0,0.18,0.0,0.0,1.0,1.0,2.0,0.0,0.0,0.3333333333333333
https://www.adobe.com/order/confirmation/778213,hard,0,1.0,1,www.adobe.com,adobe.com,com,www,47.0,13.0,0.0,1.0,1.0,0.0,0.1702127659574468,0.1276595744680851,0.0,0.0,0.0,0.0,26.0,1.0,0.6
https://usa.gov/api/v2/products?page=2,hard,0,1.0,1,usa.gov,usa.gov,gov,,38.0,7.0,0.0,0.0,1.0,0.0,0.23684210526315788,0.05263157894736842,0.0,0.0,0.0,0.0,22.0,0.0,0.6666666666666666
https://edx.org/science,hard,0,1.0,1,edx.org,edx.org,org,,23.0,7.0,0.0,0.0,1.0,0.0,0.21739130434782608,0.0,0.0,0.0,0.0,0.0,8.0,0.0,0.3333333333333333
https://www.nasa.gov/reference/functions.html,hard,0,1.0,1,www.nasa.gov,nasa.gov,gov,www,45.0,12.0,0.0,1.0,1.0,0.0,0.17777777777777778,0.0,0.0,0.0,0.0,0.0,25.0,0.0,0.5
https://www.europa.eu/privacy,hard,0,1.0,1,www.europa.eu,europa.eu,eu,www,29.0,13.0,0.0,1.0,1.0,0.0,0.20689655172413793,0.0,0.0,0.0,0.0,0.0,8.0,0.0,0.6666666666666666
https://verify-official-now-identity-center.tk/verify/session.php?token=1ef1b0ea9b30,hard,1,1.0,1,verify-official-now-identity-center.tk,verify-official-now-identity-center.tk,tk,,84.0,38.0,0.0,0.0,1.0,1.0,0.15476190476190477,0.07142857142857142,0.0,1.0,0.0,4.0,37.0,0.0,0.3870967741935484
https://zoom.us/dashboard,hard,0,1.0,1,zoom.us,zoom.us,us,,25.0,7.0,0.0,0.0,1.0,0.0,0.2,0.0,0.0,0.0,0.85,0.0,10.0,0.0,0.5
https://docs.python.org/news/technology,hard,0,1.0,1,docs.python.org,python.org,org,docs,39.0,15.0,0.0,1.0,1.0,0.0,0.1794871794871795,0.0,0.0,0.0,0.0,0.0,16.0,0.0,0.16666666666666666
https://wsj.com/en-us/library,hard,0,1.0,1,wsj.com,wsj.com,com,,29.0,7.0,0.0,0.0,1.0,0.0,0.2413793103448276,0.0,0.0,0.0,0.0,0.0,14.0,0.0,0.0
https://intel.com/support,hard,0,1.0,1,intel.com,intel.com,com,,25.0,9.0,0.0,0.0,1.0,0.0,0.2,0.0,0.0,0.0,0.0,0.0,8.0,0.0,0.4
https://theguardian.com/about,hard,0,1.0,1,theguardian.com,theguardian.com,com,,29.0,15.0,0.0,0.0,1.0,0.0,0.1724137931034483,0.0,0.0,0.0,0.0,0.0,6.0,0.0,0.45454545454545453
https://www.cdc.gov/article/2025/06/12/world-news,hard,0,1.0,1,www.cdc.gov,cdc.gov,gov,www,49.0,11.0,0.0,1.0,1.0,0.0,0.22448979591836735,0.16326530612244897,0.0,0.0,0.0,0.0,30.0,0.0,0.0
https://verify-now-info-portal-user-team.club/login/index.php?id=51570,hard,1,1.0,1,verify-now-info-portal-user-team.club,verify-now-info-portal-user-team.club,club,,70.0,37.0,0.0,0.0,1.0,1.0,0.2,0.07142857142857142,0.0,0.0,0.0,5.0,24.0,0.0,0.4074074074074074
http://120.56.69.127:443/index.php,hard,1,1.0,1,120.56.69.127,120.56.69.127,127,120.56,34.0,13.0,1.0,0.0,0.0,0.0,0.2647058823529412,0.38235294117647056,0.0,0.0,0.0,0.0,10.0,0.0,0.0
https://theguardian.com/health,hard,0,1.0,1,theguardian.com,theguardian.com,com,,30.0,15.0,0.0,0.0,1.0,0.0,0.16666666666666666,0.0,0.0,0.0,0.0,0.0,7.0,0.0,0.45454545454545453
http://192.168.163.177:8080/login,hard,1,1.0,1,192.168.163.177,192.168.163.177,177,192.168,33.0,15.0,1.0,0.0,0.0,1.0,0.24242424242424243,0.48484848484848486,0.0,0.0,0.0,0.0,6.0,0.0,0.0
https://mit.edu/careers,hard,0,1.0,1,mit.edu,mit.edu,edu,,23.0,7.0,0.0,0.0,1.0,0.0,0.21739130434782608,0.0,0.0,0.0,0.0,0.0,8.0,0.0,0.3333333333333333
https://facebook.com/questions/12345/how-to-parse-json,hard,0,1.0,1,facebook.com,facebook.com,com,,54.0,12.0,0.0,0.0,1.0,0.0,0.18518518518518517,0.09259259259259259,0.0,0.0,0.0,0.0,34.0,1.0,0.5
https://www.wsj.com/settings,hard,0,1.0,1,www.wsj.com,wsj.com,com,www,28.0,11.0,0.0,1.0,1.0,0.0,0.21428571428571427,0.0,0.0,0.0,0.0,0.0,9.0,0.0,0.0
https://www.instagram.com/products/electronics,hard,0,1.0,1,www.instagram.com,instagram.com,com,www,46.0,17.0,0.0,1.0,1.0,0.0,0.15217391304347827,0.0,0.0,0.0,0.0,0.0,21.0,1.0,0.3333333333333333
https://www.wired.com/business,hard,0,1.0,1,www.wired.com,wired.com,com,www,30.0,13.0,0.0,1.0,1.0,0.0,0.2,0.0,0.0,0.0,0.0,0.0,9.0,0.0,0.4
https://www.apple.com/api/v1/users,hard,0,0.975,1,www.apple.com,apple.com,com,www,34.0,13.0,0.0,1.0,1.0,0.0,0.23529411764705882,0.029411764705882353,0.0,0.0,0.0,0.0,13.0,1.0,0.4
https://www.wsj.com/health,hard,0,0.9750209884722529,1,www.wsj.com,wsj.com,com,www,26.0,11.0,0.0,1.0,1.0,0.0,0.23076923076923078,0.0,0.0,0.0,0.0,0.0,7.0,0.0,0.0
https://app1e-id.com/reset-password,hard,1,1.0,1,app1e-id.com,app1e-id.com,com,,35.0,12.0,0.0,0.0,1.0,1.0,0.2,0.02857142857142857,0.0,0.0,1.0,1.0,15.0,0.0,0.5
https://khanacademy.org/features/security,hard,0,1.0,1,khanacademy.org,khanacademy.org,org,,41.0,15.0,0.0,0.0,1.0,0.0,0.14634146341463414,0.0,0.0,0.0,0.0,0.0,18.0,0.0,0.36363636363636365
http://instagram-support.click/account/update,hard,1,1.0,1,instagram-support.click,instagram-support.click,click,,45.0,23.0,0.0,0.0,0.0,1.0,0.15555555555555556,0.0,0.0,1.0,1.0,1.0,15.0,0.0,0.3125
https://google.com/features,hard,0,0.975,1,google.com,google.com,com,,27.0,10.0,0.0,0.0,1.0,0.0,0.18518518518518517,0.0,0.0,0.0,0.0,0.0,9.0,1.0,0.5
https://cloudflare.com/docs,hard,0,1.0,1,cloudflare.com,cloudflare.com,com,,27.0,14.0,0.0,0.0,1.0,0.0,0.18518518518518517,0.0,0.0,0.0,0.0,0.0,5.0,0.0,0.4
http://coinbase-confirm.gq/wallet/unlock,hard,1,1.0,1,coinbase-confirm.gq,coinbase-confirm.gq,gq,,40.0,19.0,0.0,0.0,0.0,1.0,0.175,0.0,0.0,1.0,1.0,1.0,14.0,0.0,0.4
https://khanacademy.org/settings,hard,0,1.0,1,khanacademy.org,khanacademy.org,org,,32.0,15.0,0.0,0.0,1.0,0.0,0.15625,0.0,0.0,0.0,0.0,0.0,9.0,0.0,0.36363636363636365
https://www.npmjs.com/features,hard,0,1.0,1,www.npmjs.com,npmjs.com,com,www,30.0,13.0,0.0,1.0,1.0,0.0,0.2,0.0,0.0,0.0,0.0,0.0,9.0,0.0,0.0
https://hsbc-password-reset-alert.com/verify,hard,1,1.0,1,hsbc-password-reset-alert.com,hsbc-password-reset-alert.com,com,,44.0,29.0,0.0,0.0,1.0,1.0,0.18181818181818182,0.0,0.0,0.0,0.0,3.0,7.0,0.0,0.2727272727272727
https://techcrunch.com/dashboard,hard,0,1.0,1,techcrunch.com,techcrunch.com,com,,32.0,14.0,0.0,0.0,1.0,0.0,0.15625,0.0,0.0,0.0,0.0,0.0,10.0,0.0,0.2
http://hsbc-unlock.men/index.php?id=31587,hard,1,1.0,1,hsbc-unlock.men,hsbc-unlock.men,men,,41.0,15.0,0.0,0.0,0.0,1.0,0.21951219512195122,0.12195121951219512,0.0,0.0,0.0,1.0,18.0,0.0,0.2
https://www.expedia.com/downloads/latest,hard,0,1.0,1,www.expedia.com,expedia.com,com,www,40.0,15.0,0.0,1.0,1.0,0.0,0.175,0.0,0.0,0.0,0.0,0.0,17.0,0.0,0.5714285714285714
https://www.intel.com/features/security,hard,0,1.0,1,www.intel.com,intel.com,com,www,39.0,13.0,0.0,1.0,1.0,0.0,0.1794871794871795,0.0,0.0,0.0,0.0,0.0,18.0,0.0,0.4
https://chase-0nline.com/update-billing,hard,1,1.0,1,chase-0nline.com,chase-0nline.com,com,,39.0,16.0,0.0,0.0,1.0,1.0,0.1794871794871795,0.02564102564102564,0.0,0.0,1.0,1.0,15.0,0.0,0.4
https://www.cnn.com/en-us/docs/Web/JavaScript,hard,0,1.0,1,www.cnn.com,cnn.com,com,www,45.0,11.0,0.0,1.0,1.0,0.0,0.2222222222222222,0.0,0.0,0.0,0.0,0.0,26.0,1.0,0.0
https://account-verify.netflix.com.security-update.co,hard,1,0.7837419369404113,1,account-verify.netflix.com.security-update.co,security-update.co,co,account-verify.netflix.com,53.0,45.0,0.0,3.0,1.0,1.0,0.16981132075471697,0.0,0.0,0.0,1.0,2.0,0.0,0.0,0.42857142857142855
https://team-update-account-center-identity-info-support-billing-confirm.win/login/index.php?id=23769,hard,1,1.0,1,team-update-account-center-identity-info-support-billing-confirm.win,team-update-account-center-identity-info-support-billing-confirm.win,win,,101.0,68.0,0.0,0.0,1.0,1.0,0.16831683168316833,0.04950495049504951,0.0,0.0,0.0,8.0,24.0,0.0,0.375
https://amazon.com/docs,hard,0,0.975,1,amazon.com,amazon.com,com,,23.0,10.0,0.0,0.0,1.0,0.0,0.21739130434782608,0.0,0.0,0.0,0.0,0.0,5.0,1.0,0.5
https://cdc.gov/products/electronics,hard,0,1.0,1,cdc.gov,cdc.gov,gov,,36.0,7.0,0.0,0.0,1.0,0.0,0.16666666666666666,0.0,0.0,0.0,0.0,0.0,21.0,0.0,0.0
https://udemy.com/blog,hard,0,1.0,1,udemy.com,udemy.com,com,,22.0,9.0,0.0,0.0,1.0,0.0,0.22727272727272727,0.0,0.0,0.0,0.0,0.0,5.0,0.0,0.4
https://mozilla.org/downloads/latest,hard,0,0.975,1,mozilla.org,mozilla.org,org,,36.0,11.0,0.0,0.0,1.0,0.0,0.16666666666666666,0.0,0.0,0.0,0.0,0.0,17.0,1.0,0.42857142857142855
https://arstechnica.com/user/johndoe,hard,0,1.0,1,arstechnica.com,arstechnica.com,com,,36.0,15.0,0.0,0.0,1.0,0.0,0.16666666666666666,0.0,0.0,0.0,0.0,0.0,13.0,0.0,0.36363636363636365
https://www.stackoverflow.com/science,hard,0,0.975,1,www.stackoverflow.com,stackoverflow.com,com,www,37.0,21.0,0.0,1.0,1.0,0.0,0.16216216216216217,0.0,0.0,0.0,0.0,0.0,8.0,1.0,0.3076923076923077
https://www.gitlab.com/community,hard,0,1.0,1,www.gitlab.com,gitlab.com,com,www,32.0,14.0,0.0,1.0,1.0,0.0,0.1875,0.0,0.0,0.0,0.0,0.0,10.0,0.0,0.3333333333333333
https://booking.com/careers,hard,0,1.0,1,booking.com,booking.com,com,,27.0,11.0,0.0,0.0,1.0,0.0,0.18518518518518517,0.0,0.0,0.0,0.0,0.0,8.0,0.0,0.42857142857142855
https://www.techcrunch.com/library/3.12,hard,0,1.0,1,www.techcrunch.com,techcrunch.com,com,www,39.0,18.0,0.0,1.0,1.0,0.0,0.20512820512820512,0.07692307692307693,0.0,0.0,0.0,0.0,13.0,0.0,0.2
https://github.com/repos/example/project,hard,0,1.0,1,github.com,github.com,com,,40.0,10.0,0.0,0.0,1.0,0.0,0.175,0.0,0.0,0.0,0.0,0.0,22.0,1.0,0.3333333333333333
https://www.booking.com/profile,hard,0,1.0,1,www.booking.com,booking.com,com,www,31.0,15.0,0.0,1.0,1.0,0.0,0.1935483870967742,0.0,0.0,0.0,0.0,0.0,8.0,0.0,0.42857142857142855
http://dhl-login.click/reset-password,hard,1,1.0,1,dhl-login.click,dhl-login.click,click,,37.0,15.0,0.0,0.0,0.0,1.0,0.1891891891891892,0.0,0.0,1.0,0.0,1.0,15.0,0.0,0.25
https://netflix.com/download,hard,0,0.975,1,netflix.com,netflix.com,com,,28.0,11.0,0.0,0.0,1.0,0.0,0.17857142857142858,0.0,0.0,0.0,0.0,0.0,9.0,1.0,0.2857142857142857
http://191.249.155.159:443/index.php,hard,1,1.0,1,191.249.155.159,191.249.155.159,159,191.249,36.0,15.0,1.0,0.0,0.0,0.0,0.25,0.4166666666666667,0.0,0.0,0.0,0.0,10.0,0.0,0.0
https://hsbc.com/library/3.12,hard,0,0.9994261999278239,1,hsbc.com,hsbc.com,com,,29.0,8.0,0.0,0.0,1.0,0.0,0.2413793103448276,0.10344827586206896,0.0,0.0,0.0,0.0,13.0,0.0,0.0
https://instagram-suspended-account.men/confirm-identity,hard,1,1.0,1,instagram-suspended-account.men,instagram-suspended-account.men,men,,56.0,31.0,0.0,0.0,1.0,1.0,0.14285714285714285,0.0,0.0,0.0,1.0,2.0,17.0,0.0,0.36
https://www.hsbc.com/account,hard,0,0.975,1,www.hsbc.com,hsbc.com,com,www,28.0,12.0,0.0,1.0,1.0,1.0,0.21428571428571427,0.0,0.0,0.0,0.0,0.0,8.0,0.0,0.0
https://www.usa.gov/issues/1042,hard,0,0.9680981567823919,1,www.usa.gov,usa.gov,gov,www,31.0,11.0,0.0,1.0,1.0,0.0,0.22580645161290322,0.12903225806451613,0.0,0.0,0.0,0.0,12.0,0.0,0.6666666666666666
https://1inkedin.com/signin,hard,1,0.953592184657496,1,1inkedin.com,1inkedin.com,com,,27.0,12.0,0.0,0.0,1.0,1.0,0.18518518518518517,0.037037037037037035,0.0,0.0,0.0,0.0,7.0,1.0,0.42857142857142855
https://chase-0nline.com/session/renew?token=ded9f45240becae5,hard,1,1.0,1,chase-0nline.com,chase-0nline.com,com,,61.0,16.0,0.0,0.0,1.0,0.0,0.14754098360655737,0.13114754098360656,0.0,0.0,1.0,1.0,36.0,0.0,0.4
https://www.expedia.com/search?q=python+tutorial,hard,0,1.0,1,www.expedia.com,expedia.com,com,www,48.0,15.0,0.0,1.0,1.0,0.0,0.1875,0.0,0.0,0.0,0.0,0.0,24.0,0.0,0.5714285714285714
https://www.stanford.edu/download,hard,0,1.0,1,www.stanford.edu,stanford.edu,edu,www,33.0,16.0,0.0,1.0,1.0,0.0,0.18181818181818182,0.0,0.0,0.0,0.0,0.0,9.0,0.0,0.25
http://104.212.202.249:8443/bank/secure,hard,1,1.0,1,104.212.202.249,104.212.202.249,249,104.212,39.0,15.0,1.0,0.0,0.0,1.0,0.23076923076923078,0.41025641025641024,0.0,0.0,0.0,0.0,12.0,0.0,0.0
http://trello.com/wiki/Main_Page,hard,0,1.0,1,trello.com,trello.com,com,,32.0,10.0,0.0,0.0,0.0,0.0,0.21875,0.0,0.0,0.0,0.0,0.0,15.0,0.0,0.3333333333333333
https://nasa.gov/checkout,hard,0,1.0,1,nasa.gov,nasa.gov,gov,,25.0,8.0,0.0,0.0,1.0,0.0,0.2,0.0,0.0,0.0,0.0,0.0,9.0,0.0,0.5
https://salesforce.com/watch?v=dQw4w9WgXcQ,hard,0,1.0,1,salesforce.com,salesforce.com,com,,42.0,14.0,0.0,0.0,1.0,0.0,0.16666666666666666,0.047619047619047616,0.0,0.0,0.0,0.0,19.0,0.0,0.4
https://discord.com/news,hard,0,0.975,1,discord.com,discord.com,com,,24.0,11.0,0.0,0.0,1.0,0.0,0.20833333333333334,0.0,0.0,0.0,0.0,0.0,5.0,1.0,0.2857142857142857
https://x.com/download,hard,0,1.0,1,x.com,x.com,com,,22.0,5.0,0.0,0.0,1.0,0.0,0.22727272727272727,0.0,0.0,0.0,0.0,0.0,9.0,0.0,0.0
https://nih.gov/account,hard,0,1.0,1,nih.gov,nih.gov,gov,,23.0,7.0,0.0,0.0,1.0,1.0,0.21739130434782608,0.0,0.0,0.0,0.0,0.0,8.0,0.0,0.3333333333333333
https://www.forbes.com/terms,hard,0,0.95,1,www.forbes.com,forbes.com,com,www,28.0,14.0,0.0,1.0,1.0,0.0,0.21428571428571427,0.0,0.0,0.0,0.0,0.0,6.0,1.0,0.3333333333333333
https://171.165.131.42/index.php,hard,1,1.0,1,171.165.131.42,171.165.131.42,42,171.165,32.0,14.0,1.0,0.0,1.0,0.0,0.25,0.34375,0.0,0.0,0.0,0.0,10.0,0.0,0.0
https://www.oracle.com/settings,hard,0,1.0,1,www.oracle.com,oracle.com,com,www,31.0,14.0,0.0,1.0,1.0,0.0,0.1935483870967742,0.0,0.0,0.0,0.0,0.0,9.0,0.0,0.5
http://195.177.187.115:8443/bank/secure,hard,1,1.0,1,195.177.187.115,195.177.187.115,115,195.177,39.0,15.0,1.0,0.0,0.0,1.0,0.23076923076923078,0.41025641025641024,0.0,0.0,0.0,0.0,12.0,0.0,0.0
https://user-center-secure-paypal-account-info-identity-confirm.com/login/index.php?id=84320,hard,1,1.0,1,user-center-secure-paypal-account-info-identity-confirm.com,user-center-secure-paypal-account-info-identity-confirm.com,com,,92.0,59.0,0.0,0.0,1.0,1.0,0.17391304347826086,0.05434782608695652,0.0,0.0,1.0,7.0,24.0,0.0,0.3958333333333333
https://www.epicgames.com/releases/tag/v2.3.1,hard,0,1.0,1,www.epicgames.com,epicgames.com,com,www,45.0,17.0,0.0,1.0,1.0,0.0,0.2222222222222222,0.06666666666666667,0.0,0.0,0.0,0.0,20.0,0.0,0.4444444444444444
https://www.twitch.tv/settings,hard,0,1.0,1,www.twitch.tv,twitch.tv,tv,www,30.0,13.0,0.0,1.0,1.0,0.0,0.2,0.0,0.0,0.0,0.0,0.0,9.0,0.0,0.16666666666666666
https://pypi.org/issues/1042,hard,0,1.0,1,pypi.org,pypi.org,org,,28.0,8.0,0.0,0.0,1.0,0.0,0.21428571428571427,0.14285714285714285,0.0,0.0,0.0,0.0,12.0,0.0,0.25
https://www.paypal.com/,hard,0,0.925,1,www.paypal.com,paypal.com,com,www,23.0,14.0,0.0,1.0,1.0,0.0,0.2608695652173913,0.0,0.0,0.0,0.0,0.0,1.0,1.0,0.3333333333333333
http://salesforce.com/wiki,hard,0,1.0,1,salesforce.com,salesforce.com,com,,26.0,14.0,0.0,0.0,0.0,0.0,0.19230769230769232,0.0,0.0,0.0,0.0,0.0,5.0,0.0,0.4
https://instagr4m-help.com/verify-account,hard,1,1.0,1,instagr4m-help.com,instagr4m-help.com,com,,41.0,18.0,0.0,0.0,1.0,1.0,0.17073170731707318,0.024390243902439025,0.0,0.0,1.0,1.0,15.0,0.0,0.25
http://npmjs.com/order/confirmation/778213,hard,0,0.9994261999278239,1,npmjs.com,npmjs.com,com,,42.0,9.0,0.0,0.0,0.0,0.0,0.16666666666666666,0.14285714285714285,0.0,0.0,0.0,0.0,26.0,0.0,0.0
https://old.reddit.com/tree/main/src,hard,0,0.975,1,old.reddit.com,reddit.com,com,old,36.0,14.0,0.0,1.0,1.0,0.0,0.2222222222222222,0.0,0.0,0.0,0.0,0.0,14.0,1.0,0.3333333333333333
https://www.usa.gov/search?q=python+tutorial,hard,0,1.0,1,www.usa.gov,usa.gov,gov,www,44.0,11.0,0.0,1.0,1.0,0.0,0.20454545454545456,0.0,0.0,0.0,0.0,0.0,24.0,0.0,0.6666666666666666
https://doordash.com/sports,hard,0,1.0,1,doordash.com,doordash.com,com,,27.0,12.0,0.0,0.0,1.0,0.0,0.18518518518518517,0.0,0.0,0.0,0.0,0.0,7.0,0.0,0.375
https://bloomberg.com/blog/2025/new-features,hard,0,1.0,1,bloomberg.com,bloomberg.com,com,,44.0,13.0,0.0,0.0,1.0,0.0,0.18181818181818182,0.09090909090909091,0.0,0.0,0.0,0.0,23.0,0.0,0.3333333333333333
https://twitch.tv/item/98213,hard,0,1.0,1,twitch.tv,twitch.tv,tv,,28.0,9.0,0.0,0.0,1.0,0.0,0.21428571428571427,0.17857142857142858,0.0,0.0,0.0,0.0,11.0,0.0,0.16666666666666666
http://chase-invoice.win/login,hard,1,1.0,1,chase-invoice.win,chase-invoice.win,win,,30.0,17.0,0.0,0.0,0.0,1.0,0.2,0.0,0.0,0.0,1.0,1.0,6.0,0.0,0.5
http://usps-helpdesk.win/confirm-identity,hard,1,1.0,1,usps-helpdesk.win,usps-helpdesk.win,win,,41.0,17.0,0.0,0.0,0.0,0.0,0.17073170731707318,0.0,0.0,0.0,0.85,1.0,17.0,0.0,0.25
http://34.88.102.41:8443/verify/account,hard,1,1.0,1,34.88.102.41,34.88.102.41,41,34.88,39.0,12.0,1.0,0.0,0.0,1.0,0.23076923076923078,0.3333333333333333,0.0,0.0,0.0,0.0,15.0,0.0,0.0
https://techcrunch.com/forum,hard,0,1.0,1,techcrunch.com,techcrunch.com,com,,28.0,14.0,0.0,0.0,1.0,0.0,0.17857142857142858,0.0,0.0,0.0,0.0,0.0,6.0,0.0,0.2
https://khanacademy.org/questions/12345/how-to-parse-json,hard,0,1.0,1,khanacademy.org,khanacademy.org,org,,57.0,15.0,0.0,0.0,1.0,0.0,0.17543859649122806,0.08771929824561403,0.0,0.0,0.0,0.0,34.0,0.0,0.36363636363636365
https://www.lyft.com/api/v1/users,hard,0,1.0,1,www.lyft.com,lyft.com,com,www,33.0,12.0,0.0,1.0,1.0,0.0,0.24242424242424243,0.030303030303030304,0.0,0.0,0.0,0.0,13.0,0.0,0.0
https://id-confirm.dropbox.com.signin-support.online,hard,1,0.861574755276665,1,id-confirm.dropbox.com.signin-support.online,signin-support.online,online,id-confirm.dropbox.com,52.0,44.0,0.0,3.0,1.0,1.0,0.17307692307692307,0.0,0.0,1.0,1.0,2.0,0.0,0.0,0.3076923076923077
https://account-verify.dropbox.com.signin-support.online,hard,1,0.8929100772029015,1,account-verify.dropbox.com.signin-support.online,signin-support.online,online,account-verify.dropbox.com,56.0,48.0,0.0,3.0,1.0,1.0,0.16071428571428573,0.0,0.0,1.0,1.0,2.0,0.0,0.0,0.3076923076923077
https://bankofamerica-alert.com/login,hard,1,1.0,1,bankofamerica-alert.com,bankofamerica-alert.com,com,,37.0,23.0,0.0,0.0,1.0,1.0,0.16216216216216217,0.0,0.0,0.0,1.0,1.0,6.0,0.0,0.4444444444444444
http://americanexpress-billing.click/reset-password,hard,1,1.0,1,americanexpress-billing.click,americanexpress-billing.click,click,,51.0,29.0,0.0,0.0,0.0,1.0,0.13725490196078433,0.0,0.0,1.0,0.0,1.0,15.0,0.0,0.36363636363636365
https://lyft.com/sports,hard,0,1.0,1,lyft.com,lyft.com,com,,23.0,8.0,0.0,0.0,1.0,0.0,0.21739130434782608,0.0,0.0,0.0,0.0,0.0,7.0,0.0,0.0
https://bankofamerica.com/science,hard,0,0.975,1,bankofamerica.com,bankofamerica.com,com,,33.0,17.0,0.0,0.0,1.0,0.0,0.15151515151515152,0.0,0.0,0.0,0.0,0.0,8.0,1.0,0.46153846153846156
https://chase-0nline.com/index.php?id=48270,hard,1,1.0,1,chase-0nline.com,chase-0nline.com,com,,43.0,16.0,0.0,0.0,1.0,0.0,0.20930232558139536,0.13953488372093023,0.0,0.0,1.0,1.0,18.0,0.0,0.4
https://instagram.com/pull/2031,hard,0,0.975,1,instagram.com,instagram.com,com,,31.0,13.0,0.0,0.0,1.0,0.0,0.1935483870967742,0.12903225806451613,0.0,0.0,0.0,0.0,10.0,1.0,0.3333333333333333
https://support-user-portal-billing-secure-info-paypal.men/verify/session.php?token=2293a50a1edd,hard,1,1.0,1,support-user-portal-billing-secure-info-paypal.men,support-user-portal-billing-secure-info-paypal.men,men,,96.0,50.0,0.0,0.0,1.0,1.0,0.15625,0.07291666666666667,0.0,0.0,1.0,6.0,37.0,0.0,0.375
https://www.stackoverflow.com/support,hard,0,0.975,1,www.stackoverflow.com,stackoverflow.com,com,www,37.0,21.0,0.0,1.0,1.0,0.0,0.16216216216216217,0.0,0.0,0.0,0.0,0.0,8.0,1.0,0.3076923076923077
https://quora.com/search,hard,0,1.0,1,quora.com,quora.com,com,,24.0,9.0,0.0,0.0,1.0,0.0,0.20833333333333334,0.0,0.0,0.0,0.0,0.0,7.0,0.0,0.6
https://www.airbnb.com/tree/main/src,hard,0,1.0,1,www.airbnb.com,airbnb.com,com,www,36.0,14.0,0.0,1.0,1.0,0.0,0.2222222222222222,0.0,0.0,0.0,0.0,0.0,14.0,0.0,0.3333333333333333
http://220.112.227.183:443/admin/login.php,hard,1,1.0,1,220.112.227.183,220.112.227.183,183,220.112,42.0,15.0,1.0,0.0,0.0,1.0,0.23809523809523808,0.35714285714285715,0.0,0.0,0.0,0.0,16.0,0.0,0.0
https://www.salesforce.com/pricing,hard,0,1.0,1,www.salesforce.com,salesforce.com,com,www,34.0,18.0,0.0,1.0,1.0,0.0,0.17647058823529413,0.0,0.0,0.0,0.0,0.0,8.0,0.0,0.4
https://bankofamerica.com/dashboard,hard,0,0.975,1,bankofamerica.com,bankofamerica.com,com,,35.0,17.0,0.0,0.0,1.0,0.0,0.14285714285714285,0.0,0.0,0.0,0.0,0.0,10.0,1.0,0.46153846153846156
https://netfl1x-billing.com/reset-password,hard,1,1.0,1,netfl1x-billing.com,netfl1x-billing.com,com,,42.0,19.0,0.0,0.0,1.0,1.0,0.16666666666666666,0.023809523809523808,0.0,0.0,0.85,1.0,15.0,0.0,0.23076923076923078
https://www.cloudflare.com/docs,hard,0,1.0,1,www.cloudflare.com,cloudflare.com,com,www,31.0,18.0,0.0,1.0,1.0,0.0,0.1935483870967742,0.0,0.0,0.0,0.0,0.0,5.0,0.0,0.4
https://www.booking.com/products,hard,0,1.0,1,www.booking.com,booking.com,com,www,32.0,15.0,0.0,1.0,1.0,0.0,0.1875,0.0,0.0,0.0,0.0,0.0,9.0,0.0,0.42857142857142855
https://arstechnica.com/sports,hard,0,1.0,1,arstechnica.com,arstechnica.com,com,,30.0,15.0,0.0,0.0,1.0,0.0,0.16666666666666666,0.0,0.0,0.0,0.0,0.0,7.0,0.0,0.36363636363636365
https://citibank.com/signin,hard,0,1.0,1,citibank.com,citibank.com,com,,27.0,12.0,0.0,0.0,1.0,1.0,0.18518518518518517,0.0,0.0,0.0,0.0,0.0,7.0,0.0,0.375
https://wellsfargo-password-reset-login.cf/auth/validate?user=96518,hard,1,1.0,1,wellsfargo-password-reset-login.cf,wellsfargo-password-reset-login.cf,cf,,67.0,34.0,0.0,0.0,1.0,1.0,0.16417910447761194,0.07462686567164178,0.0,1.0,0.0,3.0,24.0,0.0,0.32142857142857145
https://spotify.com/user/johndoe,hard,0,0.975,1,spotify.com,spotify.com,com,,32.0,11.0,0.0,0.0,1.0,0.0,0.1875,0.0,0.0,0.0,0.0,0.0,13.0,1.0,0.2857142857142857
https://108.32.31.157/admin/login.php,hard,1,1.0,1,108.32.31.157,108.32.31.157,157,108.32,37.0,13.0,1.0,0.0,1.0,1.0,0.24324324324324326,0.2702702702702703,0.0,0.0,0.0,0.0,16.0,0.0,0.0
https://92.246.151.25:443/secure-update,hard,1,1.0,1,92.246.151.25,92.246.151.25,25,92.246,39.0,13.0,1.0,0.0,1.0,1.0,0.23076923076923078,0.3333333333333333,0.0,0.0,0.0,0.0,14.0,0.0,0.0
https://wellsfargo-reactivate-helpdesk.ml/account/update,hard,1,1.0,1,wellsfargo-reactivate-helpdesk.ml,wellsfargo-reactivate-helpdesk.ml,ml,,56.0,33.0,0.0,0.0,1.0,1.0,0.14285714285714285,0.0,0.0,1.0,0.0,2.0,15.0,0.0,0.35714285714285715
https://gooogle.com/index.php?id=60772,hard,1,1.0,1,gooogle.com,gooogle.com,com,,38.0,11.0,0.0,0.0,1.0,0.0,0.21052631578947367,0.13157894736842105,0.0,0.0,0.85,0.0,18.0,0.0,0.5714285714285714
https://gitlab.com/search?q=python+tutorial,hard,0,1.0,1,gitlab.com,gitlab.com,com,,43.0,10.0,0.0,0.0,1.0,0.0,0.18604651162790697,0.0,0.0,0.0,0.0,0.0,24.0,0.0,0.3333333333333333
https://salesforce.com/account,hard,0,1.0,1,salesforce.com,salesforce.com,com,,30.0,14.0,0.0,0.0,1.0,1.0,0.16666666666666666,0.0,0.0,0.0,0.0,0.0,8.0,0.0,0.4
https://europa.eu/support,hard,0,1.0,1,europa.eu,europa.eu,eu,,25.0,9.0,0.0,0.0,1.0,0.0,0.2,0.0,0.0,0.0,0.0,0.0,8.0,0.0,0.6666666666666666
https://www.wsj.com/news/technology,hard,0,1.0,1,www.wsj.com,wsj.com,com,www,35.0,11.0,0.0,1.0,1.0,0.0,0.2,0.0,0.0,0.0,0.0,0.0,16.0,0.0,0.0
https://www.gov.uk/profile,hard,0,1.0,1,www.gov.uk,www.gov.uk,uk,www,26.0,10.0,0.0,0.0,1.0,0.0,0.23076923076923078,0.0,0.0,0.0,0.0,0.0,8.0,0.0,0.0
https://www.who.int/questions/12345/how-to-parse-json,hard,0,1.0,1,www.who.int,who.int,int,www,53.0,11.0,0.0,1.0,1.0,0.0,0.20754716981132076,0.09433962264150944,0.0,0.0,0.0,0.0,34.0,0.0,0.3333333333333333
https://yah00-account.com/session/renew?token=f34ba436ed07fa95,hard,1,1.0,1,yah00-account.com,yah00-account.com,com,,62.0,17.0,0.0,0.0,1.0,1.0,0.14516129032258066,0.1774193548387097,0.0,0.0,1.0,1.0,36.0,0.0,0.4
https://azure.microsoft.com/questions/12345/how-to-parse-json,hard,0,1.0,1,azure.microsoft.com,microsoft.com,com,azure,61.0,19.0,0.0,1.0,1.0,0.0,0.18032786885245902,0.08196721311475409,0.0,0.0,0.0,0.0,34.0,1.0,0.3333333333333333
https://www.bloomberg.com/playlist?list=PL12345,hard,0,1.0,1,www.bloomberg.com,bloomberg.com,com,www,47.0,17.0,0.0,1.0,1.0,0.0,0.1702127659574468,0.10638297872340426,0.0,0.0,0.0,0.0,21.0,0.0,0.3333333333333333
https://www.chase.com/api/v2/products?page=2,hard,0,1.0,1,www.chase.com,chase.com,com,www,44.0,13.0,0.0,1.0,1.0,0.0,0.22727272727272727,0.045454545454545456,0.0,0.0,0.0,0.0,22.0,1.0,0.4
https://www.intel.com/news/technology,hard,0,1.0,1,www.intel.com,intel.com,com,www,37.0,13.0,0.0,1.0,1.0,0.0,0.1891891891891892,0.0,0.0,0.0,0.0,0.0,16.0,0.0,0.4
https://paypa1.com/login.php,hard,1,0.975,1,paypa1.com,paypa1.com,com,,28.0,10.0,0.0,0.0,1.0,1.0,0.21428571428571427,0.03571428571428571,0.0,0.0,0.0,0.0,10.0,1.0,0.4
https://pypi.org,hard,0,0.9751082193875311,1,pypi.org,pypi.org,org,,16.0,8.0,0.0,0.0,1.0,0.0,0.25,0.0,0.0,0.0,0.0,0.0,0.0,0.0,0.25
https://wikipedia.org/en-us/docs/Web/JavaScript,hard,0,1.0,1,wikipedia.org,wikipedia.org,org,,47.0,13.0,0.0,0.0,1.0,0.0,0.19148936170212766,0.0,0.0,0.0,0.0,0.0,26.0,1.0,0.5555555555555556
https://twitter.com/search?q=python+tutorial,hard,0,1.0,1,twitter.com,twitter.com,com,,44.0,11.0,0.0,0.0,1.0,0.0,0.18181818181818182,0.0,0.0,0.0,0.0,0.0,24.0,1.0,0.2857142857142857
https://citibank-alert-verify.club/login,hard,1,1.0,1,citibank-alert-verify.club,citibank-alert-verify.club,club,,40.0,26.0,0.0,0.0,1.0,1.0,0.175,0.0,0.0,0.0,0.0,2.0,6.0,0.0,0.3684210526315789
https://www.oracle.com/terms,hard,0,1.0,1,www.oracle.com,oracle.com,com,www,28.0,14.0,0.0,1.0,1.0,0.0,0.21428571428571427,0.0,0.0,0.0,0.0,0.0,6.0,0.0,0.5
https://berkeley.edu,hard,0,0.950340997080124,1,berkeley.edu,berkeley.edu,edu,,20.0,12.0,0.0,0.0,1.0,0.0,0.2,0.0,0.0,0.0,0.0,0.0,0.0,0.0,0.375
https://nytimes.com/shop/category/laptops,hard,0,1.0,1,nytimes.com,nytimes.com,com,,41.0,11.0,0.0,0.0,1.0,0.0,0.17073170731707318,0.0,0.0,0.0,0.0,0.0,22.0,0.0,0.2857142857142857
https://quora.com/forum,hard,0,1.0,1,quora.com,quora.com,com,,23.0,9.0,0.0,0.0,1.0,0.0,0.21739130434782608,0.0,0.0,0.0,0.0,0.0,6.0,0.0,0.6
https://digitalocean.com/questions/12345/how-to-parse-json,hard,0,1.0,1,digitalocean.com,digitalocean.com,com,,58.0,16.0,0.0,0.0,1.0,0.0,0.1724137931034483,0.08620689655172414,0.0,0.0,0.0,0.0,34.0,0.0,0.5
http://34.198.216.91:8080/secure-update,hard,1,1.0,1,34.198.216.91,34.198.216.91,91,34.198,39.0,13.0,1.0,0.0,0.0,1.0,0.23076923076923078,0.358974358974359,0.0,0.0,0.0,0.0,14.0,0.0,0.0
https://americanexpress-secure-update.net/login.php,hard,1,1.0,1,americanexpress-secure-update.net,americanexpress-secure-update.net,net,,51.0,33.0,0.0,0.0,1.0,1.0,0.1568627450980392,0.0,0.0,0.0,0.0,2.0,10.0,0.0,0.4444444444444444
https://grubhub.com/docs/getting-started,hard,0,1.0,1,grubhub.com,grubhub.com,com,,40.0,11.0,0.0,0.0,1.0,0.0,0.175,0.0,0.0,0.0,0.0,0.0,21.0,0.0,0.2857142857142857
https://epicgames.com/community,hard,0,1.0,1,epicgames.com,epicgames.com,com,,31.0,13.0,0.0,0.0,1.0,0.0,0.16129032258064516,0.0,0.0,0.0,0.0,0.0,10.0,0.0,0.4444444444444444
https://myamericanexpress-americanexpress635.support.cf/confirm-identity,hard,1,1.0,1,myamericanexpress-americanexpress635.support.cf,support.cf,cf,myamericanexpress-americanexpress635,72.0,47.0,0.0,1.0,1.0,0.0,0.1111111111111111,0.041666666666666664,0.0,1.0,0.0,1.0,17.0,0.0,0.2857142857142857
https://official-confirm-service-support-verify-team.com/login/index.php?id=96374,hard,1,1.0,1,official-confirm-service-support-verify-team.com,official-confirm-service-support-verify-team.com,com,,81.0,48.0,0.0,0.0,1.0,1.0,0.1728395061728395,0.06172839506172839,0.0,0.0,0.0,5.0,24.0,0.0,0.38461538461538464
https://notion.so/terms,hard,0,1.0,1,notion.so,notion.so,so,,23.0,9.0,0.0,0.0,1.0,0.0,0.21739130434782608,0.0,0.0,0.0,0.0,0.0,6.0,0.0,0.5
https://americanexpress-wallet-password-reset.com/session/renew?token=ced3a0ea63302648,hard,1,1.0,1,americanexpress-wallet-password-reset.com,americanexpress-wallet-password-reset.com,com,,86.0,41.0,0.0,0.0,1.0,1.0,0.12790697674418605,0.11627906976744186,0.0,0.0,0.0,3.0,36.0,0.0,0.35294117647058826
https://bitbucket.org/business,hard,0,1.0,1,bitbucket.org,bitbucket.org,org,,30.0,13.0,0.0,0.0,1.0,0.0,0.16666666666666666,0.0,0.0,0.0,0.0,0.0,9.0,0.0,0.3333333333333333
https://www.bestbuy.com/docs/getting-started,hard,0,1.0,1,www.bestbuy.com,bestbuy.com,com,www,44.0,15.0,0.0,1.0,1.0,0.0,0.18181818181818182,0.0,0.0,0.0,0.0,0.0,21.0,0.0,0.2857142857142857
https://www.facebook.com/watch?v=dQw4w9WgXcQ,hard,0,1.0,1,www.facebook.com,facebook.com,com,www,44.0,16.0,0.0,1.0,1.0,0.0,0.18181818181818182,0.045454545454545456,0.0,0.0,0.0,0.0,19.0,1.0,0.5
https://berkeley.edu/blog,hard,0,1.0,1,berkeley.edu,berkeley.edu,edu,,25.0,12.0,0.0,0.0,1.0,0.0,0.2,0.0,0.0,0.0,0.0,0.0,5.0,0.0,0.375
https://americanexpress.com/dashboard,hard,0,1.0,1,americanexpress.com,americanexpress.com,com,,37.0,19.0,0.0,0.0,1.0,0.0,0.13513513513513514,0.0,0.0,0.0,0.0,0.0,10.0,0.0,0.4
https://bestbuy.com/wiki/Main_Page,hard,0,1.0,1,bestbuy.com,bestbuy.com,com,,34.0,11.0,0.0,0.0,1.0,0.0,0.20588235294117646,0.0,0.0,0.0,0.0,0.0,15.0,0.0,0.2857142857142857
https://bloomberg.com/playlist?list=PL12345,hard,0,1.0,1,bloomberg.com,bloomberg.com,com,,43.0,13.0,0.0,0.0,1.0,0.0,0.16279069767441862,0.11627906976744186,0.0,0.0,0.0,0.0,21.0,0.0,0.3333333333333333
https://docs.python.org/blog/2025/new-features,hard,0,1.0,1,docs.python.org,python.org,org,docs,46.0,15.0,0.0,1.0,1.0,0.0,0.1956521739130435,0.08695652173913043,0.0,0.0,0.0,0.0,23.0,0.0,0.16666666666666666
https://www.techcrunch.com/help,hard,0,1.0,1,www.techcrunch.com,techcrunch.com,com,www,31.0,18.0,0.0,1.0,1.0,0.0,0.1935483870967742,0.0,0.0,0.0,0.0,0.0,5.0,0.0,0.2
http://fedex-login.club/signin,hard,1,1.0,1,fedex-login.club,fedex-login.club,club,,30.0,16.0,0.0,0.0,0.0,1.0,0.2,0.0,0.0,0.0,1.0,1.0,7.0,0.0,0.4
https://steamcommunity.com/reference/functions.html,hard,0,1.0,1,steamcommunity.com,steamcommunity.com,com,,51.0,18.0,0.0,0.0,1.0,0.0,0.13725490196078433,0.0,0.0,0.0,0.0,0.0,25.0,0.0,0.35714285714285715
https://www.wired.com/blog,hard,0,1.0,1,www.wired.com,wired.com,com,www,26.0,13.0,0.0,1.0,1.0,0.0,0.23076923076923078,0.0,0.0,0.0,0.0,0.0,5.0,0.0,0.4
https://microsoft.com/search?q=python+tutorial,hard,0,1.0,1,microsoft.com,microsoft.com,com,,46.0,13.0,0.0,0.0,1.0,0.0,0.17391304347826086,0.0,0.0,0.0,0.0,0.0,24.0,1.0,0.3333333333333333
https://mit.edu/reference/functions.html,hard,0,1.0,1,mit.edu,mit.edu,edu,,40.0,7.0,0.0,0.0,1.0,0.0,0.175,0.0,0.0,0.0,0.0,0.0,25.0,0.0,0.3333333333333333
http://npr.org/wiki/Main_Page,hard,0,1.0,1,npr.org,npr.org,org,,29.0,7.0,0.0,0.0,0.0,0.0,0.2413793103448276,0.0,0.0,0.0,0.0,0.0,15.0,0.0,0.0
https://www.booking.com/library/3.12,hard,0,1.0,1,www.booking.com,booking.com,com,www,36.0,15.0,0.0,1.0,1.0,0.0,0.2222222222222222,0.08333333333333333,0.0,0.0,0.0,0.0,13.0,0.0,0.42857142857142855
https://www.expedia.com/signin,hard,0,0.975,1,www.expedia.com,expedia.com,com,www,30.0,15.0,0.0,1.0,1.0,1.0,0.2,0.0,0.0,0.0,0.0,0.0,7.0,0.0,0.5714285714285714
https://wsj.com/sports,hard,0,1.0,1,wsj.com,wsj.com,com,,22.0,7.0,0.0,0.0,1.0,0.0,0.22727272727272727,0.0,0.0,0.0,0.0,0.0,7.0,0.0,0.0
https://hmrc-reactivate-reactivate.ml/reset-password,hard,1,1.0,1,hmrc-reactivate-reactivate.ml,hmrc-reactivate-reactivate.ml,ml,,52.0,29.0,0.0,0.0,1.0,1.0,0.15384615384615385,0.0,0.0,1.0,0.0,2.0,15.0,0.0,0.4166666666666667
https://azure.microsoft.com/features/security,hard,0,1.0,1,azure.microsoft.com,microsoft.com,com,azure,45.0,19.0,0.0,1.0,1.0,0.0,0.15555555555555556,0.0,0.0,0.0,0.0,0.0,18.0,1.0,0.3333333333333333
https://login-coinbase800.account.gq/support/ticket,hard,1,1.0,1,login-coinbase800.account.gq,account.gq,gq,login-coinbase800,51.0,28.0,0.0,1.0,1.0,1.0,0.1568627450980392,0.058823529411764705,0.0,1.0,0.7272727272727273,1.0,15.0,0.0,0.42857142857142855
https://azure.microsoft.com/search,hard,0,0.975,1,azure.microsoft.com,microsoft.com,com,azure,34.0,19.0,0.0,1.0,1.0,0.0,0.17647058823529413,0.0,0.0,0.0,0.0,0.0,7.0,1.0,0.3333333333333333
https://www.edx.org/news,hard,0,1.0,1,www.edx.org,edx.org,org,www,24.0,11.0,0.0,1.0,1.0,0.0,0.25,0.0,0.0,0.0,0.0,0.0,5.0,0.0,0.3333333333333333
https://www.airbnb.com/download,hard,0,1.0,1,www.airbnb.com,airbnb.com,com,www,31.0,14.0,0.0,1.0,1.0,0.0,0.1935483870967742,0.0,0.0,0.0,0.0,0.0,9.0,0.0,0.3333333333333333
https://secure-login.chase.com.login-secure.top,hard,1,0.7889254955058025,1,secure-login.chase.com.login-secure.top,login-secure.top,top,secure-login.chase.com,47.0,39.0,0.0,3.0,1.0,1.0,0.19148936170212766,0.0,0.0,1.0,1.0,2.0,0.0,0.0,0.45454545454545453
https://www.stanford.edu/products,hard,0,1.0,1,www.stanford.edu,stanford.edu,edu,www,33.0,16.0,0.0,1.0,1.0,0.0,0.18181818181818182,0.0,0.0,0.0,0.0,0.0,9.0,0.0,0.25
https://theguardian.com/checkout,hard,0,1.0,1,theguardian.com,theguardian.com,com,,32.0,15.0,0.0,0.0,1.0,0.0,0.15625,0.0,0.0,0.0,0.0,0.0,9.0,0.0,0.45454545454545453
https://arstechnica.com/terms,hard,0,1.0,1,arstechnica.com,arstechnica.com,com,,29.0,15.0,0.0,0.0,1.0,0.0,0.1724137931034483,0.0,0.0,0.0,0.0,0.0,6.0,0.0,0.36363636363636365
https://account-verify.linkedin.com.secure-session.click,hard,1,0.8735576103263594,1,account-verify.linkedin.com.secure-session.click,secure-session.click,click,account-verify.linkedin.com,56.0,48.0,0.0,3.0,1.0,1.0,0.16071428571428573,0.0,0.0,1.0,1.0,2.0,0.0,0.0,0.46153846153846156
https://www.wordpress.com/careers,hard,0,1.0,1,www.wordpress.com,wordpress.com,com,www,33.0,17.0,0.0,1.0,1.0,0.0,0.18181818181818182,0.0,0.0,0.0,0.0,0.0,8.0,0.0,0.2222222222222222
https://news.bbc.co.uk/docs/api,hard,0,0.95,1,news.bbc.co.uk,bbc.co.uk,uk,news.bbc,31.0,14.0,0.0,1.0,1.0,0.0,0.25806451612903225,0.0,0.0,0.0,0.0,0.0,9.0,1.0,0.0
https://www.pinterest.com/issues/1042,hard,0,1.0,1,www.pinterest.com,pinterest.com,com,www,37.0,17.0,0.0,1.0,1.0,0.0,0.1891891891891892,0.10810810810810811,0.0,0.0,0.0,0.0,12.0,0.0,0.3333333333333333
https://paypall.com/account/update,hard,1,1.0,1,paypall.com,paypall.com,com,,34.0,11.0,0.0,0.0,1.0,1.0,0.17647058823529413,0.0,0.0,0.0,0.8571428571428571,0.0,15.0,0.0,0.2857142857142857
https://doordash.com/profile,hard,0,1.0,1,doordash.com,doordash.com,com,,28.0,12.0,0.0,0.0,1.0,0.0,0.17857142857142858,0.0,0.0,0.0,0.0,0.0,8.0,0.0,0.375
http://www.irs.gov/contact,hard,0,1.0,1,www.irs.gov,irs.gov,gov,www,26.0,11.0,0.0,1.0,0.0,0.0,0.23076923076923078,0.0,0.0,0.0,0.0,0.0,8.0,0.0,0.3333333333333333
http://78.124.191.33:443/verify/account,hard,1,1.0,1,78.124.191.33,78.124.191.33,33,78.124,39.0,13.0,1.0,0.0,0.0,1.0,0.23076923076923078,0.3333333333333333,0.0,0.0,0.0,0.0,15.0,0.0,0.0
https://twitch.tv/,hard,0,1.0,1,twitch.tv,twitch.tv,tv,,18.0,9.0,0.0,0.0,1.0,0.0,0.2777777777777778,0.0,0.0,0.0,0.0,0.0,1.0,0.0,0.16666666666666666
https://www.quora.com/order/confirmation/778213,hard,0,1.0,1,www.quora.com,quora.com,com,www,47.0,13.0,0.0,1.0,1.0,0.0,0.1702127659574468,0.1276595744680851,0.0,0.0,0.0,0.0,26.0,0.0,0.6
https://spotify-premlum.com/login.php,hard,1,1.0,1,spotify-premlum.com,spotify-premlum.com,com,,37.0,19.0,0.0,0.0,1.0,1.0,0.1891891891891892,0.0,0.0,0.0,1.0,1.0,10.0,0.0,0.2857142857142857
https://coinbase-update-support.online/secure/login,hard,1,1.0,1,coinbase-update-support.online,coinbase-update-support.online,online,,51.0,30.0,0.0,0.0,1.0,1.0,0.1568627450980392,0.0,0.0,1.0,1.0,2.0,13.0,0.0,0.42857142857142855
https://www.notion.so/features,hard,0,1.0,1,www.notion.so,notion.so,so,www,30.0,13.0,0.0,1.0,1.0,0.0,0.2,0.0,0.0,0.0,0.0,0.0,9.0,0.0,0.5
https://paypa1.com/update-billing,hard,1,0.975,1,paypa1.com,paypa1.com,com,,33.0,10.0,0.0,0.0,1.0,1.0,0.18181818181818182,0.030303030303030304,0.0,0.0,0.0,0.0,15.0,1.0,0.4
https://citibank-secure.net/alert/action-required,hard,1,1.0,1,citibank-secure.net,citibank-secure.net,net,,49.0,19.0,0.0,0.0,1.0,1.0,0.16326530612244897,0.0,0.0,0.0,0.0,1.0,22.0,0.0,0.42857142857142855
https://google-reactivate-account.top/session/renew?token=5cb4e6b86a411843,hard,1,1.0,1,google-reactivate-account.top,google-reactivate-account.top,top,,74.0,29.0,0.0,0.0,1.0,1.0,0.13513513513513514,0.14864864864864866,0.0,1.0,1.0,2.0,36.0,0.0,0.4782608695652174
http://citibank-account.cf/update-billing,hard,1,1.0,1,citibank-account.cf,citibank-account.cf,cf,,41.0,19.0,0.0,0.0,0.0,1.0,0.17073170731707318,0.0,0.0,1.0,0.0,1.0,15.0,0.0,0.4
https://www.bloomberg.com/community,hard,0,0.975,1,www.bloomberg.com,bloomberg.com,com,www,35.0,17.0,0.0,1.0,1.0,0.0,0.17142857142857143,0.0,0.0,0.0,0.0,0.0,10.0,0.0,0.3333333333333333
https://americanexpress.com/order/confirmation/778213,hard,0,1.0,1,americanexpress.com,americanexpress.com,com,,53.0,19.0,0.0,0.0,1.0,0.0,0.1320754716981132,0.11320754716981132,0.0,0.0,0.0,0.0,26.0,0.0,0.4
https://ibm.com/products,hard,0,1.0,1,ibm.com,ibm.com,com,,24.0,7.0,0.0,0.0,1.0,0.0,0.20833333333333334,0.0,0.0,0.0,0.0,0.0,9.0,0.0,0.3333333333333333
https://azure.microsoft.com/profile,hard,0,0.95,1,azure.microsoft.com,microsoft.com,com,azure,35.0,19.0,0.0,1.0,1.0,0.0,0.17142857142857143,0.0,0.0,0.0,0.0,0.0,8.0,1.0,0.3333333333333333
https://kubernetes.io/pricing,hard,0,1.0,1,kubernetes.io,kubernetes.io,io,,29.0,13.0,0.0,0.0,1.0,0.0,0.1724137931034483,0.0,0.0,0.0,0.0,0.0,8.0,0.0,0.4
https://www-usps654.invoice.cf/session/renew?token=d2f94497d91213dd,hard,1,0.9996152056793131,1,www-usps654.invoice.cf,invoice.cf,cf,www-usps654,67.0,22.0,0.0,1.0,1.0,0.0,0.14925373134328357,0.208955223880597,0.0,1.0,0.0,1.0,36.0,0.0,0.5714285714285714
https://wired.com/item/98213,hard,0,1.0,1,wired.com,wired.com,com,,28.0,9.0,0.0,0.0,1.0,0.0,0.21428571428571427,0.17857142857142858,0.0,0.0,0.0,0.0,11.0,0.0,0.4
https://dropbox.com/checkout,hard,0,0.975,1,dropbox.com,dropbox.com,com,,28.0,11.0,0.0,0.0,1.0,0.0,0.17857142857142858,0.0,0.0,0.0,0.0,0.0,9.0,1.0,0.2857142857142857
https://twitter.com/en-us/docs/Web/JavaScript,hard,0,1.0,1,twitter.com,twitter.com,com,,45.0,11.0,0.0,0.0,1.0,0.0,0.2,0.0,0.0,0.0,0.0,0.0,26.0,1.0,0.2857142857142857
https://www.doordash.com/sports,hard,0,1.0,1,www.doordash.com,doordash.com,com,www,31.0,16.0,0.0,1.0,1.0,0.0,0.1935483870967742,0.0,0.0,0.0,0.0,0.0,7.0,0.0,0.375
https://secure-login.microsoft.com.verify-account.xyz,hard,1,0.8324563379867929,1,secure-login.microsoft.com.verify-account.xyz,verify-account.xyz,xyz,secure-login.microsoft.com,53.0,45.0,0.0,3.0,1.0,1.0,0.16981132075471697,0.0,0.0,1.0,1.0,2.0,0.0,0.0,0.38461538461538464
https://www.oracle.com/library/3.12,hard,0,1.0,1,www.oracle.com,oracle.com,com,www,35.0,14.0,0.0,1.0,1.0,0.0,0.22857142857142856,0.08571428571428572,0.0,0.0,0.0,0.0,13.0,0.0,0.5
https://digitalocean.com/docs/api,hard,0,1.0,1,digitalocean.com,digitalocean.com,com,,33.0,16.0,0.0,0.0,1.0,0.0,0.18181818181818182,0.0,0.0,0.0,0.0,0.0,9.0,0.0,0.5
https://reuters.com/download,hard,0,1.0,1,reuters.com,reuters.com,com,,28.0,11.0,0.0,0.0,1.0,0.0,0.17857142857142858,0.0,0.0,0.0,0.0,0.0,9.0,0.0,0.42857142857142855
https://amazon.com/science,hard,0,0.975,1,amazon.com,amazon.com,com,,26.0,10.0,0.0,0.0,1.0,0.0,0.19230769230769232,0.0,0.0,0.0,0.0,0.0,8.0,1.0,0.5
https://mylinkedin-linkedin541.password-reset.click/session/renew?token=6a45f0ad54f20966,hard,1,1.0,1,mylinkedin-linkedin541.password-reset.click,password-reset.click,click,mylinkedin-linkedin541,88.0,43.0,0.0,1.0,1.0,1.0,0.125,0.1590909090909091,0.0,1.0,0.8,2.0,36.0,0.0,0.3076923076923077
https://account-verify.bankofamerica.com.verify-account.xyz,hard,1,0.863530301187682,1,account-verify.bankofamerica.com.verify-account.xyz,verify-account.xyz,xyz,account-verify.bankofamerica.com,59.0,51.0,0.0,3.0,1.0,1.0,0.15254237288135594,0.0,0.0,1.0,1.0,2.0,0.0,0.0,0.38461538461538464
https://164.140.77.200:8080/secure-update,hard,1,1.0,1,164.140.77.200,164.140.77.200,200,164.140,41.0,14.0,1.0,0.0,1.0,1.0,0.21951219512195122,0.36585365853658536,0.0,0.0,0.0,0.0,14.0,0.0,0.0
https://gov.uk/help,hard,0,1.0,1,gov.uk,gov.uk,uk,,19.0,6.0,0.0,0.0,1.0,0.0,0.2631578947368421,0.0,0.0,0.0,0.0,0.0,5.0,0.0,0.3333333333333333
http://netflix-login.club/reset-password,hard,1,1.0,1,netflix-login.club,netflix-login.club,club,,40.0,18.0,0.0,0.0,0.0,1.0,0.175,0.0,0.0,0.0,1.0,1.0,15.0,0.0,0.3333333333333333
https://amazon.com/,hard,0,0.975,1,amazon.com,amazon.com,com,,19.0,10.0,0.0,0.0,1.0,0.0,0.2631578947368421,0.0,0.0,0.0,0.0,0.0,1.0,1.0,0.5
http://wellsfargo-authenticate.men/verify-account,hard,1,1.0,1,wellsfargo-authenticate.men,wellsfargo-authenticate.men,men,,49.0,27.0,0.0,0.0,0.0,1.0,0.14285714285714285,0.0,0.0,0.0,0.0,1.0,15.0,0.0,0.4090909090909091
https://www-coinbase999.login.ml/login.php,hard,1,1.0,1,www-coinbase999.login.ml,login.ml,ml,www-coinbase999,42.0,24.0,0.0,1.0,1.0,1.0,0.19047619047619047,0.07142857142857142,0.0,1.0,0.7272727272727273,1.0,10.0,0.0,0.4
https://twitter.com/features,hard,0,0.975,1,twitter.com,twitter.com,com,,28.0,11.0,0.0,0.0,1.0,0.0,0.17857142857142858,0.0,0.0,0.0,0.0,0.0,9.0,1.0,0.2857142857142857
https://www.nasa.gov/science,hard,0,1.0,1,www.nasa.gov,nasa.gov,gov,www,28.0,12.0,0.0,1.0,1.0,0.0,0.21428571428571427,0.0,0.0,0.0,0.0,0.0,8.0,0.0,0.5
https://www.techcrunch.com/pricing,hard,0,1.0,1,www.techcrunch.com,techcrunch.com,com,www,34.0,18.0,0.0,1.0,1.0,0.0,0.17647058823529413,0.0,0.0,0.0,0.0,0.0,8.0,0.0,0.2
https://www.netflix.com/docs/api,hard,0,0.95,1,www.netflix.com,netflix.com,com,www,32.0,15.0,0.0,1.0,1.0,0.0,0.21875,0.0,0.0,0.0,0.0,0.0,9.0,1.0,0.2857142857142857
http://coinbase-helpdesk.click/verify,hard,1,1.0,1,coinbase-helpdesk.click,coinbase-helpdesk.click,click,,37.0,23.0,0.0,0.0,0.0,1.0,0.16216216216216217,0.0,0.0,1.0,1.0,1.0,7.0,0.0,0.375
https://gov.uk/en-us/library,hard,0,1.0,1,gov.uk,gov.uk,uk,,28.0,6.0,0.0,0.0,1.0,0.0,0.25,0.0,0.0,0.0,0.0,0.0,14.0,0.0,0.3333333333333333
https://netflix-invoice-bank.cf/account/update,hard,1,1.0,1,netflix-invoice-bank.cf,netflix-invoice-bank.cf,cf,,46.0,23.0,0.0,0.0,1.0,1.0,0.17391304347826086,0.0,0.0,1.0,1.0,2.0,15.0,0.0,0.3888888888888889
https://oracle.com/features/security,hard,0,1.0,1,oracle.com,oracle.com,com,,36.0,10.0,0.0,0.0,1.0,0.0,0.16666666666666666,0.0,0.0,0.0,0.0,0.0,18.0,0.0,0.5
https://www.nytimes.com/products,hard,0,1.0,1,www.nytimes.com,nytimes.com,com,www,32.0,15.0,0.0,1.0,1.0,0.0,0.1875,0.0,0.0,0.0,0.0,0.0,9.0,0.0,0.2857142857142857
https://bankofamerica-alert.com/alert/action-required,hard,1,1.0,1,bankofamerica-alert.com,bankofamerica-alert.com,com,,53.0,23.0,0.0,0.0,1.0,0.0,0.1509433962264151,0.0,0.0,0.0,1.0,1.0,22.0,0.0,0.4444444444444444
https://facebook.com/library/3.12,hard,0,0.975,1,facebook.com,facebook.com,com,,33.0,12.0,0.0,0.0,1.0,0.0,0.21212121212121213,0.09090909090909091,0.0,0.0,0.0,0.0,13.0,1.0,0.5
http://usps-reward.loan/reset-password,hard,1,1.0,1,usps-reward.loan,usps-reward.loan,loan,,38.0,16.0,0.0,0.0,0.0,1.0,0.18421052631578946,0.0,0.0,1.0,0.85,1.0,15.0,0.0,0.3
https://salesforce.com/reference/functions.html,hard,0,1.0,1,salesforce.com,salesforce.com,com,,47.0,14.0,0.0,0.0,1.0,0.0,0.14893617021276595,0.0,0.0,0.0,0.0,0.0,25.0,0.0,0.4
https://ebay.com/support,hard,0,1.0,1,ebay.com,ebay.com,com,,24.0,8.0,0.0,0.0,1.0,0.0,0.20833333333333334,0.0,0.0,0.0,0.0,0.0,8.0,1.0,0.5
https://www.nasa.gov/features,hard,0,1.0,1,www.nasa.gov,nasa.gov,gov,www,29.0,12.0,0.0,1.0,1.0,0.0,0.20689655172413793,0.0,0.0,0.0,0.0,0.0,9.0,0.0,0.5
https://rnicrosoft.com/session/renew?token=b2c5cc15a45451d9,hard,1,1.0,1,rnicrosoft.com,rnicrosoft.com,com,,59.0,14.0,0.0,0.0,1.0,0.0,0.13559322033898305,0.1694915254237288,0.0,0.0,0.0,0.0,36.0,0.0,0.3
https://id-confirm.google.com.login-secure.top,hard,1,0.790702492603712,1,id-confirm.google.com.login-secure.top,login-secure.top,top,id-confirm.google.com,46.0,38.0,0.0,3.0,1.0,1.0,0.1956521739130435,0.0,0.0,1.0,1.0,2.0,0.0,0.0,0.45454545454545453
https://www.etsy.com/releases/tag/v2.3.1,hard,0,1.0,1,www.etsy.com,etsy.com,com,www,40.0,12.0,0.0,1.0,1.0,0.0,0.25,0.075,0.0,0.0,0.0,0.0,20.0,0.0,0.25
http://www.booking.com/library/3.12,hard,0,1.0,1,www.booking.com,booking.com,com,www,35.0,15.0,0.0,1.0,0.0,0.0,0.22857142857142856,0.08571428571428572,0.0,0.0,0.0,0.0,13.0,0.0,0.42857142857142855
https://youtube.com/world,hard,0,0.975,1,youtube.com,youtube.com,com,,25.0,11.0,0.0,0.0,1.0,0.0,0.2,0.0,0.0,0.0,0.0,0.0,6.0,1.0,0.5714285714285714
https://www.expedia.com/products,hard,0,1.0,1,www.expedia.com,expedia.com,com,www,32.0,15.0,0.0,1.0,1.0,0.0,0.1875,0.0,0.0,0.0,0.0,0.0,9.0,0.0,0.5714285714285714
https://bankofamerica.com/questions/12345/how-to-parse-json,hard,0,1.0,1,bankofamerica.com,bankofamerica.com,com,,59.0,17.0,0.0,0.0,1.0,0.0,0.1694915254237288,0.0847457627118644,0.0,0.0,0.0,0.0,34.0,1.0,0.46153846153846156
https://slack.com/repos/example/project,hard,0,1.0,1,slack.com,slack.com,com,,39.0,9.0,0.0,0.0,1.0,0.0,0.1794871794871795,0.0,0.0,0.0,0.0,0.0,22.0,0.0,0.2
https://reuters.com/search,hard,0,1.0,1,reuters.com,reuters.com,com,,26.0,11.0,0.0,0.0,1.0,0.0,0.19230769230769232,0.0,0.0,0.0,0.0,0.0,7.0,0.0,0.42857142857142855
https://wellsfargo.com/login,hard,0,1.0,1,wellsfargo.com,wellsfargo.com,com,,28.0,14.0,0.0,0.0,1.0,1.0,0.17857142857142858,0.0,0.0,0.0,0.0,0.0,6.0,0.0,0.3
http://amazon.com/news/technology,hard,0,1.0,1,amazon.com,amazon.com,com,,33.0,10.0,0.0,0.0,0.0,0.0,0.18181818181818182,0.0,0.0,0.0,0.0,0.0,16.0,1.0,0.5
https://www.intel.com/terms,hard,0,1.0,1,www.intel.com,intel.com,com,www,27.0,13.0,0.0,1.0,1.0,0.0,0.2222222222222222,0.0,0.0,0.0,0.0,0.0,6.0,0.0,0.4
https://lyft.com/support,hard,0,1.0,1,lyft.com,lyft.com,com,,24.0,8.0,0.0,0.0,1.0,0.0,0.20833333333333334,0.0,0.0,0.0,0.0,0.0,8.0,0.0,0.0
https://www.forbes.com/pricing,hard,0,0.95,1,www.forbes.com,forbes.com,com,www,30.0,14.0,0.0,1.0,1.0,0.0,0.2,0.0,0.0,0.0,0.0,0.0,8.0,1.0,0.3333333333333333
https://intel.com/forum,hard,0,1.0,1,intel.com,intel.com,com,,23.0,9.0,0.0,0.0,1.0,0.0,0.21739130434782608,0.0,0.0,0.0,0.0,0.0,6.0,0.0,0.4
https://paypal.com/api/v2/products?page=2,hard,0,1.0,1,paypal.com,paypal.com,com,,41.0,10.0,0.0,0.0,1.0,0.0,0.21951219512195122,0.04878048780487805,0.0,0.0,0.0,0.0,22.0,1.0,0.3333333333333333
https://arstechnica.com/signin,hard,0,1.0,1,arstechnica.com,arstechnica.com,com,,30.0,15.0,0.0,0.0,1.0,1.0,0.16666666666666666,0.0,0.0,0.0,0.0,0.0,7.0,0.0,0.36363636363636365
https://bitbucket.org/login,hard,0,1.0,1,bitbucket.org,bitbucket.org,org,,27.0,13.0,0.0,0.0,1.0,1.0,0.18518518518518517,0.0,0.0,0.0,0.0,0.0,6.0,0.0,0.3333333333333333
https://docker.com/reference/functions.html,hard,0,1.0,1,docker.com,docker.com,com,,43.0,10.0,0.0,0.0,1.0,0.0,0.16279069767441862,0.0,0.0,0.0,0.0,0.0,25.0,1.0,0.3333333333333333
https://nytimes.com/news/technology,hard,0,1.0,1,nytimes.com,nytimes.com,com,,35.0,11.0,0.0,0.0,1.0,0.0,0.17142857142857143,0.0,0.0,0.0,0.0,0.0,16.0,0.0,0.2857142857142857
https://now-team-paypal-support-confirm-secure-account-identity-service.men/verify/session.php?token=419dc9ab084c,hard,1,1.0,1,now-team-paypal-support-confirm-secure-account-identity-service.men,now-team-paypal-support-confirm-secure-account-identity-service.men,men,,113.0,67.0,0.0,0.0,1.0,1.0,0.1504424778761062,0.061946902654867256,0.0,0.0,1.0,8.0,37.0,0.0,0.38181818181818183
https://account-verify.facebook.com.security-update.co,hard,1,0.8039985890998518,1,account-verify.facebook.com.security-update.co,security-update.co,co,account-verify.facebook.com,54.0,46.0,0.0,3.0,1.0,1.0,0.16666666666666666,0.0,0.0,0.0,1.0,2.0,0.0,0.0,0.42857142857142855
https://paypall.com/update-billing,hard,1,1.0,1,paypall.com,paypall.com,com,,34.0,11.0,0.0,0.0,1.0,1.0,0.17647058823529413,0.0,0.0,0.0,0.8571428571428571,0.0,15.0,0.0,0.2857142857142857
https://www.airbnb.com/forum,hard,0,1.0,1,www.airbnb.com,airbnb.com,com,www,28.0,14.0,0.0,1.0,1.0,0.0,0.21428571428571427,0.0,0.0,0.0,0.0,0.0,6.0,0.0,0.3333333333333333
http://coinbase-password-reset.work/account/update,hard,1,1.0,1,coinbase-password-reset.work,coinbase-password-reset.work,work,,50.0,28.0,0.0,0.0,0.0,1.0,0.16,0.0,0.0,1.0,1.0,2.0,15.0,0.0,0.38095238095238093
https://etsy.com/docs,hard,0,1.0,1,etsy.com,etsy.com,com,,21.0,8.0,0.0,0.0,1.0,0.0,0.23809523809523808,0.0,0.0,0.0,0.0,0.0,5.0,0.0,0.25
https://citibank.com/support,hard,0,1.0,1,citibank.com,citibank.com,com,,28.0,12.0,0.0,0.0,1.0,0.0,0.17857142857142858,0.0,0.0,0.0,0.0,0.0,8.0,0.0,0.375
http://linkedin-bank.tk/login.php,hard,1,1.0,1,linkedin-bank.tk,linkedin-bank.tk,tk,,33.0,16.0,0.0,0.0,0.0,1.0,0.21212121212121213,0.0,0.0,1.0,1.0,1.0,10.0,0.0,0.3333333333333333
https://faceb00k-login.net/signin,hard,1,1.0,1,faceb00k-login.net,faceb00k-login.net,net,,33.0,18.0,0.0,0.0,1.0,1.0,0.18181818181818182,0.06060606060606061,0.0,0.0,1.0,1.0,7.0,0.0,0.36363636363636365
https://auth.wellsfargo.com.secure-session.click,hard,1,0.8474564171576346,1,auth.wellsfargo.com.secure-session.click,secure-session.click,click,auth.wellsfargo.com,48.0,40.0,0.0,3.0,1.0,1.0,0.16666666666666666,0.0,0.0,1.0,0.0,1.0,0.0,0.0,0.46153846153846156
https://forbes.com/forum,hard,0,0.975,1,forbes.com,forbes.com,com,,24.0,10.0,0.0,0.0,1.0,0.0,0.20833333333333334,0.0,0.0,0.0,0.0,0.0,6.0,1.0,0.3333333333333333
https://www.intel.com/order/confirmation/778213,hard,0,1.0,1,www.intel.com,intel.com,com,www,47.0,13.0,0.0,1.0,1.0,0.0,0.1702127659574468,0.1276595744680851,0.0,0.0,0.0,0.0,26.0,0.0,0.4
http://facebook-alert.loan/verify,hard,1,1.0,1,facebook-alert.loan,facebook-alert.loan,loan,,33.0,19.0,0.0,0.0,0.0,1.0,0.18181818181818182,0.0,0.0,1.0,1.0,1.0,7.0,0.0,0.46153846153846156
https://www.npr.org/docs,hard,0,0.9750209884722529,1,www.npr.org,npr.org,org,www,24.0,11.0,0.0,1.0,1.0,0.0,0.25,0.0,0.0,0.0,0.0,0.0,5.0,0.0,0.0
https://pypi.org/science,hard,0,1.0,1,pypi.org,pypi.org,org,,24.0,8.0,0.0,0.0,1.0,0.0,0.20833333333333334,0.0,0.0,0.0,0.0,0.0,8.0,0.0,0.25
https://www.facebook.com/science,hard,0,0.95,1,www.facebook.com,facebook.com,com,www,32.0,16.0,0.0,1.0,1.0,0.0,0.1875,0.0,0.0,0.0,0.0,0.0,8.0,1.0,0.5
https://wsj.com/science,hard,0,1.0,1,wsj.com,wsj.com,com,,23.0,7.0,0.0,0.0,1.0,0.0,0.21739130434782608,0.0,0.0,0.0,0.0,0.0,8.0,0.0,0.0
https://instagram.com/contact,hard,0,0.975,1,instagram.com,instagram.com,com,,29.0,13.0,0.0,0.0,1.0,0.0,0.1724137931034483,0.0,0.0,0.0,0.0,0.0,8.0,1.0,0.3333333333333333
https://store.steampowered.com/releases/tag/v2.3.1,hard,0,1.0,1,store.steampowered.com,steampowered.com,com,store,50.0,22.0,0.0,1.0,1.0,0.0,0.2,0.06,0.0,0.0,0.0,0.0,20.0,0.0,0.4166666666666667
https://cnn.com/help,hard,0,1.0,1,cnn.com,cnn.com,com,,20.0,7.0,0.0,0.0,1.0,0.0,0.25,0.0,0.0,0.0,0.0,0.0,5.0,1.0,0.0
https://www.hsbc.com/news,hard,0,0.9750209884722529,1,www.hsbc.com,hsbc.com,com,www,25.0,12.0,0.0,1.0,1.0,0.0,0.24,0.0,0.0,0.0,0.0,0.0,5.0,0.0,0.0
https://www.theguardian.com/features,hard,0,1.0,1,www.theguardian.com,theguardian.com,com,www,36.0,19.0,0.0,1.0,1.0,0.0,0.16666666666666666,0.0,0.0,0.0,0.0,0.0,9.0,0.0,0.45454545454545453
https://www.uber.com/careers,hard,0,1.0,1,www.uber.com,uber.com,com,www,28.0,12.0,0.0,1.0,1.0,0.0,0.21428571428571427,0.0,0.0,0.0,0.0,0.0,8.0,0.0,0.5
https://notion.so/contact,hard,0,1.0,1,notion.so,notion.so,so,,25.0,9.0,0.0,0.0,1.0,0.0,0.2,0.0,0.0,0.0,0.0,0.0,8.0,0.0,0.5
https://dropbox.com/releases/tag/v2.3.1,hard,0,1.0,1,dropbox.com,dropbox.com,com,,39.0,11.0,0.0,0.0,1.0,0.0,0.23076923076923078,0.07692307692307693,0.0,0.0,0.0,0.0,20.0,1.0,0.2857142857142857
https://www.youtube.com/order/confirmation/778213,hard,0,1.0,1,www.youtube.com,youtube.com,com,www,49.0,15.0,0.0,1.0,1.0,0.0,0.16326530612244897,0.12244897959183673,0.0,0.0,0.0,0.0,26.0,1.0,0.5714285714285714
https://www.khanacademy.org/account,hard,0,0.975,1,www.khanacademy.org,khanacademy.org,org,www,35.0,19.0,0.0,1.0,1.0,1.0,0.17142857142857143,0.0,0.0,0.0,0.0,0.0,8.0,0.0,0.36363636363636365
https://login-paypal802.crypto.men/login,hard,1,0.975,1,login-paypal802.crypto.men,crypto.men,men,login-paypal802,40.0,26.0,0.0,1.0,1.0,1.0,0.175,0.075,0.0,0.0,0.0,1.0,6.0,0.0,0.16666666666666666
https://www.irs.gov/,hard,0,0.978519254873147,1,www.irs.gov,irs.gov,gov,www,20.0,11.0,0.0,1.0,1.0,0.0,0.3,0.0,0.0,0.0,0.0,0.0,1.0,0.0,0.3333333333333333
https://pinterest.com/user/johndoe,hard,0,1.0,1,pinterest.com,pinterest.com,com,,34.0,13.0,0.0,0.0,1.0,0.0,0.17647058823529413,0.0,0.0,0.0,0.0,0.0,13.0,0.0,0.3333333333333333
https://ibm.com/sports,hard,0,1.0,1,ibm.com,ibm.com,com,,22.0,7.0,0.0,0.0,1.0,0.0,0.22727272727272727,0.0,0.0,0.0,0.0,0.0,7.0,0.0,0.3333333333333333
https://instagram.com/help,hard,0,0.975,1,instagram.com,instagram.com,com,,26.0,13.0,0.0,0.0,1.0,0.0,0.19230769230769232,0.0,0.0,0.0,0.0,0.0,5.0,1.0,0.3333333333333333
https://theguardian.com/blog,hard,0,1.0,1,theguardian.com,theguardian.com,com,,28.0,15.0,0.0,0.0,1.0,0.0,0.17857142857142858,0.0,0.0,0.0,0.0,0.0,5.0,0.0,0.45454545454545453
https://www.target.com/news,hard,0,1.0,1,www.target.com,target.com,com,www,27.0,14.0,0.0,1.0,1.0,0.0,0.2222222222222222,0.0,0.0,0.0,0.0,0.0,5.0,0.0,0.3333333333333333
https://pinterest.com/search,hard,0,1.0,1,pinterest.com,pinterest.com,com,,28.0,13.0,0.0,0.0,1.0,0.0,0.17857142857142858,0.0,0.0,0.0,0.0,0.0,7.0,0.0,0.3333333333333333
https://aws.amazon.com/dashboard,hard,0,0.95,1,aws.amazon.com,amazon.com,com,aws,32.0,14.0,0.0,1.0,1.0,0.0,0.1875,0.0,0.0,0.0,0.0,0.0,10.0,1.0,0.5
https://www.cdc.gov/questions/12345/how-to-parse-json,hard,0,1.0,1,www.cdc.gov,cdc.gov,gov,www,53.0,11.0,0.0,1.0,1.0,0.0,0.20754716981132076,0.09433962264150944,0.0,0.0,0.0,0.0,34.0,0.0,0.0
http://192.168.172.152/verify/account,hard,1,1.0,1,192.168.172.152,192.168.172.152,152,192.168,37.0,15.0,1.0,0.0,0.0,1.0,0.21621621621621623,0.32432432432432434,0.0,0.0,0.0,0.0,15.0,0.0,0.0
http://192.168.99.183/secure-update,hard,1,1.0,1,192.168.99.183,192.168.99.183,183,192.168,35.0,14.0,1.0,0.0,0.0,1.0,0.22857142857142856,0.3142857142857143,0.0,0.0,0.0,0.0,14.0,0.0,0.0
https://hsbc-reactivate-billing.top/signin,hard,1,1.0,1,hsbc-reactivate-billing.top,hsbc-reactivate-billing.top,top,,42.0,27.0,0.0,0.0,1.0,1.0,0.16666666666666666,0.0,0.0,1.0,0.0,2.0,7.0,0.0,0.3333333333333333
https://mycitibank-citibank503.secure.xyz/session/renew?token=c7070397d7214bf9,hard,1,1.0,1,mycitibank-citibank503.secure.xyz,secure.xyz,xyz,mycitibank-citibank503,78.0,33.0,0.0,1.0,1.0,1.0,0.1282051282051282,0.19230769230769232,0.0,1.0,0.0,1.0,36.0,0.0,0.5
https://www.reuters.com/products,hard,0,1.0,1,www.reuters.com,reuters.com,com,www,32.0,15.0,0.0,1.0,1.0,0.0,0.1875,0.0,0.0,0.0,0.0,0.0,9.0,0.0,0.42857142857142855
https://www.cnn.com/questions/12345/how-to-parse-json,hard,0,1.0,1,www.cnn.com,cnn.com,com,www,53.0,11.0,0.0,1.0,1.0,0.0,0.20754716981132076,0.09433962264150944,0.0,0.0,0.0,0.0,34.0,1.0,0.0
http://wellsfargo-reactivate.gq/secure/login,hard,1,1.0,1,wellsfargo-reactivate.gq,wellsfargo-reactivate.gq,gq,,44.0,24.0,0.0,0.0,0.0,1.0,0.1590909090909091,0.0,0.0,1.0,0.0,1.0,13.0,0.0,0.4
https://www.notion.so/checkout,hard,0,1.0,1,www.notion.so,notion.so,so,www,30.0,13.0,0.0,1.0,1.0,0.0,0.2,0.0,0.0,0.0,0.0,0.0,9.0,0.0,0.5
http://harvard.edu/about,hard,0,1.0,1,harvard.edu,harvard.edu,edu,,24.0,11.0,0.0,0.0,0.0,0.0,0.20833333333333334,0.0,0.0,0.0,0.0,0.0,6.0,0.0,0.2857142857142857
https://facebook.com/shop/category/laptops,hard,0,1.0,1,facebook.com,facebook.com,com,,42.0,12.0,0.0,0.0,1.0,0.0,0.16666666666666666,0.0,0.0,0.0,0.0,0.0,22.0,1.0,0.5
https://twitch.tv/products,hard,0,1.0,1,twitch.tv,twitch.tv,tv,,26.0,9.0,0.0,0.0,1.0,0.0,0.19230769230769232,0.0,0.0,0.0,0.0,0.0,9.0,0.0,0.16666666666666666
https://hmrc-account-login.click/account/update,hard,1,1.0,1,hmrc-account-login.click,hmrc-account-login.click,click,,47.0,24.0,0.0,0.0,1.0,1.0,0.1702127659574468,0.0,0.0,1.0,0.0,2.0,15.0,0.0,0.3125
https://www.cnn.com/pricing,hard,0,0.925020988472253,1,www.cnn.com,cnn.com,com,www,27.0,11.0,0.0,1.0,1.0,0.0,0.2222222222222222,0.0,0.0,0.0,0.0,0.0,8.0,1.0,0.0
http://fedex-wallet.ml/login,hard,1,1.0,1,fedex-wallet.ml,fedex-wallet.ml,ml,,28.0,15.0,0.0,0.0,0.0,1.0,0.21428571428571427,0.0,0.0,1.0,1.0,1.0,6.0,0.0,0.36363636363636365
https://microsoft-account-support.gq/confirm-identity,hard,1,0.9848275242979906,1,microsoft-account-support.gq,microsoft-account-support.gq,gq,,53.0,28.0,0.0,0.0,1.0,1.0,0.1509433962264151,0.0,0.0,1.0,1.0,2.0,17.0,0.0,0.34782608695652173
https://store.steampowered.com/shop/category/laptops,hard,0,1.0,1,store.steampowered.com,steampowered.com,com,store,52.0,22.0,0.0,1.0,1.0,0.0,0.15384615384615385,0.0,0.0,0.0,0.0,0.0,22.0,0.0,0.4166666666666667
https://berkeley.edu/item/98213,hard,0,1.0,1,berkeley.edu,berkeley.edu,edu,,31.0,12.0,0.0,0.0,1.0,0.0,0.1935483870967742,0.16129032258064516,0.0,0.0,0.0,0.0,11.0,0.0,0.375
https://old.reddit.com/checkout,hard,0,0.95,1,old.reddit.com,reddit.com,com,old,31.0,14.0,0.0,1.0,1.0,0.0,0.1935483870967742,0.0,0.0,0.0,0.0,0.0,9.0,1.0,0.3333333333333333
https://bankofamerica.com/blog/2025/new-features,hard,0,1.0,1,bankofamerica.com,bankofamerica.com,com,,48.0,17.0,0.0,0.0,1.0,0.0,0.16666666666666666,0.08333333333333333,0.0,0.0,0.0,0.0,23.0,1.0,0.46153846153846156
http://dhl-update.ml/verify-account,hard,1,1.0,1,dhl-update.ml,dhl-update.ml,ml,,35.0,13.0,0.0,0.0,0.0,1.0,0.2,0.0,0.0,1.0,0.0,1.0,15.0,0.0,0.3333333333333333
https://119.231.46.185:8080/verify/account,hard,1,1.0,1,119.231.46.185,119.231.46.185,185,119.231,42.0,14.0,1.0,0.0,1.0,1.0,0.21428571428571427,0.35714285714285715,0.0,0.0,0.0,0.0,15.0,0.0,0.0
https://www.ebay.com/pricing,hard,0,0.95,1,www.ebay.com,ebay.com,com,www,28.0,12.0,0.0,1.0,1.0,0.0,0.21428571428571427,0.0,0.0,0.0,0.0,0.0,8.0,1.0,0.5
https://cloudflare.com/news,hard,0,1.0,1,cloudflare.com,cloudflare.com,com,,27.0,14.0,0.0,0.0,1.0,0.0,0.18518518518518517,0.0,0.0,0.0,0.0,0.0,5.0,0.0,0.4
https://dropbox.com/forum,hard,0,0.975,1,dropbox.com,dropbox.com,com,,25.0,11.0,0.0,0.0,1.0,0.0,0.2,0.0,0.0,0.0,0.0,0.0,6.0,1.0,0.2857142857142857
https://wellsfargo-crypto-reactivate.tk/reset-password,hard,1,1.0,1,wellsfargo-crypto-reactivate.tk,wellsfargo-crypto-reactivate.tk,tk,,54.0,31.0,0.0,0.0,1.0,1.0,0.14814814814814814,0.0,0.0,1.0,0.0,2.0,15.0,0.0,0.34615384615384615
https://www.expedia.com/shop/category/laptops,hard,0,1.0,1,www.expedia.com,expedia.com,com,www,45.0,15.0,0.0,1.0,1.0,0.0,0.17777777777777778,0.0,0.0,0.0,0.0,0.0,22.0,0.0,0.5714285714285714
http://expedia.com/wiki,hard,0,1.0,1,expedia.com,expedia.com,com,,23.0,11.0,0.0,0.0,0.0,0.0,0.21739130434782608,0.0,0.0,0.0,0.0,0.0,5.0,0.0,0.5714285714285714
http://www.bloomberg.com/questions/12345/how-to-parse-json,hard,0,1.0,1,www.bloomberg.com,bloomberg.com,com,www,58.0,17.0,0.0,1.0,0.0,0.0,0.1896551724137931,0.08620689655172414,0.0,0.0,0.0,0.0,34.0,0.0,0.3333333333333333
https://twitter.com/world,hard,0,0.975,1,twitter.com,twitter.com,com,,25.0,11.0,0.0,0.0,1.0,0.0,0.2,0.0,0.0,0.0,0.0,0.0,6.0,1.0,0.2857142857142857
https://bloomberg.com/sports,hard,0,1.0,1,bloomberg.com,bloomberg.com,com,,28.0,13.0,0.0,0.0,1.0,0.0,0.17857142857142858,0.0,0.0,0.0,0.0,0.0,7.0,0.0,0.3333333333333333
https://pinterest.com/features/security,hard,0,1.0,1,pinterest.com,pinterest.com,com,,39.0,13.0,0.0,0.0,1.0,0.0,0.15384615384615385,0.0,0.0,0.0,0.0,0.0,18.0,0.0,0.3333333333333333
https://atlassian.com/playlist?list=PL12345,hard,0,1.0,1,atlassian.com,atlassian.com,com,,43.0,13.0,0.0,0.0,1.0,0.0,0.16279069767441862,0.11627906976744186,0.0,0.0,0.0,0.0,21.0,0.0,0.4444444444444444
https://trello.com/science,hard,0,1.0,1,trello.com,trello.com,com,,26.0,10.0,0.0,0.0,1.0,0.0,0.19230769230769232,0.0,0.0,0.0,0.0,0.0,8.0,0.0,0.3333333333333333
https://cloud.google.com/library/3.12,hard,0,0.975,1,cloud.google.com,google.com,com,cloud,37.0,16.0,0.0,1.0,1.0,0.0,0.21621621621621623,0.08108108108108109,0.0,0.0,0.0,0.0,13.0,1.0,0.5
http://amazon-invoice.ml/login.php,hard,1,1.0,1,amazon-invoice.ml,amazon-invoice.ml,ml,,34.0,17.0,0.0,0.0,0.0,1.0,0.20588235294117646,0.0,0.0,1.0,1.0,1.0,10.0,0.0,0.5384615384615384
https://www.discord.com/signin,hard,0,0.925,1,www.discord.com,discord.com,com,www,30.0,15.0,0.0,1.0,1.0,1.0,0.2,0.0,0.0,0.0,0.0,0.0,7.0,1.0,0.2857142857142857
http://google-support.top/auth/validate?user=503975,hard,1,1.0,1,google-support.top,google-support.top,top,,51.0,18.0,0.0,0.0,0.0,0.0,0.17647058823529413,0.11764705882352941,0.0,1.0,1.0,1.0,25.0,0.0,0.38461538461538464
https://berkeley.edu/docs/getting-started,hard,0,1.0,1,berkeley.edu,berkeley.edu,edu,,41.0,12.0,0.0,0.0,1.0,0.0,0.17073170731707318,0.0,0.0,0.0,0.0,0.0,21.0,0.0,0.375
https://signin.americanexpress.com.auth-portal.cf,hard,1,0.8477330080219687,1,signin.americanexpress.com.auth-portal.cf,auth-portal.cf,cf,signin.americanexpress.com,49.0,41.0,0.0,3.0,1.0,1.0,0.16326530612244897,0.0,0.0,1.0,0.0,1.0,0.0,0.0,0.4
https://irs-wallet-password-reset.gq/update-billing,hard,1,1.0,1,irs-wallet-password-reset.gq,irs-wallet-password-reset.gq,gq,,51.0,28.0,0.0,0.0,1.0,1.0,0.17647058823529413,0.0,0.0,1.0,0.0,3.0,15.0,0.0,0.3181818181818182
https://target.com/article/2025/06/12/world-news,hard,0,1.0,1,target.com,target.com,com,,48.0,10.0,0.0,0.0,1.0,0.0,0.20833333333333334,0.16666666666666666,0.0,0.0,0.0,0.0,30.0,0.0,0.3333333333333333
https://stackoverflow.com/shop/category/laptops,hard,0,1.0,1,stackoverflow.com,stackoverflow.com,com,,47.0,17.0,0.0,0.0,1.0,0.0,0.14893617021276595,0.0,0.0,0.0,0.0,0.0,22.0,1.0,0.3076923076923077
https://www.amazon.com/api/v2/products?page=2,hard,0,1.0,1,www.amazon.com,amazon.com,com,www,45.0,14.0,0.0,1.0,1.0,0.0,0.2222222222222222,0.044444444444444446,0.0,0.0,0.0,0.0,22.0,1.0,0.5
https://intel.com/signin,hard,0,1.0,1,intel.com,intel.com,com,,24.0,9.0,0.0,0.0,1.0,1.0,0.20833333333333334,0.0,0.0,0.0,0.0,0.0,7.0,0.0,0.4
https://npr.org/technology,hard,0,1.0,1,npr.org,npr.org,org,,26.0,7.0,0.0,0.0,1.0,0.0,0.19230769230769232,0.0,0.0,0.0,0.0,0.0,11.0,0.0,0.0
https://npmjs.com/user/johndoe,hard,0,1.0,1,npmjs.com,npmjs.com,com,,30.0,9.0,0.0,0.0,1.0,0.0,0.2,0.0,0.0,0.0,0.0,0.0,13.0,0.0,0.0
https://discord.com/repos/example/project,hard,0,1.0,1,discord.com,discord.com,com,,41.0,11.0,0.0,0.0,1.0,0.0,0.17073170731707318,0.0,0.0,0.0,0.0,0.0,22.0,1.0,0.2857142857142857
https://x.com/products/electronics,hard,0,1.0,1,x.com,x.com,com,,34.0,5.0,0.0,0.0,1.0,0.0,0.17647058823529413,0.0,0.0,0.0,0.0,0.0,21.0,0.0,0.0
https://wikipedia.org/support,hard,0,0.975,1,wikipedia.org,wikipedia.org,org,,29.0,13.0,0.0,0.0,1.0,0.0,0.1724137931034483,0.0,0.0,0.0,0.0,0.0,8.0,1.0,0.5555555555555556
https://www.npr.org/issues/1042,hard,0,0.9826030898960326,1,www.npr.org,npr.org,org,www,31.0,11.0,0.0,1.0,1.0,0.0,0.22580645161290322,0.12903225806451613,0.0,0.0,0.0,0.0,12.0,0.0,0.0
https://paypa1.com/verify-account,hard,1,0.975,1,paypa1.com,paypa1.com,com,,33.0,10.0,0.0,0.0,1.0,1.0,0.18181818181818182,0.030303030303030304,0.0,0.0,0.0,0.0,15.0,1.0,0.4
https://stanford.edu/technology,hard,0,1.0,1,stanford.edu,stanford.edu,edu,,31.0,12.0,0.0,0.0,1.0,0.0,0.16129032258064516,0.0,0.0,0.0,0.0,0.0,11.0,0.0,0.25
https://www.nih.gov/features/security,hard,0,1.0,1,www.nih.gov,nih.gov,gov,www,37.0,11.0,0.0,1.0,1.0,0.0,0.1891891891891892,0.0,0.0,0.0,0.0,0.0,18.0,0.0,0.3333333333333333
https://www.zoom.us/health,hard,0,1.0,1,www.zoom.us,zoom.us,us,www,26.0,11.0,0.0,1.0,1.0,0.0,0.23076923076923078,0.0,0.0,0.0,0.85,0.0,7.0,0.0,0.5
https://www.gov.uk/business,hard,0,1.0,1,www.gov.uk,www.gov.uk,uk,www,27.0,10.0,0.0,0.0,1.0,0.0,0.2222222222222222,0.0,0.0,0.0,0.0,0.0,9.0,0.0,0.0
https://www.wsj.com/tree/main/src,hard,0,1.0,1,www.wsj.com,wsj.com,com,www,33.0,11.0,0.0,1.0,1.0,0.0,0.24242424242424243,0.0,0.0,0.0,0.0,0.0,14.0,0.0,0.0
https://www.usa.gov/sports,hard,0,1.0,1,www.usa.gov,usa.gov,gov,www,26.0,11.0,0.0,1.0,1.0,0.0,0.23076923076923078,0.0,0.0,0.0,0.0,0.0,7.0,0.0,0.6666666666666666
https://x.com/docs,hard,0,1.0,1,x.com,x.com,com,,18.0,5.0,0.0,0.0,1.0,0.0,0.2777777777777778,0.0,0.0,0.0,0.0,0.0,5.0,0.0,0.0
https://khanacademy.org/pull/2031,hard,0,1.0,1,khanacademy.org,khanacademy.org,org,,33.0,15.0,0.0,0.0,1.0,0.0,0.18181818181818182,0.12121212121212122,0.0,0.0,0.0,0.0,10.0,0.0,0.36363636363636365
https://www.wired.com/api/v2/products?page=2,hard,0,1.0,1,www.wired.com,wired.com,com,www,44.0,13.0,0.0,1.0,1.0,0.0,0.22727272727272727,0.045454545454545456,0.0,0.0,0.0,0.0,22.0,0.0,0.4
https://azure.microsoft.com/terms,hard,0,0.95,1,azure.microsoft.com,microsoft.com,com,azure,33.0,19.0,0.0,1.0,1.0,0.0,0.18181818181818182,0.0,0.0,0.0,0.0,0.0,6.0,1.0,0.3333333333333333
https://cnn.com/news,hard,0,1.0,1,cnn.com,cnn.com,com,,20.0,7.0,0.0,0.0,1.0,0.0,0.25,0.0,0.0,0.0,0.0,0.0,5.0,1.0,0.0
https://aws.amazon.com/settings,hard,0,0.95,1,aws.amazon.com,amazon.com,com,aws,31.0,14.0,0.0,1.0,1.0,0.0,0.1935483870967742,0.0,0.0,0.0,0.0,0.0,9.0,1.0,0.5
https://secure-login.netflix.com.verify-account.xyz,hard,1,0.7947248809274825,1,secure-login.netflix.com.verify-account.xyz,verify-account.xyz,xyz,secure-login.netflix.com,51.0,43.0,0.0,3.0,1.0,1.0,0.17647058823529413,0.0,0.0,1.0,1.0,2.0,0.0,0.0,0.38461538461538464
https://www.harvard.edu/issues/1042,hard,0,1.0,1,www.harvard.edu,harvard.edu,edu,www,35.0,15.0,0.0,1.0,1.0,0.0,0.2,0.11428571428571428,0.0,0.0,0.0,0.0,12.0,0.0,0.2857142857142857
http://www.ibm.com/docs/getting-started,hard,0,1.0,1,www.ibm.com,ibm.com,com,www,39.0,11.0,0.0,1.0,0.0,0.0,0.20512820512820512,0.0,0.0,0.0,0.0,0.0,21.0,0.0,0.3333333333333333
https://paypal-billing-center-secure-support-user-service-now.top/login/index.php?id=73935,hard,1,1.0,1,paypal-billing-center-secure-support-user-service-now.top,paypal-billing-center-secure-support-user-service-now.top,top,,90.0,57.0,0.0,0.0,1.0,1.0,0.17777777777777778,0.05555555555555555,0.0,1.0,1.0,7.0,24.0,0.0,0.3695652173913043
https://www.dropbox.com/watch?v=dQw4w9WgXcQ,hard,0,1.0,1,www.dropbox.com,dropbox.com,com,www,43.0,15.0,0.0,1.0,1.0,0.0,0.18604651162790697,0.046511627906976744,0.0,0.0,0.0,0.0,19.0,1.0,0.2857142857142857
https://blogger.com/features/security,hard,0,1.0,1,blogger.com,blogger.com,com,,37.0,11.0,0.0,0.0,1.0,0.0,0.16216216216216217,0.0,0.0,0.0,0.0,0.0,18.0,0.0,0.2857142857142857
https://www.reddit.com/tree/main/src,hard,0,0.975,1,www.reddit.com,reddit.com,com,www,36.0,14.0,0.0,1.0,1.0,0.0,0.2222222222222222,0.0,0.0,0.0,0.0,0.0,14.0,1.0,0.3333333333333333
https://apple-alert-login.click/update-billing,hard,1,1.0,1,apple-alert-login.click,apple-alert-login.click,click,,46.0,23.0,0.0,0.0,1.0,1.0,0.17391304347826086,0.0,0.0,1.0,1.0,2.0,15.0,0.0,0.4
https://www.khanacademy.org/careers,hard,0,0.975,1,www.khanacademy.org,khanacademy.org,org,www,35.0,19.0,0.0,1.0,1.0,0.0,0.17142857142857143,0.0,0.0,0.0,0.0,0.0,8.0,0.0,0.36363636363636365
https://netflix-authenticate-password-reset.click/secure/login,hard,1,1.0,1,netflix-authenticate-password-reset.click,netflix-authenticate-password-reset.click,click,,62.0,41.0,0.0,0.0,1.0,1.0,0.14516129032258066,0.0,0.0,1.0,1.0,3.0,13.0,0.0,0.375
https://nytimes.com/downloads/latest,hard,0,1.0,1,nytimes.com,nytimes.com,com,,36.0,11.0,0.0,0.0,1.0,0.0,0.16666666666666666,0.0,0.0,0.0,0.0,0.0,17.0,0.0,0.2857142857142857
https://usps-authenticate-billing.top/alert/action-required,hard,1,1.0,1,usps-authenticate-billing.top,usps-authenticate-billing.top,top,,59.0,29.0,0.0,0.0,1.0,0.0,0.15254237288135594,0.0,0.0,1.0,0.85,2.0,22.0,0.0,0.391304347826087
http://amazon-support.win/login.php,hard,1,1.0,1,amazon-support.win,amazon-support.win,win,,35.0,18.0,0.0,0.0,0.0,1.0,0.2,0.0,0.0,0.0,1.0,1.0,10.0,0.0,0.38461538461538464
https://bankofamerica-authenticate-secure.co/secure/login,hard,1,1.0,1,bankofamerica-authenticate-secure.co,bankofamerica-authenticate-secure.co,co,,57.0,36.0,0.0,0.0,1.0,1.0,0.14035087719298245,0.0,0.0,0.0,1.0,2.0,13.0,0.0,0.4838709677419355
https://signin.google.com.secure-session.click,hard,1,0.8314803883712651,1,signin.google.com.secure-session.click,secure-session.click,click,signin.google.com,46.0,38.0,0.0,3.0,1.0,1.0,0.17391304347826086,0.0,0.0,1.0,1.0,1.0,0.0,0.0,0.46153846153846156
https://medium.com/blog/2025/new-features,hard,0,1.0,1,medium.com,medium.com,com,,41.0,10.0,0.0,0.0,1.0,0.0,0.1951219512195122,0.0975609756097561,0.0,0.0,0.0,0.0,23.0,0.0,0.5
https://amazon-alert-password-reset.cf/support/ticket,hard,1,1.0,1,amazon-alert-password-reset.cf,amazon-alert-password-reset.cf,cf,,53.0,30.0,0.0,0.0,1.0,1.0,0.16981132075471697,0.0,0.0,1.0,1.0,3.0,15.0,0.0,0.375
http://71.42.73.161/login,hard,1,1.0,1,71.42.73.161,71.42.73.161,161,71.42,25.0,12.0,1.0,0.0,0.0,1.0,0.28,0.36,0.0,0.0,0.0,0.0,6.0,0.0,0.0
https://www.cnn.com/shop/category/laptops,hard,0,1.0,1,www.cnn.com,cnn.com,com,www,41.0,11.0,0.0,1.0,1.0,0.0,0.1951219512195122,0.0,0.0,0.0,0.0,0.0,22.0,1.0,0.0
http://paypal-suspended.loan/wallet/unlock,hard,1,1.0,1,paypal-suspended.loan,paypal-suspended.loan,loan,,42.0,21.0,0.0,0.0,0.0,1.0,0.16666666666666666,0.0,0.0,1.0,1.0,1.0,14.0,0.0,0.3333333333333333
http://citibank-reactivate.work/session/renew?token=81170439c5c27ce2,hard,1,1.0,1,citibank-reactivate.work,citibank-reactivate.work,work,,68.0,24.0,0.0,0.0,0.0,0.0,0.1323529411764706,0.17647058823529413,0.0,1.0,0.0,1.0,36.0,0.0,0.4444444444444444
https://www.atlassian.com/dashboard,hard,0,0.975,1,www.atlassian.com,atlassian.com,com,www,35.0,17.0,0.0,1.0,1.0,0.0,0.17142857142857143,0.0,0.0,0.0,0.0,0.0,10.0,0.0,0.4444444444444444
https://notion.so/sports,hard,0,1.0,1,notion.so,notion.so,so,,24.0,9.0,0.0,0.0,1.0,0.0,0.20833333333333334,0.0,0.0,0.0,0.0,0.0,7.0,0.0,0.5
http://20.159.27.232/admin/login.php,hard,1,1.0,1,20.159.27.232,20.159.27.232,232,20.159,36.0,13.0,1.0,0.0,0.0,1.0,0.25,0.2777777777777778,0.0,0.0,0.0,0.0,16.0,0.0,0.0
https://www.stanford.edu/blog/2025/new-features,hard,0,1.0,1,www.stanford.edu,stanford.edu,edu,www,47.0,16.0,0.0,1.0,1.0,0.0,0.19148936170212766,0.0851063829787234,0.0,0.0,0.0,0.0,23.0,0.0,0.25
https://booking.com/playlist?list=PL12345,hard,0,1.0,1,booking.com,booking.com,com,,41.0,11.0,0.0,0.0,1.0,0.0,0.17073170731707318,0.12195121951219512,0.0,0.0,0.0,0.0,21.0,0.0,0.42857142857142855
http://bankofamerica-invoice.men/login.php,hard,1,1.0,1,bankofamerica-invoice.men,bankofamerica-invoice.men,men,,42.0,25.0,0.0,0.0,0.0,1.0,0.16666666666666666,0.0,0.0,0.0,1.0,1.0,10.0,0.0,0.5
https://www.nvidia.com/library/3.12,hard,0,1.0,1,www.nvidia.com,nvidia.com,com,www,35.0,14.0,0.0,1.0,1.0,0.0,0.22857142857142856,0.08571428571428572,0.0,0.0,0.0,0.0,13.0,0.0,0.5
https://youtube.com/docs/api,hard,0,0.975,1,youtube.com,youtube.com,com,,28.0,11.0,0.0,0.0,1.0,0.0,0.21428571428571427,0.0,0.0,0.0,0.0,0.0,9.0,1.0,0.5714285714285714
https://www.theguardian.com/profile,hard,0,0.975,1,www.theguardian.com,theguardian.com,com,www,35.0,19.0,0.0,1.0,1.0,0.0,0.17142857142857143,0.0,0.0,0.0,0.0,0.0,8.0,0.0,0.45454545454545453
http://111.107.162.227:443/bank/secure,hard,1,1.0,1,111.107.162.227,111.107.162.227,227,111.107,38.0,15.0,1.0,0.0,0.0,1.0,0.23684210526315788,0.39473684210526316,0.0,0.0,0.0,0.0,12.0,0.0,0.0
https://www.wired.com/api/v1/users,hard,0,1.0,1,www.wired.com,wired.com,com,www,34.0,13.0,0.0,1.0,1.0,0.0,0.23529411764705882,0.029411764705882353,0.0,0.0,0.0,0.0,13.0,0.0,0.4
https://reddit.com/news/technology,hard,0,0.975,1,reddit.com,reddit.com,com,,34.0,10.0,0.0,0.0,1.0,0.0,0.17647058823529413,0.0,0.0,0.0,0.0,0.0,16.0,1.0,0.3333333333333333
https://oracle.com/api/v1/users,hard,0,1.0,1,oracle.com,oracle.com,com,,31.0,10.0,0.0,0.0,1.0,0.0,0.22580645161290322,0.03225806451612903,0.0,0.0,0.0,0.0,13.0,0.0,0.5
https://adobe-cloud-verify.com/update-billing,hard,1,1.0,1,adobe-cloud-verify.com,adobe-cloud-verify.com,com,,45.0,22.0,0.0,0.0,1.0,1.0,0.17777777777777778,0.0,0.0,0.0,1.0,2.0,15.0,0.0,0.4375
https://x.com/checkout,hard,0,1.0,1,x.com,x.com,com,,22.0,5.0,0.0,0.0,1.0,0.0,0.22727272727272727,0.0,0.0,0.0,0.0,0.0,9.0,0.0,0.0
https://www.ebay.com/careers,hard,0,0.95,1,www.ebay.com,ebay.com,com,www,28.0,12.0,0.0,1.0,1.0,0.0,0.21428571428571427,0.0,0.0,0.0,0.0,0.0,8.0,1.0,0.5
https://docs.python.org/news,hard,0,1.0,1,docs.python.org,python.org,org,docs,28.0,15.0,0.0,1.0,1.0,0.0,0.21428571428571427,0.0,0.0,0.0,0.0,0.0,5.0,0.0,0.16666666666666666
https://coinbase-secure-invoice.click/account/update,hard,1,1.0,1,coinbase-secure-invoice.click,coinbase-secure-invoice.click,click,,52.0,29.0,0.0,0.0,1.0,1.0,0.15384615384615385,0.0,0.0,1.0,1.0,2.0,15.0,0.0,0.5238095238095238
https://secure-login.facebook.com.confirm-identity.gq,hard,1,0.8475391856502259,1,secure-login.facebook.com.confirm-identity.gq,confirm-identity.gq,gq,secure-login.facebook.com,53.0,45.0,0.0,3.0,1.0,1.0,0.16981132075471697,0.0,0.0,1.0,1.0,2.0,0.0,0.0,0.3333333333333333
https://ibm.com/en-us/library,hard,0,1.0,1,ibm.com,ibm.com,com,,29.0,7.0,0.0,0.0,1.0,0.0,0.2413793103448276,0.0,0.0,0.0,0.0,0.0,14.0,0.0,0.3333333333333333
https://wellsfargo.com/questions/12345/how-to-parse-json,hard,0,1.0,1,wellsfargo.com,wellsfargo.com,com,,56.0,14.0,0.0,0.0,1.0,0.0,0.17857142857142858,0.08928571428571429,0.0,0.0,0.0,0.0,34.0,0.0,0.3
https://instagram-unlock-secure.work/update-billing,hard,1,1.0,1,instagram-unlock-secure.work,instagram-unlock-secure.work,work,,51.0,28.0,0.0,0.0,1.0,1.0,0.1568627450980392,0.0,0.0,1.0,1.0,2.0,15.0,0.0,0.38095238095238093
https://50.46.155.207:8443/bank/secure,hard,1,1.0,1,50.46.155.207,50.46.155.207,207,50.46,38.0,13.0,1.0,0.0,1.0,1.0,0.23684210526315788,0.3684210526315789,0.0,0.0,0.0,0.0,12.0,0.0,0.0
https://www.intel.com/releases/tag/v2.3.1,hard,0,1.0,1,www.intel.com,intel.com,com,www,41.0,13.0,0.0,1.0,1.0,0.0,0.24390243902439024,0.07317073170731707,0.0,0.0,0.0,0.0,20.0,0.0,0.4
https://www.quora.com/playlist?list=PL12345,hard,0,1.0,1,www.quora.com,quora.com,com,www,43.0,13.0,0.0,1.0,1.0,0.0,0.18604651162790697,0.11627906976744186,0.0,0.0,0.0,0.0,21.0,0.0,0.6
https://news.bbc.co.uk/en-us/docs/Web/JavaScript,hard,0,1.0,1,news.bbc.co.uk,bbc.co.uk,uk,news.bbc,48.0,14.0,0.0,1.0,1.0,0.0,0.22916666666666666,0.0,0.0,0.0,0.0,0.0,26.0,1.0,0.0
https://1inkedin.com/secure/login,hard,1,0.975,1,1inkedin.com,1inkedin.com,com,,33.0,12.0,0.0,0.0,1.0,1.0,0.18181818181818182,0.030303030303030304,0.0,0.0,0.0,0.0,13.0,1.0,0.42857142857142855
https://auth.facebook.com.user-verify.tk,hard,1,0.8489099285294914,1,auth.facebook.com.user-verify.tk,user-verify.tk,tk,auth.facebook.com,40.0,32.0,0.0,3.0,1.0,1.0,0.2,0.0,0.0,1.0,1.0,1.0,0.0,0.0,0.4
https://www.discord.com/help,hard,0,0.95,1,www.discord.com,discord.com,com,www,28.0,15.0,0.0,1.0,1.0,0.0,0.21428571428571427,0.0,0.0,0.0,0.0,0.0,5.0,1.0,0.2857142857142857
https://apple.com/contact,hard,0,1.0,1,apple.com,apple.com,com,,25.0,9.0,0.0,0.0,1.0,0.0,0.2,0.0,0.0,0.0,0.0,0.0,8.0,1.0,0.4
http://186.14.89.50:8443/admin/login.php,hard,1,1.0,1,186.14.89.50,186.14.89.50,50,186.14,40.0,12.0,1.0,0.0,0.0,1.0,0.25,0.325,0.0,0.0,0.0,0.0,16.0,0.0,0.0
http://linkedin-billing.men/secure/login,hard,1,1.0,1,linkedin-billing.men,linkedin-billing.men,men,,40.0,20.0,0.0,0.0,0.0,1.0,0.175,0.0,0.0,0.0,1.0,1.0,13.0,0.0,0.3333333333333333
https://www.mit.edu,hard,0,0.0016231373472275433,0,www.mit.edu,mit.edu,edu,www,19.0,11.0,0.0,1.0,1.0,0.0,0.2631578947368421,0.0,0.0,0.0,0.0,0.0,0.0,0.0,0.3333333333333333
http://158.233.222.188:8080/wp-login.php,hard,1,1.0,1,158.233.222.188,158.233.222.188,188,158.233,40.0,15.0,1.0,0.0,0.0,1.0,0.25,0.4,0.0,0.0,0.0,0.0,13.0,0.0,0.0
https://www.europa.eu/login,hard,0,1.0,1,www.europa.eu,europa.eu,eu,www,27.0,13.0,0.0,1.0,1.0,1.0,0.2222222222222222,0.0,0.0,0.0,0.0,0.0,6.0,0.0,0.6666666666666666
https://aws.amazon.com/privacy,hard,0,0.95,1,aws.amazon.com,amazon.com,com,aws,30.0,14.0,0.0,1.0,1.0,0.0,0.2,0.0,0.0,0.0,0.0,0.0,8.0,1.0,0.5
https://target.com/about,hard,0,1.0,1,target.com,target.com,com,,24.0,10.0,0.0,0.0,1.0,0.0,0.20833333333333334,0.0,0.0,0.0,0.0,0.0,6.0,0.0,0.3333333333333333
https://www.who.int/privacy,hard,0,1.0,1,www.who.int,who.int,int,www,27.0,11.0,0.0,1.0,1.0,0.0,0.2222222222222222,0.0,0.0,0.0,0.0,0.0,8.0,0.0,0.3333333333333333
http://dropbox-account.click/auth/validate?user=640255,hard,1,1.0,1,dropbox-account.click,dropbox-account.click,click,,54.0,21.0,0.0,0.0,0.0,1.0,0.16666666666666666,0.1111111111111111,0.0,1.0,1.0,1.0,25.0,0.0,0.35714285714285715
https://www.theguardian.com/tree/main/src,hard,0,1.0,1,www.theguardian.com,theguardian.com,com,www,41.0,19.0,0.0,1.0,1.0,0.0,0.1951219512195122,0.0,0.0,0.0,0.0,0.0,14.0,0.0,0.45454545454545453
https://chase.com/watch?v=dQw4w9WgXcQ,hard,0,1.0,1,chase.com,chase.com,com,,37.0,9.0,0.0,0.0,1.0,0.0,0.1891891891891892,0.05405405405405406,0.0,0.0,0.0,0.0,19.0,1.0,0.4
https://secure-coinbase75.unlock.work/reset-password,hard,1,1.0,1,secure-coinbase75.unlock.work,unlock.work,work,secure-coinbase75,52.0,29.0,0.0,1.0,1.0,1.0,0.15384615384615385,0.038461538461538464,0.0,1.0,0.8,1.0,15.0,0.0,0.3333333333333333
https://gov.uk/pull/2031,hard,0,1.0,1,gov.uk,gov.uk,uk,,24.0,6.0,0.0,0.0,1.0,0.0,0.25,0.16666666666666666,0.0,0.0,0.0,0.0,10.0,0.0,0.3333333333333333
https://www.quora.com/en-us/library,hard,0,1.0,1,www.quora.com,quora.com,com,www,35.0,13.0,0.0,1.0,1.0,0.0,0.22857142857142856,0.0,0.0,0.0,0.0,0.0,14.0,0.0,0.6
https://www.reuters.com/login,hard,0,0.975,1,www.reuters.com,reuters.com,com,www,29.0,15.0,0.0,1.0,1.0,1.0,0.20689655172413793,0.0,0.0,0.0,0.0,0.0,6.0,0.0,0.42857142857142855
https://discord.com/en-us/library,hard,0,0.975,1,discord.com,discord.com,com,,33.0,11.0,0.0,0.0,1.0,0.0,0.21212121212121213,0.0,0.0,0.0,0.0,0.0,14.0,1.0,0.2857142857142857
https://www.ebay.com/tree/main/src,hard,0,0.975,1,www.ebay.com,ebay.com,com,www,34.0,12.0,0.0,1.0,1.0,0.0,0.23529411764705882,0.0,0.0,0.0,0.0,0.0,14.0,1.0,0.5
https://irs.gov/en-us/docs/Web/JavaScript,hard,0,1.0,1,irs.gov,irs.gov,gov,,41.0,7.0,0.0,0.0,1.0,0.0,0.21951219512195122,0.0,0.0,0.0,0.0,0.0,26.0,0.0,0.3333333333333333
https://lyft.com/order/confirmation/778213,hard,0,0.9994261999278239,1,lyft.com,lyft.com,com,,42.0,8.0,0.0,0.0,1.0,0.0,0.16666666666666666,0.14285714285714285,0.0,0.0,0.0,0.0,26.0,0.0,0.0
https://account-verify.wellsfargo.com.account-alert.info,hard,1,0.9353818497416615,1,account-verify.wellsfargo.com.account-alert.info,account-alert.info,info,account-verify.wellsfargo.com,56.0,48.0,0.0,3.0,1.0,1.0,0.16071428571428573,0.0,0.0,1.0,0.0,2.0,0.0,0.0,0.4166666666666667
https://citibank-authenticate-password-reset.xyz/signin,hard,1,1.0,1,citibank-authenticate-password-reset.xyz,citibank-authenticate-password-reset.xyz,xyz,,55.0,40.0,0.0,0.0,1.0,1.0,0.14545454545454545,0.0,0.0,1.0,0.0,3.0,7.0,0.0,0.3939393939393939
https://account-verify.wellsfargo.com.user-verify.tk,hard,1,0.8523094832867187,1,account-verify.wellsfargo.com.user-verify.tk,user-verify.tk,tk,account-verify.wellsfargo.com,52.0,44.0,0.0,3.0,1.0,1.0,0.17307692307692307,0.0,0.0,1.0,0.0,2.0,0.0,0.0,0.4
https://slack.com/features,hard,0,1.0,1,slack.com,slack.com,com,,26.0,9.0,0.0,0.0,1.0,0.0,0.19230769230769232,0.0,0.0,0.0,0.0,0.0,9.0,0.0,0.2
https://booking.com/blog/2025/new-features,hard,0,1.0,1,booking.com,booking.com,com,,42.0,11.0,0.0,0.0,1.0,0.0,0.19047619047619047,0.09523809523809523,0.0,0.0,0.0,0.0,23.0,0.0,0.42857142857142855
https://www.techcrunch.com/signin,hard,0,1.0,1,www.techcrunch.com,techcrunch.com,com,www,33.0,18.0,0.0,1.0,1.0,1.0,0.18181818181818182,0.0,0.0,0.0,0.0,0.0,7.0,0.0,0.2
https://www.wsj.com/help,hard,0,0.9750209884722529,1,www.wsj.com,wsj.com,com,www,24.0,11.0,0.0,1.0,1.0,0.0,0.25,0.0,0.0,0.0,0.0,0.0,5.0,0.0,0.0
https://cdc.gov/watch?v=dQw4w9WgXcQ,hard,0,1.0,1,cdc.gov,cdc.gov,gov,,35.0,7.0,0.0,0.0,1.0,0.0,0.2,0.05714285714285714,0.0,0.0,0.0,0.0,19.0,0.0,0.0
http://www.intel.com,hard,0,1.0,1,www.intel.com,intel.com,com,www,20.0,13.0,0.0,1.0,0.0,0.0,0.25,0.0,0.0,0.0,0.0,0.0,0.0,0.0,0.4
https://arnazon.com/secure/login,hard,1,1.0,1,arnazon.com,arnazon.com,com,,32.0,11.0,0.0,0.0,1.0,1.0,0.1875,0.0,0.0,0.0,0.0,0.0,13.0,0.0,0.42857142857142855
https://nih.gov/questions/12345/how-to-parse-json,hard,0,1.0,1,nih.gov,nih.gov,gov,,49.0,7.0,0.0,0.0,1.0,0.0,0.20408163265306123,0.10204081632653061,0.0,0.0,0.0,0.0,34.0,0.0,0.3333333333333333
https://account-verify.microsoft.com.id-check.ml,hard,1,0.8570707070206559,1,account-verify.microsoft.com.id-check.ml,id-check.ml,ml,account-verify.microsoft.com,48.0,40.0,0.0,3.0,1.0,1.0,0.1875,0.0,0.0,1.0,1.0,2.0,0.0,0.0,0.2857142857142857
https://www.forbes.com/reference/functions.html,hard,0,1.0,1,www.forbes.com,forbes.com,com,www,47.0,14.0,0.0,1.0,1.0,0.0,0.1702127659574468,0.0,0.0,0.0,0.0,0.0,25.0,1.0,0.3333333333333333
https://cloud.google.com/products,hard,0,0.95,1,cloud.google.com,google.com,com,cloud,33.0,16.0,0.0,1.0,1.0,0.0,0.18181818181818182,0.0,0.0,0.0,0.0,0.0,9.0,1.0,0.5
https://secure-login.google.com.signin-support.online,hard,1,0.8575527506392173,1,secure-login.google.com.signin-support.online,signin-support.online,online,secure-login.google.com,53.0,45.0,0.0,3.0,1.0,1.0,0.16981132075471697,0.0,0.0,1.0,1.0,2.0,0.0,0.0,0.3076923076923077
https://www.irs.gov/en-us/docs/Web/JavaScript,hard,0,1.0,1,www.irs.gov,irs.gov,gov,www,45.0,11.0,0.0,1.0,1.0,0.0,0.2222222222222222,0.0,0.0,0.0,0.0,0.0,26.0,0.0,0.3333333333333333
https://www.forbes.com/checkout,hard,0,0.95,1,www.forbes.com,forbes.com,com,www,31.0,14.0,0.0,1.0,1.0,0.0,0.1935483870967742,0.0,0.0,0.0,0.0,0.0,9.0,1.0,0.3333333333333333
https://instagram-account-invoice.work/update-billing,hard,1,1.0,1,instagram-account-invoice.work,instagram-account-invoice.work,work,,53.0,30.0,0.0,0.0,1.0,1.0,0.1509433962264151,0.0,0.0,1.0,1.0,2.0,15.0,0.0,0.43478260869565216
https://account-portal-billing-update-confirm-verify-identity.club/verify/session.php?token=5a235a40add9,hard,1,1.0,1,account-portal-billing-update-confirm-verify-identity.club,account-portal-billing-update-confirm-verify-identity.club,club,,104.0,58.0,0.0,0.0,1.0,1.0,0.14423076923076922,0.0673076923076923,0.0,0.0,0.0,6.0,37.0,0.0,0.3617021276595745
https://notion.so/news,hard,0,1.0,1,notion.so,notion.so,so,,22.0,9.0,0.0,0.0,1.0,0.0,0.22727272727272727,0.0,0.0,0.0,0.0,0.0,5.0,0.0,0.5
https://discord.com/search?q=python+tutorial,hard,0,1.0,1,discord.com,discord.com,com,,44.0,11.0,0.0,0.0,1.0,0.0,0.18181818181818182,0.0,0.0,0.0,0.0,0.0,24.0,1.0,0.2857142857142857
https://console.cloud.google.com/wiki,hard,0,0.975,1,console.cloud.google.com,google.com,com,console.cloud,37.0,24.0,0.0,2.0,1.0,0.0,0.1891891891891892,0.0,0.0,0.0,0.0,0.0,5.0,1.0,0.5
https://www.coursera.org/forum,hard,0,1.0,1,www.coursera.org,coursera.org,org,www,30.0,16.0,0.0,1.0,1.0,0.0,0.2,0.0,0.0,0.0,0.0,0.0,6.0,0.0,0.5
https://dropb0x-share.com/login,hard,1,0.975,1,dropb0x-share.com,dropb0x-share.com,com,,31.0,17.0,0.0,0.0,1.0,1.0,0.1935483870967742,0.03225806451612903,0.0,0.0,1.0,1.0,6.0,0.0,0.2727272727272727
https://notion.so,hard,0,0.9138059575626236,1,notion.so,notion.so,so,,17.0,9.0,0.0,0.0,1.0,0.0,0.23529411764705882,0.0,0.0,0.0,0.0,0.0,0.0,0.0,0.5
https://who.int/community,hard,0,1.0,1,who.int,who.int,int,,25.0,7.0,0.0,0.0,1.0,0.0,0.2,0.0,0.0,0.0,0.0,0.0,10.0,0.0,0.3333333333333333
https://www.reuters.com/signin,hard,0,0.975,1,www.reuters.com,reuters.com,com,www,30.0,15.0,0.0,1.0,1.0,1.0,0.2,0.0,0.0,0.0,0.0,0.0,7.0,0.0,0.42857142857142855
https://coinbase-account-authenticate.men/reset-password,hard,1,1.0,1,coinbase-account-authenticate.men,coinbase-account-authenticate.men,men,,56.0,33.0,0.0,0.0,1.0,1.0,0.14285714285714285,0.0,0.0,0.0,1.0,2.0,15.0,0.0,0.48148148148148145
https://aws.amazon.com/pull/2031,hard,0,0.975,1,aws.amazon.com,amazon.com,com,aws,32.0,14.0,0.0,1.0,1.0,0.0,0.21875,0.125,0.0,0.0,0.0,0.0,10.0,1.0,0.5
https://www.ebay.com/privacy,hard,0,0.95,1,www.ebay.com,ebay.com,com,www,28.0,12.0,0.0,1.0,1.0,0.0,0.21428571428571427,0.0,0.0,0.0,0.0,0.0,8.0,1.0,0.5
https://instagram.com/search?q=python+tutorial,hard,0,1.0,1,instagram.com,instagram.com,com,,46.0,13.0,0.0,0.0,1.0,0.0,0.17391304347826086,0.0,0.0,0.0,0.0,0.0,24.0,1.0,0.3333333333333333
https://walmart.com/en-us/docs/Web/JavaScript,hard,0,1.0,1,walmart.com,walmart.com,com,,45.0,11.0,0.0,0.0,1.0,0.0,0.2,0.0,0.0,0.0,0.0,0.0,26.0,1.0,0.2857142857142857
http://www.quora.com/community,hard,0,1.0,1,www.quora.com,quora.com,com,www,30.0,13.0,0.0,1.0,0.0,0.0,0.2,0.0,0.0,0.0,0.0,0.0,10.0,0.0,0.6
https://bitbucket.org/article/2025/06/12/world-news,hard,0,1.0,1,bitbucket.org,bitbucket.org,org,,51.0,13.0,0.0,0.0,1.0,0.0,0.19607843137254902,0.1568627450980392,0.0,0.0,0.0,0.0,30.0,0.0,0.3333333333333333
http://192.176.125.190/bank/secure,hard,1,1.0,1,192.176.125.190,192.176.125.190,190,192.176,34.0,15.0,1.0,0.0,0.0,1.0,0.23529411764705882,0.35294117647058826,0.0,0.0,0.0,0.0,12.0,0.0,0.0
https://who.int/docs,hard,0,1.0,1,who.int,who.int,int,,20.0,7.0,0.0,0.0,1.0,0.0,0.25,0.0,0.0,0.0,0.0,0.0,5.0,0.0,0.3333333333333333
https://wordpress.com/features/security,hard,0,1.0,1,wordpress.com,wordpress.com,com,,39.0,13.0,0.0,0.0,1.0,0.0,0.15384615384615385,0.0,0.0,0.0,0.0,0.0,18.0,0.0,0.2222222222222222
http://77.240.210.185/admin/login.php,hard,1,1.0,1,77.240.210.185,77.240.210.185,185,77.240,37.0,14.0,1.0,0.0,0.0,1.0,0.24324324324324326,0.2972972972972973,0.0,0.0,0.0,0.0,16.0,0.0,0.0
https://developer.mozilla.org/checkout,hard,0,1.0,1,developer.mozilla.org,mozilla.org,org,developer,38.0,21.0,0.0,1.0,1.0,0.0,0.15789473684210525,0.0,0.0,0.0,0.0,0.0,9.0,1.0,0.42857142857142855
http://71.219.117.79:443/bank/secure,hard,1,1.0,1,71.219.117.79,71.219.117.79,79,71.219,36.0,13.0,1.0,0.0,0.0,1.0,0.25,0.3611111111111111,0.0,0.0,0.0,0.0,12.0,0.0,0.0
https://mydropbox-dropbox594.unlock.loan/verify,hard,1,1.0,1,mydropbox-dropbox594.unlock.loan,unlock.loan,loan,mydropbox-dropbox594,47.0,32.0,0.0,1.0,1.0,1.0,0.14893617021276595,0.06382978723404255,0.0,1.0,0.7777777777777778,1.0,7.0,0.0,0.3333333333333333
https://developer.apple.com/settings,hard,0,0.975,1,developer.apple.com,apple.com,com,developer,36.0,19.0,0.0,1.0,1.0,0.0,0.16666666666666666,0.0,0.0,0.0,0.0,0.0,9.0,1.0,0.4
https://chase-0nline.com/wallet/unlock,hard,1,1.0,1,chase-0nline.com,chase-0nline.com,com,,38.0,16.0,0.0,0.0,1.0,1.0,0.18421052631578946,0.02631578947368421,0.0,0.0,1.0,1.0,14.0,0.0,0.4
https://www.ebay.com/login,hard,0,0.9348786354690575,1,www.ebay.com,ebay.com,com,www,26.0,12.0,0.0,1.0,1.0,1.0,0.23076923076923078,0.0,0.0,0.0,0.0,0.0,6.0,1.0,0.5
https://www.theguardian.com/privacy,hard,0,0.975,1,www.theguardian.com,theguardian.com,com,www,35.0,19.0,0.0,1.0,1.0,0.0,0.17142857142857143,0.0,0.0,0.0,0.0,0.0,8.0,0.0,0.45454545454545453
https://center-portal-support-secure-identity-verify-now-paypal.club/secure/index.html,hard,1,1.0,1,center-portal-support-secure-identity-verify-now-paypal.club,center-portal-support-secure-identity-verify-now-paypal.club,club,,86.0,60.0,0.0,0.0,1.0,1.0,0.16279069767441862,0.0,0.0,0.0,1.0,7.0,18.0,0.0,0.3541666666666667
https://www-instagram796.reward.biz/reset-password,hard,1,1.0,1,www-instagram796.reward.biz,reward.biz,biz,www-instagram796,50.0,27.0,0.0,1.0,1.0,1.0,0.16,0.06,0.0,1.0,0.75,1.0,15.0,0.0,0.3333333333333333
https://paypal.com/repos/example/project,hard,0,1.0,1,paypal.com,paypal.com,com,,40.0,10.0,0.0,0.0,1.0,0.0,0.175,0.0,0.0,0.0,0.0,0.0,22.0,1.0,0.3333333333333333
https://www.amazon.com/article/2025/06/12/world-news,hard,0,1.0,1,www.amazon.com,amazon.com,com,www,52.0,14.0,0.0,1.0,1.0,0.0,0.21153846153846154,0.15384615384615385,0.0,0.0,0.0,0.0,30.0,1.0,0.5
https://wellsfargo-billing-login.win/verify-account,hard,1,1.0,1,wellsfargo-billing-login.win,wellsfargo-billing-login.win,win,,51.0,28.0,0.0,0.0,1.0,1.0,0.1568627450980392,0.0,0.0,0.0,0.0,2.0,15.0,0.0,0.3181818181818182
https://doordash.com/repos/example/project,hard,0,1.0,1,doordash.com,doordash.com,com,,42.0,12.0,0.0,0.0,1.0,0.0,0.16666666666666666,0.0,0.0,0.0,0.0,0.0,22.0,0.0,0.375
https://usps-unlock-account.cf/login.php,hard,1,1.0,1,usps-unlock-account.cf,usps-unlock-account.cf,cf,,40.0,22.0,0.0,0.0,1.0,1.0,0.2,0.0,0.0,1.0,0.85,2.0,10.0,0.0,0.35294117647058826
https://twitch.tv/technology,hard,0,1.0,1,twitch.tv,twitch.tv,tv,,28.0,9.0,0.0,0.0,1.0,0.0,0.17857142857142858,0.0,0.0,0.0,0.0,0.0,11.0,0.0,0.16666666666666666
https://www.dropbox.com/wiki/Main_Page,hard,0,1.0,1,www.dropbox.com,dropbox.com,com,www,38.0,15.0,0.0,1.0,1.0,0.0,0.21052631578947367,0.0,0.0,0.0,0.0,0.0,15.0,1.0,0.2857142857142857
https://rnicrosoft.com/account/update,hard,1,1.0,1,rnicrosoft.com,rnicrosoft.com,com,,37.0,14.0,0.0,0.0,1.0,1.0,0.16216216216216217,0.0,0.0,0.0,0.0,0.0,15.0,0.0,0.3
https://hsbc.com/reference/functions.html,hard,0,1.0,1,hsbc.com,hsbc.com,com,,41.0,8.0,0.0,0.0,1.0,0.0,0.17073170731707318,0.0,0.0,0.0,0.0,0.0,25.0,0.0,0.0
https://github.com/article/2025/06/12/world-news,hard,0,1.0,1,github.com,github.com,com,,48.0,10.0,0.0,0.0,1.0,0.0,0.20833333333333334,0.16666666666666666,0.0,0.0,0.0,0.0,30.0,1.0,0.3333333333333333
https://www.nih.gov/help,hard,0,1.0,1,www.nih.gov,nih.gov,gov,www,24.0,11.0,0.0,1.0,1.0,0.0,0.25,0.0,0.0,0.0,0.0,0.0,5.0,0.0,0.3333333333333333
https://secure-login.instagram.com.user-verify.tk,hard,1,0.7951182920564792,1,secure-login.instagram.com.user-verify.tk,user-verify.tk,tk,secure-login.instagram.com,49.0,41.0,0.0,3.0,1.0,1.0,0.1836734693877551,0.0,0.0,1.0,1.0,2.0,0.0,0.0,0.4
https://auth.facebook.com.id-check.ml,hard,1,0.833821770349785,1,auth.facebook.com.id-check.ml,id-check.ml,ml,auth.facebook.com,37.0,29.0,0.0,3.0,1.0,0.0,0.21621621621621623,0.0,0.0,1.0,1.0,1.0,0.0,0.0,0.2857142857142857
https://www.paypal.com/about,hard,0,0.95,1,www.paypal.com,paypal.com,com,www,28.0,14.0,0.0,1.0,1.0,0.0,0.21428571428571427,0.0,0.0,0.0,0.0,0.0,6.0,1.0,0.3333333333333333
http://81.122.184.171/wp-login.php,hard,1,1.0,1,81.122.184.171,81.122.184.171,171,81.122,34.0,14.0,1.0,0.0,0.0,1.0,0.2647058823529412,0.3235294117647059,0.0,0.0,0.0,0.0,13.0,0.0,0.0
https://bankofamerica-suspended-account.info/reset-password,hard,1,1.0,1,bankofamerica-suspended-account.info,bankofamerica-suspended-account.info,info,,59.0,36.0,0.0,0.0,1.0,1.0,0.13559322033898305,0.0,0.0,1.0,1.0,2.0,15.0,0.0,0.41379310344827586
https://user-info-confirm-identity-official-support-portal-update.xyz/secure/index.html,hard,1,1.0,1,user-info-confirm-identity-official-support-portal-update.xyz,user-info-confirm-identity-official-support-portal-update.xyz,xyz,,87.0,61.0,0.0,0.0,1.0,1.0,0.16091954022988506,0.0,0.0,1.0,0.0,7.0,18.0,0.0,0.4
https://www.discord.com/wiki/Main_Page,hard,0,1.0,1,www.discord.com,discord.com,com,www,38.0,15.0,0.0,1.0,1.0,0.0,0.21052631578947367,0.0,0.0,0.0,0.0,0.0,15.0,1.0,0.2857142857142857
https://aws.amazon.com/search,hard,0,0.95,1,aws.amazon.com,amazon.com,com,aws,29.0,14.0,0.0,1.0,1.0,0.0,0.20689655172413793,0.0,0.0,0.0,0.0,0.0,7.0,1.0,0.5
http://86.216.51.212/secure-update,hard,1,1.0,1,86.216.51.212,86.216.51.212,212,86.216,34.0,13.0,1.0,0.0,0.0,1.0,0.23529411764705882,0.29411764705882354,0.0,0.0,0.0,0.0,14.0,0.0,0.0
http://www.apple.com/technology,hard,0,1.0,1,www.apple.com,apple.com,com,www,31.0,13.0,0.0,1.0,0.0,0.0,0.1935483870967742,0.0,0.0,0.0,0.0,0.0,11.0,1.0,0.4
https://wellsfargo.com/science,hard,0,1.0,1,wellsfargo.com,wellsfargo.com,com,,30.0,14.0,0.0,0.0,1.0,0.0,0.16666666666666666,0.0,0.0,0.0,0.0,0.0,8.0,0.0,0.3
https://www-facebook680.password-reset.ml/reset-password,hard,1,1.0,1,www-facebook680.password-reset.ml,password-reset.ml,ml,www-facebook680,56.0,33.0,0.0,1.0,1.0,1.0,0.16071428571428573,0.05357142857142857,0.0,1.0,0.7272727272727273,2.0,15.0,0.0,0.3076923076923077
http://hsbc-update.click/auth/validate?user=262194,hard,1,1.0,1,hsbc-update.click,hsbc-update.click,click,,50.0,17.0,0.0,0.0,0.0,1.0,0.18,0.12,0.0,1.0,0.0,1.0,25.0,0.0,0.3
https://steamcommunity.com/docs/getting-started,hard,0,1.0,1,steamcommunity.com,steamcommunity.com,com,,47.0,18.0,0.0,0.0,1.0,0.0,0.14893617021276595,0.0,0.0,0.0,0.0,0.0,21.0,0.0,0.35714285714285715
https://walmart.com/sports,hard,0,0.975,1,walmart.com,walmart.com,com,,26.0,11.0,0.0,0.0,1.0,0.0,0.19230769230769232,0.0,0.0,0.0,0.0,0.0,7.0,1.0,0.2857142857142857
https://secure-linkedin370.bank.work/signin,hard,1,1.0,1,secure-linkedin370.bank.work,bank.work,work,secure-linkedin370,43.0,28.0,0.0,1.0,1.0,1.0,0.16279069767441862,0.06976744186046512,0.0,1.0,0.7272727272727273,1.0,7.0,0.0,0.25
https://www.forbes.com/dashboard,hard,0,0.95,1,www.forbes.com,forbes.com,com,www,32.0,14.0,0.0,1.0,1.0,0.0,0.1875,0.0,0.0,0.0,0.0,0.0,10.0,1.0,0.3333333333333333
https://secure-wellsfargo646.login.ml/login.php,hard,1,1.0,1,secure-wellsfargo646.login.ml,login.ml,ml,secure-wellsfargo646,47.0,29.0,0.0,1.0,1.0,1.0,0.1702127659574468,0.06382978723404255,0.0,1.0,0.0,1.0,10.0,0.0,0.4
https://www.epicgames.com/signin,hard,0,1.0,1,www.epicgames.com,epicgames.com,com,www,32.0,17.0,0.0,1.0,1.0,1.0,0.1875,0.0,0.0,0.0,0.0,0.0,7.0,0.0,0.4444444444444444
https://www.booking.com/docs,hard,0,1.0,1,www.booking.com,booking.com,com,www,28.0,15.0,0.0,1.0,1.0,0.0,0.21428571428571427,0.0,0.0,0.0,0.0,0.0,5.0,0.0,0.42857142857142855
http://instagram-login.cf/confirm-identity,hard,1,1.0,1,instagram-login.cf,instagram-login.cf,cf,,42.0,18.0,0.0,0.0,0.0,1.0,0.16666666666666666,0.0,0.0,1.0,1.0,1.0,17.0,0.0,0.35714285714285715
http://facebook.com/signin,hard,0,1.0,1,facebook.com,facebook.com,com,,26.0,12.0,0.0,0.0,0.0,1.0,0.19230769230769232,0.0,0.0,0.0,0.0,0.0,7.0,1.0,0.5
https://bankofamerica-update-verify.online/account/update,hard,1,1.0,1,bankofamerica-update-verify.online,bankofamerica-update-verify.online,online,,57.0,34.0,0.0,0.0,1.0,1.0,0.14035087719298245,0.0,0.0,1.0,1.0,2.0,15.0,0.0,0.44
https://app1e-id.com/confirm-identity,hard,1,1.0,1,app1e-id.com,app1e-id.com,com,,37.0,12.0,0.0,0.0,1.0,0.0,0.1891891891891892,0.02702702702702703,0.0,0.0,1.0,1.0,17.0,0.0,0.5
https://www.who.int/features/security,hard,0,1.0,1,www.who.int,who.int,int,www,37.0,11.0,0.0,1.0,1.0,0.0,0.1891891891891892,0.0,0.0,0.0,0.0,0.0,18.0,0.0,0.3333333333333333
https://cdc.gov/account,hard,0,1.0,1,cdc.gov,cdc.gov,gov,,23.0,7.0,0.0,0.0,1.0,1.0,0.21739130434782608,0.0,0.0,0.0,0.0,0.0,8.0,0.0,0.0
https://open.spotify.com/shop/category/laptops,hard,0,1.0,1,open.spotify.com,spotify.com,com,open,46.0,16.0,0.0,1.0,1.0,0.0,0.17391304347826086,0.0,0.0,0.0,0.0,0.0,22.0,1.0,0.2857142857142857
https://atlassian.com/news/technology,hard,0,1.0,1,atlassian.com,atlassian.com,com,,37.0,13.0,0.0,0.0,1.0,0.0,0.16216216216216217,0.0,0.0,0.0,0.0,0.0,16.0,0.0,0.4444444444444444
https://www.nvidia.com/downloads/latest,hard,0,1.0,1,www.nvidia.com,nvidia.com,com,www,39.0,14.0,0.0,1.0,1.0,0.0,0.1794871794871795,0.0,0.0,0.0,0.0,0.0,17.0,0.0,0.5
https://linkedin.com/features/security,hard,0,1.0,1,linkedin.com,linkedin.com,com,,38.0,12.0,0.0,0.0,1.0,0.0,0.15789473684210525,0.0,0.0,0.0,0.0,0.0,18.0,1.0,0.375
https://www.booking.com/careers,hard,0,1.0,1,www.booking.com,booking.com,com,www,31.0,15.0,0.0,1.0,1.0,0.0,0.1935483870967742,0.0,0.0,0.0,0.0,0.0,8.0,0.0,0.42857142857142855
https://uber.com/playlist?list=PL12345,hard,0,1.0,1,uber.com,uber.com,com,,38.0,8.0,0.0,0.0,1.0,0.0,0.18421052631578946,0.13157894736842105,0.0,0.0,0.0,0.0,21.0,0.0,0.5
https://cloudflare.com/api/v2/products?page=2,hard,0,1.0,1,cloudflare.com,cloudflare.com,com,,45.0,14.0,0.0,0.0,1.0,0.0,0.2,0.044444444444444446,0.0,0.0,0.0,0.0,22.0,0.0,0.4
https://doordash.com/reference/functions.html,hard,0,1.0,1,doordash.com,doordash.com,com,,45.0,12.0,0.0,0.0,1.0,0.0,0.15555555555555556,0.0,0.0,0.0,0.0,0.0,25.0,0.0,0.375
https://americanexpress.com/checkout,hard,0,1.0,1,americanexpress.com,americanexpress.com,com,,36.0,19.0,0.0,0.0,1.0,0.0,0.1388888888888889,0.0,0.0,0.0,0.0,0.0,9.0,0.0,0.4
https://secure-bankofamerica799.billing.work/update-billing,hard,1,1.0,1,secure-bankofamerica799.billing.work,billing.work,work,secure-bankofamerica799,59.0,36.0,0.0,1.0,1.0,1.0,0.13559322033898305,0.05084745762711865,0.0,1.0,0.8125,1.0,15.0,0.0,0.2857142857142857
https://mit.edu/item/98213,hard,0,1.0,1,mit.edu,mit.edu,edu,,26.0,7.0,0.0,0.0,1.0,0.0,0.23076923076923078,0.19230769230769232,0.0,0.0,0.0,0.0,11.0,0.0,0.3333333333333333
https://udemy.com/products,hard,0,1.0,1,udemy.com,udemy.com,com,,26.0,9.0,0.0,0.0,1.0,0.0,0.19230769230769232,0.0,0.0,0.0,0.0,0.0,9.0,0.0,0.4
https://www.docker.com/features/security,hard,0,1.0,1,www.docker.com,docker.com,com,www,40.0,14.0,0.0,1.0,1.0,0.0,0.175,0.0,0.0,0.0,0.0,0.0,18.0,1.0,0.3333333333333333
https://zoom.us/wiki,hard,0,1.0,1,zoom.us,zoom.us,us,,20.0,7.0,0.0,0.0,1.0,0.0,0.25,0.0,0.0,0.0,0.85,0.0,5.0,0.0,0.5
https://berkeley.edu/search?q=python+tutorial,hard,0,1.0,1,berkeley.edu,berkeley.edu,edu,,45.0,12.0,0.0,0.0,1.0,0.0,0.17777777777777778,0.0,0.0,0.0,0.0,0.0,24.0,0.0,0.375
https://www.reddit.com/news/technology,hard,0,1.0,1,www.reddit.com,reddit.com,com,www,38.0,14.0,0.0,1.0,1.0,0.0,0.18421052631578946,0.0,0.0,0.0,0.0,0.0,16.0,1.0,0.3333333333333333
https://airbnb.com/api/v1/users,hard,0,1.0,1,airbnb.com,airbnb.com,com,,31.0,10.0,0.0,0.0,1.0,0.0,0.22580645161290322,0.03225806451612903,0.0,0.0,0.0,0.0,13.0,0.0,0.3333333333333333
https://www.pinterest.com/search,hard,0,1.0,1,www.pinterest.com,pinterest.com,com,www,32.0,17.0,0.0,1.0,1.0,0.0,0.1875,0.0,0.0,0.0,0.0,0.0,7.0,0.0,0.3333333333333333
https://www.booking.com/products/electronics,hard,0,1.0,1,www.booking.com,booking.com,com,www,44.0,15.0,0.0,1.0,1.0,0.0,0.1590909090909091,0.0,0.0,0.0,0.0,0.0,21.0,0.0,0.42857142857142855
https://nih.gov/tree/main/src,hard,0,1.0,1,nih.gov,nih.gov,gov,,29.0,7.0,0.0,0.0,1.0,0.0,0.2413793103448276,0.0,0.0,0.0,0.0,0.0,14.0,0.0,0.3333333333333333
https://signin.wellsfargo.com.security-update.co,hard,1,0.71116415381634,1,signin.wellsfargo.com.security-update.co,security-update.co,co,signin.wellsfargo.com,48.0,40.0,0.0,3.0,1.0,1.0,0.16666666666666666,0.0,0.0,0.0,0.0,1.0,0.0,0.0,0.42857142857142855
https://youtube.com/about,hard,0,0.975,1,youtube.com,youtube.com,com,,25.0,11.0,0.0,0.0,1.0,0.0,0.2,0.0,0.0,0.0,0.0,0.0,6.0,1.0,0.5714285714285714
https://wsj.com/news/technology,hard,0,1.0,1,wsj.com,wsj.com,com,,31.0,7.0,0.0,0.0,1.0,0.0,0.1935483870967742,0.0,0.0,0.0,0.0,0.0,16.0,0.0,0.0
http://192.168.67.22/wp-login.php,hard,1,1.0,1,192.168.67.22,192.168.67.22,22,192.168,33.0,13.0,1.0,0.0,0.0,1.0,0.2727272727272727,0.30303030303030304,0.0,0.0,0.0,0.0,13.0,0.0,0.0
http://theguardian.com/downloads/latest,hard,0,1.0,1,theguardian.com,theguardian.com,com,,39.0,15.0,0.0,0.0,0.0,0.0,0.15384615384615385,0.0,0.0,0.0,0.0,0.0,17.0,0.0,0.45454545454545453
https://theguardian.com/wiki,hard,0,1.0,1,theguardian.com,theguardian.com,com,,28.0,15.0,0.0,0.0,1.0,0.0,0.17857142857142858,0.0,0.0,0.0,0.0,0.0,5.0,0.0,0.45454545454545453
https://123.47.253.47:8080/wp-login.php,hard,1,1.0,1,123.47.253.47,123.47.253.47,47,123.47,39.0,13.0,1.0,0.0,1.0,1.0,0.2564102564102564,0.358974358974359,0.0,0.0,0.0,0.0,13.0,0.0,0.0
https://g00gle-security.com/signin,hard,1,1.0,1,g00gle-security.com,g00gle-security.com,com,,34.0,19.0,0.0,0.0,1.0,1.0,0.17647058823529413,0.058823529411764705,0.0,0.0,1.0,1.0,7.0,0.0,0.3333333333333333
https://login-usps295.account.top/verify,hard,1,1.0,1,login-usps295.account.top,account.top,top,login-usps295,40.0,25.0,0.0,1.0,1.0,1.0,0.175,0.075,0.0,1.0,0.0,1.0,7.0,0.0,0.42857142857142855
https://trello.com/download,hard,0,1.0,1,trello.com,trello.com,com,,27.0,10.0,0.0,0.0,1.0,0.0,0.18518518518518517,0.0,0.0,0.0,0.0,0.0,9.0,0.0,0.3333333333333333
https://edx.org/download,hard,0,1.0,1,edx.org,edx.org,org,,24.0,7.0,0.0,0.0,1.0,0.0,0.20833333333333334,0.0,0.0,0.0,0.0,0.0,9.0,0.0,0.3333333333333333
https://official-update-service-account-user.club/secure/index.html,hard,1,1.0,1,official-update-service-account-user.club,official-update-service-account-user.club,club,,67.0,41.0,0.0,0.0,1.0,1.0,0.16417910447761194,0.0,0.0,0.0,0.0,4.0,18.0,0.0,0.46875
http://34.169.184.190:443/index.php,hard,1,1.0,1,34.169.184.190,34.169.184.190,190,34.169,35.0,14.0,1.0,0.0,0.0,0.0,0.2571428571428571,0.4,0.0,0.0,0.0,0.0,10.0,0.0,0.0
https://hsbc-reactivate-reactivate.men/wallet/unlock,hard,1,1.0,1,hsbc-reactivate-reactivate.men,hsbc-reactivate-reactivate.men,men,,52.0,30.0,0.0,0.0,1.0,1.0,0.15384615384615385,0.0,0.0,0.0,0.0,2.0,14.0,0.0,0.4166666666666667
http://instagram-account.men/support/ticket,hard,1,1.0,1,instagram-account.men,instagram-account.men,men,,43.0,21.0,0.0,0.0,0.0,1.0,0.16279069767441862,0.0,0.0,0.0,1.0,1.0,15.0,0.0,0.375
https://www.npmjs.com/profile,hard,0,1.0,1,www.npmjs.com,npmjs.com,com,www,29.0,13.0,0.0,1.0,1.0,0.0,0.20689655172413793,0.0,0.0,0.0,0.0,0.0,8.0,0.0,0.0
https://www.paypal.com/account,hard,0,0.925,1,www.paypal.com,paypal.com,com,www,30.0,14.0,0.0,1.0,1.0,1.0,0.2,0.0,0.0,0.0,0.0,0.0,8.0,1.0,0.3333333333333333
https://www.oracle.com,hard,0,0.004714012635522908,0,www.oracle.com,oracle.com,com,www,22.0,14.0,0.0,1.0,1.0,0.0,0.22727272727272727,0.0,0.0,0.0,0.0,0.0,0.0,0.0,0.5
https://target.com/community,hard,0,1.0,1,target.com,target.com,com,,28.0,10.0,0.0,0.0,1.0,0.0,0.17857142857142858,0.0,0.0,0.0,0.0,0.0,10.0,0.0,0.3333333333333333
https://www.youtube.com/tree/main/src,hard,0,0.975,1,www.youtube.com,youtube.com,com,www,37.0,15.0,0.0,1.0,1.0,0.0,0.21621621621621623,0.0,0.0,0.0,0.0,0.0,14.0,1.0,0.5714285714285714
http://fedex-helpdesk.cf/session/renew?token=b26e22c59235834f,hard,1,1.0,1,fedex-helpdesk.cf,fedex-helpdesk.cf,cf,,61.0,17.0,0.0,0.0,0.0,0.0,0.14754098360655737,0.19672131147540983,0.0,1.0,1.0,1.0,36.0,0.0,0.3076923076923077
https://user-account-identity-service-center-update-confirm-billing.gq/login/index.php?id=55415,hard,1,1.0,1,user-account-identity-service-center-update-confirm-billing.gq,user-account-identity-service-center-update-confirm-billing.gq,gq,,95.0,62.0,0.0,0.0,1.0,1.0,0.16842105263157894,0.05263157894736842,0.0,1.0,0.0,7.0,24.0,0.0,0.38461538461538464
https://microsoft-invoice-crypto.xyz/verify,hard,1,1.0,1,microsoft-invoice-crypto.xyz,microsoft-invoice-crypto.xyz,xyz,,43.0,28.0,0.0,0.0,1.0,1.0,0.16279069767441862,0.0,0.0,1.0,1.0,2.0,7.0,0.0,0.36363636363636365
http://152.139.204.92:8443/wp-login.php,hard,1,1.0,1,152.139.204.92,152.139.204.92,92,152.139,39.0,14.0,1.0,0.0,0.0,1.0,0.2564102564102564,0.38461538461538464,0.0,0.0,0.0,0.0,13.0,0.0,0.0
http://chase-reactivate.win/verify-account,hard,1,1.0,1,chase-reactivate.win,chase-reactivate.win,win,,42.0,20.0,0.0,0.0,0.0,1.0,0.16666666666666666,0.0,0.0,0.0,1.0,1.0,15.0,0.0,0.4666666666666667
https://www.bbc.com/support,hard,0,0.925020988472253,1,www.bbc.com,bbc.com,com,www,27.0,11.0,0.0,1.0,1.0,0.0,0.2222222222222222,0.0,0.0,0.0,0.0,0.0,8.0,1.0,0.0
https://nih.gov/search,hard,0,1.0,1,nih.gov,nih.gov,gov,,22.0,7.0,0.0,0.0,1.0,0.0,0.22727272727272727,0.0,0.0,0.0,0.0,0.0,7.0,0.0,0.3333333333333333
https://spotify.com/contact,hard,0,0.975,1,spotify.com,spotify.com,com,,27.0,11.0,0.0,0.0,1.0,0.0,0.18518518518518517,0.0,0.0,0.0,0.0,0.0,8.0,1.0,0.2857142857142857
https://www-apple392.invoice.net/confirm-identity,hard,1,1.0,1,www-apple392.invoice.net,invoice.net,net,www-apple392,49.0,24.0,0.0,1.0,1.0,0.0,0.16326530612244897,0.061224489795918366,0.0,0.0,0.0,1.0,17.0,0.0,0.5714285714285714
https://dropbox.com/tree/main/src,hard,0,0.975,1,dropbox.com,dropbox.com,com,,33.0,11.0,0.0,0.0,1.0,0.0,0.21212121212121213,0.0,0.0,0.0,0.0,0.0,14.0,1.0,0.2857142857142857
https://lyft.com/pull/2031,hard,0,1.0,1,lyft.com,lyft.com,com,,26.0,8.0,0.0,0.0,1.0,0.0,0.23076923076923078,0.15384615384615385,0.0,0.0,0.0,0.0,10.0,0.0,0.0
https://account-verify.paypal.com.verify-account.xyz,hard,1,0.8154852438714164,1,account-verify.paypal.com.verify-account.xyz,verify-account.xyz,xyz,account-verify.paypal.com,52.0,44.0,0.0,3.0,1.0,1.0,0.17307692307692307,0.0,0.0,1.0,1.0,2.0,0.0,0.0,0.38461538461538464
https://adobe-cloud-verify.com/login,hard,1,1.0,1,adobe-cloud-verify.com,adobe-cloud-verify.com,com,,36.0,22.0,0.0,0.0,1.0,1.0,0.19444444444444445,0.0,0.0,0.0,1.0,2.0,6.0,0.0,0.4375
https://epicgames.com/world,hard,0,1.0,1,epicgames.com,epicgames.com,com,,27.0,13.0,0.0,0.0,1.0,0.0,0.18518518518518517,0.0,0.0,0.0,0.0,0.0,6.0,0.0,0.4444444444444444
https://auth.wellsfargo.com.auth-portal.cf,hard,1,0.6692167136702268,1,auth.wellsfargo.com.auth-portal.cf,auth-portal.cf,cf,auth.wellsfargo.com,42.0,34.0,0.0,3.0,1.0,0.0,0.19047619047619047,0.0,0.0,1.0,0.0,1.0,0.0,0.0,0.4
https://americanexpress-confirm-login.xyz/confirm-identity,hard,1,1.0,1,americanexpress-confirm-login.xyz,americanexpress-confirm-login.xyz,xyz,,58.0,33.0,0.0,0.0,1.0,1.0,0.13793103448275862,0.0,0.0,1.0,0.0,2.0,17.0,0.0,0.37037037037037035
https://www.nasa.gov/shop/category/laptops,hard,0,1.0,1,www.nasa.gov,nasa.gov,gov,www,42.0,12.0,0.0,1.0,1.0,0.0,0.19047619047619047,0.0,0.0,0.0,0.0,0.0,22.0,0.0,0.5
https://gooogle.com/auth/validate?user=492515,hard,1,1.0,1,gooogle.com,gooogle.com,com,,45.0,11.0,0.0,0.0,1.0,0.0,0.17777777777777778,0.13333333333333333,0.0,0.0,0.85,0.0,25.0,0.0,0.5714285714285714
https://amazon-verify-account.top/index.php?id=73154,hard,1,1.0,1,amazon-verify-account.top,amazon-verify-account.top,top,,52.0,25.0,0.0,0.0,1.0,1.0,0.19230769230769232,0.09615384615384616,0.0,1.0,1.0,2.0,18.0,0.0,0.42105263157894735
https://airbnb.com/tree/main/src,hard,0,1.0,1,airbnb.com,airbnb.com,com,,32.0,10.0,0.0,0.0,1.0,0.0,0.21875,0.0,0.0,0.0,0.0,0.0,14.0,0.0,0.3333333333333333
https://githu6.com/login,hard,1,0.978592184657496,1,githu6.com,githu6.com,com,,24.0,10.0,0.0,0.0,1.0,1.0,0.20833333333333334,0.041666666666666664,0.0,0.0,0.85,0.0,6.0,0.0,0.4
https://oracle.com/search?q=python+tutorial,hard,0,1.0,1,oracle.com,oracle.com,com,,43.0,10.0,0.0,0.0,1.0,0.0,0.18604651162790697,0.0,0.0,0.0,0.0,0.0,24.0,0.0,0.5
https://www.github.com/api/v1/users,hard,0,0.975,1,www.github.com,github.com,com,www,35.0,14.0,0.0,1.0,1.0,0.0,0.22857142857142856,0.02857142857142857,0.0,0.0,0.0,0.0,13.0,1.0,0.3333333333333333
https://booking.com/support,hard,0,1.0,1,booking.com,booking.com,com,,27.0,11.0,0.0,0.0,1.0,0.0,0.18518518518518517,0.0,0.0,0.0,0.0,0.0,8.0,0.0,0.42857142857142855
https://www.trello.com/releases/tag/v2.3.1,hard,0,1.0,1,www.trello.com,trello.com,com,www,42.0,14.0,0.0,1.0,1.0,0.0,0.23809523809523808,0.07142857142857142,0.0,0.0,0.0,0.0,20.0,0.0,0.3333333333333333
https://wellsfargo.com/order/confirmation/778213,hard,0,1.0,1,wellsfargo.com,wellsfargo.com,com,,48.0,14.0,0.0,0.0,1.0,0.0,0.14583333333333334,0.125,0.0,0.0,0.0,0.0,26.0,0.0,0.3
https://www.uber.com/docs/api,hard,0,1.0,1,www.uber.com,uber.com,com,www,29.0,12.0,0.0,1.0,1.0,0.0,0.2413793103448276,0.0,0.0,0.0,0.0,0.0,9.0,0.0,0.5
https://developer.apple.com/docs/api,hard,0,0.975,1,developer.apple.com,apple.com,com,developer,36.0,19.0,0.0,1.0,1.0,0.0,0.19444444444444445,0.0,0.0,0.0,0.0,0.0,9.0,1.0,0.4
https://en.wikipedia.org/about,hard,0,0.95,1,en.wikipedia.org,wikipedia.org,org,en,30.0,16.0,0.0,1.0,1.0,0.0,0.2,0.0,0.0,0.0,0.0,0.0,6.0,1.0,0.5555555555555556
https://npmjs.com/releases/tag/v2.3.1,hard,0,0.9994261999278239,1,npmjs.com,npmjs.com,com,,37.0,9.0,0.0,0.0,1.0,0.0,0.24324324324324326,0.08108108108108109,0.0,0.0,0.0,0.0,20.0,0.0,0.0
https://airbnb.com/privacy,hard,0,1.0,1,airbnb.com,airbnb.com,com,,26.0,10.0,0.0,0.0,1.0,0.0,0.19230769230769232,0.0,0.0,0.0,0.0,0.0,8.0,0.0,0.3333333333333333
https://www.doordash.com/features,hard,0,1.0,1,www.doordash.com,doordash.com,com,www,33.0,16.0,0.0,1.0,1.0,0.0,0.18181818181818182,0.0,0.0,0.0,0.0,0.0,9.0,0.0,0.375
https://www.discord.com/profile,hard,0,0.95,1,www.discord.com,discord.com,com,www,31.0,15.0,0.0,1.0,1.0,0.0,0.1935483870967742,0.0,0.0,0.0,0.0,0.0,8.0,1.0,0.2857142857142857
http://chase-crypto.gq/login,hard,1,1.0,1,chase-crypto.gq,chase-crypto.gq,gq,,28.0,15.0,0.0,0.0,0.0,1.0,0.21428571428571427,0.0,0.0,1.0,1.0,1.0,6.0,0.0,0.2727272727272727
https://www.apple.com/shop/category/laptops,hard,0,1.0,1,www.apple.com,apple.com,com,www,43.0,13.0,0.0,1.0,1.0,0.0,0.18604651162790697,0.0,0.0,0.0,0.0,0.0,22.0,1.0,0.4
http://90.219.243.253/bank/secure,hard,1,1.0,1,90.219.243.253,90.219.243.253,253,90.219,33.0,14.0,1.0,0.0,0.0,1.0,0.24242424242424243,0.3333333333333333,0.0,0.0,0.0,0.0,12.0,0.0,0.0
https://auth.dropbox.com.signin-support.online,hard,1,0.8859335286263839,1,auth.dropbox.com.signin-support.online,signin-support.online,online,auth.dropbox.com,46.0,38.0,0.0,3.0,1.0,1.0,0.17391304347826086,0.0,0.0,1.0,1.0,1.0,0.0,0.0,0.3076923076923077
https://www.americanexpress.com/technology,hard,0,1.0,1,www.americanexpress.com,americanexpress.com,com,www,42.0,23.0,0.0,1.0,1.0,0.0,0.14285714285714285,0.0,0.0,0.0,0.0,0.0,11.0,0.0,0.4
http://apple-support.cf/wallet/unlock,hard,1,1.0,1,apple-support.cf,apple-support.cf,cf,,37.0,16.0,0.0,0.0,0.0,1.0,0.1891891891891892,0.0,0.0,1.0,1.0,1.0,14.0,0.0,0.3333333333333333
https://irs-reward-wallet.net/login,hard,1,0.99755026058704,1,irs-reward-wallet.net,irs-reward-wallet.net,net,,35.0,21.0,0.0,0.0,1.0,1.0,0.2,0.0,0.0,0.0,0.0,2.0,6.0,0.0,0.3333333333333333
https://www.amazon.com/checkout,hard,0,0.95,1,www.amazon.com,amazon.com,com,www,31.0,14.0,0.0,1.0,1.0,0.0,0.1935483870967742,0.0,0.0,0.0,0.0,0.0,9.0,1.0,0.5
https://chase-0nline.com/session/renew?token=1bb5264a73f67ab8,hard,1,1.0,1,chase-0nline.com,chase-0nline.com,com,,61.0,16.0,0.0,0.0,1.0,0.0,0.14754098360655737,0.18032786885245902,0.0,0.0,1.0,1.0,36.0,0.0,0.4
https://www.bbc.com/about,hard,0,0.925020988472253,1,www.bbc.com,bbc.com,com,www,25.0,11.0,0.0,1.0,1.0,0.0,0.24,0.0,0.0,0.0,0.0,0.0,6.0,1.0,0.0
https://zoom.us/search,hard,0,1.0,1,zoom.us,zoom.us,us,,22.0,7.0,0.0,0.0,1.0,0.0,0.22727272727272727,0.0,0.0,0.0,0.85,0.0,7.0,0.0,0.5
https://discord.com/features,hard,0,0.975,1,discord.com,discord.com,com,,28.0,11.0,0.0,0.0,1.0,0.0,0.17857142857142858,0.0,0.0,0.0,0.0,0.0,9.0,1.0,0.2857142857142857
https://wordpress.com/releases/tag/v2.3.1,hard,0,1.0,1,wordpress.com,wordpress.com,com,,41.0,13.0,0.0,0.0,1.0,0.0,0.21951219512195122,0.07317073170731707,0.0,0.0,0.0,0.0,20.0,0.0,0.2222222222222222
https://account-verify.netflix.com.login-secure.top,hard,1,0.8047521900661598,1,account-verify.netflix.com.login-secure.top,login-secure.top,top,account-verify.netflix.com,51.0,43.0,0.0,3.0,1.0,1.0,0.17647058823529413,0.0,0.0,1.0,1.0,2.0,0.0,0.0,0.45454545454545453
https://mozilla.org/blog/2025/new-features,hard,0,1.0,1,mozilla.org,mozilla.org,org,,42.0,11.0,0.0,0.0,1.0,0.0,0.19047619047619047,0.09523809523809523,0.0,0.0,0.0,0.0,23.0,1.0,0.42857142857142855
http://irs-crypto.work/account/update,hard,1,1.0,1,irs-crypto.work,irs-crypto.work,work,,37.0,15.0,0.0,0.0,0.0,1.0,0.1891891891891892,0.0,0.0,1.0,0.0,1.0,15.0,0.0,0.2222222222222222
https://booking.com/login,hard,0,0.975,1,booking.com,booking.com,com,,25.0,11.0,0.0,0.0,1.0,1.0,0.2,0.0,0.0,0.0,0.0,0.0,6.0,0.0,0.42857142857142855
https://www.npr.org/library/3.12,hard,0,1.0,1,www.npr.org,npr.org,org,www,32.0,11.0,0.0,1.0,1.0,0.0,0.25,0.09375,0.0,0.0,0.0,0.0,13.0,0.0,0.0
http://binance-wallet.xyz/verify,hard,1,1.0,1,binance-wallet.xyz,binance-wallet.xyz,xyz,,32.0,18.0,0.0,0.0,0.0,1.0,0.1875,0.0,0.0,1.0,0.0,1.0,7.0,0.0,0.38461538461538464
https://secure-fedex52.authenticate.cf/secure/login,hard,1,1.0,1,secure-fedex52.authenticate.cf,authenticate.cf,cf,secure-fedex52,51.0,30.0,0.0,1.0,1.0,1.0,0.1568627450980392,0.0392156862745098,0.0,1.0,0.0,1.0,13.0,0.0,0.5
https://doordash.com/wiki/Main_Page,hard,0,1.0,1,doordash.com,doordash.com,com,,35.0,12.0,0.0,0.0,1.0,0.0,0.2,0.0,0.0,0.0,0.0,0.0,15.0,0.0,0.375
https://www.target.com/support,hard,0,1.0,1,www.target.com,target.com,com,www,30.0,14.0,0.0,1.0,1.0,0.0,0.2,0.0,0.0,0.0,0.0,0.0,8.0,0.0,0.3333333333333333
https://www.gov.uk/,hard,0,1.0,1,www.gov.uk,www.gov.uk,uk,www,19.0,10.0,0.0,0.0,1.0,0.0,0.3157894736842105,0.0,0.0,0.0,0.0,0.0,1.0,0.0,0.0
https://citibank.com/community,hard,0,1.0,1,citibank.com,citibank.com,com,,30.0,12.0,0.0,0.0,1.0,0.0,0.16666666666666666,0.0,0.0,0.0,0.0,0.0,10.0,0.0,0.375
https://wellsfargo-account-login.ml/support/ticket,hard,1,1.0,1,wellsfargo-account-login.ml,wellsfargo-account-login.ml,ml,,50.0,27.0,0.0,0.0,1.0,1.0,0.16,0.0,0.0,1.0,0.0,2.0,15.0,0.0,0.36363636363636365
https://www.oracle.com/world,hard,0,1.0,1,www.oracle.com,oracle.com,com,www,28.0,14.0,0.0,1.0,1.0,0.0,0.21428571428571427,0.0,0.0,0.0,0.0,0.0,6.0,0.0,0.5
http://42.101.245.246/bank/secure,hard,1,1.0,1,42.101.245.246,42.101.245.246,246,42.101,33.0,14.0,1.0,0.0,0.0,1.0,0.24242424242424243,0.3333333333333333,0.0,0.0,0.0,0.0,12.0,0.0,0.0
https://yah00-account.com/reset-password,hard,1,1.0,1,yah00-account.com,yah00-account.com,com,,40.0,17.0,0.0,0.0,1.0,1.0,0.175,0.05,0.0,0.0,1.0,1.0,15.0,0.0,0.4
https://www.epicgames.com/dashboard,hard,0,0.975,1,www.epicgames.com,epicgames.com,com,www,35.0,17.0,0.0,1.0,1.0,0.0,0.17142857142857143,0.0,0.0,0.0,0.0,0.0,10.0,0.0,0.4444444444444444
https://gov.uk/profile,hard,0,1.0,1,gov.uk,gov.uk,uk,,22.0,6.0,0.0,0.0,1.0,0.0,0.22727272727272727,0.0,0.0,0.0,0.0,0.0,8.0,0.0,0.3333333333333333
https://amazon.com/features/security,hard,0,0.975,1,amazon.com,amazon.com,com,,36.0,10.0,0.0,0.0,1.0,0.0,0.16666666666666666,0.0,0.0,0.0,0.0,0.0,18.0,1.0,0.5
https://europa.eu/reference/functions.html,hard,0,1.0,1,europa.eu,europa.eu,eu,,42.0,9.0,0.0,0.0,1.0,0.0,0.16666666666666666,0.0,0.0,0.0,0.0,0.0,25.0,0.0,0.6666666666666666
https://secure-info-paypal-now-team-support.click/verify/session.php?token=487fcb9bd583,hard,1,1.0,1,secure-info-paypal-now-team-support.click,secure-info-paypal-now-team-support.click,click,,87.0,41.0,0.0,0.0,1.0,1.0,0.16091954022988506,0.08045977011494253,0.0,1.0,1.0,5.0,37.0,0.0,0.4
https://www.pinterest.com/,hard,0,0.9756113584659163,1,www.pinterest.com,pinterest.com,com,www,26.0,17.0,0.0,1.0,1.0,0.0,0.23076923076923078,0.0,0.0,0.0,0.0,0.0,1.0,0.0,0.3333333333333333
https://www.nytimes.com/tree/main/src,hard,0,1.0,1,www.nytimes.com,nytimes.com,com,www,37.0,15.0,0.0,1.0,1.0,0.0,0.21621621621621623,0.0,0.0,0.0,0.0,0.0,14.0,0.0,0.2857142857142857
https://www.oracle.com/search,hard,0,1.0,1,www.oracle.com,oracle.com,com,www,29.0,14.0,0.0,1.0,1.0,0.0,0.20689655172413793,0.0,0.0,0.0,0.0,0.0,7.0,0.0,0.5
https://faceb00k-login.net/secure/login,hard,1,1.0,1,faceb00k-login.net,faceb00k-login.net,net,,39.0,18.0,0.0,0.0,1.0,1.0,0.1794871794871795,0.05128205128205128,0.0,0.0,1.0,1.0,13.0,0.0,0.36363636363636365
https://grubhub.com/pricing,hard,0,1.0,1,grubhub.com,grubhub.com,com,,27.0,11.0,0.0,0.0,1.0,0.0,0.18518518518518517,0.0,0.0,0.0,0.0,0.0,8.0,0.0,0.2857142857142857
https://account-now-identity-billing-support-portal-center-team-paypal.ml/login/index.php?id=52390,hard,1,1.0,1,account-now-identity-billing-support-portal-center-team-paypal.ml,account-now-identity-billing-support-portal-center-team-paypal.ml,ml,,98.0,65.0,0.0,0.0,1.0,1.0,0.17346938775510204,0.05102040816326531,0.0,1.0,1.0,8.0,24.0,0.0,0.35185185185185186
https://epicgames.com/sports,hard,0,1.0,1,epicgames.com,epicgames.com,com,,28.0,13.0,0.0,0.0,1.0,0.0,0.17857142857142858,0.0,0.0,0.0,0.0,0.0,7.0,0.0,0.4444444444444444
https://www.bloomberg.com/downloads/latest,hard,0,1.0,1,www.bloomberg.com,bloomberg.com,com,www,42.0,17.0,0.0,1.0,1.0,0.0,0.16666666666666666,0.0,0.0,0.0,0.0,0.0,17.0,0.0,0.3333333333333333
https://www.edx.org/support,hard,0,1.0,1,www.edx.org,edx.org,org,www,27.0,11.0,0.0,1.0,1.0,0.0,0.2222222222222222,0.0,0.0,0.0,0.0,0.0,8.0,0.0,0.3333333333333333
https://walmart.com/user/johndoe,hard,0,0.975,1,walmart.com,walmart.com,com,,32.0,11.0,0.0,0.0,1.0,0.0,0.1875,0.0,0.0,0.0,0.0,0.0,13.0,1.0,0.2857142857142857
https://arstechnica.com/privacy,hard,0,1.0,1,arstechnica.com,arstechnica.com,com,,31.0,15.0,0.0,0.0,1.0,0.0,0.16129032258064516,0.0,0.0,0.0,0.0,0.0,8.0,0.0,0.36363636363636365
https://trello.com/blog,hard,0,1.0,1,trello.com,trello.com,com,,23.0,10.0,0.0,0.0,1.0,0.0,0.21739130434782608,0.0,0.0,0.0,0.0,0.0,5.0,0.0,0.3333333333333333
https://salesforce.com/downloads/latest,hard,0,1.0,1,salesforce.com,salesforce.com,com,,39.0,14.0,0.0,0.0,1.0,0.0,0.15384615384615385,0.0,0.0,0.0,0.0,0.0,17.0,0.0,0.4
http://72.162.20.134:443/index.php,hard,1,1.0,1,72.162.20.134,72.162.20.134,134,72.162,34.0,13.0,1.0,0.0,0.0,0.0,0.2647058823529412,0.38235294117647056,0.0,0.0,0.0,0.0,10.0,0.0,0.0
https://www.techcrunch.com/order/confirmation/778213,hard,0,1.0,1,www.techcrunch.com,techcrunch.com,com,www,52.0,18.0,0.0,1.0,1.0,0.0,0.15384615384615385,0.11538461538461539,0.0,0.0,0.0,0.0,26.0,0.0,0.2
https://walmart.com/careers,hard,0,0.975,1,walmart.com,walmart.com,com,,27.0,11.0,0.0,0.0,1.0,0.0,0.18518518518518517,0.0,0.0,0.0,0.0,0.0,8.0,1.0,0.2857142857142857
https://1inkedin.com/verify,hard,1,0.953592184657496,1,1inkedin.com,1inkedin.com,com,,27.0,12.0,0.0,0.0,1.0,1.0,0.18518518518518517,0.037037037037037035,0.0,0.0,0.0,0.0,7.0,1.0,0.42857142857142855
https://wired.com/login,hard,0,1.0,1,wired.com,wired.com,com,,23.0,9.0,0.0,0.0,1.0,1.0,0.21739130434782608,0.0,0.0,0.0,0.0,0.0,6.0,0.0,0.4
http://amazon-confirm.club/alert/action-required,hard,1,1.0,1,amazon-confirm.club,amazon-confirm.club,club,,48.0,19.0,0.0,0.0,0.0,0.0,0.16666666666666666,0.0,0.0,0.0,1.0,1.0,22.0,0.0,0.38461538461538464
https://www.docker.com/watch?v=dQw4w9WgXcQ,hard,0,1.0,1,www.docker.com,docker.com,com,www,42.0,14.0,0.0,1.0,1.0,0.0,0.19047619047619047,0.047619047619047616,0.0,0.0,0.0,0.0,19.0,1.0,0.3333333333333333
https://www.forbes.com/news,hard,0,0.95,1,www.forbes.com,forbes.com,com,www,27.0,14.0,0.0,1.0,1.0,0.0,0.2222222222222222,0.0,0.0,0.0,0.0,0.0,5.0,1.0,0.3333333333333333
https://ebay.com/checkout,hard,0,1.0,1,ebay.com,ebay.com,com,,25.0,8.0,0.0,0.0,1.0,0.0,0.2,0.0,0.0,0.0,0.0,0.0,9.0,1.0,0.5
https://irs.gov/sports,hard,0,1.0,1,irs.gov,irs.gov,gov,,22.0,7.0,0.0,0.0,1.0,0.0,0.22727272727272727,0.0,0.0,0.0,0.0,0.0,7.0,0.0,0.3333333333333333
https://walmart.com/shop/category/laptops,hard,0,1.0,1,walmart.com,walmart.com,com,,41.0,11.0,0.0,0.0,1.0,0.0,0.17073170731707318,0.0,0.0,0.0,0.0,0.0,22.0,1.0,0.2857142857142857
https://user-update-service-info-center-secure-support.com/verify/session.php?token=71214e591ab7,hard,1,1.0,1,user-update-service-info-center-secure-support.com,user-update-service-info-center-secure-support.com,com,,96.0,50.0,0.0,0.0,1.0,1.0,0.15625,0.09375,0.0,0.0,0.0,6.0,37.0,0.0,0.425
https://www.netflix.com/terms,hard,0,0.95,1,www.netflix.com,netflix.com,com,www,29.0,15.0,0.0,1.0,1.0,0.0,0.20689655172413793,0.0,0.0,0.0,0.0,0.0,6.0,1.0,0.2857142857142857
https://adobe.com/science,hard,0,1.0,1,adobe.com,adobe.com,com,,25.0,9.0,0.0,0.0,1.0,0.0,0.2,0.0,0.0,0.0,0.0,0.0,8.0,1.0,0.6
https://center-account-portal-user-support-paypal-confirm-update-official.work/login/index.php?id=97119,hard,1,1.0,1,center-account-portal-user-support-paypal-confirm-update-official.work,center-account-portal-user-support-paypal-confirm-update-official.work,work,,103.0,70.0,0.0,0.0,1.0,1.0,0.1650485436893204,0.04854368932038835,0.0,1.0,1.0,8.0,24.0,0.0,0.38596491228070173
https://medium.com/technology,hard,0,1.0,1,medium.com,medium.com,com,,29.0,10.0,0.0,0.0,1.0,0.0,0.1724137931034483,0.0,0.0,0.0,0.0,0.0,11.0,0.0,0.5
https://www.walmart.com,hard,0,0.012113816682264768,0,www.walmart.com,walmart.com,com,www,23.0,15.0,0.0,1.0,1.0,0.0,0.21739130434782608,0.0,0.0,0.0,0.0,0.0,0.0,1.0,0.2857142857142857
https://ibm.com/repos/example/project,hard,0,1.0,1,ibm.com,ibm.com,com,,37.0,7.0,0.0,0.0,1.0,0.0,0.1891891891891892,0.0,0.0,0.0,0.0,0.0,22.0,0.0,0.3333333333333333
https://americanexpress.com/docs/api,hard,0,1.0,1,americanexpress.com,americanexpress.com,com,,36.0,19.0,0.0,0.0,1.0,0.0,0.16666666666666666,0.0,0.0,0.0,0.0,0.0,9.0,0.0,0.4
https://login-chase304.reward.gq/index.php?id=28080,hard,1,1.0,1,login-chase304.reward.gq,reward.gq,gq,login-chase304,51.0,24.0,0.0,1.0,1.0,1.0,0.19607843137254902,0.1568627450980392,0.0,1.0,0.0,1.0,18.0,0.0,0.3333333333333333
https://nytimes.com/,hard,0,1.0,1,nytimes.com,nytimes.com,com,,20.0,11.0,0.0,0.0,1.0,0.0,0.25,0.0,0.0,0.0,0.0,0.0,1.0,0.0,0.2857142857142857
https://www.nytimes.com/forum,hard,0,1.0,1,www.nytimes.com,nytimes.com,com,www,29.0,15.0,0.0,1.0,1.0,0.0,0.20689655172413793,0.0,0.0,0.0,0.0,0.0,6.0,0.0,0.2857142857142857
https://nih.gov/api/v1/users,hard,0,1.0,1,nih.gov,nih.gov,gov,,28.0,7.0,0.0,0.0,1.0,0.0,0.25,0.03571428571428571,0.0,0.0,0.0,0.0,13.0,0.0,0.3333333333333333
https://bestbuy.com/world,hard,0,1.0,1,bestbuy.com,bestbuy.com,com,,25.0,11.0,0.0,0.0,1.0,0.0,0.2,0.0,0.0,0.0,0.0,0.0,6.0,0.0,0.2857142857142857
https://netflix.com/dashboard,hard,0,0.975,1,netflix.com,netflix.com,com,,29.0,11.0,0.0,0.0,1.0,0.0,0.1724137931034483,0.0,0.0,0.0,0.0,0.0,10.0,1.0,0.2857142857142857
http://fedex-alert.click/auth/validate?user=467244,hard,1,1.0,1,fedex-alert.click,fedex-alert.click,click,,50.0,17.0,0.0,0.0,0.0,0.0,0.18,0.12,0.0,1.0,1.0,1.0,25.0,0.0,0.4
https://www.usa.gov/download,hard,0,1.0,1,www.usa.gov,usa.gov,gov,www,28.0,11.0,0.0,1.0,1.0,0.0,0.21428571428571427,0.0,0.0,0.0,0.0,0.0,9.0,0.0,0.6666666666666666
https://paypal.com/features/security,hard,0,0.975,1,paypal.com,paypal.com,com,,36.0,10.0,0.0,0.0,1.0,0.0,0.16666666666666666,0.0,0.0,0.0,0.0,0.0,18.0,1.0,0.3333333333333333
http://amazon-reactivate.club/signin,hard,1,1.0,1,amazon-reactivate.club,amazon-reactivate.club,club,,36.0,22.0,0.0,0.0,0.0,1.0,0.16666666666666666,0.0,0.0,0.0,1.0,1.0,7.0,0.0,0.5
http://bankofamerica-suspended.xyz/secure/login,hard,1,1.0,1,bankofamerica-suspended.xyz,bankofamerica-suspended.xyz,xyz,,47.0,27.0,0.0,0.0,0.0,1.0,0.14893617021276595,0.0,0.0,1.0,1.0,1.0,13.0,0.0,0.4090909090909091
https://www.shopify.com/order/confirmation/778213,hard,0,1.0,1,www.shopify.com,shopify.com,com,www,49.0,15.0,0.0,1.0,1.0,0.0,0.16326530612244897,0.12244897959183673,0.0,0.0,0.0,0.0,26.0,0.0,0.2857142857142857
https://discord.com/science,hard,0,0.975,1,discord.com,discord.com,com,,27.0,11.0,0.0,0.0,1.0,0.0,0.18518518518518517,0.0,0.0,0.0,0.0,0.0,8.0,1.0,0.2857142857142857
https://wordpress.com/science,hard,0,1.0,1,wordpress.com,wordpress.com,com,,29.0,13.0,0.0,0.0,1.0,0.0,0.1724137931034483,0.0,0.0,0.0,0.0,0.0,8.0,0.0,0.2222222222222222
https://facebook.com/forum,hard,0,0.975,1,facebook.com,facebook.com,com,,26.0,12.0,0.0,0.0,1.0,0.0,0.19230769230769232,0.0,0.0,0.0,0.0,0.0,6.0,1.0,0.5
https://harvard.edu/order/confirmation/778213,hard,0,1.0,1,harvard.edu,harvard.edu,edu,,45.0,11.0,0.0,0.0,1.0,0.0,0.15555555555555556,0.13333333333333333,0.0,0.0,0.0,0.0,26.0,0.0,0.2857142857142857
http://fedex-reward.men/verify-account,hard,1,1.0,1,fedex-reward.men,fedex-reward.men,men,,38.0,16.0,0.0,0.0,0.0,1.0,0.18421052631578946,0.0,0.0,0.0,1.0,1.0,15.0,0.0,0.36363636363636365
https://www.bbc.com/reference/functions.html,hard,0,1.0,1,www.bbc.com,bbc.com,com,www,44.0,11.0,0.0,1.0,1.0,0.0,0.18181818181818182,0.0,0.0,0.0,0.0,0.0,25.0,1.0,0.0
https://stackoverflow.com/library/3.12,hard,0,1.0,1,stackoverflow.com,stackoverflow.com,com,,38.0,17.0,0.0,0.0,1.0,0.0,0.18421052631578946,0.07894736842105263,0.0,0.0,0.0,0.0,13.0,1.0,0.3076923076923077
https://signin.bankofamerica.com.confirm-identity.gq,hard,1,0.8532987031284478,1,signin.bankofamerica.com.confirm-identity.gq,confirm-identity.gq,gq,signin.bankofamerica.com,52.0,44.0,0.0,3.0,1.0,1.0,0.15384615384615385,0.0,0.0,1.0,1.0,1.0,0.0,0.0,0.3333333333333333
https://edx.org/forum,hard,0,1.0,1,edx.org,edx.org,org,,21.0,7.0,0.0,0.0,1.0,0.0,0.23809523809523808,0.0,0.0,0.0,0.0,0.0,6.0,0.0,0.3333333333333333
https://arstechnica.com/technology,hard,0,1.0,1,arstechnica.com,arstechnica.com,com,,34.0,15.0,0.0,0.0,1.0,0.0,0.14705882352941177,0.0,0.0,0.0,0.0,0.0,11.0,0.0,0.36363636363636365
https://www.ebay.com/watch?v=dQw4w9WgXcQ,hard,0,1.0,1,www.ebay.com,ebay.com,com,www,40.0,12.0,0.0,1.0,1.0,0.0,0.2,0.05,0.0,0.0,0.0,0.0,19.0,1.0,0.5
https://www.facebook.com/docs,hard,0,0.95,1,www.facebook.com,facebook.com,com,www,29.0,16.0,0.0,1.0,1.0,0.0,0.20689655172413793,0.0,0.0,0.0,0.0,0.0,5.0,1.0,0.5
https://www.bloomberg.com/search?q=python+tutorial,hard,0,1.0,1,www.bloomberg.com,bloomberg.com,com,www,50.0,17.0,0.0,1.0,1.0,0.0,0.18,0.0,0.0,0.0,0.0,0.0,24.0,0.0,0.3333333333333333
https://grubhub.com/terms,hard,0,1.0,1,grubhub.com,grubhub.com,com,,25.0,11.0,0.0,0.0,1.0,0.0,0.2,0.0,0.0,0.0,0.0,0.0,6.0,0.0,0.2857142857142857
https://lyft.com/docs,hard,0,1.0,1,lyft.com,lyft.com,com,,21.0,8.0,0.0,0.0,1.0,0.0,0.23809523809523808,0.0,0.0,0.0,0.0,0.0,5.0,0.0,0.0
https://www.doordash.com/help,hard,0,1.0,1,www.doordash.com,doordash.com,com,www,29.0,16.0,0.0,1.0,1.0,0.0,0.20689655172413793,0.0,0.0,0.0,0.0,0.0,5.0,0.0,0.375
http://netflix-wallet.work/index.php?id=73764,hard,1,1.0,1,netflix-wallet.work,netflix-wallet.work,work,,45.0,19.0,0.0,0.0,0.0,1.0,0.2,0.1111111111111111,0.0,1.0,1.0,1.0,18.0,0.0,0.3076923076923077
https://www.paypal.com/features/security,hard,0,1.0,1,www.paypal.com,paypal.com,com,www,40.0,14.0,0.0,1.0,1.0,0.0,0.175,0.0,0.0,0.0,0.0,0.0,18.0,1.0,0.3333333333333333
https://bitbucket.org/item/98213,hard,0,1.0,1,bitbucket.org,bitbucket.org,org,,32.0,13.0,0.0,0.0,1.0,0.0,0.1875,0.15625,0.0,0.0,0.0,0.0,11.0,0.0,0.3333333333333333
https://www.atlassian.com/checkout,hard,0,1.0,1,www.atlassian.com,atlassian.com,com,www,34.0,17.0,0.0,1.0,1.0,0.0,0.17647058823529413,0.0,0.0,0.0,0.0,0.0,9.0,0.0,0.4444444444444444
https://confirm-info-verify-now-service.net/secure/index.html,hard,1,1.0,1,confirm-info-verify-now-service.net,confirm-info-verify-now-service.net,net,,61.0,35.0,0.0,0.0,1.0,1.0,0.18032786885245902,0.0,0.0,0.0,0.0,4.0,18.0,0.0,0.37037037037037035
https://spotify.com/shop/category/laptops,hard,0,1.0,1,spotify.com,spotify.com,com,,41.0,11.0,0.0,0.0,1.0,0.0,0.17073170731707318,0.0,0.0,0.0,0.0,0.0,22.0,1.0,0.2857142857142857
https://microsoft-support-crypto.club/secure/login,hard,1,1.0,1,microsoft-support-crypto.club,microsoft-support-crypto.club,club,,50.0,29.0,0.0,0.0,1.0,1.0,0.16,0.0,0.0,0.0,1.0,2.0,13.0,0.0,0.2727272727272727
http://linkedin-verify.cf/wallet/unlock,hard,1,1.0,1,linkedin-verify.cf,linkedin-verify.cf,cf,,39.0,18.0,0.0,0.0,0.0,1.0,0.1794871794871795,0.0,0.0,1.0,1.0,1.0,14.0,0.0,0.35714285714285715
https://www.bbc.com/technology,hard,0,0.95,1,www.bbc.com,bbc.com,com,www,30.0,11.0,0.0,1.0,1.0,0.0,0.2,0.0,0.0,0.0,0.0,0.0,11.0,1.0,0.0
https://uber.com/,hard,0,1.0,1,uber.com,uber.com,com,,17.0,8.0,0.0,0.0,1.0,0.0,0.29411764705882354,0.0,0.0,0.0,0.0,0.0,1.0,0.0,0.5
https://www.atlassian.com/contact,hard,0,1.0,1,www.atlassian.com,atlassian.com,com,www,33.0,17.0,0.0,1.0,1.0,0.0,0.18181818181818182,0.0,0.0,0.0,0.0,0.0,8.0,0.0,0.4444444444444444
https://intel.com/shop/category/laptops,hard,0,1.0,1,intel.com,intel.com,com,,39.0,9.0,0.0,0.0,1.0,0.0,0.1794871794871795,0.0,0.0,0.0,0.0,0.0,22.0,0.0,0.4
https://blogger.com/shop/category/laptops,hard,0,1.0,1,blogger.com,blogger.com,com,,41.0,11.0,0.0,0.0,1.0,0.0,0.17073170731707318,0.0,0.0,0.0,0.0,0.0,22.0,0.0,0.2857142857142857
https://www.nasa.gov/login,hard,0,0.9848786354690574,1,www.nasa.gov,nasa.gov,gov,www,26.0,12.0,0.0,1.0,1.0,1.0,0.23076923076923078,0.0,0.0,0.0,0.0,0.0,6.0,0.0,0.5
https://secure-login.bankofamerica.com.login-secure.top,hard,1,0.8735576103263594,1,secure-login.bankofamerica.com.login-secure.top,login-secure.top,top,secure-login.bankofamerica.com,55.0,47.0,0.0,3.0,1.0,1.0,0.16363636363636364,0.0,0.0,1.0,1.0,2.0,0.0,0.0,0.45454545454545453
https://secure-usps315.billing.club/login,hard,1,1.0,1,secure-usps315.billing.club,billing.club,club,secure-usps315,41.0,27.0,0.0,1.0,1.0,1.0,0.17073170731707318,0.07317073170731707,0.0,0.0,0.0,1.0,6.0,0.0,0.2857142857142857
https://netflix.com/terms,hard,0,0.975,1,netflix.com,netflix.com,com,,25.0,11.0,0.0,0.0,1.0,0.0,0.2,0.0,0.0,0.0,0.0,0.0,6.0,1.0,0.2857142857142857
https://www.chase.com/docs/api,hard,0,0.95,1,www.chase.com,chase.com,com,www,30.0,13.0,0.0,1.0,1.0,0.0,0.23333333333333334,0.0,0.0,0.0,0.0,0.0,9.0,1.0,0.4
https://signin.google.com.id-check.ml,hard,1,0.8477467598021867,1,signin.google.com.id-check.ml,id-check.ml,ml,signin.google.com,37.0,29.0,0.0,3.0,1.0,1.0,0.21621621621621623,0.0,0.0,1.0,1.0,1.0,0.0,0.0,0.2857142857142857
https://salesforce.com/pull/2031,hard,0,1.0,1,salesforce.com,salesforce.com,com,,32.0,14.0,0.0,0.0,1.0,0.0,0.1875,0.125,0.0,0.0,0.0,0.0,10.0,0.0,0.4
https://www.cloudflare.com/article/2025/06/12/world-news,hard,0,1.0,1,www.cloudflare.com,cloudflare.com,com,www,56.0,18.0,0.0,1.0,1.0,0.0,0.19642857142857142,0.14285714285714285,0.0,0.0,0.0,0.0,30.0,0.0,0.4
https://google-unlock-unlock.online/index.php?id=92925,hard,1,1.0,1,google-unlock-unlock.online,google-unlock-unlock.online,online,,54.0,27.0,0.0,0.0,1.0,1.0,0.18518518518518517,0.09259259259259259,0.0,1.0,1.0,2.0,18.0,0.0,0.3888888888888889
https://www.airbnb.com/wiki/Main_Page,hard,0,1.0,1,www.airbnb.com,airbnb.com,com,www,37.0,14.0,0.0,1.0,1.0,0.0,0.21621621621621623,0.0,0.0,0.0,0.0,0.0,15.0,0.0,0.3333333333333333
https://instagr4m-help.com/index.php?id=26419,hard,1,1.0,1,instagr4m-help.com,instagr4m-help.com,com,,45.0,18.0,0.0,0.0,1.0,0.0,0.2,0.13333333333333333,0.0,0.0,1.0,1.0,18.0,0.0,0.25
https://news.bbc.co.uk/questions/12345/how-to-parse-json,hard,0,1.0,1,news.bbc.co.uk,bbc.co.uk,uk,news.bbc,56.0,14.0,0.0,1.0,1.0,0.0,0.21428571428571427,0.08928571428571429,0.0,0.0,0.0,0.0,34.0,1.0,0.0
https://linkedin.com/library/3.12,hard,0,0.975,1,linkedin.com,linkedin.com,com,,33.0,12.0,0.0,0.0,1.0,0.0,0.21212121212121213,0.09090909090909091,0.0,0.0,0.0,0.0,13.0,1.0,0.375
https://dropbox.com/questions/12345/how-to-parse-json,hard,0,1.0,1,dropbox.com,dropbox.com,com,,53.0,11.0,0.0,0.0,1.0,0.0,0.18867924528301888,0.09433962264150944,0.0,0.0,0.0,0.0,34.0,1.0,0.2857142857142857
https://0utlook-login.com/verify,hard,1,1.0,1,0utlook-login.com,0utlook-login.com,com,,32.0,17.0,0.0,0.0,1.0,1.0,0.1875,0.03125,0.0,0.0,1.0,1.0,7.0,0.0,0.45454545454545453
https://www.hsbc.com/technology,hard,0,1.0,1,www.hsbc.com,hsbc.com,com,www,31.0,12.0,0.0,1.0,1.0,0.0,0.1935483870967742,0.0,0.0,0.0,0.0,0.0,11.0,0.0,0.0
https://www.walmart.com/business,hard,0,0.95,1,www.walmart.com,walmart.com,com,www,32.0,15.0,0.0,1.0,1.0,0.0,0.1875,0.0,0.0,0.0,0.0,0.0,9.0,1.0,0.2857142857142857
https://nytimes.com/about,hard,0,1.0,1,nytimes.com,nytimes.com,com,,25.0,11.0,0.0,0.0,1.0,0.0,0.2,0.0,0.0,0.0,0.0,0.0,6.0,0.0,0.2857142857142857
http://citibank-unlock.win/wallet/unlock,hard,1,1.0,1,citibank-unlock.win,citibank-unlock.win,win,,40.0,19.0,0.0,0.0,0.0,1.0,0.175,0.0,0.0,0.0,0.0,1.0,14.0,0.0,0.35714285714285715
https://www.edx.org/world,hard,0,1.0,1,www.edx.org,edx.org,org,www,25.0,11.0,0.0,1.0,1.0,0.0,0.24,0.0,0.0,0.0,0.0,0.0,6.0,0.0,0.3333333333333333
https://www.stackoverflow.com/releases/tag/v2.3.1,hard,0,1.0,1,www.stackoverflow.com,stackoverflow.com,com,www,49.0,21.0,0.0,1.0,1.0,0.0,0.20408163265306123,0.061224489795918366,0.0,0.0,0.0,0.0,20.0,1.0,0.3076923076923077
https://developer.apple.com/forum,hard,0,0.95,1,developer.apple.com,apple.com,com,developer,33.0,19.0,0.0,1.0,1.0,0.0,0.18181818181818182,0.0,0.0,0.0,0.0,0.0,6.0,1.0,0.4
https://mit.edu/,hard,0,1.0,1,mit.edu,mit.edu,edu,,16.0,7.0,0.0,0.0,1.0,0.0,0.3125,0.0,0.0,0.0,0.0,0.0,1.0,0.0,0.3333333333333333
https://usa.gov/,hard,0,1.0,1,usa.gov,usa.gov,gov,,16.0,7.0,0.0,0.0,1.0,0.0,0.3125,0.0,0.0,0.0,0.0,0.0,1.0,0.0,0.6666666666666666
https://faceb00k-login.net/confirm-identity,hard,1,1.0,1,faceb00k-login.net,faceb00k-login.net,net,,43.0,18.0,0.0,0.0,1.0,1.0,0.16279069767441862,0.046511627906976744,0.0,0.0,1.0,1.0,17.0,0.0,0.36363636363636365
https://www.pypi.org/repos/example/project,hard,0,1.0,1,www.pypi.org,pypi.org,org,www,42.0,12.0,0.0,1.0,1.0,0.0,0.19047619047619047,0.0,0.0,0.0,0.0,0.0,22.0,0.0,0.25
https://gooogle.com/update-billing,hard,1,1.0,1,gooogle.com,gooogle.com,com,,34.0,11.0,0.0,0.0,1.0,1.0,0.17647058823529413,0.0,0.0,0.0,0.85,0.0,15.0,0.0,0.5714285714285714
https://www.cnn.com/repos/example/project,hard,0,1.0,1,www.cnn.com,cnn.com,com,www,41.0,11.0,0.0,1.0,1.0,0.0,0.1951219512195122,0.0,0.0,0.0,0.0,0.0,22.0,1.0,0.0
https://www.facebook.com/releases/tag/v2.3.1,hard,0,1.0,1,www.facebook.com,facebook.com,com,www,44.0,16.0,0.0,1.0,1.0,0.0,0.22727272727272727,0.06818181818181818,0.0,0.0,0.0,0.0,20.0,1.0,0.5
https://www.chase.com/questions/12345/how-to-parse-json,hard,0,1.0,1,www.chase.com,chase.com,com,www,55.0,13.0,0.0,1.0,1.0,0.0,0.2,0.09090909090909091,0.0,0.0,0.0,0.0,34.0,1.0,0.4
https://instagram-billing-authenticate.loan/signin,hard,1,1.0,1,instagram-billing-authenticate.loan,instagram-billing-authenticate.loan,loan,,50.0,35.0,0.0,0.0,1.0,1.0,0.14,0.0,0.0,1.0,1.0,2.0,7.0,0.0,0.39285714285714285
https://www.etsy.com/login,hard,0,0.975,1,www.etsy.com,etsy.com,com,www,26.0,12.0,0.0,1.0,1.0,1.0,0.23076923076923078,0.0,0.0,0.0,0.0,0.0,6.0,0.0,0.25
https://instagr4m-help.com/auth/validate?user=699525,hard,1,1.0,1,instagr4m-help.com,instagr4m-help.com,com,,52.0,18.0,0.0,0.0,1.0,0.0,0.17307692307692307,0.1346153846153846,0.0,0.0,1.0,1.0,25.0,0.0,0.25
https://google-secure-confirm.men/verify,hard,1,1.0,1,google-secure-confirm.men,google-secure-confirm.men,men,,40.0,25.0,0.0,0.0,1.0,1.0,0.175,0.0,0.0,0.0,1.0,2.0,7.0,0.0,0.42105263157894735
https://dropbox.com/business,hard,0,0.975,1,dropbox.com,dropbox.com,com,,28.0,11.0,0.0,0.0,1.0,0.0,0.17857142857142858,0.0,0.0,0.0,0.0,0.0,9.0,1.0,0.2857142857142857
https://nasa.gov/business,hard,0,1.0,1,nasa.gov,nasa.gov,gov,,25.0,8.0,0.0,0.0,1.0,0.0,0.2,0.0,0.0,0.0,0.0,0.0,9.0,0.0,0.5
https://reddit.com/order/confirmation/778213,hard,0,1.0,1,reddit.com,reddit.com,com,,44.0,10.0,0.0,0.0,1.0,0.0,0.1590909090909091,0.13636363636363635,0.0,0.0,0.0,0.0,26.0,1.0,0.3333333333333333
https://booking.com/search?q=python+tutorial,hard,0,1.0,1,booking.com,booking.com,com,,44.0,11.0,0.0,0.0,1.0,0.0,0.18181818181818182,0.0,0.0,0.0,0.0,0.0,24.0,0.0,0.42857142857142855
https://console.cloud.google.com/science,hard,0,1.0,1,console.cloud.google.com,google.com,com,console.cloud,40.0,24.0,0.0,2.0,1.0,0.0,0.175,0.0,0.0,0.0,0.0,0.0,8.0,1.0,0.5
https://gitlab.com/docs,hard,0,1.0,1,gitlab.com,gitlab.com,com,,23.0,10.0,0.0,0.0,1.0,0.0,0.21739130434782608,0.0,0.0,0.0,0.0,0.0,5.0,0.0,0.3333333333333333
https://docker.com/pull/2031,hard,0,0.95,1,docker.com,docker.com,com,,28.0,10.0,0.0,0.0,1.0,0.0,0.21428571428571427,0.14285714285714285,0.0,0.0,0.0,0.0,10.0,1.0,0.3333333333333333
https://stackoverflow.com/watch?v=dQw4w9WgXcQ,hard,0,1.0,1,stackoverflow.com,stackoverflow.com,com,,45.0,17.0,0.0,0.0,1.0,0.0,0.15555555555555556,0.044444444444444446,0.0,0.0,0.0,0.0,19.0,1.0,0.3076923076923077
https://harvard.edu/about,hard,0,1.0,1,harvard.edu,harvard.edu,edu,,25.0,11.0,0.0,0.0,1.0,0.0,0.2,0.0,0.0,0.0,0.0,0.0,6.0,0.0,0.2857142857142857
https://www.citi.com/user/johndoe,hard,0,1.0,1,www.citi.com,citi.com,com,www,33.0,12.0,0.0,1.0,1.0,0.0,0.21212121212121213,0.0,0.0,0.0,0.0,0.0,13.0,0.0,0.5
https://coursera.org/pull/2031,hard,0,0.9891170323928945,1,coursera.org,coursera.org,org,,30.0,12.0,0.0,0.0,1.0,0.0,0.2,0.13333333333333333,0.0,0.0,0.0,0.0,10.0,0.0,0.5
https://www-hmrc773.unlock.com/session/renew?token=c8eb03323f70f835,hard,1,1.0,1,www-hmrc773.unlock.com,unlock.com,com,www-hmrc773,67.0,22.0,0.0,1.0,1.0,1.0,0.14925373134328357,0.208955223880597,0.0,0.0,0.0,1.0,36.0,0.0,0.3333333333333333
https://www.pypi.org/downloads/latest,hard,0,1.0,1,www.pypi.org,pypi.org,org,www,37.0,12.0,0.0,1.0,1.0,0.0,0.1891891891891892,0.0,0.0,0.0,0.0,0.0,17.0,0.0,0.25
https://www.notion.so/pull/2031,hard,0,1.0,1,www.notion.so,notion.so,so,www,31.0,13.0,0.0,1.0,1.0,0.0,0.22580645161290322,0.12903225806451613,0.0,0.0,0.0,0.0,10.0,0.0,0.5
https://www.instagram.com/technology,hard,0,0.975,1,www.instagram.com,instagram.com,com,www,36.0,17.0,0.0,1.0,1.0,0.0,0.16666666666666666,0.0,0.0,0.0,0.0,0.0,11.0,1.0,0.3333333333333333
https://cloud.google.com/issues/1042,hard,0,0.975,1,cloud.google.com,google.com,com,cloud,36.0,16.0,0.0,1.0,1.0,0.0,0.19444444444444445,0.1111111111111111,0.0,0.0,0.0,0.0,12.0,1.0,0.5
http://192.168.215.13:8080/admin/login.php,hard,1,1.0,1,192.168.215.13,192.168.215.13,13,192.168,42.0,14.0,1.0,0.0,0.0,1.0,0.23809523809523808,0.35714285714285715,0.0,0.0,0.0,0.0,16.0,0.0,0.0
https://www.nvidia.com/settings,hard,0,1.0,1,www.nvidia.com,nvidia.com,com,www,31.0,14.0,0.0,1.0,1.0,0.0,0.1935483870967742,0.0,0.0,0.0,0.0,0.0,9.0,0.0,0.5
https://secure-login.instagram.com.id-check.ml,hard,1,0.883116723814438,1,secure-login.instagram.com.id-check.ml,id-check.ml,ml,secure-login.instagram.com,46.0,38.0,0.0,3.0,1.0,1.0,0.1956521739130435,0.0,0.0,1.0,1.0,2.0,0.0,0.0,0.2857142857142857
https://mozilla.org/blog,hard,0,0.975,1,mozilla.org,mozilla.org,org,,24.0,11.0,0.0,0.0,1.0,0.0,0.20833333333333334,0.0,0.0,0.0,0.0,0.0,5.0,1.0,0.42857142857142855
https://hsbc-account-confirm.xyz/reset-password,hard,1,1.0,1,hsbc-account-confirm.xyz,hsbc-account-confirm.xyz,xyz,,47.0,24.0,0.0,0.0,1.0,1.0,0.1702127659574468,0.0,0.0,1.0,0.0,2.0,15.0,0.0,0.2777777777777778
https://europa.eu/news/technology,hard,0,1.0,1,europa.eu,europa.eu,eu,,33.0,9.0,0.0,0.0,1.0,0.0,0.18181818181818182,0.0,0.0,0.0,0.0,0.0,16.0,0.0,0.6666666666666666
http://store.steampowered.com/features,hard,0,1.0,1,store.steampowered.com,steampowered.com,com,store,38.0,22.0,0.0,1.0,0.0,0.0,0.15789473684210525,0.0,0.0,0.0,0.0,0.0,9.0,0.0,0.4166666666666667
https://dropbox.com/downloads/latest,hard,0,0.975,1,dropbox.com,dropbox.com,com,,36.0,11.0,0.0,0.0,1.0,0.0,0.16666666666666666,0.0,0.0,0.0,0.0,0.0,17.0,1.0,0.2857142857142857
https://shopify.com/technology,hard,0,1.0,1,shopify.com,shopify.com,com,,30.0,11.0,0.0,0.0,1.0,0.0,0.16666666666666666,0.0,0.0,0.0,0.0,0.0,11.0,0.0,0.2857142857142857
https://login-irs86.account.top/login,hard,1,1.0,1,login-irs86.account.top,account.top,top,login-irs86,37.0,23.0,0.0,1.0,1.0,1.0,0.1891891891891892,0.05405405405405406,0.0,1.0,0.0,1.0,6.0,0.0,0.42857142857142855
https://developer.apple.com/api/v1/users,hard,0,1.0,1,developer.apple.com,apple.com,com,developer,40.0,19.0,0.0,1.0,1.0,0.0,0.2,0.025,0.0,0.0,0.0,0.0,13.0,1.0,0.4
https://www.ebay.com/dashboard,hard,0,0.95,1,www.ebay.com,ebay.com,com,www,30.0,12.0,0.0,1.0,1.0,0.0,0.2,0.0,0.0,0.0,0.0,0.0,10.0,1.0,0.5
https://www.lyft.com/blog/2025/new-features,hard,0,1.0,1,www.lyft.com,lyft.com,com,www,43.0,12.0,0.0,1.0,1.0,0.0,0.20930232558139536,0.09302325581395349,0.0,0.0,0.0,0.0,23.0,0.0,0.0
https://chase-0nline.com/signin,hard,1,1.0,1,chase-0nline.com,chase-0nline.com,com,,31.0,16.0,0.0,0.0,1.0,1.0,0.1935483870967742,0.03225806451612903,0.0,0.0,1.0,1.0,7.0,0.0,0.4
https://www.bestbuy.com/repos/example/project,hard,0,1.0,1,www.bestbuy.com,bestbuy.com,com,www,45.0,15.0,0.0,1.0,1.0,0.0,0.17777777777777778,0.0,0.0,0.0,0.0,0.0,22.0,0.0,0.2857142857142857
https://www.quora.com/library/3.12,hard,0,1.0,1,www.quora.com,quora.com,com,www,34.0,13.0,0.0,1.0,1.0,0.0,0.23529411764705882,0.08823529411764706,0.0,0.0,0.0,0.0,13.0,0.0,0.6
https://kubernetes.io/news/technology,hard,0,1.0,1,kubernetes.io,kubernetes.io,io,,37.0,13.0,0.0,0.0,1.0,0.0,0.16216216216216217,0.0,0.0,0.0,0.0,0.0,16.0,0.0,0.4
http://hmrc-bank.tk/support/ticket,hard,1,1.0,1,hmrc-bank.tk,hmrc-bank.tk,tk,,34.0,12.0,0.0,0.0,0.0,1.0,0.20588235294117646,0.0,0.0,1.0,0.0,1.0,15.0,0.0,0.125
https://harvard.edu/shop/category/laptops,hard,0,1.0,1,harvard.edu,harvard.edu,edu,,41.0,11.0,0.0,0.0,1.0,0.0,0.17073170731707318,0.0,0.0,0.0,0.0,0.0,22.0,0.0,0.2857142857142857
https://www.stackoverflow.com/business,hard,0,1.0,1,www.stackoverflow.com,stackoverflow.com,com,www,38.0,21.0,0.0,1.0,1.0,0.0,0.15789473684210525,0.0,0.0,0.0,0.0,0.0,9.0,1.0,0.3076923076923077
https://kubernetes.io/terms,hard,0,1.0,1,kubernetes.io,kubernetes.io,io,,27.0,13.0,0.0,0.0,1.0,0.0,0.18518518518518517,0.0,0.0,0.0,0.0,0.0,6.0,0.0,0.4
https://id-confirm.linkedin.com.verify-account.xyz,hard,1,0.7809305525928776,1,id-confirm.linkedin.com.verify-account.xyz,verify-account.xyz,xyz,id-confirm.linkedin.com,50.0,42.0,0.0,3.0,1.0,1.0,0.18,0.0,0.0,1.0,1.0,2.0,0.0,0.0,0.38461538461538464
https://quora.com/business,hard,0,1.0,1,quora.com,quora.com,com,,26.0,9.0,0.0,0.0,1.0,0.0,0.19230769230769232,0.0,0.0,0.0,0.0,0.0,9.0,0.0,0.6
http://citibank-support.men/login,hard,1,1.0,1,citibank-support.men,citibank-support.men,men,,33.0,20.0,0.0,0.0,0.0,1.0,0.18181818181818182,0.0,0.0,0.0,0.0,1.0,6.0,0.0,0.3333333333333333
https://udemy.com/repos/example/project,hard,0,1.0,1,udemy.com,udemy.com,com,,39.0,9.0,0.0,0.0,1.0,0.0,0.1794871794871795,0.0,0.0,0.0,0.0,0.0,22.0,0.0,0.4
https://www.nvidia.com/wiki,hard,0,1.0,1,www.nvidia.com,nvidia.com,com,www,27.0,14.0,0.0,1.0,1.0,0.0,0.2222222222222222,0.0,0.0,0.0,0.0,0.0,5.0,0.0,0.5
https://www.lyft.com/terms,hard,0,0.9750209884722529,1,www.lyft.com,lyft.com,com,www,26.0,12.0,0.0,1.0,1.0,0.0,0.23076923076923078,0.0,0.0,0.0,0.0,0.0,6.0,0.0,0.0
https://www.epicgames.com/downloads/latest,hard,0,1.0,1,www.epicgames.com,epicgames.com,com,www,42.0,17.0,0.0,1.0,1.0,0.0,0.16666666666666666,0.0,0.0,0.0,0.0,0.0,17.0,0.0,0.4444444444444444
https://udemy.com/privacy,hard,0,1.0,1,udemy.com,udemy.com,com,,25.0,9.0,0.0,0.0,1.0,0.0,0.2,0.0,0.0,0.0,0.0,0.0,8.0,0.0,0.4
https://uber.com/health,hard,0,1.0,1,uber.com,uber.com,com,,23.0,8.0,0.0,0.0,1.0,0.0,0.21739130434782608,0.0,0.0,0.0,0.0,0.0,7.0,0.0,0.5
https://www.nih.gov/issues/1042,hard,0,1.0,1,www.nih.gov,nih.gov,gov,www,31.0,11.0,0.0,1.0,1.0,0.0,0.22580645161290322,0.12903225806451613,0.0,0.0,0.0,0.0,12.0,0.0,0.3333333333333333
https://chase-login-invoice.online/verify-account,hard,1,1.0,1,chase-login-invoice.online,chase-login-invoice.online,online,,49.0,26.0,0.0,0.0,1.0,1.0,0.16326530612244897,0.0,0.0,1.0,1.0,2.0,15.0,0.0,0.47058823529411764
https://store.steampowered.com/en-us/docs/Web/JavaScript,hard,0,1.0,1,store.steampowered.com,steampowered.com,com,store,56.0,22.0,0.0,1.0,1.0,0.0,0.17857142857142858,0.0,0.0,0.0,0.0,0.0,26.0,0.0,0.4166666666666667
http://apple-account.men/verify,hard,1,1.0,1,apple-account.men,apple-account.men,men,,31.0,17.0,0.0,0.0,0.0,1.0,0.1935483870967742,0.0,0.0,0.0,1.0,1.0,7.0,0.0,0.4166666666666667
https://twiiter-verify.com/login,hard,1,1.0,1,twiiter-verify.com,twiiter-verify.com,com,,32.0,18.0,0.0,0.0,1.0,1.0,0.1875,0.0,0.0,0.0,0.85,1.0,6.0,0.0,0.38461538461538464
https://dropbox-crypto-support.xyz/account/update,hard,1,1.0,1,dropbox-crypto-support.xyz,dropbox-crypto-support.xyz,xyz,,49.0,26.0,0.0,0.0,1.0,1.0,0.16326530612244897,0.0,0.0,1.0,1.0,2.0,15.0,0.0,0.25
https://steamcommunity.com/issues/1042,hard,0,1.0,1,steamcommunity.com,steamcommunity.com,com,,38.0,18.0,0.0,0.0,1.0,0.0,0.15789473684210525,0.10526315789473684,0.0,0.0,0.0,0.0,12.0,0.0,0.35714285714285715
https://coursera.org/library/3.12,hard,0,1.0,1,coursera.org,coursera.org,org,,33.0,12.0,0.0,0.0,1.0,0.0,0.21212121212121213,0.09090909090909091,0.0,0.0,0.0,0.0,13.0,0.0,0.5
https://www.adobe.com/download,hard,0,0.95,1,www.adobe.com,adobe.com,com,www,30.0,13.0,0.0,1.0,1.0,0.0,0.2,0.0,0.0,0.0,0.0,0.0,9.0,1.0,0.6
https://secure-hmrc475.reward.click/verify,hard,1,1.0,1,secure-hmrc475.reward.click,reward.click,click,secure-hmrc475,42.0,27.0,0.0,1.0,1.0,1.0,0.16666666666666666,0.07142857142857142,0.0,1.0,0.0,1.0,7.0,0.0,0.3333333333333333
https://nytimes.com/releases/tag/v2.3.1,hard,0,1.0,1,nytimes.com,nytimes.com,com,,39.0,11.0,0.0,0.0,1.0,0.0,0.23076923076923078,0.07692307692307693,0.0,0.0,0.0,0.0,20.0,0.0,0.2857142857142857
https://cnn.com/account,hard,0,1.0,1,cnn.com,cnn.com,com,,23.0,7.0,0.0,0.0,1.0,1.0,0.21739130434782608,0.0,0.0,0.0,0.0,0.0,8.0,1.0,0.0
https://center-update-official-paypal-confirm-identity-service.gq/verify/session.php?token=31ee33313536,hard,1,1.0,1,center-update-official-paypal-confirm-identity-service.gq,center-update-official-paypal-confirm-identity-service.gq,gq,,103.0,57.0,0.0,0.0,1.0,1.0,0.14563106796116504,0.0970873786407767,0.0,1.0,1.0,6.0,37.0,0.0,0.3958333333333333
https://gitlab.com/login,hard,0,0.975,1,gitlab.com,gitlab.com,com,,24.0,10.0,0.0,0.0,1.0,1.0,0.20833333333333334,0.0,0.0,0.0,0.0,0.0,6.0,0.0,0.3333333333333333
https://booking.com/about,hard,0,1.0,1,booking.com,booking.com,com,,25.0,11.0,0.0,0.0,1.0,0.0,0.2,0.0,0.0,0.0,0.0,0.0,6.0,0.0,0.42857142857142855
https://linkedln-verify.com/login,hard,1,1.0,1,linkedln-verify.com,linkedln-verify.com,com,,33.0,19.0,0.0,0.0,1.0,1.0,0.18181818181818182,0.0,0.0,0.0,0.85,1.0,6.0,0.0,0.2857142857142857
https://info-service-verify-identity-billing-secure-account-user.cf/verify/session.php?token=ff8a01d3ceac,hard,1,1.0,1,info-service-verify-identity-billing-secure-account-user.cf,info-service-verify-identity-billing-secure-account-user.cf,cf,,105.0,59.0,0.0,0.0,1.0,1.0,0.1523809523809524,0.0380952380952381,0.0,1.0,0.0,7.0,37.0,0.0,0.40816326530612246
https://0utlook-login.com/index.php?id=16631,hard,1,1.0,1,0utlook-login.com,0utlook-login.com,com,,44.0,17.0,0.0,0.0,1.0,1.0,0.20454545454545456,0.13636363636363635,0.0,0.0,1.0,1.0,18.0,0.0,0.45454545454545453
https://www.intel.com/privacy,hard,0,1.0,1,www.intel.com,intel.com,com,www,29.0,13.0,0.0,1.0,1.0,0.0,0.20689655172413793,0.0,0.0,0.0,0.0,0.0,8.0,0.0,0.4
http://192.168.29.249:8443/verify/account,hard,1,1.0,1,192.168.29.249,192.168.29.249,249,192.168,41.0,14.0,1.0,0.0,0.0,1.0,0.21951219512195122,0.36585365853658536,0.0,0.0,0.0,0.0,15.0,0.0,0.0
https://www.who.int/community,hard,0,1.0,1,www.who.int,who.int,int,www,29.0,11.0,0.0,1.0,1.0,0.0,0.20689655172413793,0.0,0.0,0.0,0.0,0.0,10.0,0.0,0.3333333333333333
https://gitlab.com/wiki,hard,0,1.0,1,gitlab.com,gitlab.com,com,,23.0,10.0,0.0,0.0,1.0,0.0,0.21739130434782608,0.0,0.0,0.0,0.0,0.0,5.0,0.0,0.3333333333333333
https://www.gov.uk/docs/api,hard,0,1.0,1,www.gov.uk,www.gov.uk,uk,www,27.0,10.0,0.0,0.0,1.0,0.0,0.25925925925925924,0.0,0.0,0.0,0.0,0.0,9.0,0.0,0.0
https://www.nvidia.com/about,hard,0,1.0,1,www.nvidia.com,nvidia.com,com,www,28.0,14.0,0.0,1.0,1.0,0.0,0.21428571428571427,0.0,0.0,0.0,0.0,0.0,6.0,0.0,0.5
https://www.npmjs.com/help,hard,0,0.9750209884722529,1,www.npmjs.com,npmjs.com,com,www,26.0,13.0,0.0,1.0,1.0,0.0,0.23076923076923078,0.0,0.0,0.0,0.0,0.0,5.0,0.0,0.0
https://www.pinterest.com/reference/functions.html,hard,0,1.0,1,www.pinterest.com,pinterest.com,com,www,50.0,17.0,0.0,1.0,1.0,0.0,0.16,0.0,0.0,0.0,0.0,0.0,25.0,0.0,0.3333333333333333
https://www.forbes.com/account,hard,0,0.925,1,www.forbes.com,forbes.com,com,www,30.0,14.0,0.0,1.0,1.0,1.0,0.2,0.0,0.0,0.0,0.0,0.0,8.0,1.0,0.3333333333333333
https://secure-user-billing-paypal-support-official-now-info.club/verify/session.php?token=352b6a6c37df,hard,1,1.0,1,secure-user-billing-paypal-support-official-now-info.club,secure-user-billing-paypal-support-official-now-info.club,club,,103.0,57.0,0.0,0.0,1.0,1.0,0.1553398058252427,0.06796116504854369,0.0,0.0,1.0,7.0,37.0,0.0,0.4
https://login-chase72.confirm.work/index.php?id=9579,hard,1,1.0,1,login-chase72.confirm.work,confirm.work,work,login-chase72,52.0,26.0,0.0,1.0,1.0,1.0,0.19230769230769232,0.11538461538461539,0.0,1.0,0.0,1.0,17.0,0.0,0.2857142857142857
https://chase.com/pull/2031,hard,0,1.0,1,chase.com,chase.com,com,,27.0,9.0,0.0,0.0,1.0,0.0,0.2222222222222222,0.14814814814814814,0.0,0.0,0.0,0.0,10.0,1.0,0.4
https://www.europa.eu/dashboard,hard,0,1.0,1,www.europa.eu,europa.eu,eu,www,31.0,13.0,0.0,1.0,1.0,0.0,0.1935483870967742,0.0,0.0,0.0,0.0,0.0,10.0,0.0,0.6666666666666666
https://twitter.com/health,hard,0,0.975,1,twitter.com,twitter.com,com,,26.0,11.0,0.0,0.0,1.0,0.0,0.19230769230769232,0.0,0.0,0.0,0.0,0.0,7.0,1.0,0.2857142857142857
https://en.wikipedia.org/pricing,hard,0,0.95,1,en.wikipedia.org,wikipedia.org,org,en,32.0,16.0,0.0,1.0,1.0,0.0,0.1875,0.0,0.0,0.0,0.0,0.0,8.0,1.0,0.5555555555555556
https://www.coursera.org/profile,hard,0,1.0,1,www.coursera.org,coursera.org,org,www,32.0,16.0,0.0,1.0,1.0,0.0,0.1875,0.0,0.0,0.0,0.0,0.0,8.0,0.0,0.5
https://docker.com/downloads/latest,hard,0,0.975,1,docker.com,docker.com,com,,35.0,10.0,0.0,0.0,1.0,0.0,0.17142857142857143,0.0,0.0,0.0,0.0,0.0,17.0,1.0,0.3333333333333333
https://www-usps335.crypto.men/login,hard,1,0.9892023685127134,1,www-usps335.crypto.men,crypto.men,men,www-usps335,36.0,22.0,0.0,1.0,1.0,1.0,0.19444444444444445,0.08333333333333333,0.0,0.0,0.0,1.0,6.0,0.0,0.16666666666666666
https://www.quora.com,hard,0,0.006799924832852654,0,www.quora.com,quora.com,com,www,21.0,13.0,0.0,1.0,1.0,0.0,0.23809523809523808,0.0,0.0,0.0,0.0,0.0,0.0,0.0,0.6
https://www.apple.com/questions/12345/how-to-parse-json,hard,0,1.0,1,www.apple.com,apple.com,com,www,55.0,13.0,0.0,1.0,1.0,0.0,0.2,0.09090909090909091,0.0,0.0,0.0,0.0,34.0,1.0,0.4
https://www.shopify.com/technology,hard,0,1.0,1,www.shopify.com,shopify.com,com,www,34.0,15.0,0.0,1.0,1.0,0.0,0.17647058823529413,0.0,0.0,0.0,0.0,0.0,11.0,0.0,0.2857142857142857
http://linkedin-invoice.xyz/secure/login,hard,1,1.0,1,linkedin-invoice.xyz,linkedin-invoice.xyz,xyz,,40.0,20.0,0.0,0.0,0.0,1.0,0.175,0.0,0.0,1.0,1.0,1.0,13.0,0.0,0.4666666666666667
https://www.zoom.us/features,hard,0,1.0,1,www.zoom.us,zoom.us,us,www,28.0,11.0,0.0,1.0,1.0,0.0,0.21428571428571427,0.0,0.0,0.0,0.85,0.0,9.0,0.0,0.5
https://wired.com/signin,hard,0,1.0,1,wired.com,wired.com,com,,24.0,9.0,0.0,0.0,1.0,1.0,0.20833333333333334,0.0,0.0,0.0,0.0,0.0,7.0,0.0,0.4
https://amazon.com/download,hard,0,0.975,1,amazon.com,amazon.com,com,,27.0,10.0,0.0,0.0,1.0,0.0,0.18518518518518517,0.0,0.0,0.0,0.0,0.0,9.0,1.0,0.5
https://www.khanacademy.org/features,hard,0,1.0,1,www.khanacademy.org,khanacademy.org,org,www,36.0,19.0,0.0,1.0,1.0,0.0,0.16666666666666666,0.0,0.0,0.0,0.0,0.0,9.0,0.0,0.36363636363636365
https://www.dropbox.com/signin,hard,0,0.925,1,www.dropbox.com,dropbox.com,com,www,30.0,15.0,0.0,1.0,1.0,1.0,0.2,0.0,0.0,0.0,0.0,0.0,7.0,1.0,0.2857142857142857
https://grubhub.com/api/v2/products?page=2,hard,0,1.0,1,grubhub.com,grubhub.com,com,,42.0,11.0,0.0,0.0,1.0,0.0,0.21428571428571427,0.047619047619047616,0.0,0.0,0.0,0.0,22.0,0.0,0.2857142857142857
https://cnn.com/api/v2/products?page=2,hard,0,1.0,1,cnn.com,cnn.com,com,,38.0,7.0,0.0,0.0,1.0,0.0,0.23684210526315788,0.05263157894736842,0.0,0.0,0.0,0.0,22.0,1.0,0.0
http://bankofamerica-account.club/reset-password,hard,1,1.0,1,bankofamerica-account.club,bankofamerica-account.club,club,,48.0,26.0,0.0,0.0,0.0,1.0,0.14583333333333334,0.0,0.0,0.0,1.0,1.0,15.0,0.0,0.45
https://www.twitch.tv/health,hard,0,1.0,1,www.twitch.tv,twitch.tv,tv,www,28.0,13.0,0.0,1.0,1.0,0.0,0.21428571428571427,0.0,0.0,0.0,0.0,0.0,7.0,0.0,0.16666666666666666
https://www.intel.com/repos/example/project,hard,0,1.0,1,www.intel.com,intel.com,com,www,43.0,13.0,0.0,1.0,1.0,0.0,0.18604651162790697,0.0,0.0,0.0,0.0,0.0,22.0,0.0,0.4
https://nvidia.com/contact,hard,0,1.0,1,nvidia.com,nvidia.com,com,,26.0,10.0,0.0,0.0,1.0,0.0,0.19230769230769232,0.0,0.0,0.0,0.0,0.0,8.0,0.0,0.5
https://auth.microsoft.com.auth-portal.cf,hard,1,0.7270317098607773,1,auth.microsoft.com.auth-portal.cf,auth-portal.cf,cf,auth.microsoft.com,41.0,33.0,0.0,3.0,1.0,0.0,0.1951219512195122,0.0,0.0,1.0,1.0,1.0,0.0,0.0,0.4
https://www.facebook.com/careers,hard,0,0.95,1,www.facebook.com,facebook.com,com,www,32.0,16.0,0.0,1.0,1.0,0.0,0.1875,0.0,0.0,0.0,0.0,0.0,8.0,1.0,0.5
https://nasa.gov/products,hard,0,1.0,1,nasa.gov,nasa.gov,gov,,25.0,8.0,0.0,0.0,1.0,0.0,0.2,0.0,0.0,0.0,0.0,0.0,9.0,0.0,0.5
https://netflix-invoice-wallet.xyz/signin,hard,1,1.0,1,netflix-invoice-wallet.xyz,netflix-invoice-wallet.xyz,xyz,,41.0,26.0,0.0,0.0,1.0,1.0,0.17073170731707318,0.0,0.0,1.0,1.0,2.0,7.0,0.0,0.4
https://youtube.com/help,hard,0,0.975,1,youtube.com,youtube.com,com,,24.0,11.0,0.0,0.0,1.0,0.0,0.20833333333333334,0.0,0.0,0.0,0.0,0.0,5.0,1.0,0.5714285714285714
https://www.oracle.com/blog/2025/new-features,hard,0,1.0,1,www.oracle.com,oracle.com,com,www,45.0,14.0,0.0,1.0,1.0,0.0,0.2,0.08888888888888889,0.0,0.0,0.0,0.0,23.0,0.0,0.5
https://developer.mozilla.org/about,hard,0,0.95,1,developer.mozilla.org,mozilla.org,org,developer,35.0,21.0,0.0,1.0,1.0,0.0,0.17142857142857143,0.0,0.0,0.0,0.0,0.0,6.0,1.0,0.42857142857142855
https://en.wikipedia.org/playlist?list=PL12345,hard,0,1.0,1,en.wikipedia.org,wikipedia.org,org,en,46.0,16.0,0.0,1.0,1.0,0.0,0.17391304347826086,0.10869565217391304,0.0,0.0,0.0,0.0,21.0,1.0,0.5555555555555556
https://wsj.com/,hard,0,1.0,1,wsj.com,wsj.com,com,,16.0,7.0,0.0,0.0,1.0,0.0,0.3125,0.0,0.0,0.0,0.0,0.0,1.0,0.0,0.0
https://arnazon.com/verify,hard,1,1.0,1,arnazon.com,arnazon.com,com,,26.0,11.0,0.0,0.0,1.0,1.0,0.19230769230769232,0.0,0.0,0.0,0.0,0.0,7.0,0.0,0.42857142857142855
https://mycitibank-citibank600.login.net/support/ticket,hard,1,1.0,1,mycitibank-citibank600.login.net,login.net,net,mycitibank-citibank600,55.0,32.0,0.0,1.0,1.0,1.0,0.14545454545454545,0.05454545454545454,0.0,0.0,0.0,1.0,15.0,0.0,0.4
https://gitlab.com/order/confirmation/778213,hard,0,1.0,1,gitlab.com,gitlab.com,com,,44.0,10.0,0.0,0.0,1.0,0.0,0.1590909090909091,0.13636363636363635,0.0,0.0,0.0,0.0,26.0,0.0,0.3333333333333333
https://walmart.com/reference/functions.html,hard,0,1.0,1,walmart.com,walmart.com,com,,44.0,11.0,0.0,0.0,1.0,0.0,0.1590909090909091,0.0,0.0,0.0,0.0,0.0,25.0,1.0,0.2857142857142857
https://www.americanexpress.com/releases/tag/v2.3.1,hard,0,1.0,1,www.americanexpress.com,americanexpress.com,com,www,51.0,23.0,0.0,1.0,1.0,0.0,0.19607843137254902,0.058823529411764705,0.0,0.0,0.0,0.0,20.0,0.0,0.4
https://login-usps684.bank.gq/session/renew?token=abc1a3b05dfaa35b,hard,1,1.0,1,login-usps684.bank.gq,bank.gq,gq,login-usps684,66.0,21.0,0.0,1.0,1.0,1.0,0.15151515151515152,0.13636363636363635,0.0,1.0,0.0,1.0,36.0,0.0,0.25
https://www.oracle.com/checkout,hard,0,1.0,1,www.oracle.com,oracle.com,com,www,31.0,14.0,0.0,1.0,1.0,0.0,0.1935483870967742,0.0,0.0,0.0,0.0,0.0,9.0,0.0,0.5
https://uber.com/search,hard,0,1.0,1,uber.com,uber.com,com,,23.0,8.0,0.0,0.0,1.0,0.0,0.21739130434782608,0.0,0.0,0.0,0.0,0.0,7.0,0.0,0.5
http://www.nvidia.com/settings,hard,0,1.0,1,www.nvidia.com,nvidia.com,com,www,30.0,14.0,0.0,1.0,0.0,0.0,0.2,0.0,0.0,0.0,0.0,0.0,9.0,0.0,0.5
https://target.com/news/technology,hard,0,1.0,1,target.com,target.com,com,,34.0,10.0,0.0,0.0,1.0,0.0,0.17647058823529413,0.0,0.0,0.0,0.0,0.0,16.0,0.0,0.3333333333333333
https://grubhub.com/checkout,hard,0,1.0,1,grubhub.com,grubhub.com,com,,28.0,11.0,0.0,0.0,1.0,0.0,0.17857142857142858,0.0,0.0,0.0,0.0,0.0,9.0,0.0,0.2857142857142857
https://www.nytimes.com/search,hard,0,1.0,1,www.nytimes.com,nytimes.com,com,www,30.0,15.0,0.0,1.0,1.0,0.0,0.2,0.0,0.0,0.0,0.0,0.0,7.0,0.0,0.2857142857142857
https://reuters.com/about,hard,0,1.0,1,reuters.com,reuters.com,com,,25.0,11.0,0.0,0.0,1.0,0.0,0.2,0.0,0.0,0.0,0.0,0.0,6.0,0.0,0.42857142857142855
https://www.hsbc.com/checkout,hard,0,1.0,1,www.hsbc.com,hsbc.com,com,www,29.0,12.0,0.0,1.0,1.0,0.0,0.20689655172413793,0.0,0.0,0.0,0.0,0.0,9.0,0.0,0.0
http://fedex-verify.xyz/support/ticket,hard,1,1.0,1,fedex-verify.xyz,fedex-verify.xyz,xyz,,38.0,16.0,0.0,0.0,0.0,1.0,0.18421052631578946,0.0,0.0,1.0,1.0,1.0,15.0,0.0,0.36363636363636365
https://www.lyft.com/docs/api,hard,0,0.9750209884722529,1,www.lyft.com,lyft.com,com,www,29.0,12.0,0.0,1.0,1.0,0.0,0.2413793103448276,0.0,0.0,0.0,0.0,0.0,9.0,0.0,0.0
https://www.walmart.com/docs/getting-started,hard,0,1.0,1,www.walmart.com,walmart.com,com,www,44.0,15.0,0.0,1.0,1.0,0.0,0.18181818181818182,0.0,0.0,0.0,0.0,0.0,21.0,1.0,0.2857142857142857
https://1inkedin.com/verify-account,hard,1,0.975,1,1inkedin.com,1inkedin.com,com,,35.0,12.0,0.0,0.0,1.0,1.0,0.17142857142857143,0.02857142857142857,0.0,0.0,0.0,0.0,15.0,1.0,0.42857142857142855
https://uber.com/order/confirmation/778213,hard,0,1.0,1,uber.com,uber.com,com,,42.0,8.0,0.0,0.0,1.0,0.0,0.16666666666666666,0.14285714285714285,0.0,0.0,0.0,0.0,26.0,0.0,0.5
https://citibank-support-bank.net/signin,hard,1,1.0,1,citibank-support-bank.net,citibank-support-bank.net,net,,40.0,25.0,0.0,0.0,1.0,1.0,0.175,0.0,0.0,0.0,0.0,2.0,7.0,0.0,0.3157894736842105
https://www.techcrunch.com/forum,hard,0,1.0,1,www.techcrunch.com,techcrunch.com,com,www,32.0,18.0,0.0,1.0,1.0,0.0,0.1875,0.0,0.0,0.0,0.0,0.0,6.0,0.0,0.2
https://www.citi.com/blog,hard,0,1.0,1,www.citi.com,citi.com,com,www,25.0,12.0,0.0,1.0,1.0,0.0,0.24,0.0,0.0,0.0,0.0,0.0,5.0,0.0,0.5
http://irs-password-reset.work/login.php,hard,1,1.0,1,irs-password-reset.work,irs-password-reset.work,work,,40.0,23.0,0.0,0.0,0.0,1.0,0.2,0.0,0.0,1.0,0.0,2.0,10.0,0.0,0.3125
https://www.bankofamerica.com/docs,hard,0,0.975,1,www.bankofamerica.com,bankofamerica.com,com,www,34.0,21.0,0.0,1.0,1.0,0.0,0.17647058823529413,0.0,0.0,0.0,0.0,0.0,5.0,1.0,0.46153846153846156
https://www.twitch.tv/help,hard,0,1.0,1,www.twitch.tv,twitch.tv,tv,www,26.0,13.0,0.0,1.0,1.0,0.0,0.23076923076923078,0.0,0.0,0.0,0.0,0.0,5.0,0.0,0.16666666666666666
https://coinbase-confirm-authenticate.online/account/update,hard,1,1.0,1,coinbase-confirm-authenticate.online,coinbase-confirm-authenticate.online,online,,59.0,36.0,0.0,0.0,1.0,1.0,0.13559322033898305,0.0,0.0,1.0,1.0,2.0,15.0,0.0,0.4444444444444444
http://fedex-suspended.win/verify-account,hard,1,1.0,1,fedex-suspended.win,fedex-suspended.win,win,,41.0,19.0,0.0,0.0,0.0,1.0,0.17073170731707318,0.0,0.0,0.0,1.0,1.0,15.0,0.0,0.35714285714285715
https://secure-americanexpress237.crypto.top/secure/login,hard,1,1.0,1,secure-americanexpress237.crypto.top,crypto.top,top,secure-americanexpress237,57.0,36.0,0.0,1.0,1.0,1.0,0.14035087719298245,0.05263157894736842,0.0,1.0,0.0,1.0,13.0,0.0,0.16666666666666666
https://www.forbes.com/tree/main/src,hard,0,0.975,1,www.forbes.com,forbes.com,com,www,36.0,14.0,0.0,1.0,1.0,0.0,0.2222222222222222,0.0,0.0,0.0,0.0,0.0,14.0,1.0,0.3333333333333333
http://dropbox-secure.club/signin,hard,1,1.0,1,dropbox-secure.club,dropbox-secure.club,club,,33.0,19.0,0.0,0.0,0.0,1.0,0.18181818181818182,0.0,0.0,0.0,1.0,1.0,7.0,0.0,0.38461538461538464
https://www.atlassian.com/account,hard,0,1.0,1,www.atlassian.com,atlassian.com,com,www,33.0,17.0,0.0,1.0,1.0,1.0,0.18181818181818182,0.0,0.0,0.0,0.0,0.0,8.0,0.0,0.4444444444444444
https://secure-login.amazon.com.auth-portal.cf,hard,1,0.7849590063984087,1,secure-login.amazon.com.auth-portal.cf,auth-portal.cf,cf,secure-login.amazon.com,46.0,38.0,0.0,3.0,1.0,1.0,0.1956521739130435,0.0,0.0,1.0,1.0,2.0,0.0,0.0,0.4
https://theguardian.com/repos/example/project,hard,0,1.0,1,theguardian.com,theguardian.com,com,,45.0,15.0,0.0,0.0,1.0,0.0,0.15555555555555556,0.0,0.0,0.0,0.0,0.0,22.0,0.0,0.45454545454545453
https://open.spotify.com/search?q=python+tutorial,hard,0,1.0,1,open.spotify.com,spotify.com,com,open,49.0,16.0,0.0,1.0,1.0,0.0,0.1836734693877551,0.0,0.0,0.0,0.0,0.0,24.0,1.0,0.2857142857142857
https://www.who.int/blog,hard,0,1.0,1,www.who.int,who.int,int,www,24.0,11.0,0.0,1.0,1.0,0.0,0.25,0.0,0.0,0.0,0.0,0.0,5.0,0.0,0.3333333333333333
https://www.dropbox.com/en-us/library,hard,0,0.975,1,www.dropbox.com,dropbox.com,com,www,37.0,15.0,0.0,1.0,1.0,0.0,0.21621621621621623,0.0,0.0,0.0,0.0,0.0,14.0,1.0,0.2857142857142857
https://azure.microsoft.com/item/98213,hard,0,1.0,1,azure.microsoft.com,microsoft.com,com,azure,38.0,19.0,0.0,1.0,1.0,0.0,0.18421052631578946,0.13157894736842105,0.0,0.0,0.0,0.0,11.0,1.0,0.3333333333333333
https://paypal.com/api/v1/users,hard,0,0.975,1,paypal.com,paypal.com,com,,31.0,10.0,0.0,0.0,1.0,0.0,0.22580645161290322,0.03225806451612903,0.0,0.0,0.0,0.0,13.0,1.0,0.3333333333333333
https://www.techcrunch.com/docs,hard,0,1.0,1,www.techcrunch.com,techcrunch.com,com,www,31.0,18.0,0.0,1.0,1.0,0.0,0.1935483870967742,0.0,0.0,0.0,0.0,0.0,5.0,0.0,0.2
https://www.trello.com/blog,hard,0,1.0,1,www.trello.com,trello.com,com,www,27.0,14.0,0.0,1.0,1.0,0.0,0.2222222222222222,0.0,0.0,0.0,0.0,0.0,5.0,0.0,0.3333333333333333
https://www.europa.eu/shop/category/laptops,hard,0,1.0,1,www.europa.eu,europa.eu,eu,www,43.0,13.0,0.0,1.0,1.0,0.0,0.18604651162790697,0.0,0.0,0.0,0.0,0.0,22.0,0.0,0.6666666666666666
https://signin.facebook.com.user-verify.tk,hard,1,0.8173488055578921,1,signin.facebook.com.user-verify.tk,user-verify.tk,tk,signin.facebook.com,42.0,34.0,0.0,3.0,1.0,1.0,0.19047619047619047,0.0,0.0,1.0,1.0,1.0,0.0,0.0,0.4
https://center-user-update-info-secure-billing-confirm.click/secure/index.html,hard,1,1.0,1,center-user-update-info-secure-billing-confirm.click,center-user-update-info-secure-billing-confirm.click,click,,78.0,52.0,0.0,0.0,1.0,1.0,0.16666666666666666,0.0,0.0,1.0,0.0,6.0,18.0,0.0,0.4
https://coinbase-secure-invoice.top/verify-account,hard,1,1.0,1,coinbase-secure-invoice.top,coinbase-secure-invoice.top,top,,50.0,27.0,0.0,0.0,1.0,1.0,0.16,0.0,0.0,1.0,1.0,2.0,15.0,0.0,0.5238095238095238
https://harvard.edu/privacy,hard,0,1.0,1,harvard.edu,harvard.edu,edu,,27.0,11.0,0.0,0.0,1.0,0.0,0.18518518518518517,0.0,0.0,0.0,0.0,0.0,8.0,0.0,0.2857142857142857
http://binance-reactivate.loan/reset-password,hard,1,1.0,1,binance-reactivate.loan,binance-reactivate.loan,loan,,45.0,23.0,0.0,0.0,0.0,1.0,0.15555555555555556,0.0,0.0,1.0,0.0,1.0,15.0,0.0,0.47058823529411764
https://citibank.com/wiki/Main_Page,hard,0,1.0,1,citibank.com,citibank.com,com,,35.0,12.0,0.0,0.0,1.0,0.0,0.2,0.0,0.0,0.0,0.0,0.0,15.0,0.0,0.375
https://www.gitlab.com/technology,hard,0,1.0,1,www.gitlab.com,gitlab.com,com,www,33.0,14.0,0.0,1.0,1.0,0.0,0.18181818181818182,0.0,0.0,0.0,0.0,0.0,11.0,0.0,0.3333333333333333
https://chase.com/wiki,hard,0,1.0,1,chase.com,chase.com,com,,22.0,9.0,0.0,0.0,1.0,0.0,0.22727272727272727,0.0,0.0,0.0,0.0,0.0,5.0,1.0,0.4
http://coinbase-confirm.tk/index.php?id=16180,hard,1,1.0,1,coinbase-confirm.tk,coinbase-confirm.tk,tk,,45.0,19.0,0.0,0.0,0.0,0.0,0.2,0.1111111111111111,0.0,1.0,1.0,1.0,18.0,0.0,0.4
https://www.trello.com/science,hard,0,1.0,1,www.trello.com,trello.com,com,www,30.0,14.0,0.0,1.0,1.0,0.0,0.2,0.0,0.0,0.0,0.0,0.0,8.0,0.0,0.3333333333333333
https://www.hsbc.com/help,hard,0,0.9750209884722529,1,www.hsbc.com,hsbc.com,com,www,25.0,12.0,0.0,1.0,1.0,0.0,0.24,0.0,0.0,0.0,0.0,0.0,5.0,0.0,0.0
https://wordpress.com/repos/example/project,hard,0,1.0,1,wordpress.com,wordpress.com,com,,43.0,13.0,0.0,0.0,1.0,0.0,0.16279069767441862,0.0,0.0,0.0,0.0,0.0,22.0,0.0,0.2222222222222222
https://www.forbes.com/features,hard,0,0.95,1,www.forbes.com,forbes.com,com,www,31.0,14.0,0.0,1.0,1.0,0.0,0.1935483870967742,0.0,0.0,0.0,0.0,0.0,9.0,1.0,0.3333333333333333
https://service-portal-info-now-user-identity-official-center.gq/secure/index.html,hard,1,1.0,1,service-portal-info-now-user-identity-official-center.gq,service-portal-info-now-user-identity-official-center.gq,gq,,82.0,56.0,0.0,0.0,1.0,1.0,0.17073170731707318,0.0,0.0,1.0,0.0,7.0,18.0,0.0,0.41304347826086957
https://www.gov.uk/playlist?list=PL12345,hard,0,1.0,1,www.gov.uk,www.gov.uk,uk,www,40.0,10.0,0.0,0.0,1.0,0.0,0.2,0.125,0.0,0.0,0.0,0.0,21.0,0.0,0.0
https://www.hsbc.com/news/technology,hard,0,1.0,1,www.hsbc.com,hsbc.com,com,www,36.0,12.0,0.0,1.0,1.0,0.0,0.19444444444444445,0.0,0.0,0.0,0.0,0.0,16.0,0.0,0.0
https://secure-login.dropbox.com.security-update.co,hard,1,0.6682229763498514,1,secure-login.dropbox.com.security-update.co,security-update.co,co,secure-login.dropbox.com,51.0,43.0,0.0,3.0,1.0,1.0,0.17647058823529413,0.0,0.0,0.0,1.0,2.0,0.0,0.0,0.42857142857142855
https://nytimes.com/support,hard,0,1.0,1,nytimes.com,nytimes.com,com,,27.0,11.0,0.0,0.0,1.0,0.0,0.18518518518518517,0.0,0.0,0.0,0.0,0.0,8.0,0.0,0.2857142857142857
http://www.cnn.com/news/technology,hard,0,1.0,1,www.cnn.com,cnn.com,com,www,34.0,11.0,0.0,1.0,0.0,0.0,0.20588235294117646,0.0,0.0,0.0,0.0,0.0,16.0,1.0,0.0
http://microsoft-bank.win/session/renew?token=8f8e43f1b9cd4eba,hard,1,1.0,1,microsoft-bank.win,microsoft-bank.win,win,,62.0,18.0,0.0,0.0,0.0,1.0,0.14516129032258066,0.11290322580645161,0.0,0.0,1.0,1.0,36.0,0.0,0.3076923076923077
https://yah00-account.com/confirm-identity,hard,1,1.0,1,yah00-account.com,yah00-account.com,com,,42.0,17.0,0.0,0.0,1.0,1.0,0.16666666666666666,0.047619047619047616,0.0,0.0,1.0,1.0,17.0,0.0,0.4
https://paypall.com/confirm-identity,hard,1,1.0,1,paypall.com,paypall.com,com,,36.0,11.0,0.0,0.0,1.0,0.0,0.16666666666666666,0.0,0.0,0.0,0.8571428571428571,0.0,17.0,0.0,0.2857142857142857
https://doordash.com/tree/main/src,hard,0,1.0,1,doordash.com,doordash.com,com,,34.0,12.0,0.0,0.0,1.0,0.0,0.20588235294117646,0.0,0.0,0.0,0.0,0.0,14.0,0.0,0.375
https://wired.com/library/3.12,hard,0,1.0,1,wired.com,wired.com,com,,30.0,9.0,0.0,0.0,1.0,0.0,0.23333333333333334,0.1,0.0,0.0,0.0,0.0,13.0,0.0,0.4
https://micros0ft-support.com/update-billing,hard,1,1.0,1,micros0ft-support.com,micros0ft-support.com,com,,44.0,21.0,0.0,0.0,1.0,1.0,0.1590909090909091,0.022727272727272728,0.0,0.0,1.0,1.0,15.0,0.0,0.26666666666666666
https://ebay.com/playlist?list=PL12345,hard,0,1.0,1,ebay.com,ebay.com,com,,38.0,8.0,0.0,0.0,1.0,0.0,0.18421052631578946,0.13157894736842105,0.0,0.0,0.0,0.0,21.0,1.0,0.5
https://bankofamerica.com/en-us/library,hard,0,1.0,1,bankofamerica.com,bankofamerica.com,com,,39.0,17.0,0.0,0.0,1.0,0.0,0.1794871794871795,0.0,0.0,0.0,0.0,0.0,14.0,1.0,0.46153846153846156
http://192.168.101.163:8080/login,hard,1,1.0,1,192.168.101.163,192.168.101.163,163,192.168,33.0,15.0,1.0,0.0,0.0,1.0,0.24242424242424243,0.48484848484848486,0.0,0.0,0.0,0.0,6.0,0.0,0.0
https://instagram.com/account,hard,0,0.975,1,instagram.com,instagram.com,com,,29.0,13.0,0.0,0.0,1.0,1.0,0.1724137931034483,0.0,0.0,0.0,0.0,0.0,8.0,1.0,0.3333333333333333
https://www.salesforce.com/search,hard,0,1.0,1,www.salesforce.com,salesforce.com,com,www,33.0,18.0,0.0,1.0,1.0,0.0,0.18181818181818182,0.0,0.0,0.0,0.0,0.0,7.0,0.0,0.4
https://amaz0n-secure.com/confirm-identity,hard,1,1.0,1,amaz0n-secure.com,amaz0n-secure.com,com,,42.0,17.0,0.0,0.0,1.0,1.0,0.16666666666666666,0.023809523809523808,0.0,0.0,1.0,1.0,17.0,0.0,0.45454545454545453
https://x.com/careers,hard,0,1.0,1,x.com,x.com,com,,21.0,5.0,0.0,0.0,1.0,0.0,0.23809523809523808,0.0,0.0,0.0,0.0,0.0,8.0,0.0,0.0
https://paypall.com/verify-account,hard,1,1.0,1,paypall.com,paypall.com,com,,34.0,11.0,0.0,0.0,1.0,1.0,0.17647058823529413,0.0,0.0,0.0,0.8571428571428571,0.0,15.0,0.0,0.2857142857142857
https://www.cnn.com/search,hard,0,0.925020988472253,1,www.cnn.com,cnn.com,com,www,26.0,11.0,0.0,1.0,1.0,0.0,0.23076923076923078,0.0,0.0,0.0,0.0,0.0,7.0,1.0,0.0
https://www.bestbuy.com/en-us/library,hard,0,1.0,1,www.bestbuy.com,bestbuy.com,com,www,37.0,15.0,0.0,1.0,1.0,0.0,0.21621621621621623,0.0,0.0,0.0,0.0,0.0,14.0,0.0,0.2857142857142857
https://harvard.edu/features/security,hard,0,1.0,1,harvard.edu,harvard.edu,edu,,37.0,11.0,0.0,0.0,1.0,0.0,0.16216216216216217,0.0,0.0,0.0,0.0,0.0,18.0,0.0,0.2857142857142857
https://center-service-confirm-info-update-account.work/verify/session.php?token=cd34eabebded,hard,1,1.0,1,center-service-confirm-info-update-account.work,center-service-confirm-info-update-account.work,work,,93.0,47.0,0.0,0.0,1.0,1.0,0.15053763440860216,0.021505376344086023,0.0,1.0,0.0,5.0,37.0,0.0,0.40540540540540543
https://www.youtube.com/pricing,hard,0,0.95,1,www.youtube.com,youtube.com,com,www,31.0,15.0,0.0,1.0,1.0,0.0,0.1935483870967742,0.0,0.0,0.0,0.0,0.0,8.0,1.0,0.5714285714285714
https://bankofamerica.com/health,hard,0,0.975,1,bankofamerica.com,bankofamerica.com,com,,32.0,17.0,0.0,0.0,1.0,0.0,0.15625,0.0,0.0,0.0,0.0,0.0,7.0,1.0,0.46153846153846156
https://www.docker.com/features,hard,0,0.95,1,www.docker.com,docker.com,com,www,31.0,14.0,0.0,1.0,1.0,0.0,0.1935483870967742,0.0,0.0,0.0,0.0,0.0,9.0,1.0,0.3333333333333333
https://open.spotify.com/account,hard,0,0.95,1,open.spotify.com,spotify.com,com,open,32.0,16.0,0.0,1.0,1.0,1.0,0.1875,0.0,0.0,0.0,0.0,0.0,8.0,1.0,0.2857142857142857
https://nytimes.com/careers,hard,0,1.0,1,nytimes.com,nytimes.com,com,,27.0,11.0,0.0,0.0,1.0,0.0,0.18518518518518517,0.0,0.0,0.0,0.0,0.0,8.0,0.0,0.2857142857142857
https://info-user-billing-identity-portal-now-update-service.tk/secure/index.html,hard,1,1.0,1,info-user-billing-identity-portal-now-update-service.tk,info-user-billing-identity-portal-now-update-service.tk,tk,,81.0,55.0,0.0,0.0,1.0,1.0,0.1728395061728395,0.0,0.0,1.0,0.0,7.0,18.0,0.0,0.4
https://bestbuy.com/blog/2025/new-features,hard,0,1.0,1,bestbuy.com,bestbuy.com,com,,42.0,11.0,0.0,0.0,1.0,0.0,0.19047619047619047,0.09523809523809523,0.0,0.0,0.0,0.0,23.0,0.0,0.2857142857142857
https://medium.com/api/v2/products?page=2,hard,0,1.0,1,medium.com,medium.com,com,,41.0,10.0,0.0,0.0,1.0,0.0,0.21951219512195122,0.04878048780487805,0.0,0.0,0.0,0.0,22.0,0.0,0.5
https://npr.org/library/3.12,hard,0,0.9994261999278239,1,npr.org,npr.org,org,,28.0,7.0,0.0,0.0,1.0,0.0,0.25,0.10714285714285714,0.0,0.0,0.0,0.0,13.0,0.0,0.0
https://wordpress.com/news/technology,hard,0,1.0,1,wordpress.com,wordpress.com,com,,37.0,13.0,0.0,0.0,1.0,0.0,0.16216216216216217,0.0,0.0,0.0,0.0,0.0,16.0,0.0,0.2222222222222222
https://reuters.com/sports,hard,0,1.0,1,reuters.com,reuters.com,com,,26.0,11.0,0.0,0.0,1.0,0.0,0.19230769230769232,0.0,0.0,0.0,0.0,0.0,7.0,0.0,0.42857142857142855
https://adobe.com/downloads/latest,hard,0,1.0,1,adobe.com,adobe.com,com,,34.0,9.0,0.0,0.0,1.0,0.0,0.17647058823529413,0.0,0.0,0.0,0.0,0.0,17.0,1.0,0.6
https://www.etsy.com/features/security,hard,0,1.0,1,www.etsy.com,etsy.com,com,www,38.0,12.0,0.0,1.0,1.0,0.0,0.18421052631578946,0.0,0.0,0.0,0.0,0.0,18.0,0.0,0.25
https://secure-login.amazon.com.login-secure.top,hard,1,0.8116740387981809,1,secure-login.amazon.com.login-secure.top,login-secure.top,top,secure-login.amazon.com,48.0,40.0,0.0,3.0,1.0,1.0,0.1875,0.0,0.0,1.0,1.0,2.0,0.0,0.0,0.45454545454545453
http://www.zoom.us/settings,hard,0,1.0,1,www.zoom.us,zoom.us,us,www,27.0,11.0,0.0,1.0,0.0,0.0,0.2222222222222222,0.0,0.0,0.0,0.85,0.0,9.0,0.0,0.5
https://apple.com/features,hard,0,1.0,1,apple.com,apple.com,com,,26.0,9.0,0.0,0.0,1.0,0.0,0.19230769230769232,0.0,0.0,0.0,0.0,0.0,9.0,1.0,0.4
https://en.wikipedia.org/community,hard,0,0.975,1,en.wikipedia.org,wikipedia.org,org,en,34.0,16.0,0.0,1.0,1.0,0.0,0.17647058823529413,0.0,0.0,0.0,0.0,0.0,10.0,1.0,0.5555555555555556
https://g00gle-security.com/auth/validate?user=830231,hard,1,1.0,1,g00gle-security.com,g00gle-security.com,com,,53.0,19.0,0.0,0.0,1.0,0.0,0.16981132075471697,0.1509433962264151,0.0,0.0,1.0,1.0,25.0,0.0,0.3333333333333333
https://www.pypi.org/forum,hard,0,1.0,1,www.pypi.org,pypi.org,org,www,26.0,12.0,0.0,1.0,1.0,0.0,0.23076923076923078,0.0,0.0,0.0,0.0,0.0,6.0,0.0,0.25
https://www-paypal704.billing.loan/update-billing,hard,1,1.0,1,www-paypal704.billing.loan,billing.loan,loan,www-paypal704,49.0,26.0,0.0,1.0,1.0,1.0,0.16326530612244897,0.061224489795918366,0.0,1.0,0.0,1.0,15.0,0.0,0.2857142857142857
https://update-info-paypal-secure-official-confirm.loan/verify/session.php?token=3b98315ac5bc,hard,1,1.0,1,update-info-paypal-secure-official-confirm.loan,update-info-paypal-secure-official-confirm.loan,loan,,93.0,47.0,0.0,0.0,1.0,1.0,0.15053763440860216,0.07526881720430108,0.0,1.0,1.0,5.0,37.0,0.0,0.43243243243243246
https://www.netflix.com/tree/main/src,hard,0,0.975,1,www.netflix.com,netflix.com,com,www,37.0,15.0,0.0,1.0,1.0,0.0,0.21621621621621623,0.0,0.0,0.0,0.0,0.0,14.0,1.0,0.2857142857142857
https://khanacademy.org/technology,hard,0,1.0,1,khanacademy.org,khanacademy.org,org,,34.0,15.0,0.0,0.0,1.0,0.0,0.14705882352941177,0.0,0.0,0.0,0.0,0.0,11.0,0.0,0.36363636363636365
https://www.zoom.us/download,hard,0,1.0,1,www.zoom.us,zoom.us,us,www,28.0,11.0,0.0,1.0,1.0,0.0,0.21428571428571427,0.0,0.0,0.0,0.85,0.0,9.0,0.0,0.5
https://bestbuy.com/repos/example/project,hard,0,1.0,1,bestbuy.com,bestbuy.com,com,,41.0,11.0,0.0,0.0,1.0,0.0,0.17073170731707318,0.0,0.0,0.0,0.0,0.0,22.0,0.0,0.2857142857142857
https://wellsfarg0.com/verify-account,hard,1,1.0,1,wellsfarg0.com,wellsfarg0.com,com,,37.0,14.0,0.0,0.0,1.0,1.0,0.16216216216216217,0.02702702702702703,0.0,0.0,0.0,0.0,15.0,0.0,0.2222222222222222
https://arnazon.com/confirm-identity,hard,1,1.0,1,arnazon.com,arnazon.com,com,,36.0,11.0,0.0,0.0,1.0,0.0,0.16666666666666666,0.0,0.0,0.0,0.0,0.0,17.0,0.0,0.42857142857142855
https://arnazon.com/verify-account,hard,1,1.0,1,arnazon.com,arnazon.com,com,,34.0,11.0,0.0,0.0,1.0,1.0,0.17647058823529413,0.0,0.0,0.0,0.0,0.0,15.0,0.0,0.42857142857142855
https://chase.com/downloads/latest,hard,0,1.0,1,chase.com,chase.com,com,,34.0,9.0,0.0,0.0,1.0,0.0,0.17647058823529413,0.0,0.0,0.0,0.0,0.0,17.0,1.0,0.4
https://kubernetes.io/news,hard,0,1.0,1,kubernetes.io,kubernetes.io,io,,26.0,13.0,0.0,0.0,1.0,0.0,0.19230769230769232,0.0,0.0,0.0,0.0,0.0,5.0,0.0,0.4
https://www.nih.gov/login,hard,0,0.9848786354690574,1,www.nih.gov,nih.gov,gov,www,25.0,11.0,0.0,1.0,1.0,1.0,0.24,0.0,0.0,0.0,0.0,0.0,6.0,0.0,0.3333333333333333
https://wikipedia.org/search,hard,0,0.975,1,wikipedia.org,wikipedia.org,org,,28.0,13.0,0.0,0.0,1.0,0.0,0.17857142857142858,0.0,0.0,0.0,0.0,0.0,7.0,1.0,0.5555555555555556
https://news.bbc.co.uk/products,hard,0,0.95,1,news.bbc.co.uk,bbc.co.uk,uk,news.bbc,31.0,14.0,0.0,1.0,1.0,0.0,0.22580645161290322,0.0,0.0,0.0,0.0,0.0,9.0,1.0,0.0
https://amazon-billing-reward.com/update-billing,hard,1,1.0,1,amazon-billing-reward.com,amazon-billing-reward.com,com,,48.0,25.0,0.0,0.0,1.0,1.0,0.16666666666666666,0.0,0.0,0.0,1.0,2.0,15.0,0.0,0.3684210526315789
http://microsoft-wallet.top/login,hard,1,0.9991265391225944,1,microsoft-wallet.top,microsoft-wallet.top,top,,33.0,20.0,0.0,0.0,0.0,1.0,0.18181818181818182,0.0,0.0,1.0,1.0,1.0,6.0,0.0,0.3333333333333333
https://open.spotify.com/signin,hard,0,0.95,1,open.spotify.com,spotify.com,com,open,31.0,16.0,0.0,1.0,1.0,1.0,0.1935483870967742,0.0,0.0,0.0,0.0,0.0,7.0,1.0,0.2857142857142857
https://secure-login.linkedin.com.user-verify.tk,hard,1,0.8059305525928776,1,secure-login.linkedin.com.user-verify.tk,user-verify.tk,tk,secure-login.linkedin.com,48.0,40.0,0.0,3.0,1.0,1.0,0.1875,0.0,0.0,1.0,1.0,2.0,0.0,0.0,0.4
https://www.paypal.com/order/confirmation/778213,hard,0,1.0,1,www.paypal.com,paypal.com,com,www,48.0,14.0,0.0,1.0,1.0,0.0,0.16666666666666666,0.125,0.0,0.0,0.0,0.0,26.0,1.0,0.3333333333333333
https://bestbuy.com/careers,hard,0,1.0,1,bestbuy.com,bestbuy.com,com,,27.0,11.0,0.0,0.0,1.0,0.0,0.18518518518518517,0.0,0.0,0.0,0.0,0.0,8.0,0.0,0.2857142857142857
https://www.apple.com/features/security,hard,0,1.0,1,www.apple.com,apple.com,com,www,39.0,13.0,0.0,1.0,1.0,0.0,0.1794871794871795,0.0,0.0,0.0,0.0,0.0,18.0,1.0,0.4
https://www.bestbuy.com/issues/1042,hard,0,1.0,1,www.bestbuy.com,bestbuy.com,com,www,35.0,15.0,0.0,1.0,1.0,0.0,0.2,0.11428571428571428,0.0,0.0,0.0,0.0,12.0,0.0,0.2857142857142857
https://www.nvidia.com/account,hard,0,0.975,1,www.nvidia.com,nvidia.com,com,www,30.0,14.0,0.0,1.0,1.0,1.0,0.2,0.0,0.0,0.0,0.0,0.0,8.0,0.0,0.5
https://bestbuy.com/pull/2031,hard,0,1.0,1,bestbuy.com,bestbuy.com,com,,29.0,11.0,0.0,0.0,1.0,0.0,0.20689655172413793,0.13793103448275862,0.0,0.0,0.0,0.0,10.0,0.0,0.2857142857142857
https://www.discord.com/library/3.12,hard,0,0.975,1,www.discord.com,discord.com,com,www,36.0,15.0,0.0,1.0,1.0,0.0,0.2222222222222222,0.08333333333333333,0.0,0.0,0.0,0.0,13.0,1.0,0.2857142857142857
https://wsj.com/api/v1/users,hard,0,1.0,1,wsj.com,wsj.com,com,,28.0,7.0,0.0,0.0,1.0,0.0,0.25,0.03571428571428571,0.0,0.0,0.0,0.0,13.0,0.0,0.0
https://www.cdc.gov/order/confirmation/778213,hard,0,1.0,1,www.cdc.gov,cdc.gov,gov,www,45.0,11.0,0.0,1.0,1.0,0.0,0.17777777777777778,0.13333333333333333,0.0,0.0,0.0,0.0,26.0,0.0,0.0
https://blogger.com/questions/12345/how-to-parse-json,hard,0,1.0,1,blogger.com,blogger.com,com,,53.0,11.0,0.0,0.0,1.0,0.0,0.18867924528301888,0.09433962264150944,0.0,0.0,0.0,0.0,34.0,0.0,0.2857142857142857
https://dropbox.com/search,hard,0,0.975,1,dropbox.com,dropbox.com,com,,26.0,11.0,0.0,0.0,1.0,0.0,0.19230769230769232,0.0,0.0,0.0,0.0,0.0,7.0,1.0,0.2857142857142857
https://www.github.com/profile,hard,0,0.95,1,www.github.com,github.com,com,www,30.0,14.0,0.0,1.0,1.0,0.0,0.2,0.0,0.0,0.0,0.0,0.0,8.0,1.0,0.3333333333333333
https://now-support-info-paypal-user-official.ml/secure/index.html,hard,1,1.0,1,now-support-info-paypal-user-official.ml,now-support-info-paypal-user-official.ml,ml,,66.0,40.0,0.0,0.0,1.0,1.0,0.18181818181818182,0.0,0.0,1.0,1.0,5.0,18.0,0.0,0.40625
https://shopify.com/science,hard,0,1.0,1,shopify.com,shopify.com,com,,27.0,11.0,0.0,0.0,1.0,0.0,0.18518518518518517,0.0,0.0,0.0,0.0,0.0,8.0,0.0,0.2857142857142857
https://etsy.com/api/v1/users,hard,0,1.0,1,etsy.com,etsy.com,com,,29.0,8.0,0.0,0.0,1.0,0.0,0.2413793103448276,0.034482758620689655,0.0,0.0,0.0,0.0,13.0,0.0,0.25
https://airbnb.com/products/electronics,hard,0,1.0,1,airbnb.com,airbnb.com,com,,39.0,10.0,0.0,0.0,1.0,0.0,0.15384615384615385,0.0,0.0,0.0,0.0,0.0,21.0,0.0,0.3333333333333333
https://secure-official-identity-confirm-team-verify-paypal-info.cf/secure/index.html,hard,1,1.0,1,secure-official-identity-confirm-team-verify-paypal-info.cf,secure-official-identity-confirm-team-verify-paypal-info.cf,cf,,85.0,59.0,0.0,0.0,1.0,1.0,0.16470588235294117,0.0,0.0,1.0,1.0,7.0,18.0,0.0,0.40816326530612246
https://dropb0x-share.com/account/update,hard,1,1.0,1,dropb0x-share.com,dropb0x-share.com,com,,40.0,17.0,0.0,0.0,1.0,1.0,0.175,0.025,0.0,0.0,1.0,1.0,15.0,0.0,0.2727272727272727
https://docker.com/sports,hard,0,0.975,1,docker.com,docker.com,com,,25.0,10.0,0.0,0.0,1.0,0.0,0.2,0.0,0.0,0.0,0.0,0.0,7.0,1.0,0.3333333333333333
http://netflix-authenticate.top/verify,hard,1,1.0,1,netflix-authenticate.top,netflix-authenticate.top,top,,38.0,24.0,0.0,0.0,0.0,1.0,0.15789473684210525,0.0,0.0,1.0,1.0,1.0,7.0,0.0,0.42105263157894735
https://facebook.com/blog,hard,0,0.975,1,facebook.com,facebook.com,com,,25.0,12.0,0.0,0.0,1.0,0.0,0.2,0.0,0.0,0.0,0.0,0.0,5.0,1.0,0.5
https://pinterest.com/wiki,hard,0,1.0,1,pinterest.com,pinterest.com,com,,26.0,13.0,0.0,0.0,1.0,0.0,0.19230769230769232,0.0,0.0,0.0,0.0,0.0,5.0,0.0,0.3333333333333333
https://billing-support-portal-paypal-confirm-update-identity-info.work/login/index.php?id=34169,hard,1,1.0,1,billing-support-portal-paypal-confirm-update-identity-info.work,billing-support-portal-paypal-confirm-update-identity-info.work,work,,96.0,63.0,0.0,0.0,1.0,1.0,0.16666666666666666,0.052083333333333336,0.0,1.0,1.0,7.0,24.0,0.0,0.35294117647058826
https://citibank-helpdesk-suspended.com/index.php?id=85012,hard,1,1.0,1,citibank-helpdesk-suspended.com,citibank-helpdesk-suspended.com,com,,58.0,31.0,0.0,0.0,1.0,0.0,0.1724137931034483,0.08620689655172414,0.0,0.0,0.0,2.0,18.0,0.0,0.32
https://user-official-center-update-service-secure.com/verify/session.php?token=e3211ca241e1,hard,1,1.0,1,user-official-center-update-service-secure.com,user-official-center-update-service-secure.com,com,,92.0,46.0,0.0,0.0,1.0,1.0,0.15217391304347827,0.08695652173913043,0.0,0.0,0.0,5.0,37.0,0.0,0.4594594594594595
http://binance-suspended.club/index.php?id=21431,hard,1,1.0,1,binance-suspended.club,binance-suspended.club,club,,48.0,22.0,0.0,0.0,0.0,0.0,0.1875,0.10416666666666667,0.0,0.0,0.0,1.0,18.0,0.0,0.375
https://uber.com/settings,hard,0,1.0,1,uber.com,uber.com,com,,25.0,8.0,0.0,0.0,1.0,0.0,0.2,0.0,0.0,0.0,0.0,0.0,9.0,0.0,0.5
https://wsj.com/login,hard,0,1.0,1,wsj.com,wsj.com,com,,21.0,7.0,0.0,0.0,1.0,1.0,0.23809523809523808,0.0,0.0,0.0,0.0,0.0,6.0,0.0,0.0
https://mozilla.org/account,hard,0,0.975,1,mozilla.org,mozilla.org,org,,27.0,11.0,0.0,0.0,1.0,1.0,0.18518518518518517,0.0,0.0,0.0,0.0,0.0,8.0,1.0,0.42857142857142855
https://www.salesforce.com/shop/category/laptops,hard,0,1.0,1,www.salesforce.com,salesforce.com,com,www,48.0,18.0,0.0,1.0,1.0,0.0,0.16666666666666666,0.0,0.0,0.0,0.0,0.0,22.0,0.0,0.4
http://usps-support.click/auth/validate?user=803679,hard,1,1.0,1,usps-support.click,usps-support.click,click,,51.0,18.0,0.0,0.0,0.0,0.0,0.17647058823529413,0.11764705882352941,0.0,1.0,0.85,1.0,25.0,0.0,0.2727272727272727
https://twitter.com/sports,hard,0,0.975,1,twitter.com,twitter.com,com,,26.0,11.0,0.0,0.0,1.0,0.0,0.19230769230769232,0.0,0.0,0.0,0.0,0.0,7.0,1.0,0.2857142857142857
https://www.edx.org/search?q=python+tutorial,hard,0,1.0,1,www.edx.org,edx.org,org,www,44.0,11.0,0.0,1.0,1.0,0.0,0.20454545454545456,0.0,0.0,0.0,0.0,0.0,24.0,0.0,0.3333333333333333
https://coinbase-invoice-password-reset.ml/index.php?id=60133,hard,1,1.0,1,coinbase-invoice-password-reset.ml,coinbase-invoice-password-reset.ml,ml,,61.0,34.0,0.0,0.0,1.0,1.0,0.18032786885245902,0.08196721311475409,0.0,1.0,1.0,3.0,18.0,0.0,0.42857142857142855
https://azure.microsoft.com/signin,hard,0,0.97255026058704,1,azure.microsoft.com,microsoft.com,com,azure,34.0,19.0,0.0,1.0,1.0,1.0,0.17647058823529413,0.0,0.0,0.0,0.0,0.0,7.0,1.0,0.3333333333333333
https://id-confirm.google.com.signin-support.online,hard,1,0.845097755695526,1,id-confirm.google.com.signin-support.online,signin-support.online,online,id-confirm.google.com,51.0,43.0,0.0,3.0,1.0,1.0,0.17647058823529413,0.0,0.0,1.0,1.0,2.0,0.0,0.0,0.3076923076923077
https://booking.com/products,hard,0,1.0,1,booking.com,booking.com,com,,28.0,11.0,0.0,0.0,1.0,0.0,0.17857142857142858,0.0,0.0,0.0,0.0,0.0,9.0,0.0,0.42857142857142855
https://uber.com/business,hard,0,1.0,1,uber.com,uber.com,com,,25.0,8.0,0.0,0.0,1.0,0.0,0.2,0.0,0.0,0.0,0.0,0.0,9.0,0.0,0.5
https://www.wordpress.com/search,hard,0,1.0,1,www.wordpress.com,wordpress.com,com,www,32.0,17.0,0.0,1.0,1.0,0.0,0.1875,0.0,0.0,0.0,0.0,0.0,7.0,0.0,0.2222222222222222
https://target.com/item/98213,hard,0,0.9848354688410017,1,target.com,target.com,com,,29.0,10.0,0.0,0.0,1.0,0.0,0.20689655172413793,0.1724137931034483,0.0,0.0,0.0,0.0,11.0,0.0,0.3333333333333333
https://bankofamerica.com/careers,hard,0,0.975,1,bankofamerica.com,bankofamerica.com,com,,33.0,17.0,0.0,0.0,1.0,0.0,0.15151515151515152,0.0,0.0,0.0,0.0,0.0,8.0,1.0,0.46153846153846156
https://ibm.com/reference/functions.html,hard,0,1.0,1,ibm.com,ibm.com,com,,40.0,7.0,0.0,0.0,1.0,0.0,0.175,0.0,0.0,0.0,0.0,0.0,25.0,0.0,0.3333333333333333
https://steamcommunity.com/docs/api,hard,0,1.0,1,steamcommunity.com,steamcommunity.com,com,,35.0,18.0,0.0,0.0,1.0,0.0,0.17142857142857143,0.0,0.0,0.0,0.0,0.0,9.0,0.0,0.35714285714285715
https://mozilla.org/news/technology,hard,0,0.975,1,mozilla.org,mozilla.org,org,,35.0,11.0,0.0,0.0,1.0,0.0,0.17142857142857143,0.0,0.0,0.0,0.0,0.0,16.0,1.0,0.42857142857142855
https://www.trello.com/login,hard,0,1.0,1,www.trello.com,trello.com,com,www,28.0,14.0,0.0,1.0,1.0,1.0,0.21428571428571427,0.0,0.0,0.0,0.0,0.0,6.0,0.0,0.3333333333333333
https://netflix.com/tree/main/src,hard,0,0.975,1,netflix.com,netflix.com,com,,33.0,11.0,0.0,0.0,1.0,0.0,0.21212121212121213,0.0,0.0,0.0,0.0,0.0,14.0,1.0,0.2857142857142857
https://wellsfargo.com/api/v1/users,hard,0,1.0,1,wellsfargo.com,wellsfargo.com,com,,35.0,14.0,0.0,0.0,1.0,0.0,0.2,0.02857142857142857,0.0,0.0,0.0,0.0,13.0,0.0,0.3
https://fedex-password-reset-password-reset.loan/support/ticket,hard,1,1.0,1,fedex-password-reset-password-reset.loan,fedex-password-reset-password-reset.loan,loan,,63.0,40.0,0.0,0.0,1.0,1.0,0.15873015873015872,0.0,0.0,1.0,1.0,4.0,15.0,0.0,0.3225806451612903
https://netfl1x-billing.com/session/renew?token=728b126d9f3583ac,hard,1,1.0,1,netfl1x-billing.com,netfl1x-billing.com,com,,64.0,19.0,0.0,0.0,1.0,0.0,0.140625,0.1875,0.0,0.0,0.85,1.0,36.0,0.0,0.23076923076923078
https://kubernetes.io/watch?v=dQw4w9WgXcQ,hard,0,1.0,1,kubernetes.io,kubernetes.io,io,,41.0,13.0,0.0,0.0,1.0,0.0,0.17073170731707318,0.04878048780487805,0.0,0.0,0.0,0.0,19.0,0.0,0.4
https://developer.apple.com/news/technology,hard,0,1.0,1,developer.apple.com,apple.com,com,developer,43.0,19.0,0.0,1.0,1.0,0.0,0.16279069767441862,0.0,0.0,0.0,0.0,0.0,16.0,1.0,0.4
https://www.stackoverflow.com/pull/2031,hard,0,1.0,1,www.stackoverflow.com,stackoverflow.com,com,www,39.0,21.0,0.0,1.0,1.0,0.0,0.1794871794871795,0.10256410256410256,0.0,0.0,0.0,0.0,10.0,1.0,0.3076923076923077
https://grubhub.com/search?q=python+tutorial,hard,0,1.0,1,grubhub.com,grubhub.com,com,,44.0,11.0,0.0,0.0,1.0,0.0,0.18181818181818182,0.0,0.0,0.0,0.0,0.0,24.0,0.0,0.2857142857142857
https://www.pinterest.com/article/2025/06/12/world-news,hard,0,0.991148542253185,1,www.pinterest.com,pinterest.com,com,www,55.0,17.0,0.0,1.0,1.0,0.0,0.2,0.14545454545454545,0.0,0.0,0.0,0.0,30.0,0.0,0.3333333333333333
https://www.americanexpress.com/health,hard,0,1.0,1,www.americanexpress.com,americanexpress.com,com,www,38.0,23.0,0.0,1.0,1.0,0.0,0.15789473684210525,0.0,0.0,0.0,0.0,0.0,7.0,0.0,0.4
https://www.mit.edu/help,hard,0,1.0,1,www.mit.edu,mit.edu,edu,www,24.0,11.0,0.0,1.0,1.0,0.0,0.25,0.0,0.0,0.0,0.0,0.0,5.0,0.0,0.3333333333333333
https://www.atlassian.com/help,hard,0,1.0,1,www.atlassian.com,atlassian.com,com,www,30.0,17.0,0.0,1.0,1.0,0.0,0.2,0.0,0.0,0.0,0.0,0.0,5.0,0.0,0.4444444444444444
https://www.forbes.com/docs,hard,0,0.95,1,www.forbes.com,forbes.com,com,www,27.0,14.0,0.0,1.0,1.0,0.0,0.2222222222222222,0.0,0.0,0.0,0.0,0.0,5.0,1.0,0.3333333333333333
https://www.usa.gov/questions/12345/how-to-parse-json,hard,0,1.0,1,www.usa.gov,usa.gov,gov,www,53.0,11.0,0.0,1.0,1.0,0.0,0.20754716981132076,0.09433962264150944,0.0,0.0,0.0,0.0,34.0,0.0,0.6666666666666666
https://www.oracle.com/shop/category/laptops,hard,0,1.0,1,www.oracle.com,oracle.com,com,www,44.0,14.0,0.0,1.0,1.0,0.0,0.18181818181818182,0.0,0.0,0.0,0.0,0.0,22.0,0.0,0.5
https://doordash.com/api/v2/products?page=2,hard,0,1.0,1,doordash.com,doordash.com,com,,43.0,12.0,0.0,0.0,1.0,0.0,0.20930232558139536,0.046511627906976744,0.0,0.0,0.0,0.0,22.0,0.0,0.375
https://netflix.com/products,hard,0,0.975,1,netflix.com,netflix.com,com,,28.0,11.0,0.0,0.0,1.0,0.0,0.17857142857142858,0.0,0.0,0.0,0.0,0.0,9.0,1.0,0.2857142857142857
https://www.techcrunch.com/api/v2/products?page=2,hard,0,1.0,1,www.techcrunch.com,techcrunch.com,com,www,49.0,18.0,0.0,1.0,1.0,0.0,0.20408163265306123,0.04081632653061224,0.0,0.0,0.0,0.0,22.0,0.0,0.2
https://bitbucket.org/signin,hard,0,1.0,1,bitbucket.org,bitbucket.org,org,,28.0,13.0,0.0,0.0,1.0,1.0,0.17857142857142858,0.0,0.0,0.0,0.0,0.0,7.0,0.0,0.3333333333333333
https://dropbox-verify-confirm.com/verify,hard,1,1.0,1,dropbox-verify-confirm.com,dropbox-verify-confirm.com,com,,41.0,26.0,0.0,0.0,1.0,1.0,0.17073170731707318,0.0,0.0,0.0,1.0,2.0,7.0,0.0,0.3
https://www.atlassian.com/wiki,hard,0,1.0,1,www.atlassian.com,atlassian.com,com,www,30.0,17.0,0.0,1.0,1.0,0.0,0.2,0.0,0.0,0.0,0.0,0.0,5.0,0.0,0.4444444444444444
https://www.chase.com/help,hard,0,0.925,1,www.chase.com,chase.com,com,www,26.0,13.0,0.0,1.0,1.0,0.0,0.23076923076923078,0.0,0.0,0.0,0.0,0.0,5.0,1.0,0.4
http://60.30.252.65:443/wp-login.php,hard,1,1.0,1,60.30.252.65,60.30.252.65,65,60.30,36.0,12.0,1.0,0.0,0.0,1.0,0.2777777777777778,0.3333333333333333,0.0,0.0,0.0,0.0,13.0,0.0,0.0
https://www.apple.com/search?q=python+tutorial,hard,0,1.0,1,www.apple.com,apple.com,com,www,46.0,13.0,0.0,1.0,1.0,0.0,0.1956521739130435,0.0,0.0,0.0,0.0,0.0,24.0,1.0,0.4
https://github.com/user/johndoe,hard,0,0.975,1,github.com,github.com,com,,31.0,10.0,0.0,0.0,1.0,0.0,0.1935483870967742,0.0,0.0,0.0,0.0,0.0,13.0,1.0,0.3333333333333333
http://hsbc-login.club/auth/validate?user=77037,hard,1,1.0,1,hsbc-login.club,hsbc-login.club,club,,47.0,15.0,0.0,0.0,0.0,1.0,0.19148936170212766,0.10638297872340426,0.0,0.0,0.0,1.0,24.0,0.0,0.2222222222222222
https://khanacademy.org/wiki,hard,0,1.0,1,khanacademy.org,khanacademy.org,org,,28.0,15.0,0.0,0.0,1.0,0.0,0.17857142857142858,0.0,0.0,0.0,0.0,0.0,5.0,0.0,0.36363636363636365
https://cdc.gov/sports,hard,0,1.0,1,cdc.gov,cdc.gov,gov,,22.0,7.0,0.0,0.0,1.0,0.0,0.22727272727272727,0.0,0.0,0.0,0.0,0.0,7.0,0.0,0.0
https://www.americanexpress.com/features,hard,0,1.0,1,www.americanexpress.com,americanexpress.com,com,www,40.0,23.0,0.0,1.0,1.0,0.0,0.15,0.0,0.0,0.0,0.0,0.0,9.0,0.0,0.4
http://73.134.135.133:8080/admin/login.php,hard,1,1.0,1,73.134.135.133,73.134.135.133,133,73.134,42.0,14.0,1.0,0.0,0.0,1.0,0.23809523809523808,0.35714285714285715,0.0,0.0,0.0,0.0,16.0,0.0,0.0
https://youtube.com/news,hard,0,0.975,1,youtube.com,youtube.com,com,,24.0,11.0,0.0,0.0,1.0,0.0,0.20833333333333334,0.0,0.0,0.0,0.0,0.0,5.0,1.0,0.5714285714285714
https://paypa1.com/session/renew?token=c139cf578e3d4054,hard,1,1.0,1,paypa1.com,paypa1.com,com,,55.0,10.0,0.0,0.0,1.0,0.0,0.14545454545454545,0.21818181818181817,0.0,0.0,0.0,0.0,36.0,1.0,0.4
https://www.dropbox.com/reference/functions.html,hard,0,1.0,1,www.dropbox.com,dropbox.com,com,www,48.0,15.0,0.0,1.0,1.0,0.0,0.16666666666666666,0.0,0.0,0.0,0.0,0.0,25.0,1.0,0.2857142857142857
https://store.steampowered.com/features/security,hard,0,1.0,1,store.steampowered.com,steampowered.com,com,store,48.0,22.0,0.0,1.0,1.0,0.0,0.14583333333333334,0.0,0.0,0.0,0.0,0.0,18.0,0.0,0.4166666666666667
https://techcrunch.com/search,hard,0,1.0,1,techcrunch.com,techcrunch.com,com,,29.0,14.0,0.0,0.0,1.0,0.0,0.1724137931034483,0.0,0.0,0.0,0.0,0.0,7.0,0.0,0.2
https://www.cdc.gov/,hard,0,0.9811554707725847,1,www.cdc.gov,cdc.gov,gov,www,20.0,11.0,0.0,1.0,1.0,0.0,0.3,0.0,0.0,0.0,0.0,0.0,1.0,0.0,0.0
https://dropbox-alert-reactivate.cf/verify,hard,1,1.0,1,dropbox-alert-reactivate.cf,dropbox-alert-reactivate.cf,cf,,42.0,27.0,0.0,0.0,1.0,1.0,0.16666666666666666,0.0,0.0,1.0,1.0,2.0,7.0,0.0,0.4090909090909091
https://www.nih.gov/support,hard,0,1.0,1,www.nih.gov,nih.gov,gov,www,27.0,11.0,0.0,1.0,1.0,0.0,0.2222222222222222,0.0,0.0,0.0,0.0,0.0,8.0,0.0,0.3333333333333333
https://signin.google.com.auth-portal.cf,hard,1,0.8489099285294914,1,signin.google.com.auth-portal.cf,auth-portal.cf,cf,signin.google.com,40.0,32.0,0.0,3.0,1.0,1.0,0.2,0.0,0.0,1.0,1.0,1.0,0.0,0.0,0.4
http://mit.edu/technology,hard,0,1.0,1,mit.edu,mit.edu,edu,,25.0,7.0,0.0,0.0,0.0,0.0,0.2,0.0,0.0,0.0,0.0,0.0,11.0,0.0,0.3333333333333333
https://www.lyft.com/playlist?list=PL12345,hard,0,1.0,1,www.lyft.com,lyft.com,com,www,42.0,12.0,0.0,1.0,1.0,0.0,0.19047619047619047,0.11904761904761904,0.0,0.0,0.0,0.0,21.0,0.0,0.0
http://usa.gov/business,hard,0,1.0,1,usa.gov,usa.gov,gov,,23.0,7.0,0.0,0.0,0.0,0.0,0.21739130434782608,0.0,0.0,0.0,0.0,0.0,9.0,0.0,0.6666666666666666
https://steamcommunity.com/search,hard,0,1.0,1,steamcommunity.com,steamcommunity.com,com,,33.0,18.0,0.0,0.0,1.0,0.0,0.15151515151515152,0.0,0.0,0.0,0.0,0.0,7.0,0.0,0.35714285714285715
https://twitch.tv/playlist?list=PL12345,hard,0,1.0,1,twitch.tv,twitch.tv,tv,,39.0,9.0,0.0,0.0,1.0,0.0,0.1794871794871795,0.1282051282051282,0.0,0.0,0.0,0.0,21.0,0.0,0.16666666666666666
https://old.reddit.com/news,hard,0,0.95,1,old.reddit.com,reddit.com,com,old,27.0,14.0,0.0,1.0,1.0,0.0,0.2222222222222222,0.0,0.0,0.0,0.0,0.0,5.0,1.0,0.3333333333333333
https://g00gle-security.com/confirm-identity,hard,1,1.0,1,g00gle-security.com,g00gle-security.com,com,,44.0,19.0,0.0,0.0,1.0,0.0,0.1590909090909091,0.045454545454545456,0.0,0.0,1.0,1.0,17.0,0.0,0.3333333333333333
https://login-paypal375.alert.work/account/update,hard,1,1.0,1,login-paypal375.alert.work,alert.work,work,login-paypal375,49.0,26.0,0.0,1.0,1.0,1.0,0.16326530612244897,0.061224489795918366,0.0,1.0,0.0,1.0,15.0,0.0,0.4
https://ibm.com/signin,hard,0,1.0,1,ibm.com,ibm.com,com,,22.0,7.0,0.0,0.0,1.0,1.0,0.22727272727272727,0.0,0.0,0.0,0.0,0.0,7.0,0.0,0.3333333333333333
https://techcrunch.com/,hard,0,1.0,1,techcrunch.com,techcrunch.com,com,,23.0,14.0,0.0,0.0,1.0,0.0,0.21739130434782608,0.0,0.0,0.0,0.0,0.0,1.0,0.0,0.2
http://citibank-verify.men/update-billing,hard,1,1.0,1,citibank-verify.men,citibank-verify.men,men,,41.0,19.0,0.0,0.0,0.0,1.0,0.17073170731707318,0.0,0.0,0.0,0.0,1.0,15.0,0.0,0.35714285714285715
https://epicgames.com/item/98213,hard,0,1.0,1,epicgames.com,epicgames.com,com,,32.0,13.0,0.0,0.0,1.0,0.0,0.1875,0.15625,0.0,0.0,0.0,0.0,11.0,0.0,0.4444444444444444
https://signin.instagram.com.login-secure.top,hard,1,0.853291214158881,1,signin.instagram.com.login-secure.top,login-secure.top,top,signin.instagram.com,45.0,37.0,0.0,3.0,1.0,1.0,0.17777777777777778,0.0,0.0,1.0,1.0,1.0,0.0,0.0,0.45454545454545453
https://www.ebay.com/search?q=python+tutorial,hard,0,1.0,1,www.ebay.com,ebay.com,com,www,45.0,12.0,0.0,1.0,1.0,0.0,0.2,0.0,0.0,0.0,0.0,0.0,24.0,1.0,0.5
https://forbes.com,hard,0,0.8502920227547481,1,forbes.com,forbes.com,com,,18.0,10.0,0.0,0.0,1.0,0.0,0.2222222222222222,0.0,0.0,0.0,0.0,0.0,0.0,1.0,0.3333333333333333
https://user-now-confirm-support-paypal-center-identity-team.xyz/login/index.php?id=33426,hard,1,1.0,1,user-now-confirm-support-paypal-center-identity-team.xyz,user-now-confirm-support-paypal-center-identity-team.xyz,xyz,,89.0,56.0,0.0,0.0,1.0,1.0,0.1797752808988764,0.056179775280898875,0.0,1.0,1.0,7.0,24.0,0.0,0.35555555555555557
https://www.cdc.gov/terms,hard,0,0.9750209884722529,1,www.cdc.gov,cdc.gov,gov,www,25.0,11.0,0.0,1.0,1.0,0.0,0.24,0.0,0.0,0.0,0.0,0.0,6.0,0.0,0.0
https://airbnb.com/en-us/library,hard,0,1.0,1,airbnb.com,airbnb.com,com,,32.0,10.0,0.0,0.0,1.0,0.0,0.21875,0.0,0.0,0.0,0.0,0.0,14.0,0.0,0.3333333333333333
https://gov.uk/sports,hard,0,1.0,1,gov.uk,gov.uk,uk,,21.0,6.0,0.0,0.0,1.0,0.0,0.23809523809523808,0.0,0.0,0.0,0.0,0.0,7.0,0.0,0.3333333333333333
https://www.nytimes.com/settings,hard,0,1.0,1,www.nytimes.com,nytimes.com,com,www,32.0,15.0,0.0,1.0,1.0,0.0,0.1875,0.0,0.0,0.0,0.0,0.0,9.0,0.0,0.2857142857142857
https://myapple-apple956.wallet.gq/verify,hard,1,1.0,1,myapple-apple956.wallet.gq,wallet.gq,gq,myapple-apple956,41.0,26.0,0.0,1.0,1.0,1.0,0.17073170731707318,0.07317073170731707,0.0,1.0,0.0,1.0,7.0,0.0,0.3333333333333333
https://harvard.edu/wiki,hard,0,1.0,1,harvard.edu,harvard.edu,edu,,24.0,11.0,0.0,0.0,1.0,0.0,0.20833333333333334,0.0,0.0,0.0,0.0,0.0,5.0,0.0,0.2857142857142857
https://apple.com/features/security,hard,0,1.0,1,apple.com,apple.com,com,,35.0,9.0,0.0,0.0,1.0,0.0,0.17142857142857143,0.0,0.0,0.0,0.0,0.0,18.0,1.0,0.4
http://berkeley.edu/api/v1/users,hard,0,1.0,1,berkeley.edu,berkeley.edu,edu,,32.0,12.0,0.0,0.0,0.0,0.0,0.21875,0.03125,0.0,0.0,0.0,0.0,13.0,0.0,0.375
https://www.amazon.com/tree/main/src,hard,0,0.975,1,www.amazon.com,amazon.com,com,www,36.0,14.0,0.0,1.0,1.0,0.0,0.2222222222222222,0.0,0.0,0.0,0.0,0.0,14.0,1.0,0.5
https://www.stackoverflow.com/en-us/library,hard,0,1.0,1,www.stackoverflow.com,stackoverflow.com,com,www,43.0,21.0,0.0,1.0,1.0,0.0,0.18604651162790697,0.0,0.0,0.0,0.0,0.0,14.0,1.0,0.3076923076923077
http://americanexpress.com/science,hard,0,1.0,1,americanexpress.com,americanexpress.com,com,,34.0,19.0,0.0,0.0,0.0,0.0,0.14705882352941177,0.0,0.0,0.0,0.0,0.0,8.0,0.0,0.4
https://service-support-confirm-user-team-center.cf/login/index.php?id=11282,hard,1,1.0,1,service-support-confirm-user-team-center.cf,service-support-confirm-user-team-center.cf,cf,,76.0,43.0,0.0,0.0,1.0,1.0,0.18421052631578946,0.06578947368421052,0.0,1.0,0.0,5.0,24.0,0.0,0.37142857142857144
https://uber.com/downloads/latest,hard,0,1.0,1,uber.com,uber.com,com,,33.0,8.0,0.0,0.0,1.0,0.0,0.18181818181818182,0.0,0.0,0.0,0.0,0.0,17.0,0.0,0.5
https://netflix-helpdesk-confirm.ml/wallet/unlock,hard,1,1.0,1,netflix-helpdesk-confirm.ml,netflix-helpdesk-confirm.ml,ml,,49.0,27.0,0.0,0.0,1.0,1.0,0.16326530612244897,0.0,0.0,1.0,1.0,2.0,14.0,0.0,0.2727272727272727
https://www.npmjs.com/pricing,hard,0,1.0,1,www.npmjs.com,npmjs.com,com,www,29.0,13.0,0.0,1.0,1.0,0.0,0.20689655172413793,0.0,0.0,0.0,0.0,0.0,8.0,0.0,0.0
https://facebook-helpdesk-billing.ml/confirm-identity,hard,1,0.9848275242979906,1,facebook-helpdesk-billing.ml,facebook-helpdesk-billing.ml,ml,,53.0,28.0,0.0,0.0,1.0,0.0,0.1509433962264151,0.0,0.0,1.0,1.0,2.0,17.0,0.0,0.34782608695652173
https://coinbase-reward-suspended.info/signin,hard,1,1.0,1,coinbase-reward-suspended.info,coinbase-reward-suspended.info,info,,45.0,30.0,0.0,0.0,1.0,1.0,0.15555555555555556,0.0,0.0,1.0,1.0,2.0,7.0,0.0,0.391304347826087
https://www.wsj.com/en-us/docs/Web/JavaScript,hard,0,1.0,1,www.wsj.com,wsj.com,com,www,45.0,11.0,0.0,1.0,1.0,0.0,0.2222222222222222,0.0,0.0,0.0,0.0,0.0,26.0,0.0,0.0
https://auth.linkedin.com.security-update.co,hard,1,0.7226952351473822,1,auth.linkedin.com.security-update.co,security-update.co,co,auth.linkedin.com,44.0,36.0,0.0,3.0,1.0,1.0,0.18181818181818182,0.0,0.0,0.0,1.0,1.0,0.0,0.0,0.42857142857142855
https://npmjs.com/forum,hard,0,1.0,1,npmjs.com,npmjs.com,com,,23.0,9.0,0.0,0.0,1.0,0.0,0.21739130434782608,0.0,0.0,0.0,0.0,0.0,6.0,0.0,0.0
http://steamcommunity.com/login,hard,0,1.0,1,steamcommunity.com,steamcommunity.com,com,,31.0,18.0,0.0,0.0,0.0,1.0,0.16129032258064516,0.0,0.0,0.0,0.0,0.0,6.0,0.0,0.35714285714285715
https://account-verify.americanexpress.com.secure-session.click,hard,1,0.8878518734609651,1,account-verify.americanexpress.com.secure-session.click,secure-session.click,click,account-verify.americanexpress.com,63.0,55.0,0.0,3.0,1.0,1.0,0.14285714285714285,0.0,0.0,1.0,0.0,2.0,0.0,0.0,0.46153846153846156
https://login-amazon985.confirm.club/account/update,hard,1,1.0,1,login-amazon985.confirm.club,confirm.club,club,login-amazon985,51.0,28.0,0.0,1.0,1.0,1.0,0.1568627450980392,0.058823529411764705,0.0,0.0,0.0,1.0,15.0,0.0,0.2857142857142857
https://chase.com/api/v1/users,hard,0,1.0,1,chase.com,chase.com,com,,30.0,9.0,0.0,0.0,1.0,0.0,0.23333333333333334,0.03333333333333333,0.0,0.0,0.0,0.0,13.0,1.0,0.4
http://www.irs.gov/community,hard,0,1.0,1,www.irs.gov,irs.gov,gov,www,28.0,11.0,0.0,1.0,0.0,0.0,0.21428571428571427,0.0,0.0,0.0,0.0,0.0,10.0,0.0,0.3333333333333333
https://www.instagram.com/downloads/latest,hard,0,1.0,1,www.instagram.com,instagram.com,com,www,42.0,17.0,0.0,1.0,1.0,0.0,0.16666666666666666,0.0,0.0,0.0,0.0,0.0,17.0,1.0,0.3333333333333333
https://npmjs.com/docs/getting-started,hard,0,1.0,1,npmjs.com,npmjs.com,com,,38.0,9.0,0.0,0.0,1.0,0.0,0.18421052631578946,0.0,0.0,0.0,0.0,0.0,21.0,0.0,0.0
https://www.forbes.com/downloads/latest,hard,0,1.0,1,www.forbes.com,forbes.com,com,www,39.0,14.0,0.0,1.0,1.0,0.0,0.1794871794871795,0.0,0.0,0.0,0.0,0.0,17.0,1.0,0.3333333333333333
http://paypal-suspended.work/session/renew?token=12183a39fa13164f,hard,1,1.0,1,paypal-suspended.work,paypal-suspended.work,work,,65.0,21.0,0.0,0.0,0.0,0.0,0.13846153846153847,0.18461538461538463,0.0,1.0,1.0,1.0,36.0,0.0,0.3333333333333333
http://irs-bank.xyz/verify-account,hard,1,1.0,1,irs-bank.xyz,irs-bank.xyz,xyz,,34.0,12.0,0.0,0.0,0.0,1.0,0.20588235294117646,0.0,0.0,1.0,0.0,1.0,15.0,0.0,0.2857142857142857
https://youtube.com/wiki/Main_Page,hard,0,0.975,1,youtube.com,youtube.com,com,,34.0,11.0,0.0,0.0,1.0,0.0,0.20588235294117646,0.0,0.0,0.0,0.0,0.0,15.0,1.0,0.5714285714285714
https://github.com/profile,hard,0,0.975,1,github.com,github.com,com,,26.0,10.0,0.0,0.0,1.0,0.0,0.19230769230769232,0.0,0.0,0.0,0.0,0.0,8.0,1.0,0.3333333333333333
https://www.notion.so/user/johndoe,hard,0,1.0,1,www.notion.so,notion.so,so,www,34.0,13.0,0.0,1.0,1.0,0.0,0.20588235294117646,0.0,0.0,0.0,0.0,0.0,13.0,0.0,0.5
https://nytimes.com,hard,0,0.9752920227547481,1,nytimes.com,nytimes.com,com,,19.0,11.0,0.0,0.0,1.0,0.0,0.21052631578947367,0.0,0.0,0.0,0.0,0.0,0.0,0.0,0.2857142857142857
https://arstechnica.com/features/security,hard,0,1.0,1,arstechnica.com,arstechnica.com,com,,41.0,15.0,0.0,0.0,1.0,0.0,0.14634146341463414,0.0,0.0,0.0,0.0,0.0,18.0,0.0,0.36363636363636365
https://www.netflix.com/search,hard,0,0.95,1,www.netflix.com,netflix.com,com,www,30.0,15.0,0.0,1.0,1.0,0.0,0.2,0.0,0.0,0.0,0.0,0.0,7.0,1.0,0.2857142857142857
https://pypi.org/wiki,hard,0,1.0,1,pypi.org,pypi.org,org,,21.0,8.0,0.0,0.0,1.0,0.0,0.23809523809523808,0.0,0.0,0.0,0.0,0.0,5.0,0.0,0.25
http://microsoft-invoice.click/verify,hard,1,1.0,1,microsoft-invoice.click,microsoft-invoice.click,click,,37.0,23.0,0.0,0.0,0.0,1.0,0.16216216216216217,0.0,0.0,1.0,1.0,1.0,7.0,0.0,0.4375
https://www.edx.org/help,hard,0,1.0,1,www.edx.org,edx.org,org,www,24.0,11.0,0.0,1.0,1.0,0.0,0.25,0.0,0.0,0.0,0.0,0.0,5.0,0.0,0.3333333333333333
https://old.reddit.com/about,hard,0,0.95,1,old.reddit.com,reddit.com,com,old,28.0,14.0,0.0,1.0,1.0,0.0,0.21428571428571427,0.0,0.0,0.0,0.0,0.0,6.0,1.0,0.3333333333333333
http://ebay.com/community,hard,0,1.0,1,ebay.com,ebay.com,com,,25.0,8.0,0.0,0.0,0.0,0.0,0.2,0.0,0.0,0.0,0.0,0.0,10.0,1.0,0.5
https://www.instagram.com/careers,hard,0,0.95,1,www.instagram.com,instagram.com,com,www,33.0,17.0,0.0,1.0,1.0,0.0,0.18181818181818182,0.0,0.0,0.0,0.0,0.0,8.0,1.0,0.3333333333333333
https://cloud.google.com/reference/functions.html,hard,0,1.0,1,cloud.google.com,google.com,com,cloud,49.0,16.0,0.0,1.0,1.0,0.0,0.16326530612244897,0.0,0.0,0.0,0.0,0.0,25.0,1.0,0.5
http://binance-reactivate.ml/secure/login,hard,1,1.0,1,binance-reactivate.ml,binance-reactivate.ml,ml,,41.0,21.0,0.0,0.0,0.0,1.0,0.17073170731707318,0.0,0.0,1.0,0.0,1.0,13.0,0.0,0.47058823529411764
http://binance-unlock.ml/verify,hard,1,1.0,1,binance-unlock.ml,binance-unlock.ml,ml,,31.0,17.0,0.0,0.0,0.0,1.0,0.1935483870967742,0.0,0.0,1.0,0.0,1.0,7.0,0.0,0.38461538461538464
https://linkedin.com/community,hard,0,0.975,1,linkedin.com,linkedin.com,com,,30.0,12.0,0.0,0.0,1.0,0.0,0.16666666666666666,0.0,0.0,0.0,0.0,0.0,10.0,1.0,0.375
https://auth.instagram.com.id-check.ml,hard,1,0.9039544346237788,1,auth.instagram.com.id-check.ml,id-check.ml,ml,auth.instagram.com,38.0,30.0,0.0,3.0,1.0,0.0,0.21052631578947367,0.0,0.0,1.0,1.0,1.0,0.0,0.0,0.2857142857142857
https://bankofamerica-alert.com/index.php?id=68256,hard,1,1.0,1,bankofamerica-alert.com,bankofamerica-alert.com,com,,50.0,23.0,0.0,0.0,1.0,0.0,0.18,0.1,0.0,0.0,1.0,1.0,18.0,0.0,0.4444444444444444
https://www.bbc.com/search?q=python+tutorial,hard,0,1.0,1,www.bbc.com,bbc.com,com,www,44.0,11.0,0.0,1.0,1.0,0.0,0.20454545454545456,0.0,0.0,0.0,0.0,0.0,24.0,1.0,0.0
https://target.com/checkout,hard,0,1.0,1,target.com,target.com,com,,27.0,10.0,0.0,0.0,1.0,0.0,0.18518518518518517,0.0,0.0,0.0,0.0,0.0,9.0,0.0,0.3333333333333333
https://www.etsy.com/item/98213,hard,0,1.0,1,www.etsy.com,etsy.com,com,www,31.0,12.0,0.0,1.0,1.0,0.0,0.22580645161290322,0.16129032258064516,0.0,0.0,0.0,0.0,11.0,0.0,0.25
http://122.254.90.41/bank/secure,hard,1,1.0,1,122.254.90.41,122.254.90.41,41,122.254,32.0,13.0,1.0,0.0,0.0,1.0,0.25,0.3125,0.0,0.0,0.0,0.0,12.0,0.0,0.0
https://www.ibm.com/search,hard,0,1.0,1,www.ibm.com,ibm.com,com,www,26.0,11.0,0.0,1.0,1.0,0.0,0.23076923076923078,0.0,0.0,0.0,0.0,0.0,7.0,0.0,0.3333333333333333
http://americanexpress-suspended.win/login,hard,1,1.0,1,americanexpress-suspended.win,americanexpress-suspended.win,win,,42.0,29.0,0.0,0.0,0.0,1.0,0.14285714285714285,0.0,0.0,0.0,0.0,1.0,6.0,0.0,0.375
https://mit.edu/features/security,hard,0,1.0,1,mit.edu,mit.edu,edu,,33.0,7.0,0.0,0.0,1.0,0.0,0.18181818181818182,0.0,0.0,0.0,0.0,0.0,18.0,0.0,0.3333333333333333
https://usa.gov/releases/tag/v2.3.1,hard,0,1.0,1,usa.gov,usa.gov,gov,,35.0,7.0,0.0,0.0,1.0,0.0,0.2571428571428571,0.08571428571428572,0.0,0.0,0.0,0.0,20.0,0.0,0.6666666666666666
https://www.docker.com/news/technology,hard,0,1.0,1,www.docker.com,docker.com,com,www,38.0,14.0,0.0,1.0,1.0,0.0,0.18421052631578946,0.0,0.0,0.0,0.0,0.0,16.0,1.0,0.3333333333333333
https://cloudflare.com,hard,0,0.9752920227547481,1,cloudflare.com,cloudflare.com,com,,22.0,14.0,0.0,0.0,1.0,0.0,0.18181818181818182,0.0,0.0,0.0,0.0,0.0,0.0,0.0,0.4
https://www.npr.org/health,hard,0,0.9750209884722529,1,www.npr.org,npr.org,org,www,26.0,11.0,0.0,1.0,1.0,0.0,0.23076923076923078,0.0,0.0,0.0,0.0,0.0,7.0,0.0,0.0
https://www.youtube.com/features/security,hard,0,1.0,1,www.youtube.com,youtube.com,com,www,41.0,15.0,0.0,1.0,1.0,0.0,0.17073170731707318,0.0,0.0,0.0,0.0,0.0,18.0,1.0,0.5714285714285714
https://www.cnn.com/tree/main/src,hard,0,0.975,1,www.cnn.com,cnn.com,com,www,33.0,11.0,0.0,1.0,1.0,0.0,0.24242424242424243,0.0,0.0,0.0,0.0,0.0,14.0,1.0,0.0
https://www.intel.com/reference/functions.html,hard,0,1.0,1,www.intel.com,intel.com,com,www,46.0,13.0,0.0,1.0,1.0,0.0,0.17391304347826086,0.0,0.0,0.0,0.0,0.0,25.0,0.0,0.4
https://mozilla.org/reference/functions.html,hard,0,1.0,1,mozilla.org,mozilla.org,org,,44.0,11.0,0.0,0.0,1.0,0.0,0.1590909090909091,0.0,0.0,0.0,0.0,0.0,25.0,1.0,0.42857142857142855
https://login-bankofamerica120.suspended.gq/account/update,hard,1,1.0,1,login-bankofamerica120.suspended.gq,suspended.gq,gq,login-bankofamerica120,58.0,35.0,0.0,1.0,1.0,1.0,0.13793103448275862,0.05172413793103448,0.0,1.0,0.8125,1.0,15.0,0.0,0.3333333333333333
https://www.linkedin.com/en-us/docs/Web/JavaScript,hard,0,1.0,1,www.linkedin.com,linkedin.com,com,www,50.0,16.0,0.0,1.0,1.0,0.0,0.2,0.0,0.0,0.0,0.0,0.0,26.0,1.0,0.375
https://wired.com/docs,hard,0,1.0,1,wired.com,wired.com,com,,22.0,9.0,0.0,0.0,1.0,0.0,0.22727272727272727,0.0,0.0,0.0,0.0,0.0,5.0,0.0,0.4
https://www.wsj.com/products,hard,0,1.0,1,www.wsj.com,wsj.com,com,www,28.0,11.0,0.0,1.0,1.0,0.0,0.21428571428571427,0.0,0.0,0.0,0.0,0.0,9.0,0.0,0.0
https://www-amazon251.update.work/confirm-identity,hard,1,1.0,1,www-amazon251.update.work,update.work,work,www-amazon251,50.0,25.0,0.0,1.0,1.0,1.0,0.16,0.06,0.0,1.0,0.0,1.0,17.0,0.0,0.5
https://www.walmart.com/account,hard,0,0.95,1,www.walmart.com,walmart.com,com,www,31.0,15.0,0.0,1.0,1.0,1.0,0.1935483870967742,0.0,0.0,0.0,0.0,0.0,8.0,1.0,0.2857142857142857
https://twitter.com/wiki,hard,0,0.975,1,twitter.com,twitter.com,com,,24.0,11.0,0.0,0.0,1.0,0.0,0.20833333333333334,0.0,0.0,0.0,0.0,0.0,5.0,1.0,0.2857142857142857
https://open.spotify.com/support,hard,0,0.95,1,open.spotify.com,spotify.com,com,open,32.0,16.0,0.0,1.0,1.0,0.0,0.1875,0.0,0.0,0.0,0.0,0.0,8.0,1.0,0.2857142857142857
https://cloudflare.com/issues/1042,hard,0,1.0,1,cloudflare.com,cloudflare.com,com,,34.0,14.0,0.0,0.0,1.0,0.0,0.17647058823529413,0.11764705882352941,0.0,0.0,0.0,0.0,12.0,0.0,0.4
https://etsy.com/item/98213,hard,0,1.0,1,etsy.com,etsy.com,com,,27.0,8.0,0.0,0.0,1.0,0.0,0.2222222222222222,0.18518518518518517,0.0,0.0,0.0,0.0,11.0,0.0,0.25
https://www.instagram.com/watch?v=dQw4w9WgXcQ,hard,0,1.0,1,www.instagram.com,instagram.com,com,www,45.0,17.0,0.0,1.0,1.0,0.0,0.17777777777777778,0.044444444444444446,0.0,0.0,0.0,0.0,19.0,1.0,0.3333333333333333
https://harvard.edu/reference/functions.html,hard,0,1.0,1,harvard.edu,harvard.edu,edu,,44.0,11.0,0.0,0.0,1.0,0.0,0.1590909090909091,0.0,0.0,0.0,0.0,0.0,25.0,0.0,0.2857142857142857
https://youtube.com/profile,hard,0,0.975,1,youtube.com,youtube.com,com,,27.0,11.0,0.0,0.0,1.0,0.0,0.18518518518518517,0.0,0.0,0.0,0.0,0.0,8.0,1.0,0.5714285714285714
https://paypal-account-secure-update-verify-confirm.men/verify/session.php?token=4eb5616e13c9,hard,1,1.0,1,paypal-account-secure-update-verify-confirm.men,paypal-account-secure-update-verify-confirm.men,men,,93.0,47.0,0.0,0.0,1.0,1.0,0.15053763440860216,0.08602150537634409,0.0,0.0,1.0,5.0,37.0,0.0,0.39473684210526316
https://auth.google.com.login-secure.top,hard,1,0.8489099285294914,1,auth.google.com.login-secure.top,login-secure.top,top,auth.google.com,40.0,32.0,0.0,3.0,1.0,1.0,0.2,0.0,0.0,1.0,1.0,1.0,0.0,0.0,0.45454545454545453
https://www.harvard.edu/support,hard,0,1.0,1,www.harvard.edu,harvard.edu,edu,www,31.0,15.0,0.0,1.0,1.0,0.0,0.1935483870967742,0.0,0.0,0.0,0.0,0.0,8.0,0.0,0.2857142857142857
https://www.nytimes.com/business,hard,0,1.0,1,www.nytimes.com,nytimes.com,com,www,32.0,15.0,0.0,1.0,1.0,0.0,0.1875,0.0,0.0,0.0,0.0,0.0,9.0,0.0,0.2857142857142857
https://dropbox.com/login,hard,0,0.95,1,dropbox.com,dropbox.com,com,,25.0,11.0,0.0,0.0,1.0,1.0,0.2,0.0,0.0,0.0,0.0,0.0,6.0,1.0,0.2857142857142857
https://x.com/item/98213,hard,0,1.0,1,x.com,x.com,com,,24.0,5.0,0.0,0.0,1.0,0.0,0.25,0.20833333333333334,0.0,0.0,0.0,0.0,11.0,0.0,0.0
https://www.adobe.com/item/98213,hard,0,0.95,1,www.adobe.com,adobe.com,com,www,32.0,13.0,0.0,1.0,1.0,0.0,0.21875,0.15625,0.0,0.0,0.0,0.0,11.0,1.0,0.6
https://www.wired.com/downloads/latest,hard,0,1.0,1,www.wired.com,wired.com,com,www,38.0,13.0,0.0,1.0,1.0,0.0,0.18421052631578946,0.0,0.0,0.0,0.0,0.0,17.0,0.0,0.4
https://center-official-service-now-secure-portal.club/secure/index.html,hard,1,1.0,1,center-official-service-now-secure-portal.club,center-official-service-now-secure-portal.club,club,,72.0,46.0,0.0,0.0,1.0,1.0,0.16666666666666666,0.0,0.0,0.0,0.0,5.0,18.0,0.0,0.4166666666666667
http://udemy.com/releases/tag/v2.3.1,hard,0,1.0,1,udemy.com,udemy.com,com,,36.0,9.0,0.0,0.0,0.0,0.0,0.25,0.08333333333333333,0.0,0.0,0.0,0.0,20.0,0.0,0.4
https://bankofamerica.com/login,hard,0,0.975,1,bankofamerica.com,bankofamerica.com,com,,31.0,17.0,0.0,0.0,1.0,1.0,0.16129032258064516,0.0,0.0,0.0,0.0,0.0,6.0,1.0,0.46153846153846156
https://secure-linkedin328.authenticate.gq/auth/validate?user=333668,hard,1,1.0,1,secure-linkedin328.authenticate.gq,authenticate.gq,gq,secure-linkedin328,68.0,34.0,0.0,1.0,1.0,1.0,0.14705882352941177,0.1323529411764706,0.0,1.0,0.7272727272727273,1.0,25.0,0.0,0.5
https://instagr4m-help.com/update-billing,hard,1,1.0,1,instagr4m-help.com,instagr4m-help.com,com,,41.0,18.0,0.0,0.0,1.0,1.0,0.17073170731707318,0.024390243902439025,0.0,0.0,1.0,1.0,15.0,0.0,0.25
https://ibm.com/shop/category/laptops,hard,0,1.0,1,ibm.com,ibm.com,com,,37.0,7.0,0.0,0.0,1.0,0.0,0.1891891891891892,0.0,0.0,0.0,0.0,0.0,22.0,0.0,0.3333333333333333
https://atlassian.com/account,hard,0,1.0,1,atlassian.com,atlassian.com,com,,29.0,13.0,0.0,0.0,1.0,1.0,0.1724137931034483,0.0,0.0,0.0,0.0,0.0,8.0,0.0,0.4444444444444444
https://azure.microsoft.com/pricing,hard,0,0.95,1,azure.microsoft.com,microsoft.com,com,azure,35.0,19.0,0.0,1.0,1.0,0.0,0.17142857142857143,0.0,0.0,0.0,0.0,0.0,8.0,1.0,0.3333333333333333
https://www.gitlab.com/questions/12345/how-to-parse-json,hard,0,1.0,1,www.gitlab.com,gitlab.com,com,www,56.0,14.0,0.0,1.0,1.0,0.0,0.19642857142857142,0.08928571428571429,0.0,0.0,0.0,0.0,34.0,0.0,0.3333333333333333
https://www.epicgames.com/features/security,hard,0,1.0,1,www.epicgames.com,epicgames.com,com,www,43.0,17.0,0.0,1.0,1.0,0.0,0.16279069767441862,0.0,0.0,0.0,0.0,0.0,18.0,0.0,0.4444444444444444
https://open.spotify.com/sports,hard,0,0.95,1,open.spotify.com,spotify.com,com,open,31.0,16.0,0.0,1.0,1.0,0.0,0.1935483870967742,0.0,0.0,0.0,0.0,0.0,7.0,1.0,0.2857142857142857
https://twiiter-verify.com/index.php?id=54648,hard,1,1.0,1,twiiter-verify.com,twiiter-verify.com,com,,45.0,18.0,0.0,0.0,1.0,1.0,0.2,0.1111111111111111,0.0,0.0,0.85,1.0,18.0,0.0,0.38461538461538464
https://instagram.com/downloads/latest,hard,0,1.0,1,instagram.com,instagram.com,com,,38.0,13.0,0.0,0.0,1.0,0.0,0.15789473684210525,0.0,0.0,0.0,0.0,0.0,17.0,1.0,0.3333333333333333
https://github.com,hard,0,0.8502920227547481,1,github.com,github.com,com,,18.0,10.0,0.0,0.0,1.0,0.0,0.2222222222222222,0.0,0.0,0.0,0.0,0.0,0.0,1.0,0.3333333333333333
https://twitch.tv/issues/1042,hard,0,1.0,1,twitch.tv,twitch.tv,tv,,29.0,9.0,0.0,0.0,1.0,0.0,0.20689655172413793,0.13793103448275862,0.0,0.0,0.0,0.0,12.0,0.0,0.16666666666666666
https://forbes.com/reference/functions.html,hard,0,1.0,1,forbes.com,forbes.com,com,,43.0,10.0,0.0,0.0,1.0,0.0,0.16279069767441862,0.0,0.0,0.0,0.0,0.0,25.0,1.0,0.3333333333333333
https://atlassian.com/api/v2/products?page=2,hard,0,1.0,1,atlassian.com,atlassian.com,com,,44.0,13.0,0.0,0.0,1.0,0.0,0.20454545454545456,0.045454545454545456,0.0,0.0,0.0,0.0,22.0,0.0,0.4444444444444444
http://facebook-billing.top/wallet/unlock,hard,1,1.0,1,facebook-billing.top,facebook-billing.top,top,,41.0,20.0,0.0,0.0,0.0,1.0,0.17073170731707318,0.0,0.0,1.0,1.0,1.0,14.0,0.0,0.4
https://paypal-service-support-official-user-center-info-identity.xyz/login/index.php?id=72444,hard,1,1.0,1,paypal-service-support-official-user-center-info-identity.xyz,paypal-service-support-official-user-center-info-identity.xyz,xyz,,94.0,61.0,0.0,0.0,1.0,1.0,0.1702127659574468,0.05319148936170213,0.0,1.0,1.0,7.0,24.0,0.0,0.4
https://www.nvidia.com/sports,hard,0,1.0,1,www.nvidia.com,nvidia.com,com,www,29.0,14.0,0.0,1.0,1.0,0.0,0.20689655172413793,0.0,0.0,0.0,0.0,0.0,7.0,0.0,0.5
https://www.nasa.gov/profile,hard,0,1.0,1,www.nasa.gov,nasa.gov,gov,www,28.0,12.0,0.0,1.0,1.0,0.0,0.21428571428571427,0.0,0.0,0.0,0.0,0.0,8.0,0.0,0.5
https://khanacademy.org/search?q=python+tutorial,hard,0,1.0,1,khanacademy.org,khanacademy.org,org,,48.0,15.0,0.0,0.0,1.0,0.0,0.16666666666666666,0.0,0.0,0.0,0.0,0.0,24.0,0.0,0.36363636363636365
https://www.facebook.com/questions/12345/how-to-parse-json,hard,0,1.0,1,www.facebook.com,facebook.com,com,www,58.0,16.0,0.0,1.0,1.0,0.0,0.1896551724137931,0.08620689655172414,0.0,0.0,0.0,0.0,34.0,1.0,0.5
https://www.cloudflare.com/,hard,0,1.0,1,www.cloudflare.com,cloudflare.com,com,www,27.0,18.0,0.0,1.0,1.0,0.0,0.2222222222222222,0.0,0.0,0.0,0.0,0.0,1.0,0.0,0.4
http://dhl-login.club/update-billing,hard,1,1.0,1,dhl-login.club,dhl-login.club,club,,36.0,14.0,0.0,0.0,0.0,1.0,0.19444444444444445,0.0,0.0,0.0,0.0,1.0,15.0,0.0,0.25
https://nytimes.com/issues/1042,hard,0,1.0,1,nytimes.com,nytimes.com,com,,31.0,11.0,0.0,0.0,1.0,0.0,0.1935483870967742,0.12903225806451613,0.0,0.0,0.0,0.0,12.0,0.0,0.2857142857142857
https://www.salesforce.com/help,hard,0,1.0,1,www.salesforce.com,salesforce.com,com,www,31.0,18.0,0.0,1.0,1.0,0.0,0.1935483870967742,0.0,0.0,0.0,0.0,0.0,5.0,0.0,0.4
https://www.stackoverflow.com/issues/1042,hard,0,1.0,1,www.stackoverflow.com,stackoverflow.com,com,www,41.0,21.0,0.0,1.0,1.0,0.0,0.17073170731707318,0.0975609756097561,0.0,0.0,0.0,0.0,12.0,1.0,0.3076923076923077
https://app1e-id.com/secure/login,hard,1,0.9915389251795983,1,app1e-id.com,app1e-id.com,com,,33.0,12.0,0.0,0.0,1.0,1.0,0.21212121212121213,0.030303030303030304,0.0,0.0,1.0,1.0,13.0,0.0,0.5
https://atlassian.com/checkout,hard,0,1.0,1,atlassian.com,atlassian.com,com,,30.0,13.0,0.0,0.0,1.0,0.0,0.16666666666666666,0.0,0.0,0.0,0.0,0.0,9.0,0.0,0.4444444444444444
https://khanacademy.org/science,hard,0,1.0,1,khanacademy.org,khanacademy.org,org,,31.0,15.0,0.0,0.0,1.0,0.0,0.16129032258064516,0.0,0.0,0.0,0.0,0.0,8.0,0.0,0.36363636363636365
https://secure-dhl589.helpdesk.ml/wallet/unlock,hard,1,1.0,1,secure-dhl589.helpdesk.ml,helpdesk.ml,ml,secure-dhl589,47.0,25.0,0.0,1.0,1.0,1.0,0.1702127659574468,0.06382978723404255,0.0,1.0,0.0,1.0,14.0,0.0,0.25
https://www.wordpress.com/watch?v=dQw4w9WgXcQ,hard,0,1.0,1,www.wordpress.com,wordpress.com,com,www,45.0,17.0,0.0,1.0,1.0,0.0,0.17777777777777778,0.044444444444444446,0.0,0.0,0.0,0.0,19.0,0.0,0.2222222222222222
https://verify-info-support-center-secure-identity.club/verify/session.php?token=686598e82fbb,hard,1,1.0,1,verify-info-support-center-secure-identity.club,verify-info-support-center-secure-identity.club,club,,93.0,47.0,0.0,0.0,1.0,1.0,0.15053763440860216,0.08602150537634409,0.0,0.0,0.0,5.0,37.0,0.0,0.3783783783783784
http://hsbc-helpdesk.work/update-billing,hard,1,1.0,1,hsbc-helpdesk.work,hsbc-helpdesk.work,work,,40.0,18.0,0.0,0.0,0.0,1.0,0.175,0.0,0.0,1.0,0.0,1.0,15.0,0.0,0.16666666666666666
https://berkeley.edu/releases/tag/v2.3.1,hard,0,1.0,1,berkeley.edu,berkeley.edu,edu,,40.0,12.0,0.0,0.0,1.0,0.0,0.225,0.075,0.0,0.0,0.0,0.0,20.0,0.0,0.375
https://americanexpress-verify-helpdesk.ml/confirm-identity,hard,1,1.0,1,americanexpress-verify-helpdesk.ml,americanexpress-verify-helpdesk.ml,ml,,59.0,34.0,0.0,0.0,1.0,1.0,0.13559322033898305,0.0,0.0,1.0,0.0,2.0,17.0,0.0,0.3448275862068966
http://europa.eu/account,hard,0,1.0,1,europa.eu,europa.eu,eu,,24.0,9.0,0.0,0.0,0.0,1.0,0.20833333333333334,0.0,0.0,0.0,0.0,0.0,8.0,0.0,0.6666666666666666
https://www.stackoverflow.com/api/v2/products?page=2,hard,0,1.0,1,www.stackoverflow.com,stackoverflow.com,com,www,52.0,21.0,0.0,1.0,1.0,0.0,0.19230769230769232,0.038461538461538464,0.0,0.0,0.0,0.0,22.0,1.0,0.3076923076923077
https://binance-verify-support.work/secure/login,hard,1,0.9848275242979906,1,binance-verify-support.work,binance-verify-support.work,work,,48.0,27.0,0.0,0.0,1.0,1.0,0.16666666666666666,0.0,0.0,1.0,0.0,2.0,13.0,0.0,0.35
https://www.google.com/library/3.12,hard,0,0.975,1,www.google.com,google.com,com,www,35.0,14.0,0.0,1.0,1.0,0.0,0.22857142857142856,0.08571428571428572,0.0,0.0,0.0,0.0,13.0,1.0,0.5
https://www-usps203.reward.top/secure/login,hard,1,1.0,1,www-usps203.reward.top,reward.top,top,www-usps203,43.0,22.0,0.0,1.0,1.0,1.0,0.18604651162790697,0.06976744186046512,0.0,1.0,0.0,1.0,13.0,0.0,0.3333333333333333
https://identity-center-billing-account-portal.cf/verify/session.php?token=6660b34cd513,hard,1,1.0,1,identity-center-billing-account-portal.cf,identity-center-billing-account-portal.cf,cf,,87.0,41.0,0.0,0.0,1.0,1.0,0.14942528735632185,0.10344827586206896,0.0,1.0,0.0,4.0,37.0,0.0,0.35294117647058826
https://www.bloomberg.com/support,hard,0,1.0,1,www.bloomberg.com,bloomberg.com,com,www,33.0,17.0,0.0,1.0,1.0,0.0,0.18181818181818182,0.0,0.0,0.0,0.0,0.0,8.0,0.0,0.3333333333333333
https://bestbuy.com/settings,hard,0,1.0,1,bestbuy.com,bestbuy.com,com,,28.0,11.0,0.0,0.0,1.0,0.0,0.17857142857142858,0.0,0.0,0.0,0.0,0.0,9.0,0.0,0.2857142857142857
https://wsj.com/features/security,hard,0,1.0,1,wsj.com,wsj.com,com,,33.0,7.0,0.0,0.0,1.0,0.0,0.18181818181818182,0.0,0.0,0.0,0.0,0.0,18.0,0.0,0.0
https://id-confirm.netflix.com.secure-session.click,hard,1,0.8047521900661598,1,id-confirm.netflix.com.secure-session.click,secure-session.click,click,id-confirm.netflix.com,51.0,43.0,0.0,3.0,1.0,1.0,0.17647058823529413,0.0,0.0,1.0,1.0,2.0,0.0,0.0,0.46153846153846156
http://26.227.16.171:8080/admin/login.php,hard,1,1.0,1,26.227.16.171,26.227.16.171,171,26.227,41.0,13.0,1.0,0.0,0.0,1.0,0.24390243902439024,0.34146341463414637,0.0,0.0,0.0,0.0,16.0,0.0,0.0
https://cdc.gov/issues/1042,hard,0,1.0,1,cdc.gov,cdc.gov,gov,,27.0,7.0,0.0,0.0,1.0,0.0,0.2222222222222222,0.14814814814814814,0.0,0.0,0.0,0.0,12.0,0.0,0.0
https://docker.com/docs/api,hard,0,0.975,1,docker.com,docker.com,com,,27.0,10.0,0.0,0.0,1.0,0.0,0.2222222222222222,0.0,0.0,0.0,0.0,0.0,9.0,1.0,0.3333333333333333
https://medium.com/order/confirmation/778213,hard,0,1.0,1,medium.com,medium.com,com,,44.0,10.0,0.0,0.0,1.0,0.0,0.1590909090909091,0.13636363636363635,0.0,0.0,0.0,0.0,26.0,0.0,0.5
https://signin.netflix.com.signin-support.online,hard,1,0.8817629522681066,1,signin.netflix.com.signin-support.online,signin-support.online,online,signin.netflix.com,48.0,40.0,0.0,3.0,1.0,1.0,0.16666666666666666,0.0,0.0,1.0,1.0,1.0,0.0,0.0,0.3076923076923077
https://cloudflare.com/library/3.12,hard,0,1.0,1,cloudflare.com,cloudflare.com,com,,35.0,14.0,0.0,0.0,1.0,0.0,0.2,0.08571428571428572,0.0,0.0,0.0,0.0,13.0,0.0,0.4
https://www.wired.com/world,hard,0,1.0,1,www.wired.com,wired.com,com,www,27.0,13.0,0.0,1.0,1.0,0.0,0.2222222222222222,0.0,0.0,0.0,0.0,0.0,6.0,0.0,0.4
https://www.usa.gov/releases/tag/v2.3.1,hard,0,1.0,1,www.usa.gov,usa.gov,gov,www,39.0,11.0,0.0,1.0,1.0,0.0,0.2564102564102564,0.07692307692307693,0.0,0.0,0.0,0.0,20.0,0.0,0.6666666666666666
https://harvard.edu/account,hard,0,1.0,1,harvard.edu,harvard.edu,edu,,27.0,11.0,0.0,0.0,1.0,1.0,0.18518518518518517,0.0,0.0,0.0,0.0,0.0,8.0,0.0,0.2857142857142857
https://usa.gov/terms,hard,0,1.0,1,usa.gov,usa.gov,gov,,21.0,7.0,0.0,0.0,1.0,0.0,0.23809523809523808,0.0,0.0,0.0,0.0,0.0,6.0,0.0,0.6666666666666666
https://www.cdc.gov/docs,hard,0,0.9750209884722529,1,www.cdc.gov,cdc.gov,gov,www,24.0,11.0,0.0,1.0,1.0,0.0,0.25,0.0,0.0,0.0,0.0,0.0,5.0,0.0,0.0
https://grubhub.com/login,hard,0,0.975,1,grubhub.com,grubhub.com,com,,25.0,11.0,0.0,0.0,1.0,1.0,0.2,0.0,0.0,0.0,0.0,0.0,6.0,0.0,0.2857142857142857
https://twitter.com/support,hard,0,0.975,1,twitter.com,twitter.com,com,,27.0,11.0,0.0,0.0,1.0,0.0,0.18518518518518517,0.0,0.0,0.0,0.0,0.0,8.0,1.0,0.2857142857142857
https://discord.com/wiki,hard,0,0.975,1,discord.com,discord.com,com,,24.0,11.0,0.0,0.0,1.0,0.0,0.20833333333333334,0.0,0.0,0.0,0.0,0.0,5.0,1.0,0.2857142857142857
https://citibank.com/health,hard,0,1.0,1,citibank.com,citibank.com,com,,27.0,12.0,0.0,0.0,1.0,0.0,0.18518518518518517,0.0,0.0,0.0,0.0,0.0,7.0,0.0,0.375
https://bankofamerica-verify-invoice.club/login.php,hard,1,1.0,1,bankofamerica-verify-invoice.club,bankofamerica-verify-invoice.club,club,,51.0,33.0,0.0,0.0,1.0,1.0,0.1568627450980392,0.0,0.0,0.0,1.0,2.0,10.0,0.0,0.46153846153846156
https://gov.uk/tree/main/src,hard,0,1.0,1,gov.uk,gov.uk,uk,,28.0,6.0,0.0,0.0,1.0,0.0,0.25,0.0,0.0,0.0,0.0,0.0,14.0,0.0,0.3333333333333333
http://hmrc-authenticate.gq/verify,hard,1,0.9991265391225944,1,hmrc-authenticate.gq,hmrc-authenticate.gq,gq,,34.0,20.0,0.0,0.0,0.0,1.0,0.17647058823529413,0.0,0.0,1.0,0.0,1.0,7.0,0.0,0.375
https://www.google.com/health,hard,0,0.95,1,www.google.com,google.com,com,www,29.0,14.0,0.0,1.0,1.0,0.0,0.20689655172413793,0.0,0.0,0.0,0.0,0.0,7.0,1.0,0.5
https://signin.chase.com.id-check.ml,hard,1,0.818116278547232,1,signin.chase.com.id-check.ml,id-check.ml,ml,signin.chase.com,36.0,28.0,0.0,3.0,1.0,1.0,0.2222222222222222,0.0,0.0,1.0,1.0,1.0,0.0,0.0,0.2857142857142857
https://hsbc-crypto-alert.xyz/login,hard,1,0.9991265391225944,1,hsbc-crypto-alert.xyz,hsbc-crypto-alert.xyz,xyz,,35.0,21.0,0.0,0.0,1.0,1.0,0.2,0.0,0.0,1.0,0.0,2.0,6.0,0.0,0.2
http://wellsfargo-alert.gq/login.php,hard,1,1.0,1,wellsfargo-alert.gq,wellsfargo-alert.gq,gq,,36.0,19.0,0.0,0.0,0.0,1.0,0.19444444444444445,0.0,0.0,1.0,0.0,1.0,10.0,0.0,0.3333333333333333
https://www.amazon.com/support,hard,0,0.95,1,www.amazon.com,amazon.com,com,www,30.0,14.0,0.0,1.0,1.0,0.0,0.2,0.0,0.0,0.0,0.0,0.0,8.0,1.0,0.5
https://apple-login-unlock.men/verify-account,hard,1,1.0,1,apple-login-unlock.men,apple-login-unlock.men,men,,45.0,22.0,0.0,0.0,1.0,1.0,0.17777777777777778,0.0,0.0,0.0,1.0,2.0,15.0,0.0,0.375
https://secure-login.dropbox.com.verify-account.xyz,hard,1,0.7947248809274825,1,secure-login.dropbox.com.verify-account.xyz,verify-account.xyz,xyz,secure-login.dropbox.com,51.0,43.0,0.0,3.0,1.0,1.0,0.17647058823529413,0.0,0.0,1.0,1.0,2.0,0.0,0.0,0.38461538461538464
https://linkedin-invoice-crypto.men/session/renew?token=cf8d2db5dd21ae74,hard,1,1.0,1,linkedin-invoice-crypto.men,linkedin-invoice-crypto.men,men,,72.0,27.0,0.0,0.0,1.0,0.0,0.1388888888888889,0.09722222222222222,0.0,0.0,1.0,2.0,36.0,0.0,0.38095238095238093
https://www-hmrc134.update.net/verify-account,hard,1,1.0,1,www-hmrc134.update.net,update.net,net,www-hmrc134,45.0,22.0,0.0,1.0,1.0,1.0,0.17777777777777778,0.06666666666666667,0.0,0.0,0.0,1.0,15.0,0.0,0.5
https://cloudflare.com/tree/main/src,hard,0,1.0,1,cloudflare.com,cloudflare.com,com,,36.0,14.0,0.0,0.0,1.0,0.0,0.19444444444444445,0.0,0.0,0.0,0.0,0.0,14.0,0.0,0.4
https://www.theguardian.com/docs/getting-started,hard,0,1.0,1,www.theguardian.com,theguardian.com,com,www,48.0,19.0,0.0,1.0,1.0,0.0,0.16666666666666666,0.0,0.0,0.0,0.0,0.0,21.0,0.0,0.45454545454545453
https://paypal.com/news,hard,0,0.975,1,paypal.com,paypal.com,com,,23.0,10.0,0.0,0.0,1.0,0.0,0.21739130434782608,0.0,0.0,0.0,0.0,0.0,5.0,1.0,0.3333333333333333
https://berkeley.edu/world,hard,0,1.0,1,berkeley.edu,berkeley.edu,edu,,26.0,12.0,0.0,0.0,1.0,0.0,0.19230769230769232,0.0,0.0,0.0,0.0,0.0,6.0,0.0,0.375
https://www.gov.uk/health,hard,0,1.0,1,www.gov.uk,www.gov.uk,uk,www,25.0,10.0,0.0,0.0,1.0,0.0,0.24,0.0,0.0,0.0,0.0,0.0,7.0,0.0,0.0
https://netflix-account-billing.ml/session/renew?token=489c2fcf584abc21,hard,1,1.0,1,netflix-account-billing.ml,netflix-account-billing.ml,ml,,71.0,26.0,0.0,0.0,1.0,1.0,0.14084507042253522,0.1267605633802817,0.0,1.0,1.0,2.0,36.0,0.0,0.3333333333333333
https://pypi.org/products/electronics,hard,0,1.0,1,pypi.org,pypi.org,org,,37.0,8.0,0.0,0.0,1.0,0.0,0.16216216216216217,0.0,0.0,0.0,0.0,0.0,21.0,0.0,0.25
https://www.amazon.com/search?q=python+tutorial,hard,0,1.0,1,www.amazon.com,amazon.com,com,www,47.0,14.0,0.0,1.0,1.0,0.0,0.19148936170212766,0.0,0.0,0.0,0.0,0.0,24.0,1.0,0.5
https://secure-login.microsoft.com.signin-support.online,hard,1,0.8929100772029015,1,secure-login.microsoft.com.signin-support.online,signin-support.online,online,secure-login.microsoft.com,56.0,48.0,0.0,3.0,1.0,1.0,0.16071428571428573,0.0,0.0,1.0,1.0,2.0,0.0,0.0,0.3076923076923077
http://85.45.185.233:8080/admin/login.php,hard,1,1.0,1,85.45.185.233,85.45.185.233,233,85.45,41.0,13.0,1.0,0.0,0.0,1.0,0.24390243902439024,0.34146341463414637,0.0,0.0,0.0,0.0,16.0,0.0,0.0
https://www.pypi.org/technology,hard,0,1.0,1,www.pypi.org,pypi.org,org,www,31.0,12.0,0.0,1.0,1.0,0.0,0.1935483870967742,0.0,0.0,0.0,0.0,0.0,11.0,0.0,0.25
https://www.wired.com/en-us/library,hard,0,1.0,1,www.wired.com,wired.com,com,www,35.0,13.0,0.0,1.0,1.0,0.0,0.22857142857142856,0.0,0.0,0.0,0.0,0.0,14.0,0.0,0.4
https://www.wired.com/health,hard,0,1.0,1,www.wired.com,wired.com,com,www,28.0,13.0,0.0,1.0,1.0,0.0,0.21428571428571427,0.0,0.0,0.0,0.0,0.0,7.0,0.0,0.4
https://wordpress.com/order/confirmation/778213,hard,0,1.0,1,wordpress.com,wordpress.com,com,,47.0,13.0,0.0,0.0,1.0,0.0,0.14893617021276595,0.1276595744680851,0.0,0.0,0.0,0.0,26.0,0.0,0.2222222222222222
https://www.apple.com/blog,hard,0,0.925,1,www.apple.com,apple.com,com,www,26.0,13.0,0.0,1.0,1.0,0.0,0.23076923076923078,0.0,0.0,0.0,0.0,0.0,5.0,1.0,0.4
https://www.cnn.com/reference/functions.html,hard,0,1.0,1,www.cnn.com,cnn.com,com,www,44.0,11.0,0.0,1.0,1.0,0.0,0.18181818181818182,0.0,0.0,0.0,0.0,0.0,25.0,1.0,0.0
https://www.expedia.com/terms,hard,0,1.0,1,www.expedia.com,expedia.com,com,www,29.0,15.0,0.0,1.0,1.0,0.0,0.20689655172413793,0.0,0.0,0.0,0.0,0.0,6.0,0.0,0.5714285714285714
https://www.cloudflare.com/products/electronics,hard,0,1.0,1,www.cloudflare.com,cloudflare.com,com,www,47.0,18.0,0.0,1.0,1.0,0.0,0.14893617021276595,0.0,0.0,0.0,0.0,0.0,21.0,0.0,0.4
https://signin.google.com.verify-account.xyz,hard,1,0.8409181680216831,1,signin.google.com.verify-account.xyz,verify-account.xyz,xyz,signin.google.com,44.0,36.0,0.0,3.0,1.0,1.0,0.18181818181818182,0.0,0.0,1.0,1.0,1.0,0.0,0.0,0.38461538461538464
https://mit.edu/pricing,hard,0,1.0,1,mit.edu,mit.edu,edu,,23.0,7.0,0.0,0.0,1.0,0.0,0.21739130434782608,0.0,0.0,0.0,0.0,0.0,8.0,0.0,0.3333333333333333
https://netflix.com/features/security,hard,0,0.975,1,netflix.com,netflix.com,com,,37.0,11.0,0.0,0.0,1.0,0.0,0.16216216216216217,0.0,0.0,0.0,0.0,0.0,18.0,1.0,0.2857142857142857
https://coinbase-alert-update.co/session/renew?token=df82483b272a5a8e,hard,1,1.0,1,coinbase-alert-update.co,coinbase-alert-update.co,co,,69.0,24.0,0.0,0.0,1.0,1.0,0.14492753623188406,0.14492753623188406,0.0,0.0,1.0,2.0,36.0,0.0,0.47368421052631576
https://shopify.com/playlist?list=PL12345,hard,0,1.0,1,shopify.com,shopify.com,com,,41.0,11.0,0.0,0.0,1.0,0.0,0.17073170731707318,0.12195121951219512,0.0,0.0,0.0,0.0,21.0,0.0,0.2857142857142857
https://account-verify.chase.com.secure-session.click,hard,1,0.8533009581669189,1,account-verify.chase.com.secure-session.click,secure-session.click,click,account-verify.chase.com,53.0,45.0,0.0,3.0,1.0,1.0,0.16981132075471697,0.0,0.0,1.0,1.0,2.0,0.0,0.0,0.46153846153846156
https://id-confirm.linkedin.com.signin-support.online,hard,1,0.8575527506392173,1,id-confirm.linkedin.com.signin-support.online,signin-support.online,online,id-confirm.linkedin.com,53.0,45.0,0.0,3.0,1.0,1.0,0.16981132075471697,0.0,0.0,1.0,1.0,2.0,0.0,0.0,0.3076923076923077
https://spotify.com/health,hard,0,0.975,1,spotify.com,spotify.com,com,,26.0,11.0,0.0,0.0,1.0,0.0,0.19230769230769232,0.0,0.0,0.0,0.0,0.0,7.0,1.0,0.2857142857142857
https://www.nih.gov/technology,hard,0,1.0,1,www.nih.gov,nih.gov,gov,www,30.0,11.0,0.0,1.0,1.0,0.0,0.2,0.0,0.0,0.0,0.0,0.0,11.0,0.0,0.3333333333333333
https://faceb00k-login.net/support/ticket,hard,1,1.0,1,faceb00k-login.net,faceb00k-login.net,net,,41.0,18.0,0.0,0.0,1.0,1.0,0.17073170731707318,0.04878048780487805,0.0,0.0,1.0,1.0,15.0,0.0,0.36363636363636365
https://www.shopify.com/support,hard,0,1.0,1,www.shopify.com,shopify.com,com,www,31.0,15.0,0.0,1.0,1.0,0.0,0.1935483870967742,0.0,0.0,0.0,0.0,0.0,8.0,0.0,0.2857142857142857
https://hmrc-authenticate-wallet.club/auth/validate?user=566228,hard,1,1.0,1,hmrc-authenticate-wallet.club,hmrc-authenticate-wallet.club,club,,63.0,29.0,0.0,0.0,1.0,1.0,0.15873015873015872,0.09523809523809523,0.0,0.0,0.0,2.0,25.0,0.0,0.36363636363636365
https://www.discord.com/science,hard,0,0.95,1,www.discord.com,discord.com,com,www,31.0,15.0,0.0,1.0,1.0,0.0,0.1935483870967742,0.0,0.0,0.0,0.0,0.0,8.0,1.0,0.2857142857142857
https://wellsfargo-confirm-verify.tk/index.php?id=12376,hard,1,1.0,1,wellsfargo-confirm-verify.tk,wellsfargo-confirm-verify.tk,tk,,55.0,28.0,0.0,0.0,1.0,1.0,0.18181818181818182,0.09090909090909091,0.0,1.0,0.0,2.0,18.0,0.0,0.30434782608695654
https://www.microsoft.com/terms,hard,0,0.95,1,www.microsoft.com,microsoft.com,com,www,31.0,17.0,0.0,1.0,1.0,0.0,0.1935483870967742,0.0,0.0,0.0,0.0,0.0,6.0,1.0,0.3333333333333333
https://walmart.com/account,hard,0,0.975,1,walmart.com,walmart.com,com,,27.0,11.0,0.0,0.0,1.0,1.0,0.18518518518518517,0.0,0.0,0.0,0.0,0.0,8.0,1.0,0.2857142857142857
https://dropbox-alert-unlock.club/verify-account,hard,1,1.0,1,dropbox-alert-unlock.club,dropbox-alert-unlock.club,club,,48.0,25.0,0.0,0.0,1.0,1.0,0.16666666666666666,0.0,0.0,0.0,1.0,2.0,15.0,0.0,0.3333333333333333
https://center-secure-service-account-billing-portal.com/verify/session.php?token=20e3bcbc503e,hard,1,1.0,1,center-secure-service-account-billing-portal.com,center-secure-service-account-billing-portal.com,com,,94.0,48.0,0.0,0.0,1.0,1.0,0.14893617021276595,0.06382978723404255,0.0,0.0,0.0,5.0,37.0,0.0,0.38461538461538464
https://open.spotify.com/questions/12345/how-to-parse-json,hard,0,1.0,1,open.spotify.com,spotify.com,com,open,58.0,16.0,0.0,1.0,1.0,0.0,0.1896551724137931,0.08620689655172414,0.0,0.0,0.0,0.0,34.0,1.0,0.2857142857142857
https://linkedln-verify.com/session/renew?token=ad6a73a737d6c72f,hard,1,1.0,1,linkedln-verify.com,linkedln-verify.com,com,,64.0,19.0,0.0,0.0,1.0,1.0,0.140625,0.140625,0.0,0.0,0.85,1.0,36.0,0.0,0.2857142857142857
https://www.walmart.com/dashboard,hard,0,0.95,1,www.walmart.com,walmart.com,com,www,33.0,15.0,0.0,1.0,1.0,0.0,0.18181818181818182,0.0,0.0,0.0,0.0,0.0,10.0,1.0,0.2857142857142857
https://www-coinbase19.wallet.com/confirm-identity,hard,1,1.0,1,www-coinbase19.wallet.com,wallet.com,com,www-coinbase19,50.0,25.0,0.0,1.0,1.0,1.0,0.16,0.04,0.0,0.0,0.8,1.0,17.0,0.0,0.3333333333333333
https://bloomberg.com/about,hard,0,1.0,1,bloomberg.com,bloomberg.com,com,,27.0,13.0,0.0,0.0,1.0,0.0,0.18518518518518517,0.0,0.0,0.0,0.0,0.0,6.0,0.0,0.3333333333333333
https://grubhub.com/search,hard,0,1.0,1,grubhub.com,grubhub.com,com,,26.0,11.0,0.0,0.0,1.0,0.0,0.19230769230769232,0.0,0.0,0.0,0.0,0.0,7.0,0.0,0.2857142857142857
https://www.uber.com/signin,hard,0,1.0,1,www.uber.com,uber.com,com,www,27.0,12.0,0.0,1.0,1.0,1.0,0.2222222222222222,0.0,0.0,0.0,0.0,0.0,7.0,0.0,0.5
https://twitch.tv/dashboard,hard,0,1.0,1,twitch.tv,twitch.tv,tv,,27.0,9.0,0.0,0.0,1.0,0.0,0.18518518518518517,0.0,0.0,0.0,0.0,0.0,10.0,0.0,0.16666666666666666
https://oracle.com/downloads/latest,hard,0,1.0,1,oracle.com,oracle.com,com,,35.0,10.0,0.0,0.0,1.0,0.0,0.17142857142857143,0.0,0.0,0.0,0.0,0.0,17.0,0.0,0.5
https://doordash.com/business,hard,0,1.0,1,doordash.com,doordash.com,com,,29.0,12.0,0.0,0.0,1.0,0.0,0.1724137931034483,0.0,0.0,0.0,0.0,0.0,9.0,0.0,0.375
http://hmrc-invoice.click/verify-account,hard,1,1.0,1,hmrc-invoice.click,hmrc-invoice.click,click,,40.0,18.0,0.0,0.0,0.0,1.0,0.175,0.0,0.0,1.0,0.0,1.0,15.0,0.0,0.36363636363636365
http://www.theguardian.com/api/v2/products?page=2,hard,0,1.0,1,www.theguardian.com,theguardian.com,com,www,49.0,19.0,0.0,1.0,0.0,0.0,0.20408163265306123,0.04081632653061224,0.0,0.0,0.0,0.0,22.0,0.0,0.45454545454545453
https://dhl-support-update.gq/wallet/unlock,hard,1,1.0,1,dhl-support-update.gq,dhl-support-update.gq,gq,,43.0,21.0,0.0,0.0,1.0,1.0,0.18604651162790697,0.0,0.0,1.0,0.0,2.0,14.0,0.0,0.3125
https://ibm.com/watch?v=dQw4w9WgXcQ,hard,0,1.0,1,ibm.com,ibm.com,com,,35.0,7.0,0.0,0.0,1.0,0.0,0.2,0.05714285714285714,0.0,0.0,0.0,0.0,19.0,0.0,0.3333333333333333
https://adobe.com/releases/tag/v2.3.1,hard,0,1.0,1,adobe.com,adobe.com,com,,37.0,9.0,0.0,0.0,1.0,0.0,0.24324324324324326,0.08108108108108109,0.0,0.0,0.0,0.0,20.0,1.0,0.6
https://paypal.com/sports,hard,0,0.975,1,paypal.com,paypal.com,com,,25.0,10.0,0.0,0.0,1.0,0.0,0.2,0.0,0.0,0.0,0.0,0.0,7.0,1.0,0.3333333333333333
https://pypi.org/checkout,hard,0,1.0,1,pypi.org,pypi.org,org,,25.0,8.0,0.0,0.0,1.0,0.0,0.2,0.0,0.0,0.0,0.0,0.0,9.0,0.0,0.25
https://steamcommunity.com/features,hard,0,1.0,1,steamcommunity.com,steamcommunity.com,com,,35.0,18.0,0.0,0.0,1.0,0.0,0.14285714285714285,0.0,0.0,0.0,0.0,0.0,9.0,0.0,0.35714285714285715
http://www.paypal.com/news/technology,hard,0,1.0,1,www.paypal.com,paypal.com,com,www,37.0,14.0,0.0,1.0,0.0,0.0,0.1891891891891892,0.0,0.0,0.0,0.0,0.0,16.0,1.0,0.3333333333333333
https://www.booking.com/technology,hard,0,1.0,1,www.booking.com,booking.com,com,www,34.0,15.0,0.0,1.0,1.0,0.0,0.17647058823529413,0.0,0.0,0.0,0.0,0.0,11.0,0.0,0.42857142857142855
https://techcrunch.com/api/v1/users,hard,0,1.0,1,techcrunch.com,techcrunch.com,com,,35.0,14.0,0.0,0.0,1.0,0.0,0.2,0.02857142857142857,0.0,0.0,0.0,0.0,13.0,0.0,0.2
https://www.ebay.com/shop/category/laptops,hard,0,1.0,1,www.ebay.com,ebay.com,com,www,42.0,12.0,0.0,1.0,1.0,0.0,0.19047619047619047,0.0,0.0,0.0,0.0,0.0,22.0,1.0,0.5
https://www.expedia.com/releases/tag/v2.3.1,hard,0,1.0,1,www.expedia.com,expedia.com,com,www,43.0,15.0,0.0,1.0,1.0,0.0,0.23255813953488372,0.06976744186046512,0.0,0.0,0.0,0.0,20.0,0.0,0.5714285714285714
https://secure-login.amazon.com.secure-session.click,hard,1,0.8363298640515427,1,secure-login.amazon.com.secure-session.click,secure-session.click,click,secure-login.amazon.com,52.0,44.0,0.0,3.0,1.0,1.0,0.17307692307692307,0.0,0.0,1.0,1.0,2.0,0.0,0.0,0.46153846153846156
https://cnn.com/docs/getting-started,hard,0,1.0,1,cnn.com,cnn.com,com,,36.0,7.0,0.0,0.0,1.0,0.0,0.19444444444444445,0.0,0.0,0.0,0.0,0.0,21.0,1.0,0.0
https://www.theguardian.com/blog/2025/new-features,hard,0,1.0,1,www.theguardian.com,theguardian.com,com,www,50.0,19.0,0.0,1.0,1.0,0.0,0.18,0.08,0.0,0.0,0.0,0.0,23.0,0.0,0.45454545454545453
https://blogger.com/pricing,hard,0,1.0,1,blogger.com,blogger.com,com,,27.0,11.0,0.0,0.0,1.0,0.0,0.18518518518518517,0.0,0.0,0.0,0.0,0.0,8.0,0.0,0.2857142857142857
http://dropbox-bank.ml/verify,hard,1,1.0,1,dropbox-bank.ml,dropbox-bank.ml,ml,,29.0,15.0,0.0,0.0,0.0,1.0,0.20689655172413793,0.0,0.0,1.0,1.0,1.0,7.0,0.0,0.2727272727272727
https://www.quora.com/releases/tag/v2.3.1,hard,0,1.0,1,www.quora.com,quora.com,com,www,41.0,13.0,0.0,1.0,1.0,0.0,0.24390243902439024,0.07317073170731707,0.0,0.0,0.0,0.0,20.0,0.0,0.6
https://bitbucket.org/downloads/latest,hard,0,1.0,1,bitbucket.org,bitbucket.org,org,,38.0,13.0,0.0,0.0,1.0,0.0,0.15789473684210525,0.0,0.0,0.0,0.0,0.0,17.0,0.0,0.3333333333333333
http://www.theguardian.com/docs,hard,0,1.0,1,www.theguardian.com,theguardian.com,com,www,31.0,19.0,0.0,1.0,0.0,0.0,0.1935483870967742,0.0,0.0,0.0,0.0,0.0,5.0,0.0,0.45454545454545453
http://coinbase-password-reset.win/wallet/unlock,hard,1,1.0,1,coinbase-password-reset.win,coinbase-password-reset.win,win,,48.0,27.0,0.0,0.0,0.0,1.0,0.16666666666666666,0.0,0.0,0.0,1.0,2.0,14.0,0.0,0.38095238095238093
https://cnn.com/playlist?list=PL12345,hard,0,0.9994261999278239,1,cnn.com,cnn.com,com,,37.0,7.0,0.0,0.0,1.0,0.0,0.1891891891891892,0.13513513513513514,0.0,0.0,0.0,0.0,21.0,1.0,0.0
https://update-team-billing-center-official-portal-support.ml/login/index.php?id=72776,hard,1,1.0,1,update-team-billing-center-official-portal-support.ml,update-team-billing-center-official-portal-support.ml,ml,,86.0,53.0,0.0,0.0,1.0,1.0,0.1744186046511628,0.05813953488372093,0.0,1.0,0.0,6.0,24.0,0.0,0.38636363636363635
https://www.cdc.gov/en-us/docs/Web/JavaScript,hard,0,1.0,1,www.cdc.gov,cdc.gov,gov,www,45.0,11.0,0.0,1.0,1.0,0.0,0.2222222222222222,0.0,0.0,0.0,0.0,0.0,26.0,0.0,0.0
https://github.com/en-us/library,hard,0,0.975,1,github.com,github.com,com,,32.0,10.0,0.0,0.0,1.0,0.0,0.21875,0.0,0.0,0.0,0.0,0.0,14.0,1.0,0.3333333333333333
https://www.khanacademy.org/download,hard,0,1.0,1,www.khanacademy.org,khanacademy.org,org,www,36.0,19.0,0.0,1.0,1.0,0.0,0.16666666666666666,0.0,0.0,0.0,0.0,0.0,9.0,0.0,0.36363636363636365
https://www.stanford.edu/watch?v=dQw4w9WgXcQ,hard,0,1.0,1,www.stanford.edu,stanford.edu,edu,www,44.0,16.0,0.0,1.0,1.0,0.0,0.18181818181818182,0.045454545454545456,0.0,0.0,0.0,0.0,19.0,0.0,0.25
https://www.nih.gov/forum,hard,0,1.0,1,www.nih.gov,nih.gov,gov,www,25.0,11.0,0.0,1.0,1.0,0.0,0.24,0.0,0.0,0.0,0.0,0.0,6.0,0.0,0.3333333333333333
https://www-google491.invoice.club/alert/action-required,hard,1,1.0,1,www-google491.invoice.club,invoice.club,club,www-google491,56.0,26.0,0.0,1.0,1.0,0.0,0.16071428571428573,0.05357142857142857,0.0,0.0,0.0,1.0,22.0,0.0,0.5714285714285714
https://uber.com/login,hard,0,1.0,1,uber.com,uber.com,com,,22.0,8.0,0.0,0.0,1.0,1.0,0.22727272727272727,0.0,0.0,0.0,0.0,0.0,6.0,0.0,0.5
https://wellsfargo.com/careers,hard,0,1.0,1,wellsfargo.com,wellsfargo.com,com,,30.0,14.0,0.0,0.0,1.0,0.0,0.16666666666666666,0.0,0.0,0.0,0.0,0.0,8.0,0.0,0.3
https://irs.gov/watch?v=dQw4w9WgXcQ,hard,0,1.0,1,irs.gov,irs.gov,gov,,35.0,7.0,0.0,0.0,1.0,0.0,0.2,0.05714285714285714,0.0,0.0,0.0,0.0,19.0,0.0,0.3333333333333333
https://www.europa.eu/user/johndoe,hard,0,1.0,1,www.europa.eu,europa.eu,eu,www,34.0,13.0,0.0,1.0,1.0,0.0,0.20588235294117646,0.0,0.0,0.0,0.0,0.0,13.0,0.0,0.6666666666666666
https://secure-login.bankofamerica.com.signin-support.online,hard,1,0.8820065592649007,1,secure-login.bankofamerica.com.signin-support.online,signin-support.online,online,secure-login.bankofamerica.com,60.0,52.0,0.0,3.0,1.0,1.0,0.15,0.0,0.0,1.0,1.0,2.0,0.0,0.0,0.3076923076923077
https://intel.com/features,hard,0,1.0,1,intel.com,intel.com,com,,26.0,9.0,0.0,0.0,1.0,0.0,0.19230769230769232,0.0,0.0,0.0,0.0,0.0,9.0,0.0,0.4
https://wsj.com/wiki,hard,0,1.0,1,wsj.com,wsj.com,com,,20.0,7.0,0.0,0.0,1.0,0.0,0.25,0.0,0.0,0.0,0.0,0.0,5.0,0.0,0.0
https://facebook.com/dashboard,hard,0,0.975,1,facebook.com,facebook.com,com,,30.0,12.0,0.0,0.0,1.0,0.0,0.16666666666666666,0.0,0.0,0.0,0.0,0.0,10.0,1.0,0.5
http://www.pinterest.com/world,hard,0,1.0,1,www.pinterest.com,pinterest.com,com,www,30.0,17.0,0.0,1.0,0.0,0.0,0.2,0.0,0.0,0.0,0.0,0.0,6.0,0.0,0.3333333333333333
https://nvidia.com/issues/1042,hard,0,0.9891170323928945,1,nvidia.com,nvidia.com,com,,30.0,10.0,0.0,0.0,1.0,0.0,0.2,0.13333333333333333,0.0,0.0,0.0,0.0,12.0,0.0,0.5
http://117.211.210.91:8443/admin/login.php,hard,1,1.0,1,117.211.210.91,117.211.210.91,91,117.211,42.0,14.0,1.0,0.0,0.0,1.0,0.23809523809523808,0.35714285714285715,0.0,0.0,0.0,0.0,16.0,0.0,0.0
https://www.doordash.com/api/v1/users,hard,0,1.0,1,www.doordash.com,doordash.com,com,www,37.0,16.0,0.0,1.0,1.0,0.0,0.21621621621621623,0.02702702702702703,0.0,0.0,0.0,0.0,13.0,0.0,0.375
https://adobe-cloud-verify.com/verify,hard,1,1.0,1,adobe-cloud-verify.com,adobe-cloud-verify.com,com,,37.0,22.0,0.0,0.0,1.0,1.0,0.1891891891891892,0.0,0.0,0.0,1.0,2.0,7.0,0.0,0.4375
https://130.55.215.110:8443/index.php,hard,1,1.0,1,130.55.215.110,130.55.215.110,110,130.55,37.0,14.0,1.0,0.0,1.0,0.0,0.24324324324324326,0.40540540540540543,0.0,0.0,0.0,0.0,10.0,0.0,0.0
https://epicgames.com/blog,hard,0,1.0,1,epicgames.com,epicgames.com,com,,26.0,13.0,0.0,0.0,1.0,0.0,0.19230769230769232,0.0,0.0,0.0,0.0,0.0,5.0,0.0,0.4444444444444444
https://www.cdc.gov/features,hard,0,1.0,1,www.cdc.gov,cdc.gov,gov,www,28.0,11.0,0.0,1.0,1.0,0.0,0.21428571428571427,0.0,0.0,0.0,0.0,0.0,9.0,0.0,0.0
https://yah00-account.com/verify,hard,1,1.0,1,yah00-account.com,yah00-account.com,com,,32.0,17.0,0.0,0.0,1.0,1.0,0.1875,0.0625,0.0,0.0,1.0,1.0,7.0,0.0,0.4
https://x.com/sports,hard,0,1.0,1,x.com,x.com,com,,20.0,5.0,0.0,0.0,1.0,0.0,0.25,0.0,0.0,0.0,0.0,0.0,7.0,0.0,0.0
https://www.facebook.com/item/98213,hard,0,0.975,1,www.facebook.com,facebook.com,com,www,35.0,16.0,0.0,1.0,1.0,0.0,0.2,0.14285714285714285,0.0,0.0,0.0,0.0,11.0,1.0,0.5
https://edx.org/watch?v=dQw4w9WgXcQ,hard,0,1.0,1,edx.org,edx.org,org,,35.0,7.0,0.0,0.0,1.0,0.0,0.2,0.05714285714285714,0.0,0.0,0.0,0.0,19.0,0.0,0.3333333333333333
https://214.64.230.164:8080/verify/account,hard,1,1.0,1,214.64.230.164,214.64.230.164,164,214.64,42.0,14.0,1.0,0.0,1.0,1.0,0.21428571428571427,0.35714285714285715,0.0,0.0,0.0,0.0,15.0,0.0,0.0
https://adobe.com/article/2025/06/12/world-news,hard,0,1.0,1,adobe.com,adobe.com,com,,47.0,9.0,0.0,0.0,1.0,0.0,0.2127659574468085,0.1702127659574468,0.0,0.0,0.0,0.0,30.0,1.0,0.6
https://europa.eu/products,hard,0,1.0,1,europa.eu,europa.eu,eu,,26.0,9.0,0.0,0.0,1.0,0.0,0.19230769230769232,0.0,0.0,0.0,0.0,0.0,9.0,0.0,0.6666666666666666
https://www.americanexpress.com/features/security,hard,0,1.0,1,www.americanexpress.com,americanexpress.com,com,www,49.0,23.0,0.0,1.0,1.0,0.0,0.14285714285714285,0.0,0.0,0.0,0.0,0.0,18.0,0.0,0.4
http://twitch.tv/health,hard,0,1.0,1,twitch.tv,twitch.tv,tv,,23.0,9.0,0.0,0.0,0.0,0.0,0.21739130434782608,0.0,0.0,0.0,0.0,0.0,7.0,0.0,0.16666666666666666
https://nasa.gov/careers,hard,0,1.0,1,nasa.gov,nasa.gov,gov,,24.0,8.0,0.0,0.0,1.0,0.0,0.20833333333333334,0.0,0.0,0.0,0.0,0.0,8.0,0.0,0.5
https://secure-binance320.wallet.work/login.php,hard,1,1.0,1,secure-binance320.wallet.work,wallet.work,work,secure-binance320,47.0,29.0,0.0,1.0,1.0,1.0,0.1702127659574468,0.06382978723404255,0.0,1.0,0.0,1.0,10.0,0.0,0.3333333333333333
https://booking.com/search,hard,0,1.0,1,booking.com,booking.com,com,,26.0,11.0,0.0,0.0,1.0,0.0,0.19230769230769232,0.0,0.0,0.0,0.0,0.0,7.0,0.0,0.42857142857142855
https://en.wikipedia.org/features,hard,0,0.95,1,en.wikipedia.org,wikipedia.org,org,en,33.0,16.0,0.0,1.0,1.0,0.0,0.18181818181818182,0.0,0.0,0.0,0.0,0.0,9.0,1.0,0.5555555555555556
https://gooogle.com/account/update,hard,1,1.0,1,gooogle.com,gooogle.com,com,,34.0,11.0,0.0,0.0,1.0,1.0,0.17647058823529413,0.0,0.0,0.0,0.85,0.0,15.0,0.0,0.5714285714285714
https://irs.gov/features/security,hard,0,1.0,1,irs.gov,irs.gov,gov,,33.0,7.0,0.0,0.0,1.0,0.0,0.18181818181818182,0.0,0.0,0.0,0.0,0.0,18.0,0.0,0.3333333333333333
https://gooogle.com/verify,hard,1,1.0,1,gooogle.com,gooogle.com,com,,26.0,11.0,0.0,0.0,1.0,1.0,0.19230769230769232,0.0,0.0,0.0,0.85,0.0,7.0,0.0,0.5714285714285714
https://forbes.com/docs,hard,0,0.975,1,forbes.com,forbes.com,com,,23.0,10.0,0.0,0.0,1.0,0.0,0.21739130434782608,0.0,0.0,0.0,0.0,0.0,5.0,1.0,0.3333333333333333
http://bankofamerica-support.work/support/ticket,hard,1,1.0,1,bankofamerica-support.work,bankofamerica-support.work,work,,48.0,26.0,0.0,0.0,0.0,0.0,0.14583333333333334,0.0,0.0,1.0,1.0,1.0,15.0,0.0,0.4
https://www.shopify.com/issues/1042,hard,0,1.0,1,www.shopify.com,shopify.com,com,www,35.0,15.0,0.0,1.0,1.0,0.0,0.2,0.11428571428571428,0.0,0.0,0.0,0.0,12.0,0.0,0.2857142857142857
https://irs.gov/news,hard,0,1.0,1,irs.gov,irs.gov,gov,,20.0,7.0,0.0,0.0,1.0,0.0,0.25,0.0,0.0,0.0,0.0,0.0,5.0,0.0,0.3333333333333333
https://www.doordash.com/dashboard,hard,0,1.0,1,www.doordash.com,doordash.com,com,www,34.0,16.0,0.0,1.0,1.0,0.0,0.17647058823529413,0.0,0.0,0.0,0.0,0.0,10.0,0.0,0.375
https://portal-billing-paypal-update-secure-account.loan/verify/session.php?token=2a5f66fbb42e,hard,1,1.0,1,portal-billing-paypal-update-secure-account.loan,portal-billing-paypal-update-secure-account.loan,loan,,94.0,48.0,0.0,0.0,1.0,1.0,0.14893617021276595,0.06382978723404255,0.0,1.0,1.0,5.0,37.0,0.0,0.39473684210526316
https://facebook-update-secure.com/verify-account,hard,1,1.0,1,facebook-update-secure.com,facebook-update-secure.com,com,,49.0,26.0,0.0,0.0,1.0,1.0,0.16326530612244897,0.0,0.0,0.0,1.0,2.0,15.0,0.0,0.5
https://id-confirm.netflix.com.signin-support.online,hard,1,0.861574755276665,1,id-confirm.netflix.com.signin-support.online,signin-support.online,online,id-confirm.netflix.com,52.0,44.0,0.0,3.0,1.0,1.0,0.17307692307692307,0.0,0.0,1.0,1.0,2.0,0.0,0.0,0.3076923076923077
https://www.notion.so/products,hard,0,1.0,1,www.notion.so,notion.so,so,www,30.0,13.0,0.0,1.0,1.0,0.0,0.2,0.0,0.0,0.0,0.0,0.0,9.0,0.0,0.5
https://airbnb.com/community,hard,0,1.0,1,airbnb.com,airbnb.com,com,,28.0,10.0,0.0,0.0,1.0,0.0,0.17857142857142858,0.0,0.0,0.0,0.0,0.0,10.0,0.0,0.3333333333333333
https://www.trello.com/profile,hard,0,1.0,1,www.trello.com,trello.com,com,www,30.0,14.0,0.0,1.0,1.0,0.0,0.2,0.0,0.0,0.0,0.0,0.0,8.0,0.0,0.3333333333333333
https://en.wikipedia.org/support,hard,0,0.95,1,en.wikipedia.org,wikipedia.org,org,en,32.0,16.0,0.0,1.0,1.0,0.0,0.1875,0.0,0.0,0.0,0.0,0.0,8.0,1.0,0.5555555555555556
https://192.168.85.154:8080/wp-login.php,hard,1,1.0,1,192.168.85.154,192.168.85.154,154,192.168,40.0,14.0,1.0,0.0,1.0,1.0,0.25,0.375,0.0,0.0,0.0,0.0,13.0,0.0,0.0
https://booking.com/help,hard,0,1.0,1,booking.com,booking.com,com,,24.0,11.0,0.0,0.0,1.0,0.0,0.20833333333333334,0.0,0.0,0.0,0.0,0.0,5.0,0.0,0.42857142857142855
https://techcrunch.com/en-us/docs/Web/JavaScript,hard,0,1.0,1,techcrunch.com,techcrunch.com,com,,48.0,14.0,0.0,0.0,1.0,0.0,0.1875,0.0,0.0,0.0,0.0,0.0,26.0,0.0,0.2
https://hsbc-bank-verify.work/confirm-identity,hard,1,1.0,1,hsbc-bank-verify.work,hsbc-bank-verify.work,work,,46.0,21.0,0.0,0.0,1.0,1.0,0.17391304347826086,0.0,0.0,1.0,0.0,2.0,17.0,0.0,0.21428571428571427
https://arnazon.com/session/renew?token=55c12d9aee8a5652,hard,1,1.0,1,arnazon.com,arnazon.com,com,,56.0,11.0,0.0,0.0,1.0,0.0,0.14285714285714285,0.17857142857142858,0.0,0.0,0.0,0.0,36.0,0.0,0.42857142857142855
https://www.youtube.com/forum,hard,0,0.95,1,www.youtube.com,youtube.com,com,www,29.0,15.0,0.0,1.0,1.0,0.0,0.20689655172413793,0.0,0.0,0.0,0.0,0.0,6.0,1.0,0.5714285714285714
https://www.airbnb.com/,hard,0,1.0,1,www.airbnb.com,airbnb.com,com,www,23.0,14.0,0.0,1.0,1.0,0.0,0.2608695652173913,0.0,0.0,0.0,0.0,0.0,1.0,0.0,0.3333333333333333
https://usa.gov/reference/functions.html,hard,0,1.0,1,usa.gov,usa.gov,gov,,40.0,7.0,0.0,0.0,1.0,0.0,0.175,0.0,0.0,0.0,0.0,0.0,25.0,0.0,0.6666666666666666
https://www.wsj.com/docs/api,hard,0,0.9750209884722529,1,www.wsj.com,wsj.com,com,www,28.0,11.0,0.0,1.0,1.0,0.0,0.25,0.0,0.0,0.0,0.0,0.0,9.0,0.0,0.0
https://target.com/forum,hard,0,1.0,1,target.com,target.com,com,,24.0,10.0,0.0,0.0,1.0,0.0,0.20833333333333334,0.0,0.0,0.0,0.0,0.0,6.0,0.0,0.3333333333333333
http://google-crypto.top/session/renew?token=0f46af9a43461ec3,hard,1,1.0,1,google-crypto.top,google-crypto.top,top,,61.0,17.0,0.0,0.0,0.0,0.0,0.14754098360655737,0.16393442622950818,0.0,1.0,1.0,1.0,36.0,0.0,0.3333333333333333
https://www.trello.com/products,hard,0,1.0,1,www.trello.com,trello.com,com,www,31.0,14.0,0.0,1.0,1.0,0.0,0.1935483870967742,0.0,0.0,0.0,0.0,0.0,9.0,0.0,0.3333333333333333
https://coursera.org/search,hard,0,1.0,1,coursera.org,coursera.org,org,,27.0,12.0,0.0,0.0,1.0,0.0,0.18518518518518517,0.0,0.0,0.0,0.0,0.0,7.0,0.0,0.5
https://www.lyft.com/shop/category/laptops,hard,0,1.0,1,www.lyft.com,lyft.com,com,www,42.0,12.0,0.0,1.0,1.0,0.0,0.19047619047619047,0.0,0.0,0.0,0.0,0.0,22.0,0.0,0.0
https://update-billing-portal-service-verify-info.gq/verify/session.php?token=d0354eff0e76,hard,1,1.0,1,update-billing-portal-service-verify-info.gq,update-billing-portal-service-verify-info.gq,gq,,90.0,44.0,0.0,0.0,1.0,1.0,0.15555555555555556,0.07777777777777778,0.0,1.0,0.0,5.0,37.0,0.0,0.3888888888888889
https://pypi.org/support,hard,0,1.0,1,pypi.org,pypi.org,org,,24.0,8.0,0.0,0.0,1.0,0.0,0.20833333333333334,0.0,0.0,0.0,0.0,0.0,8.0,0.0,0.25
https://www.hsbc.com/profile,hard,0,1.0,1,www.hsbc.com,hsbc.com,com,www,28.0,12.0,0.0,1.0,1.0,0.0,0.21428571428571427,0.0,0.0,0.0,0.0,0.0,8.0,0.0,0.0
https://yah00-account.com/verify-account,hard,1,1.0,1,yah00-account.com,yah00-account.com,com,,40.0,17.0,0.0,0.0,1.0,1.0,0.175,0.05,0.0,0.0,1.0,1.0,15.0,0.0,0.4
https://docker.com/docs,hard,0,0.975,1,docker.com,docker.com,com,,23.0,10.0,0.0,0.0,1.0,0.0,0.21739130434782608,0.0,0.0,0.0,0.0,0.0,5.0,1.0,0.3333333333333333
https://support.mozilla.org/,hard,0,0.95,1,support.mozilla.org,mozilla.org,org,support,28.0,19.0,0.0,1.0,1.0,0.0,0.21428571428571427,0.0,0.0,0.0,0.0,0.0,1.0,1.0,0.42857142857142855
https://discord.com/wiki/Main_Page,hard,0,0.975,1,discord.com,discord.com,com,,34.0,11.0,0.0,0.0,1.0,0.0,0.20588235294117646,0.0,0.0,0.0,0.0,0.0,15.0,1.0,0.2857142857142857
https://citibank-password-reset-suspended.net/support/ticket,hard,1,1.0,1,citibank-password-reset-suspended.net,citibank-password-reset-suspended.net,net,,60.0,37.0,0.0,0.0,1.0,1.0,0.15,0.0,0.0,0.0,0.0,3.0,15.0,0.0,0.3333333333333333
https://x.com/news/technology,hard,0,1.0,1,x.com,x.com,com,,29.0,5.0,0.0,0.0,1.0,0.0,0.20689655172413793,0.0,0.0,0.0,0.0,0.0,16.0,0.0,0.0
https://149.162.21.142:443/bank/secure,hard,1,1.0,1,149.162.21.142,149.162.21.142,142,149.162,38.0,14.0,1.0,0.0,1.0,1.0,0.23684210526315788,0.3684210526315789,0.0,0.0,0.0,0.0,12.0,0.0,0.0
https://paypal-login-unlock.info/reset-password,hard,1,1.0,1,paypal-login-unlock.info,paypal-login-unlock.info,info,,47.0,24.0,0.0,0.0,1.0,1.0,0.1702127659574468,0.0,0.0,1.0,1.0,2.0,15.0,0.0,0.35294117647058826
https://notion.so/wiki,hard,0,1.0,1,notion.so,notion.so,so,,22.0,9.0,0.0,0.0,1.0,0.0,0.22727272727272727,0.0,0.0,0.0,0.0,0.0,5.0,0.0,0.5
https://www.cdc.gov/signin,hard,0,0.975,1,www.cdc.gov,cdc.gov,gov,www,26.0,11.0,0.0,1.0,1.0,1.0,0.23076923076923078,0.0,0.0,0.0,0.0,0.0,7.0,0.0,0.0
https://www.apple.com/products/electronics,hard,0,1.0,1,www.apple.com,apple.com,com,www,42.0,13.0,0.0,1.0,1.0,0.0,0.16666666666666666,0.0,0.0,0.0,0.0,0.0,21.0,1.0,0.4
https://discord.com/world,hard,0,0.975,1,discord.com,discord.com,com,,25.0,11.0,0.0,0.0,1.0,0.0,0.2,0.0,0.0,0.0,0.0,0.0,6.0,1.0,0.2857142857142857
https://hsbc-wallet-verify.tk/verify,hard,1,0.9991265391225944,1,hsbc-wallet-verify.tk,hsbc-wallet-verify.tk,tk,,36.0,21.0,0.0,0.0,1.0,1.0,0.19444444444444445,0.0,0.0,1.0,0.0,2.0,7.0,0.0,0.25
https://91.124.105.178:8443/login,hard,1,1.0,1,91.124.105.178,91.124.105.178,178,91.124,33.0,14.0,1.0,0.0,1.0,1.0,0.24242424242424243,0.45454545454545453,0.0,0.0,0.0,0.0,6.0,0.0,0.0
https://www.trello.com/docs/api,hard,0,1.0,1,www.trello.com,trello.com,com,www,31.0,14.0,0.0,1.0,1.0,0.0,0.22580645161290322,0.0,0.0,0.0,0.0,0.0,9.0,0.0,0.3333333333333333
https://chase-support-alert.work/update-billing,hard,1,1.0,1,chase-support-alert.work,chase-support-alert.work,work,,47.0,24.0,0.0,0.0,1.0,1.0,0.1702127659574468,0.0,0.0,1.0,1.0,2.0,15.0,0.0,0.35294117647058826
http://irs-helpdesk.win/reset-password,hard,1,1.0,1,irs-helpdesk.win,irs-helpdesk.win,win,,38.0,16.0,0.0,0.0,0.0,1.0,0.18421052631578946,0.0,0.0,0.0,0.0,1.0,15.0,0.0,0.2727272727272727
https://www.apple.com/about,hard,0,0.95,1,www.apple.com,apple.com,com,www,27.0,13.0,0.0,1.0,1.0,0.0,0.2222222222222222,0.0,0.0,0.0,0.0,0.0,6.0,1.0,0.4
https://arnazon.com/login.php,hard,1,0.975,1,arnazon.com,arnazon.com,com,,29.0,11.0,0.0,0.0,1.0,1.0,0.20689655172413793,0.0,0.0,0.0,0.0,0.0,10.0,0.0,0.42857142857142855
http://news.bbc.co.uk/playlist?list=PL12345,hard,0,1.0,1,news.bbc.co.uk,bbc.co.uk,uk,news.bbc,43.0,14.0,0.0,1.0,0.0,0.0,0.20930232558139536,0.11627906976744186,0.0,0.0,0.0,0.0,21.0,1.0,0.0
https://www.uber.com/wiki,hard,0,1.0,1,www.uber.com,uber.com,com,www,25.0,12.0,0.0,1.0,1.0,0.0,0.24,0.0,0.0,0.0,0.0,0.0,5.0,0.0,0.5
https://mit.edu/technology,hard,0,1.0,1,mit.edu,mit.edu,edu,,26.0,7.0,0.0,0.0,1.0,0.0,0.19230769230769232,0.0,0.0,0.0,0.0,0.0,11.0,0.0,0.3333333333333333
https://azure.microsoft.com/about,hard,0,0.95,1,azure.microsoft.com,microsoft.com,com,azure,33.0,19.0,0.0,1.0,1.0,0.0,0.18181818181818182,0.0,0.0,0.0,0.0,0.0,6.0,1.0,0.3333333333333333
https://instagr4m-help.com/auth/validate?user=624841,hard,1,1.0,1,instagr4m-help.com,instagr4m-help.com,com,,52.0,18.0,0.0,0.0,1.0,0.0,0.17307692307692307,0.1346153846153846,0.0,0.0,1.0,1.0,25.0,0.0,0.25
https://signin.americanexpress.com.secure-session.click,hard,1,0.8762330787146816,1,signin.americanexpress.com.secure-session.click,secure-session.click,click,signin.americanexpress.com,55.0,47.0,0.0,3.0,1.0,1.0,0.14545454545454545,0.0,0.0,1.0,0.0,1.0,0.0,0.0,0.46153846153846156
https://www.amazon.com/account,hard,0,0.925,1,www.amazon.com,amazon.com,com,www,30.0,14.0,0.0,1.0,1.0,1.0,0.2,0.0,0.0,0.0,0.0,0.0,8.0,1.0,0.5
https://www.netflix.com/en-us/library,hard,0,0.975,1,www.netflix.com,netflix.com,com,www,37.0,15.0,0.0,1.0,1.0,0.0,0.21621621621621623,0.0,0.0,0.0,0.0,0.0,14.0,1.0,0.2857142857142857
https://www.gov.uk/wiki,hard,0,1.0,1,www.gov.uk,www.gov.uk,uk,www,23.0,10.0,0.0,0.0,1.0,0.0,0.2608695652173913,0.0,0.0,0.0,0.0,0.0,5.0,0.0,0.0
https://36.13.62.223:8080/verify/account,hard,1,1.0,1,36.13.62.223,36.13.62.223,223,36.13,40.0,12.0,1.0,0.0,1.0,1.0,0.225,0.325,0.0,0.0,0.0,0.0,15.0,0.0,0.0
https://account-verify.chase.com.account-alert.info,hard,1,0.8047521900661598,1,account-verify.chase.com.account-alert.info,account-alert.info,info,account-verify.chase.com,51.0,43.0,0.0,3.0,1.0,1.0,0.17647058823529413,0.0,0.0,1.0,1.0,2.0,0.0,0.0,0.4166666666666667
http://hsbc-update.men/signin,hard,1,1.0,1,hsbc-update.men,hsbc-update.men,men,,29.0,15.0,0.0,0.0,0.0,1.0,0.20689655172413793,0.0,0.0,0.0,0.0,1.0,7.0,0.0,0.3
https://www.notion.so/wiki/Main_Page,hard,0,1.0,1,www.notion.so,notion.so,so,www,36.0,13.0,0.0,1.0,1.0,0.0,0.2222222222222222,0.0,0.0,0.0,0.0,0.0,15.0,0.0,0.5
https://cdc.gov/forum,hard,0,1.0,1,cdc.gov,cdc.gov,gov,,21.0,7.0,0.0,0.0,1.0,0.0,0.23809523809523808,0.0,0.0,0.0,0.0,0.0,6.0,0.0,0.0
https://www.netflix.com/features/security,hard,0,1.0,1,www.netflix.com,netflix.com,com,www,41.0,15.0,0.0,1.0,1.0,0.0,0.17073170731707318,0.0,0.0,0.0,0.0,0.0,18.0,1.0,0.2857142857142857
https://intel.com/download,hard,0,1.0,1,intel.com,intel.com,com,,26.0,9.0,0.0,0.0,1.0,0.0,0.19230769230769232,0.0,0.0,0.0,0.0,0.0,9.0,0.0,0.4
https://www.booking.com/about,hard,0,1.0,1,www.booking.com,booking.com,com,www,29.0,15.0,0.0,1.0,1.0,0.0,0.20689655172413793,0.0,0.0,0.0,0.0,0.0,6.0,0.0,0.42857142857142855
https://www.who.int/profile,hard,0,1.0,1,www.who.int,who.int,int,www,27.0,11.0,0.0,1.0,1.0,0.0,0.2222222222222222,0.0,0.0,0.0,0.0,0.0,8.0,0.0,0.3333333333333333
https://forbes.com/,hard,0,0.975,1,forbes.com,forbes.com,com,,19.0,10.0,0.0,0.0,1.0,0.0,0.2631578947368421,0.0,0.0,0.0,0.0,0.0,1.0,1.0,0.3333333333333333
https://stanford.edu/forum,hard,0,1.0,1,stanford.edu,stanford.edu,edu,,26.0,12.0,0.0,0.0,1.0,0.0,0.19230769230769232,0.0,0.0,0.0,0.0,0.0,6.0,0.0,0.25
https://www.intel.com/login,hard,0,1.0,1,www.intel.com,intel.com,com,www,27.0,13.0,0.0,1.0,1.0,1.0,0.2222222222222222,0.0,0.0,0.0,0.0,0.0,6.0,0.0,0.4
https://berkeley.edu/business,hard,0,1.0,1,berkeley.edu,berkeley.edu,edu,,29.0,12.0,0.0,0.0,1.0,0.0,0.1724137931034483,0.0,0.0,0.0,0.0,0.0,9.0,0.0,0.375
https://www.stanford.edu/settings,hard,0,1.0,1,www.stanford.edu,stanford.edu,edu,www,33.0,16.0,0.0,1.0,1.0,0.0,0.18181818181818182,0.0,0.0,0.0,0.0,0.0,9.0,0.0,0.25
https://doordash.com/issues/1042,hard,0,1.0,1,doordash.com,doordash.com,com,,32.0,12.0,0.0,0.0,1.0,0.0,0.1875,0.125,0.0,0.0,0.0,0.0,12.0,0.0,0.375
https://paypal-confirm-official-team-user-service.gq/login/index.php?id=34130,hard,1,1.0,1,paypal-confirm-official-team-user-service.gq,paypal-confirm-official-team-user-service.gq,gq,,77.0,44.0,0.0,0.0,1.0,1.0,0.18181818181818182,0.06493506493506493,0.0,1.0,1.0,5.0,24.0,0.0,0.4166666666666667
https://account-verify.netflix.com.user-verify.tk,hard,1,0.7951182920564792,1,account-verify.netflix.com.user-verify.tk,user-verify.tk,tk,account-verify.netflix.com,49.0,41.0,0.0,3.0,1.0,1.0,0.1836734693877551,0.0,0.0,1.0,1.0,2.0,0.0,0.0,0.4
https://secure-login.facebook.com.auth-portal.cf,hard,1,0.8059305525928776,1,secure-login.facebook.com.auth-portal.cf,auth-portal.cf,cf,secure-login.facebook.com,48.0,40.0,0.0,3.0,1.0,1.0,0.1875,0.0,0.0,1.0,1.0,2.0,0.0,0.0,0.4
https://facebook.com/features/security,hard,0,1.0,1,facebook.com,facebook.com,com,,38.0,12.0,0.0,0.0,1.0,0.0,0.15789473684210525,0.0,0.0,0.0,0.0,0.0,18.0,1.0,0.5
https://stanford.edu/article/2025/06/12/world-news,hard,0,1.0,1,stanford.edu,stanford.edu,edu,,50.0,12.0,0.0,0.0,1.0,0.0,0.2,0.16,0.0,0.0,0.0,0.0,30.0,0.0,0.25
https://www.notion.so/questions/12345/how-to-parse-json,hard,0,1.0,1,www.notion.so,notion.so,so,www,55.0,13.0,0.0,1.0,1.0,0.0,0.2,0.09090909090909091,0.0,0.0,0.0,0.0,34.0,0.0,0.5
https://64.191.122.52/login,hard,1,1.0,1,64.191.122.52,64.191.122.52,52,64.191,27.0,13.0,1.0,0.0,1.0,1.0,0.25925925925925924,0.37037037037037035,0.0,0.0,0.0,0.0,6.0,0.0,0.0
https://www.stackoverflow.com/search,hard,0,0.975,1,www.stackoverflow.com,stackoverflow.com,com,www,36.0,21.0,0.0,1.0,1.0,0.0,0.16666666666666666,0.0,0.0,0.0,0.0,0.0,7.0,1.0,0.3076923076923077
https://twitter.com/dashboard,hard,0,0.975,1,twitter.com,twitter.com,com,,29.0,11.0,0.0,0.0,1.0,0.0,0.1724137931034483,0.0,0.0,0.0,0.0,0.0,10.0,1.0,0.2857142857142857
https://auth.bankofamerica.com.auth-portal.cf,hard,1,0.6612646244906134,1,auth.bankofamerica.com.auth-portal.cf,auth-portal.cf,cf,auth.bankofamerica.com,45.0,37.0,0.0,3.0,1.0,0.0,0.17777777777777778,0.0,0.0,1.0,1.0,1.0,0.0,0.0,0.4
https://www.target.com/world,hard,0,1.0,1,www.target.com,target.com,com,www,28.0,14.0,0.0,1.0,1.0,0.0,0.21428571428571427,0.0,0.0,0.0,0.0,0.0,6.0,0.0,0.3333333333333333
https://id-confirm.bankofamerica.com.id-check.ml,hard,1,0.8368216808013104,1,id-confirm.bankofamerica.com.id-check.ml,id-check.ml,ml,id-confirm.bankofamerica.com,48.0,40.0,0.0,3.0,1.0,0.0,0.1875,0.0,0.0,1.0,1.0,2.0,0.0,0.0,0.2857142857142857
https://secure-login.instagram.com.login-secure.top,hard,1,0.8047521900661598,1,secure-login.instagram.com.login-secure.top,login-secure.top,top,secure-login.instagram.com,51.0,43.0,0.0,3.0,1.0,1.0,0.17647058823529413,0.0,0.0,1.0,1.0,2.0,0.0,0.0,0.45454545454545453
https://center-service-support-paypal-confirm-update-portal-official-verify.cf/verify/session.php?token=817630bba284,hard,1,1.0,1,center-service-support-paypal-confirm-update-portal-official-verify.cf,center-service-support-paypal-confirm-update-portal-official-verify.cf,cf,,116.0,70.0,0.0,0.0,1.0,1.0,0.14655172413793102,0.07758620689655173,0.0,1.0,1.0,8.0,37.0,0.0,0.3728813559322034
http://212.199.67.29:8080/login,hard,1,1.0,1,212.199.67.29,212.199.67.29,29,212.199,31.0,13.0,1.0,0.0,0.0,1.0,0.25806451612903225,0.45161290322580644,0.0,0.0,0.0,0.0,6.0,0.0,0.0
https://adobe-cloud-verify.com/auth/validate?user=579902,hard,1,1.0,1,adobe-cloud-verify.com,adobe-cloud-verify.com,com,,56.0,22.0,0.0,0.0,1.0,1.0,0.17857142857142858,0.10714285714285714,0.0,0.0,1.0,2.0,25.0,0.0,0.4375
https://www.irs.gov/technology,hard,0,1.0,1,www.irs.gov,irs.gov,gov,www,30.0,11.0,0.0,1.0,1.0,0.0,0.2,0.0,0.0,0.0,0.0,0.0,11.0,0.0,0.3333333333333333
https://twitter.com/downloads/latest,hard,0,0.975,1,twitter.com,twitter.com,com,,36.0,11.0,0.0,0.0,1.0,0.0,0.16666666666666666,0.0,0.0,0.0,0.0,0.0,17.0,1.0,0.2857142857142857
https://irs.gov/api/v2/products?page=2,hard,0,1.0,1,irs.gov,irs.gov,gov,,38.0,7.0,0.0,0.0,1.0,0.0,0.23684210526315788,0.05263157894736842,0.0,0.0,0.0,0.0,22.0,0.0,0.3333333333333333
https://www.americanexpress.com/forum,hard,0,1.0,1,www.americanexpress.com,americanexpress.com,com,www,37.0,23.0,0.0,1.0,1.0,0.0,0.16216216216216217,0.0,0.0,0.0,0.0,0.0,6.0,0.0,0.4
https://gitlab.com/help,hard,0,1.0,1,gitlab.com,gitlab.com,com,,23.0,10.0,0.0,0.0,1.0,0.0,0.21739130434782608,0.0,0.0,0.0,0.0,0.0,5.0,0.0,0.3333333333333333
https://notion.so/world,hard,0,1.0,1,notion.so,notion.so,so,,23.0,9.0,0.0,0.0,1.0,0.0,0.21739130434782608,0.0,0.0,0.0,0.0,0.0,6.0,0.0,0.5
https://1inkedin.com/login.php,hard,1,0.975,1,1inkedin.com,1inkedin.com,com,,30.0,12.0,0.0,0.0,1.0,1.0,0.2,0.03333333333333333,0.0,0.0,0.0,0.0,10.0,1.0,0.42857142857142855
https://mit.edu/tree/main/src,hard,0,1.0,1,mit.edu,mit.edu,edu,,29.0,7.0,0.0,0.0,1.0,0.0,0.2413793103448276,0.0,0.0,0.0,0.0,0.0,14.0,0.0,0.3333333333333333
https://irs.gov/blog,hard,0,1.0,1,irs.gov,irs.gov,gov,,20.0,7.0,0.0,0.0,1.0,0.0,0.25,0.0,0.0,0.0,0.0,0.0,5.0,0.0,0.3333333333333333
https://cloudflare.com/repos/example/project,hard,0,1.0,1,cloudflare.com,cloudflare.com,com,,44.0,14.0,0.0,0.0,1.0,0.0,0.1590909090909091,0.0,0.0,0.0,0.0,0.0,22.0,0.0,0.4
http://141.130.133.98:8443/bank/secure,hard,1,1.0,1,141.130.133.98,141.130.133.98,98,141.130,38.0,14.0,1.0,0.0,0.0,1.0,0.23684210526315788,0.39473684210526316,0.0,0.0,0.0,0.0,12.0,0.0,0.0
https://www.amazon.com/dashboard,hard,0,0.95,1,www.amazon.com,amazon.com,com,www,32.0,14.0,0.0,1.0,1.0,0.0,0.1875,0.0,0.0,0.0,0.0,0.0,10.0,1.0,0.5
https://www.expedia.com/checkout,hard,0,1.0,1,www.expedia.com,expedia.com,com,www,32.0,15.0,0.0,1.0,1.0,0.0,0.1875,0.0,0.0,0.0,0.0,0.0,9.0,0.0,0.5714285714285714
https://www.docker.com/contact,hard,0,0.95,1,www.docker.com,docker.com,com,www,30.0,14.0,0.0,1.0,1.0,0.0,0.2,0.0,0.0,0.0,0.0,0.0,8.0,1.0,0.3333333333333333
https://www.booking.com/privacy,hard,0,1.0,1,www.booking.com,booking.com,com,www,31.0,15.0,0.0,1.0,1.0,0.0,0.1935483870967742,0.0,0.0,0.0,0.0,0.0,8.0,0.0,0.42857142857142855
https://www.cdc.gov/blog,hard,0,0.9750209884722529,1,www.cdc.gov,cdc.gov,gov,www,24.0,11.0,0.0,1.0,1.0,0.0,0.25,0.0,0.0,0.0,0.0,0.0,5.0,0.0,0.0
https://steamcommunity.com/help,hard,0,1.0,1,steamcommunity.com,steamcommunity.com,com,,31.0,18.0,0.0,0.0,1.0,0.0,0.16129032258064516,0.0,0.0,0.0,0.0,0.0,5.0,0.0,0.35714285714285715
https://secure-dhl779.account.men/reset-password,hard,1,1.0,1,secure-dhl779.account.men,account.men,men,secure-dhl779,48.0,25.0,0.0,1.0,1.0,1.0,0.16666666666666666,0.0625,0.0,0.0,0.0,1.0,15.0,0.0,0.42857142857142855
https://wsj.com/blog/2025/new-features,hard,0,0.9994261999278239,1,wsj.com,wsj.com,com,,38.0,7.0,0.0,0.0,1.0,0.0,0.21052631578947367,0.10526315789473684,0.0,0.0,0.0,0.0,23.0,0.0,0.0
https://nvidia.com/world,hard,0,1.0,1,nvidia.com,nvidia.com,com,,24.0,10.0,0.0,0.0,1.0,0.0,0.20833333333333334,0.0,0.0,0.0,0.0,0.0,6.0,0.0,0.5
https://www.americanexpress.com/wiki,hard,0,1.0,1,www.americanexpress.com,americanexpress.com,com,www,36.0,23.0,0.0,1.0,1.0,0.0,0.16666666666666666,0.0,0.0,0.0,0.0,0.0,5.0,0.0,0.4
https://1inkedin.com/support/ticket,hard,1,0.975,1,1inkedin.com,1inkedin.com,com,,35.0,12.0,0.0,0.0,1.0,0.0,0.17142857142857143,0.02857142857142857,0.0,0.0,0.0,0.0,15.0,1.0,0.42857142857142855
http://www.wsj.com/privacy,hard,0,1.0,1,www.wsj.com,wsj.com,com,www,26.0,11.0,0.0,1.0,0.0,0.0,0.23076923076923078,0.0,0.0,0.0,0.0,0.0,8.0,0.0,0.0
https://www.expedia.com/api/v2/products?page=2,hard,0,1.0,1,www.expedia.com,expedia.com,com,www,46.0,15.0,0.0,1.0,1.0,0.0,0.21739130434782608,0.043478260869565216,0.0,0.0,0.0,0.0,22.0,0.0,0.5714285714285714
https://docs.python.org/item/98213,hard,0,0.991148542253185,1,docs.python.org,python.org,org,docs,34.0,15.0,0.0,1.0,1.0,0.0,0.20588235294117646,0.14705882352941177,0.0,0.0,0.0,0.0,11.0,0.0,0.16666666666666666
http://www.who.int/community,hard,0,1.0,1,www.who.int,who.int,int,www,28.0,11.0,0.0,1.0,0.0,0.0,0.21428571428571427,0.0,0.0,0.0,0.0,0.0,10.0,0.0,0.3333333333333333
https://www.shopify.com/downloads/latest,hard,0,1.0,1,www.shopify.com,shopify.com,com,www,40.0,15.0,0.0,1.0,1.0,0.0,0.175,0.0,0.0,0.0,0.0,0.0,17.0,0.0,0.2857142857142857
https://facebook.com/docs,hard,0,0.975,1,facebook.com,facebook.com,com,,25.0,12.0,0.0,0.0,1.0,0.0,0.2,0.0,0.0,0.0,0.0,0.0,5.0,1.0,0.5
https://www.europa.eu/article/2025/06/12/world-news,hard,0,1.0,1,www.europa.eu,europa.eu,eu,www,51.0,13.0,0.0,1.0,1.0,0.0,0.21568627450980393,0.1568627450980392,0.0,0.0,0.0,0.0,30.0,0.0,0.6666666666666666
https://lyft.com/watch?v=dQw4w9WgXcQ,hard,0,1.0,1,lyft.com,lyft.com,com,,36.0,8.0,0.0,0.0,1.0,0.0,0.19444444444444445,0.05555555555555555,0.0,0.0,0.0,0.0,19.0,0.0,0.0
https://netfl1x-billing.com/update-billing,hard,1,1.0,1,netfl1x-billing.com,netfl1x-billing.com,com,,42.0,19.0,0.0,0.0,1.0,1.0,0.16666666666666666,0.023809523809523808,0.0,0.0,0.85,1.0,15.0,0.0,0.23076923076923078
https://paypa1.com/session/renew?token=a497fe4941a938f6,hard,1,1.0,1,paypa1.com,paypa1.com,com,,55.0,10.0,0.0,0.0,1.0,0.0,0.14545454545454545,0.21818181818181817,0.0,0.0,0.0,0.0,36.0,1.0,0.4
https://apple-suspended-support.co/login.php,hard,1,1.0,1,apple-suspended-support.co,apple-suspended-support.co,co,,44.0,26.0,0.0,0.0,1.0,1.0,0.18181818181818182,0.0,0.0,0.0,1.0,2.0,10.0,0.0,0.3333333333333333
https://www.cnn.com/en-us/library,hard,0,0.975,1,www.cnn.com,cnn.com,com,www,33.0,11.0,0.0,1.0,1.0,0.0,0.24242424242424243,0.0,0.0,0.0,0.0,0.0,14.0,1.0,0.0
https://facebook.com/settings,hard,0,0.975,1,facebook.com,facebook.com,com,,29.0,12.0,0.0,0.0,1.0,0.0,0.1724137931034483,0.0,0.0,0.0,0.0,0.0,9.0,1.0,0.5
https://support.mozilla.org/search?q=python+tutorial,hard,0,1.0,1,support.mozilla.org,mozilla.org,org,support,52.0,19.0,0.0,1.0,1.0,0.0,0.17307692307692307,0.0,0.0,0.0,0.0,0.0,24.0,1.0,0.42857142857142855
https://id-confirm.dropbox.com.auth-portal.cf,hard,1,0.6572525247369808,1,id-confirm.dropbox.com.auth-portal.cf,auth-portal.cf,cf,id-confirm.dropbox.com,45.0,37.0,0.0,3.0,1.0,0.0,0.2,0.0,0.0,1.0,1.0,2.0,0.0,0.0,0.4
http://citibank-billing.ml/update-billing,hard,1,1.0,1,citibank-billing.ml,citibank-billing.ml,ml,,41.0,19.0,0.0,0.0,0.0,1.0,0.17073170731707318,0.0,0.0,1.0,0.0,1.0,15.0,0.0,0.3333333333333333
https://www.quora.com/sports,hard,0,1.0,1,www.quora.com,quora.com,com,www,28.0,13.0,0.0,1.0,1.0,0.0,0.21428571428571427,0.0,0.0,0.0,0.0,0.0,7.0,0.0,0.6
https://epicgames.com/releases/tag/v2.3.1,hard,0,1.0,1,epicgames.com,epicgames.com,com,,41.0,13.0,0.0,0.0,1.0,0.0,0.21951219512195122,0.07317073170731707,0.0,0.0,0.0,0.0,20.0,0.0,0.4444444444444444
https://harvard.edu/docs,hard,0,1.0,1,harvard.edu,harvard.edu,edu,,24.0,11.0,0.0,0.0,1.0,0.0,0.20833333333333334,0.0,0.0,0.0,0.0,0.0,5.0,0.0,0.2857142857142857
https://intel.com/science,hard,0,1.0,1,intel.com,intel.com,com,,25.0,9.0,0.0,0.0,1.0,0.0,0.2,0.0,0.0,0.0,0.0,0.0,8.0,0.0,0.4
https://citibank.com/user/johndoe,hard,0,1.0,1,citibank.com,citibank.com,com,,33.0,12.0,0.0,0.0,1.0,0.0,0.18181818181818182,0.0,0.0,0.0,0.0,0.0,13.0,0.0,0.375
https://www.github.com/docs/api,hard,0,0.95,1,www.github.com,github.com,com,www,31.0,14.0,0.0,1.0,1.0,0.0,0.22580645161290322,0.0,0.0,0.0,0.0,0.0,9.0,1.0,0.3333333333333333
https://www.youtube.com/contact,hard,0,0.95,1,www.youtube.com,youtube.com,com,www,31.0,15.0,0.0,1.0,1.0,0.0,0.1935483870967742,0.0,0.0,0.0,0.0,0.0,8.0,1.0,0.5714285714285714
https://signin.microsoft.com.confirm-identity.gq,hard,1,0.8373931269628218,1,signin.microsoft.com.confirm-identity.gq,confirm-identity.gq,gq,signin.microsoft.com,48.0,40.0,0.0,3.0,1.0,1.0,0.16666666666666666,0.0,0.0,1.0,1.0,1.0,0.0,0.0,0.3333333333333333
https://auth.amazon.com.verify-account.xyz,hard,1,0.8173488055578921,1,auth.amazon.com.verify-account.xyz,verify-account.xyz,xyz,auth.amazon.com,42.0,34.0,0.0,3.0,1.0,1.0,0.19047619047619047,0.0,0.0,1.0,1.0,1.0,0.0,0.0,0.38461538461538464
https://oracle.com/en-us/library,hard,0,1.0,1,oracle.com,oracle.com,com,,32.0,10.0,0.0,0.0,1.0,0.0,0.21875,0.0,0.0,0.0,0.0,0.0,14.0,0.0,0.5
https://wordpress.com/,hard,0,1.0,1,wordpress.com,wordpress.com,com,,22.0,13.0,0.0,0.0,1.0,0.0,0.22727272727272727,0.0,0.0,0.0,0.0,0.0,1.0,0.0,0.2222222222222222
https://www.gov.uk/contact,hard,0,1.0,1,www.gov.uk,www.gov.uk,uk,www,26.0,10.0,0.0,0.0,1.0,0.0,0.23076923076923078,0.0,0.0,0.0,0.0,0.0,8.0,0.0,0.0
https://faceb00k-login.net/wallet/unlock,hard,1,1.0,1,faceb00k-login.net,faceb00k-login.net,net,,40.0,18.0,0.0,0.0,1.0,1.0,0.175,0.05,0.0,0.0,1.0,1.0,14.0,0.0,0.36363636363636365
https://account-verify.google.com.account-alert.info,hard,1,0.8505125530100937,1,account-verify.google.com.account-alert.info,account-alert.info,info,account-verify.google.com,52.0,44.0,0.0,3.0,1.0,1.0,0.17307692307692307,0.0,0.0,1.0,1.0,2.0,0.0,0.0,0.4166666666666667
https://netflix.com/login,hard,0,0.95,1,netflix.com,netflix.com,com,,25.0,11.0,0.0,0.0,1.0,1.0,0.2,0.0,0.0,0.0,0.0,0.0,6.0,1.0,0.2857142857142857
https://docs.python.org/repos/example/project,hard,0,1.0,1,docs.python.org,python.org,org,docs,45.0,15.0,0.0,1.0,1.0,0.0,0.17777777777777778,0.0,0.0,0.0,0.0,0.0,22.0,0.0,0.16666666666666666
https://cloudflare.com/downloads/latest,hard,0,1.0,1,cloudflare.com,cloudflare.com,com,,39.0,14.0,0.0,0.0,1.0,0.0,0.15384615384615385,0.0,0.0,0.0,0.0,0.0,17.0,0.0,0.4
https://secure-login.chase.com.confirm-identity.gq,hard,1,0.7917295773229368,1,secure-login.chase.com.confirm-identity.gq,confirm-identity.gq,gq,secure-login.chase.com,50.0,42.0,0.0,3.0,1.0,1.0,0.18,0.0,0.0,1.0,1.0,2.0,0.0,0.0,0.3333333333333333
https://microsoft-authenticate-secure.online/wallet/unlock,hard,1,1.0,1,microsoft-authenticate-secure.online,microsoft-authenticate-secure.online,online,,58.0,36.0,0.0,0.0,1.0,1.0,0.13793103448275862,0.0,0.0,1.0,1.0,2.0,14.0,0.0,0.4444444444444444
http://213.87.18.244:8080/index.php,hard,1,1.0,1,213.87.18.244,213.87.18.244,244,213.87,35.0,13.0,1.0,0.0,0.0,0.0,0.2571428571428571,0.4,0.0,0.0,0.0,0.0,10.0,0.0,0.0
https://binance-reward-reactivate.click/signin,hard,1,1.0,1,binance-reward-reactivate.click,binance-reward-reactivate.click,click,,46.0,31.0,0.0,0.0,1.0,1.0,0.15217391304347827,0.0,0.0,1.0,0.0,2.0,7.0,0.0,0.43478260869565216
https://www.doordash.com/account,hard,0,1.0,1,www.doordash.com,doordash.com,com,www,32.0,16.0,0.0,1.0,1.0,1.0,0.1875,0.0,0.0,0.0,0.0,0.0,8.0,0.0,0.375
https://www.discord.com/shop/category/laptops,hard,0,1.0,1,www.discord.com,discord.com,com,www,45.0,15.0,0.0,1.0,1.0,0.0,0.17777777777777778,0.0,0.0,0.0,0.0,0.0,22.0,1.0,0.2857142857142857
https://dropbox-login-helpdesk.tk/update-billing,hard,1,1.0,1,dropbox-login-helpdesk.tk,dropbox-login-helpdesk.tk,tk,,48.0,25.0,0.0,0.0,1.0,1.0,0.16666666666666666,0.0,0.0,1.0,1.0,2.0,15.0,0.0,0.3
https://dropb0x-share.com/auth/validate?user=486111,hard,1,1.0,1,dropb0x-share.com,dropb0x-share.com,com,,51.0,17.0,0.0,0.0,1.0,0.0,0.17647058823529413,0.13725490196078433,0.0,0.0,1.0,1.0,25.0,0.0,0.2727272727272727
https://www.citi.com/blog/2025/new-features,hard,0,1.0,1,www.citi.com,citi.com,com,www,43.0,12.0,0.0,1.0,1.0,0.0,0.20930232558139536,0.09302325581395349,0.0,0.0,0.0,0.0,23.0,0.0,0.5
https://bloomberg.com/en-us/docs/Web/JavaScript,hard,0,1.0,1,bloomberg.com,bloomberg.com,com,,47.0,13.0,0.0,0.0,1.0,0.0,0.19148936170212766,0.0,0.0,0.0,0.0,0.0,26.0,0.0,0.3333333333333333
https://twiiter-verify.com/update-billing,hard,1,1.0,1,twiiter-verify.com,twiiter-verify.com,com,,41.0,18.0,0.0,0.0,1.0,1.0,0.17073170731707318,0.0,0.0,0.0,0.85,1.0,15.0,0.0,0.38461538461538464
https://irs.gov/api/v1/users,hard,0,1.0,1,irs.gov,irs.gov,gov,,28.0,7.0,0.0,0.0,1.0,0.0,0.25,0.03571428571428571,0.0,0.0,0.0,0.0,13.0,0.0,0.3333333333333333
https://aws.amazon.com/products/electronics,hard,0,1.0,1,aws.amazon.com,amazon.com,com,aws,43.0,14.0,0.0,1.0,1.0,0.0,0.16279069767441862,0.0,0.0,0.0,0.0,0.0,21.0,1.0,0.5
https://bankofamerica-alert.com/update-billing,hard,1,1.0,1,bankofamerica-alert.com,bankofamerica-alert.com,com,,46.0,23.0,0.0,0.0,1.0,1.0,0.15217391304347827,0.0,0.0,0.0,1.0,1.0,15.0,0.0,0.4444444444444444
https://x.com/order/confirmation/778213,hard,0,1.0,1,x.com,x.com,com,,39.0,5.0,0.0,0.0,1.0,0.0,0.1794871794871795,0.15384615384615385,0.0,0.0,0.0,0.0,26.0,0.0,0.0
https://cloud.google.com/wiki/Main_Page,hard,0,1.0,1,cloud.google.com,google.com,com,cloud,39.0,16.0,0.0,1.0,1.0,0.0,0.20512820512820512,0.0,0.0,0.0,0.0,0.0,15.0,1.0,0.5
https://www.harvard.edu/download,hard,0,1.0,1,www.harvard.edu,harvard.edu,edu,www,32.0,15.0,0.0,1.0,1.0,0.0,0.1875,0.0,0.0,0.0,0.0,0.0,9.0,0.0,0.2857142857142857
https://facebook.com,hard,0,0.8502920227547481,1,facebook.com,facebook.com,com,,20.0,12.0,0.0,0.0,1.0,0.0,0.2,0.0,0.0,0.0,0.0,0.0,0.0,1.0,0.5
https://login-fedex312.confirm.xyz/confirm-identity,hard,1,1.0,1,login-fedex312.confirm.xyz,confirm.xyz,xyz,login-fedex312,51.0,26.0,0.0,1.0,1.0,1.0,0.1568627450980392,0.058823529411764705,0.0,1.0,0.0,1.0,17.0,0.0,0.2857142857142857
https://www.youtube.com/wiki/Main_Page,hard,0,1.0,1,www.youtube.com,youtube.com,com,www,38.0,15.0,0.0,1.0,1.0,0.0,0.21052631578947367,0.0,0.0,0.0,0.0,0.0,15.0,1.0,0.5714285714285714
https://quora.com/docs/api,hard,0,1.0,1,quora.com,quora.com,com,,26.0,9.0,0.0,0.0,1.0,0.0,0.23076923076923078,0.0,0.0,0.0,0.0,0.0,9.0,0.0,0.6
https://harvard.edu/news/technology,hard,0,1.0,1,harvard.edu,harvard.edu,edu,,35.0,11.0,0.0,0.0,1.0,0.0,0.17142857142857143,0.0,0.0,0.0,0.0,0.0,16.0,0.0,0.2857142857142857
http://www.github.com/blog,hard,0,1.0,1,www.github.com,github.com,com,www,26.0,14.0,0.0,1.0,0.0,0.0,0.23076923076923078,0.0,0.0,0.0,0.0,0.0,5.0,1.0,0.3333333333333333
https://wellsfargo.com/about,hard,0,1.0,1,wellsfargo.com,wellsfargo.com,com,,28.0,14.0,0.0,0.0,1.0,0.0,0.17857142857142858,0.0,0.0,0.0,0.0,0.0,6.0,0.0,0.3
https://cloud.google.com/tree/main/src,hard,0,1.0,1,cloud.google.com,google.com,com,cloud,38.0,16.0,0.0,1.0,1.0,0.0,0.21052631578947367,0.0,0.0,0.0,0.0,0.0,14.0,1.0,0.5
https://spotify-premlum.com/session/renew?token=fb1718dea0c6a207,hard,1,1.0,1,spotify-premlum.com,spotify-premlum.com,com,,64.0,19.0,0.0,0.0,1.0,0.0,0.140625,0.140625,0.0,0.0,1.0,1.0,36.0,0.0,0.2857142857142857
https://support.mozilla.org/login,hard,0,0.95,1,support.mozilla.org,mozilla.org,org,support,33.0,19.0,0.0,1.0,1.0,1.0,0.18181818181818182,0.0,0.0,0.0,0.0,0.0,6.0,1.0,0.42857142857142855
https://www.oracle.com/community,hard,0,1.0,1,www.oracle.com,oracle.com,com,www,32.0,14.0,0.0,1.0,1.0,0.0,0.1875,0.0,0.0,0.0,0.0,0.0,10.0,0.0,0.5
https://www.cdc.gov/settings,hard,0,1.0,1,www.cdc.gov,cdc.gov,gov,www,28.0,11.0,0.0,1.0,1.0,0.0,0.21428571428571427,0.0,0.0,0.0,0.0,0.0,9.0,0.0,0.0
https://github.com/docs/getting-started,hard,0,1.0,1,github.com,github.com,com,,39.0,10.0,0.0,0.0,1.0,0.0,0.1794871794871795,0.0,0.0,0.0,0.0,0.0,21.0,1.0,0.3333333333333333
https://nvidia.com/article/2025/06/12/world-news,hard,0,1.0,1,nvidia.com,nvidia.com,com,,48.0,10.0,0.0,0.0,1.0,0.0,0.20833333333333334,0.16666666666666666,0.0,0.0,0.0,0.0,30.0,0.0,0.5
https://www.cnn.com/api/v1/users,hard,0,1.0,1,www.cnn.com,cnn.com,com,www,32.0,11.0,0.0,1.0,1.0,0.0,0.25,0.03125,0.0,0.0,0.0,0.0,13.0,1.0,0.0
https://paypall.com/secure/login,hard,1,1.0,1,paypall.com,paypall.com,com,,32.0,11.0,0.0,0.0,1.0,1.0,0.1875,0.0,0.0,0.0,0.8571428571428571,0.0,13.0,0.0,0.2857142857142857
http://store.steampowered.com/signin,hard,0,1.0,1,store.steampowered.com,steampowered.com,com,store,36.0,22.0,0.0,1.0,0.0,1.0,0.16666666666666666,0.0,0.0,0.0,0.0,0.0,7.0,0.0,0.4166666666666667
https://netfl1x-billing.com/support/ticket,hard,1,1.0,1,netfl1x-billing.com,netfl1x-billing.com,com,,42.0,19.0,0.0,0.0,1.0,0.0,0.16666666666666666,0.023809523809523808,0.0,0.0,0.85,1.0,15.0,0.0,0.23076923076923078
https://official-support-paypal-verify-service-billing-team-portal.tk/verify/session.php?token=9ad098e638fc,hard,1,1.0,1,official-support-paypal-verify-service-billing-team-portal.tk,official-support-paypal-verify-service-billing-team-portal.tk,tk,,107.0,61.0,0.0,0.0,1.0,1.0,0.14953271028037382,0.06542056074766354,0.0,1.0,1.0,7.0,37.0,0.0,0.37254901960784315
https://www.twitch.tv/privacy,hard,0,1.0,1,www.twitch.tv,twitch.tv,tv,www,29.0,13.0,0.0,1.0,1.0,0.0,0.20689655172413793,0.0,0.0,0.0,0.0,0.0,8.0,0.0,0.16666666666666666
https://secure-microsoft557.unlock.click/verify,hard,1,1.0,1,secure-microsoft557.unlock.click,unlock.click,click,secure-microsoft557,47.0,32.0,0.0,1.0,1.0,1.0,0.14893617021276595,0.06382978723404255,0.0,1.0,0.75,1.0,7.0,0.0,0.3333333333333333
https://bitbucket.org/en-us/library,hard,0,1.0,1,bitbucket.org,bitbucket.org,org,,35.0,13.0,0.0,0.0,1.0,0.0,0.2,0.0,0.0,0.0,0.0,0.0,14.0,0.0,0.3333333333333333
https://73.213.243.178:443/secure-update,hard,1,1.0,1,73.213.243.178,73.213.243.178,178,73.213,40.0,14.0,1.0,0.0,1.0,1.0,0.225,0.35,0.0,0.0,0.0,0.0,14.0,0.0,0.0
https://open.spotify.com/science,hard,0,0.95,1,open.spotify.com,spotify.com,com,open,32.0,16.0,0.0,1.0,1.0,0.0,0.1875,0.0,0.0,0.0,0.0,0.0,8.0,1.0,0.2857142857142857
https://www.linkedin.com/terms,hard,0,0.95,1,www.linkedin.com,linkedin.com,com,www,30.0,16.0,0.0,1.0,1.0,0.0,0.2,0.0,0.0,0.0,0.0,0.0,6.0,1.0,0.375
https://atlassian.com/repos/example/project,hard,0,1.0,1,atlassian.com,atlassian.com,com,,43.0,13.0,0.0,0.0,1.0,0.0,0.16279069767441862,0.0,0.0,0.0,0.0,0.0,22.0,0.0,0.4444444444444444
https://www.airbnb.com/news,hard,0,1.0,1,www.airbnb.com,airbnb.com,com,www,27.0,14.0,0.0,1.0,1.0,0.0,0.2222222222222222,0.0,0.0,0.0,0.0,0.0,5.0,0.0,0.3333333333333333
https://www.intel.com/health,hard,0,1.0,1,www.intel.com,intel.com,com,www,28.0,13.0,0.0,1.0,1.0,0.0,0.21428571428571427,0.0,0.0,0.0,0.0,0.0,7.0,0.0,0.4
http://usps-wallet.club/verify,hard,1,1.0,1,usps-wallet.club,usps-wallet.club,club,,30.0,16.0,0.0,0.0,0.0,1.0,0.2,0.0,0.0,0.0,0.85,1.0,7.0,0.0,0.3
https://target.com/science,hard,0,1.0,1,target.com,target.com,com,,26.0,10.0,0.0,0.0,1.0,0.0,0.19230769230769232,0.0,0.0,0.0,0.0,0.0,8.0,0.0,0.3333333333333333
https://www.atlassian.com/settings,hard,0,1.0,1,www.atlassian.com,atlassian.com,com,www,34.0,17.0,0.0,1.0,1.0,0.0,0.17647058823529413,0.0,0.0,0.0,0.0,0.0,9.0,0.0,0.4444444444444444
https://digitalocean.com/news/technology,hard,0,1.0,1,digitalocean.com,digitalocean.com,com,,40.0,16.0,0.0,0.0,1.0,0.0,0.15,0.0,0.0,0.0,0.0,0.0,16.0,0.0,0.5
https://bitbucket.org/about,hard,0,1.0,1,bitbucket.org,bitbucket.org,org,,27.0,13.0,0.0,0.0,1.0,0.0,0.18518518518518517,0.0,0.0,0.0,0.0,0.0,6.0,0.0,0.3333333333333333
https://www.slack.com/pull/2031,hard,0,0.9826030898960326,1,www.slack.com,slack.com,com,www,31.0,13.0,0.0,1.0,1.0,0.0,0.22580645161290322,0.12903225806451613,0.0,0.0,0.0,0.0,10.0,0.0,0.2
https://developer.apple.com/terms,hard,0,0.95,1,developer.apple.com,apple.com,com,developer,33.0,19.0,0.0,1.0,1.0,0.0,0.18181818181818182,0.0,0.0,0.0,0.0,0.0,6.0,1.0,0.4
https://binance-reward-reward.tk/alert/action-required,hard,1,1.0,1,binance-reward-reward.tk,binance-reward-reward.tk,tk,,54.0,24.0,0.0,0.0,1.0,0.0,0.16666666666666666,0.0,0.0,1.0,0.0,2.0,22.0,0.0,0.3684210526315789
https://support-center-billing-update-account-service-verify-info.gq/login/index.php?id=26154,hard,1,1.0,1,support-center-billing-update-account-service-verify-info.gq,support-center-billing-update-account-service-verify-info.gq,gq,,93.0,60.0,0.0,0.0,1.0,1.0,0.17204301075268819,0.053763440860215055,0.0,1.0,0.0,7.0,24.0,0.0,0.38
https://myhmrc-hmrc415.update.loan/auth/validate?user=188758,hard,1,1.0,1,myhmrc-hmrc415.update.loan,update.loan,loan,myhmrc-hmrc415,60.0,26.0,0.0,1.0,1.0,1.0,0.16666666666666666,0.15,0.0,1.0,0.0,1.0,25.0,0.0,0.5
https://www.nvidia.com/search,hard,0,1.0,1,www.nvidia.com,nvidia.com,com,www,29.0,14.0,0.0,1.0,1.0,0.0,0.20689655172413793,0.0,0.0,0.0,0.0,0.0,7.0,0.0,0.5
https://berkeley.edu/news,hard,0,1.0,1,berkeley.edu,berkeley.edu,edu,,25.0,12.0,0.0,0.0,1.0,0.0,0.2,0.0,0.0,0.0,0.0,0.0,5.0,0.0,0.375
https://reddit.com/releases/tag/v2.3.1,hard,0,1.0,1,reddit.com,reddit.com,com,,38.0,10.0,0.0,0.0,1.0,0.0,0.23684210526315788,0.07894736842105263,0.0,0.0,0.0,0.0,20.0,1.0,0.3333333333333333
https://www.forbes.com/docs/api,hard,0,0.95,1,www.forbes.com,forbes.com,com,www,31.0,14.0,0.0,1.0,1.0,0.0,0.22580645161290322,0.0,0.0,0.0,0.0,0.0,9.0,1.0,0.3333333333333333
https://irs.gov/help,hard,0,1.0,1,irs.gov,irs.gov,gov,,20.0,7.0,0.0,0.0,1.0,0.0,0.25,0.0,0.0,0.0,0.0,0.0,5.0,0.0,0.3333333333333333
https://www.doordash.com,hard,0,0.004447101270152041,0,www.doordash.com,doordash.com,com,www,24.0,16.0,0.0,1.0,1.0,0.0,0.20833333333333334,0.0,0.0,0.0,0.0,0.0,0.0,0.0,0.375
https://en.wikipedia.org/dashboard,hard,0,0.975,1,en.wikipedia.org,wikipedia.org,org,en,34.0,16.0,0.0,1.0,1.0,0.0,0.17647058823529413,0.0,0.0,0.0,0.0,0.0,10.0,1.0,0.5555555555555556
https://signin.instagram.com.verify-account.xyz,hard,1,0.8332229074514027,1,signin.instagram.com.verify-account.xyz,verify-account.xyz,xyz,signin.instagram.com,47.0,39.0,0.0,3.0,1.0,1.0,0.1702127659574468,0.0,0.0,1.0,1.0,1.0,0.0,0.0,0.38461538461538464
https://www.irs.gov/search?q=python+tutorial,hard,0,1.0,1,www.irs.gov,irs.gov,gov,www,44.0,11.0,0.0,1.0,1.0,0.0,0.20454545454545456,0.0,0.0,0.0,0.0,0.0,24.0,0.0,0.3333333333333333
https://www.cloudflare.com/playlist?list=PL12345,hard,0,1.0,1,www.cloudflare.com,cloudflare.com,com,www,48.0,18.0,0.0,1.0,1.0,0.0,0.16666666666666666,0.10416666666666667,0.0,0.0,0.0,0.0,21.0,0.0,0.4
https://www.slack.com/signin,hard,0,0.975,1,www.slack.com,slack.com,com,www,28.0,13.0,0.0,1.0,1.0,1.0,0.21428571428571427,0.0,0.0,0.0,0.0,0.0,7.0,0.0,0.2
https://nytimes.com/download,hard,0,1.0,1,nytimes.com,nytimes.com,com,,28.0,11.0,0.0,0.0,1.0,0.0,0.17857142857142858,0.0,0.0,0.0,0.0,0.0,9.0,0.0,0.2857142857142857
https://www.bloomberg.com/watch?v=dQw4w9WgXcQ,hard,0,1.0,1,www.bloomberg.com,bloomberg.com,com,www,45.0,17.0,0.0,1.0,1.0,0.0,0.17777777777777778,0.044444444444444446,0.0,0.0,0.0,0.0,19.0,0.0,0.3333333333333333
https://www.discord.com/order/confirmation/778213,hard,0,1.0,1,www.discord.com,discord.com,com,www,49.0,15.0,0.0,1.0,1.0,0.0,0.16326530612244897,0.12244897959183673,0.0,0.0,0.0,0.0,26.0,1.0,0.2857142857142857
https://paypa1.com/support/ticket,hard,1,0.975,1,paypa1.com,paypa1.com,com,,33.0,10.0,0.0,0.0,1.0,0.0,0.18181818181818182,0.030303030303030304,0.0,0.0,0.0,0.0,15.0,1.0,0.4
https://netflix.com/news,hard,0,0.975,1,netflix.com,netflix.com,com,,24.0,11.0,0.0,0.0,1.0,0.0,0.20833333333333334,0.0,0.0,0.0,0.0,0.0,5.0,1.0,0.2857142857142857
https://www.expedia.com/user/johndoe,hard,0,1.0,1,www.expedia.com,expedia.com,com,www,36.0,15.0,0.0,1.0,1.0,0.0,0.19444444444444445,0.0,0.0,0.0,0.0,0.0,13.0,0.0,0.5714285714285714
https://hsbc.com/business,hard,0,1.0,1,hsbc.com,hsbc.com,com,,25.0,8.0,0.0,0.0,1.0,0.0,0.2,0.0,0.0,0.0,0.0,0.0,9.0,0.0,0.0
https://uber.com/sports,hard,0,1.0,1,uber.com,uber.com,com,,23.0,8.0,0.0,0.0,1.0,0.0,0.21739130434782608,0.0,0.0,0.0,0.0,0.0,7.0,0.0,0.5
https://1inkedin.com/account/update,hard,1,0.975,1,1inkedin.com,1inkedin.com,com,,35.0,12.0,0.0,0.0,1.0,1.0,0.17142857142857143,0.02857142857142857,0.0,0.0,0.0,0.0,15.0,1.0,0.42857142857142855
https://instagram.com/support,hard,0,0.975,1,instagram.com,instagram.com,com,,29.0,13.0,0.0,0.0,1.0,0.0,0.1724137931034483,0.0,0.0,0.0,0.0,0.0,8.0,1.0,0.3333333333333333
https://stackoverflow.com/article/2025/06/12/world-news,hard,0,1.0,1,stackoverflow.com,stackoverflow.com,com,,55.0,17.0,0.0,0.0,1.0,0.0,0.18181818181818182,0.14545454545454545,0.0,0.0,0.0,0.0,30.0,1.0,0.3076923076923077
https://youtube.com/releases/tag/v2.3.1,hard,0,1.0,1,youtube.com,youtube.com,com,,39.0,11.0,0.0,0.0,1.0,0.0,0.23076923076923078,0.07692307692307693,0.0,0.0,0.0,0.0,20.0,1.0,0.5714285714285714
https://atlassian.com/api/v1/users,hard,0,1.0,1,atlassian.com,atlassian.com,com,,34.0,13.0,0.0,0.0,1.0,0.0,0.20588235294117646,0.029411764705882353,0.0,0.0,0.0,0.0,13.0,0.0,0.4444444444444444
https://oracle.com/download,hard,0,1.0,1,oracle.com,oracle.com,com,,27.0,10.0,0.0,0.0,1.0,0.0,0.18518518518518517,0.0,0.0,0.0,0.0,0.0,9.0,0.0,0.5
https://etsy.com/world,hard,0,1.0,1,etsy.com,etsy.com,com,,22.0,8.0,0.0,0.0,1.0,0.0,0.22727272727272727,0.0,0.0,0.0,0.0,0.0,6.0,0.0,0.25
https://arnazon.com/wallet/unlock,hard,1,1.0,1,arnazon.com,arnazon.com,com,,33.0,11.0,0.0,0.0,1.0,1.0,0.18181818181818182,0.0,0.0,0.0,0.0,0.0,14.0,0.0,0.42857142857142855
https://www.europa.eu/watch?v=dQw4w9WgXcQ,hard,0,1.0,1,www.europa.eu,europa.eu,eu,www,41.0,13.0,0.0,1.0,1.0,0.0,0.1951219512195122,0.04878048780487805,0.0,0.0,0.0,0.0,19.0,0.0,0.6666666666666666
http://booking.com/dashboard,hard,0,1.0,1,booking.com,booking.com,com,,28.0,11.0,0.0,0.0,0.0,0.0,0.17857142857142858,0.0,0.0,0.0,0.0,0.0,10.0,0.0,0.42857142857142855
https://trello.com/tree/main/src,hard,0,1.0,1,trello.com,trello.com,com,,32.0,10.0,0.0,0.0,1.0,0.0,0.21875,0.0,0.0,0.0,0.0,0.0,14.0,0.0,0.3333333333333333
https://docs.python.org,hard,0,0.004325811231154433,0,docs.python.org,python.org,org,docs,23.0,15.0,0.0,1.0,1.0,0.0,0.21739130434782608,0.0,0.0,0.0,0.0,0.0,0.0,0.0,0.16666666666666666
https://www.coursera.org/library/3.12,hard,0,1.0,1,www.coursera.org,coursera.org,org,www,37.0,16.0,0.0,1.0,1.0,0.0,0.21621621621621623,0.08108108108108109,0.0,0.0,0.0,0.0,13.0,0.0,0.5
https://lyft.com/terms,hard,0,1.0,1,lyft.com,lyft.com,com,,22.0,8.0,0.0,0.0,1.0,0.0,0.22727272727272727,0.0,0.0,0.0,0.0,0.0,6.0,0.0,0.0
https://www.ebay.com/support,hard,0,0.95,1,www.ebay.com,ebay.com,com,www,28.0,12.0,0.0,1.0,1.0,0.0,0.21428571428571427,0.0,0.0,0.0,0.0,0.0,8.0,1.0,0.5
https://www.adobe.com/api/v1/users,hard,0,0.975,1,www.adobe.com,adobe.com,com,www,34.0,13.0,0.0,1.0,1.0,0.0,0.23529411764705882,0.029411764705882353,0.0,0.0,0.0,0.0,13.0,1.0,0.6
https://coursera.org/help,hard,0,1.0,1,coursera.org,coursera.org,org,,25.0,12.0,0.0,0.0,1.0,0.0,0.2,0.0,0.0,0.0,0.0,0.0,5.0,0.0,0.5
https://www.nasa.gov/article/2025/06/12/world-news,hard,0,1.0,1,www.nasa.gov,nasa.gov,gov,www,50.0,12.0,0.0,1.0,1.0,0.0,0.22,0.16,0.0,0.0,0.0,0.0,30.0,0.0,0.5
https://192.168.208.174:443/secure-update,hard,1,1.0,1,192.168.208.174,192.168.208.174,174,192.168,41.0,15.0,1.0,0.0,1.0,1.0,0.21951219512195122,0.36585365853658536,0.0,0.0,0.0,0.0,14.0,0.0,0.0
https://id-confirm.google.com.security-update.co,hard,1,0.652639584654495,1,id-confirm.google.com.security-update.co,security-update.co,co,id-confirm.google.com,48.0,40.0,0.0,3.0,1.0,1.0,0.1875,0.0,0.0,0.0,1.0,2.0,0.0,0.0,0.42857142857142855
https://medium.com/blog,hard,0,1.0,1,medium.com,medium.com,com,,23.0,10.0,0.0,0.0,1.0,0.0,0.21739130434782608,0.0,0.0,0.0,0.0,0.0,5.0,0.0,0.5
https://www.ibm.com/search?q=python+tutorial,hard,0,1.0,1,www.ibm.com,ibm.com,com,www,44.0,11.0,0.0,1.0,1.0,0.0,0.20454545454545456,0.0,0.0,0.0,0.0,0.0,24.0,0.0,0.3333333333333333
https://www.doordash.com/,hard,0,1.0,1,www.doordash.com,doordash.com,com,www,25.0,16.0,0.0,1.0,1.0,0.0,0.24,0.0,0.0,0.0,0.0,0.0,1.0,0.0,0.375
https://pinterest.com/privacy,hard,0,1.0,1,pinterest.com,pinterest.com,com,,29.0,13.0,0.0,0.0,1.0,0.0,0.1724137931034483,0.0,0.0,0.0,0.0,0.0,8.0,0.0,0.3333333333333333
https://www.reuters.com/tree/main/src,hard,0,1.0,1,www.reuters.com,reuters.com,com,www,37.0,15.0,0.0,1.0,1.0,0.0,0.21621621621621623,0.0,0.0,0.0,0.0,0.0,14.0,0.0,0.42857142857142855
https://zoom.us/,hard,0,1.0,1,zoom.us,zoom.us,us,,16.0,7.0,0.0,0.0,1.0,0.0,0.3125,0.0,0.0,0.0,0.85,0.0,1.0,0.0,0.5
http://114.173.57.188:8080/wp-login.php,hard,1,1.0,1,114.173.57.188,114.173.57.188,188,114.173,39.0,14.0,1.0,0.0,0.0,1.0,0.2564102564102564,0.38461538461538464,0.0,0.0,0.0,0.0,13.0,0.0,0.0
https://shopify.com/wiki/Main_Page,hard,0,1.0,1,shopify.com,shopify.com,com,,34.0,11.0,0.0,0.0,1.0,0.0,0.20588235294117646,0.0,0.0,0.0,0.0,0.0,15.0,0.0,0.2857142857142857
https://quora.com/community,hard,0,1.0,1,quora.com,quora.com,com,,27.0,9.0,0.0,0.0,1.0,0.0,0.18518518518518517,0.0,0.0,0.0,0.0,0.0,10.0,0.0,0.6
https://www.nvidia.com,hard,0,0.004714012635522908,0,www.nvidia.com,nvidia.com,com,www,22.0,14.0,0.0,1.0,1.0,0.0,0.22727272727272727,0.0,0.0,0.0,0.0,0.0,0.0,0.0,0.5
https://cloud.google.com/en-us/library,hard,0,1.0,1,cloud.google.com,google.com,com,cloud,38.0,16.0,0.0,1.0,1.0,0.0,0.21052631578947367,0.0,0.0,0.0,0.0,0.0,14.0,1.0,0.5
https://who.int/item/98213,hard,0,1.0,1,who.int,who.int,int,,26.0,7.0,0.0,0.0,1.0,0.0,0.23076923076923078,0.19230769230769232,0.0,0.0,0.0,0.0,11.0,0.0,0.3333333333333333
https://apple.com/wiki,hard,0,1.0,1,apple.com,apple.com,com,,22.0,9.0,0.0,0.0,1.0,0.0,0.22727272727272727,0.0,0.0,0.0,0.0,0.0,5.0,1.0,0.4
https://www.notion.so/shop/category/laptops,hard,0,1.0,1,www.notion.so,notion.so,so,www,43.0,13.0,0.0,1.0,1.0,0.0,0.18604651162790697,0.0,0.0,0.0,0.0,0.0,22.0,0.0,0.5
https://epicgames.com/features/security,hard,0,1.0,1,epicgames.com,epicgames.com,com,,39.0,13.0,0.0,0.0,1.0,0.0,0.15384615384615385,0.0,0.0,0.0,0.0,0.0,18.0,0.0,0.4444444444444444
https://slack.com/wiki,hard,0,1.0,1,slack.com,slack.com,com,,22.0,9.0,0.0,0.0,1.0,0.0,0.22727272727272727,0.0,0.0,0.0,0.0,0.0,5.0,0.0,0.2
https://www.usa.gov/login,hard,0,0.9848786354690574,1,www.usa.gov,usa.gov,gov,www,25.0,11.0,0.0,1.0,1.0,1.0,0.24,0.0,0.0,0.0,0.0,0.0,6.0,0.0,0.6666666666666666
https://forbes.com/docs/getting-started,hard,0,1.0,1,forbes.com,forbes.com,com,,39.0,10.0,0.0,0.0,1.0,0.0,0.1794871794871795,0.0,0.0,0.0,0.0,0.0,21.0,1.0,0.3333333333333333
https://reddit.com/article/2025/06/12/world-news,hard,0,1.0,1,reddit.com,reddit.com,com,,48.0,10.0,0.0,0.0,1.0,0.0,0.20833333333333334,0.16666666666666666,0.0,0.0,0.0,0.0,30.0,1.0,0.3333333333333333
https://www.bbc.com/pull/2031,hard,0,1.0,1,www.bbc.com,bbc.com,com,www,29.0,11.0,0.0,1.0,1.0,0.0,0.2413793103448276,0.13793103448275862,0.0,0.0,0.0,0.0,10.0,1.0,0.0
https://rnicrosoft.com/wallet/unlock,hard,1,1.0,1,rnicrosoft.com,rnicrosoft.com,com,,36.0,14.0,0.0,0.0,1.0,1.0,0.16666666666666666,0.0,0.0,0.0,0.0,0.0,14.0,0.0,0.3
http://205.144.101.22:8443/wp-login.php,hard,1,1.0,1,205.144.101.22,205.144.101.22,22,205.144,39.0,14.0,1.0,0.0,0.0,1.0,0.2564102564102564,0.38461538461538464,0.0,0.0,0.0,0.0,13.0,0.0,0.0
https://www.pypi.org/terms,hard,0,1.0,1,www.pypi.org,pypi.org,org,www,26.0,12.0,0.0,1.0,1.0,0.0,0.23076923076923078,0.0,0.0,0.0,0.0,0.0,6.0,0.0,0.25
https://amaz0n-secure.com/verify,hard,1,1.0,1,amaz0n-secure.com,amaz0n-secure.com,com,,32.0,17.0,0.0,0.0,1.0,1.0,0.1875,0.03125,0.0,0.0,1.0,1.0,7.0,0.0,0.45454545454545453
https://www.discord.com/checkout,hard,0,0.95,1,www.discord.com,discord.com,com,www,32.0,15.0,0.0,1.0,1.0,0.0,0.1875,0.0,0.0,0.0,0.0,0.0,9.0,1.0,0.2857142857142857
https://citibank.com/article/2025/06/12/world-news,hard,0,1.0,1,citibank.com,citibank.com,com,,50.0,12.0,0.0,0.0,1.0,0.0,0.2,0.16,0.0,0.0,0.0,0.0,30.0,0.0,0.375
http://192.168.208.230:8080/bank/secure,hard,1,1.0,1,192.168.208.230,192.168.208.230,230,192.168,39.0,15.0,1.0,0.0,0.0,1.0,0.23076923076923078,0.41025641025641024,0.0,0.0,0.0,0.0,12.0,0.0,0.0
https://reuters.com/wiki,hard,0,1.0,1,reuters.com,reuters.com,com,,24.0,11.0,0.0,0.0,1.0,0.0,0.20833333333333334,0.0,0.0,0.0,0.0,0.0,5.0,0.0,0.42857142857142855
https://www.chase.com/download,hard,0,0.95,1,www.chase.com,chase.com,com,www,30.0,13.0,0.0,1.0,1.0,0.0,0.2,0.0,0.0,0.0,0.0,0.0,9.0,1.0,0.4
https://www.khanacademy.org/news/technology,hard,0,1.0,1,www.khanacademy.org,khanacademy.org,org,www,43.0,19.0,0.0,1.0,1.0,0.0,0.16279069767441862,0.0,0.0,0.0,0.0,0.0,16.0,0.0,0.36363636363636365
https://old.reddit.com/world,hard,0,0.95,1,old.reddit.com,reddit.com,com,old,28.0,14.0,0.0,1.0,1.0,0.0,0.21428571428571427,0.0,0.0,0.0,0.0,0.0,6.0,1.0,0.3333333333333333
https://www.discord.com/login,hard,0,0.925,1,www.discord.com,discord.com,com,www,29.0,15.0,0.0,1.0,1.0,1.0,0.20689655172413793,0.0,0.0,0.0,0.0,0.0,6.0,1.0,0.2857142857142857
http://coinbase-reactivate.men/alert/action-required,hard,1,1.0,1,coinbase-reactivate.men,coinbase-reactivate.men,men,,52.0,23.0,0.0,0.0,0.0,0.0,0.15384615384615385,0.0,0.0,0.0,1.0,1.0,22.0,0.0,0.5
http://linkedin-secure.gq/wallet/unlock,hard,1,1.0,1,linkedin-secure.gq,linkedin-secure.gq,gq,,39.0,18.0,0.0,0.0,0.0,1.0,0.1794871794871795,0.0,0.0,1.0,1.0,1.0,14.0,0.0,0.42857142857142855
https://arstechnica.com/careers,hard,0,1.0,1,arstechnica.com,arstechnica.com,com,,31.0,15.0,0.0,0.0,1.0,0.0,0.16129032258064516,0.0,0.0,0.0,0.0,0.0,8.0,0.0,0.36363636363636365
http://www.usa.gov/signin,hard,0,1.0,1,www.usa.gov,usa.gov,gov,www,25.0,11.0,0.0,1.0,0.0,1.0,0.24,0.0,0.0,0.0,0.0,0.0,7.0,0.0,0.6666666666666666
https://www.github.com/releases/tag/v2.3.1,hard,0,1.0,1,www.github.com,github.com,com,www,42.0,14.0,0.0,1.0,1.0,0.0,0.23809523809523808,0.07142857142857142,0.0,0.0,0.0,0.0,20.0,1.0,0.3333333333333333
https://wsj.com/en-us/docs/Web/JavaScript,hard,0,1.0,1,wsj.com,wsj.com,com,,41.0,7.0,0.0,0.0,1.0,0.0,0.21951219512195122,0.0,0.0,0.0,0.0,0.0,26.0,0.0,0.0
https://www.apple.com/en-us/docs/Web/JavaScript,hard,0,1.0,1,www.apple.com,apple.com,com,www,47.0,13.0,0.0,1.0,1.0,0.0,0.2127659574468085,0.0,0.0,0.0,0.0,0.0,26.0,1.0,0.4
https://netflix.com/pricing,hard,0,0.975,1,netflix.com,netflix.com,com,,27.0,11.0,0.0,0.0,1.0,0.0,0.18518518518518517,0.0,0.0,0.0,0.0,0.0,8.0,1.0,0.2857142857142857
https://oracle.com/wiki,hard,0,1.0,1,oracle.com,oracle.com,com,,23.0,10.0,0.0,0.0,1.0,0.0,0.21739130434782608,0.0,0.0,0.0,0.0,0.0,5.0,0.0,0.5
https://www.stanford.edu/world,hard,0,1.0,1,www.stanford.edu,stanford.edu,edu,www,30.0,16.0,0.0,1.0,1.0,0.0,0.2,0.0,0.0,0.0,0.0,0.0,6.0,0.0,0.25
https://www.google.com/dashboard,hard,0,0.95,1,www.google.com,google.com,com,www,32.0,14.0,0.0,1.0,1.0,0.0,0.1875,0.0,0.0,0.0,0.0,0.0,10.0,1.0,0.5
https://www.gov.uk/features/security,hard,0,1.0,1,www.gov.uk,www.gov.uk,uk,www,36.0,10.0,0.0,0.0,1.0,0.0,0.19444444444444445,0.0,0.0,0.0,0.0,0.0,18.0,0.0,0.0
https://pinterest.com/playlist?list=PL12345,hard,0,1.0,1,pinterest.com,pinterest.com,com,,43.0,13.0,0.0,0.0,1.0,0.0,0.16279069767441862,0.11627906976744186,0.0,0.0,0.0,0.0,21.0,0.0,0.3333333333333333
http://bankofamerica-secure.men/signin,hard,1,1.0,1,bankofamerica-secure.men,bankofamerica-secure.men,men,,38.0,24.0,0.0,0.0,0.0,1.0,0.15789473684210525,0.0,0.0,0.0,1.0,1.0,7.0,0.0,0.47368421052631576
https://target.com/api/v2/products?page=2,hard,0,1.0,1,target.com,target.com,com,,41.0,10.0,0.0,0.0,1.0,0.0,0.21951219512195122,0.04878048780487805,0.0,0.0,0.0,0.0,22.0,0.0,0.3333333333333333
https://signin.microsoft.com.security-update.co,hard,1,0.6682717936038094,1,signin.microsoft.com.security-update.co,security-update.co,co,signin.microsoft.com,47.0,39.0,0.0,3.0,1.0,1.0,0.1702127659574468,0.0,0.0,0.0,1.0,1.0,0.0,0.0,0.42857142857142855
https://shopify.com/search,hard,0,1.0,1,shopify.com,shopify.com,com,,26.0,11.0,0.0,0.0,1.0,0.0,0.19230769230769232,0.0,0.0,0.0,0.0,0.0,7.0,0.0,0.2857142857142857
https://zoom.us/news/technology,hard,0,1.0,1,zoom.us,zoom.us,us,,31.0,7.0,0.0,0.0,1.0,0.0,0.1935483870967742,0.0,0.0,0.0,0.85,0.0,16.0,0.0,0.5
https://secure-login.chase.com.account-alert.info,hard,1,0.8008617782617824,1,secure-login.chase.com.account-alert.info,account-alert.info,info,secure-login.chase.com,49.0,41.0,0.0,3.0,1.0,1.0,0.1836734693877551,0.0,0.0,1.0,1.0,2.0,0.0,0.0,0.4166666666666667
https://www.doordash.com/blog,hard,0,1.0,1,www.doordash.com,doordash.com,com,www,29.0,16.0,0.0,1.0,1.0,0.0,0.20689655172413793,0.0,0.0,0.0,0.0,0.0,5.0,0.0,0.375
https://www.harvard.edu/features/security,hard,0,1.0,1,www.harvard.edu,harvard.edu,edu,www,41.0,15.0,0.0,1.0,1.0,0.0,0.17073170731707318,0.0,0.0,0.0,0.0,0.0,18.0,0.0,0.2857142857142857
https://www.twitch.tv/checkout,hard,0,1.0,1,www.twitch.tv,twitch.tv,tv,www,30.0,13.0,0.0,1.0,1.0,0.0,0.2,0.0,0.0,0.0,0.0,0.0,9.0,0.0,0.16666666666666666
https://secure-login.americanexpress.com.account-alert.info,hard,1,0.9233381868997059,1,secure-login.americanexpress.com.account-alert.info,account-alert.info,info,secure-login.americanexpress.com,59.0,51.0,0.0,3.0,1.0,1.0,0.15254237288135594,0.0,0.0,1.0,0.0,2.0,0.0,0.0,0.4166666666666667
http://116.149.199.158:8080/verify/account,hard,1,1.0,1,116.149.199.158,116.149.199.158,158,116.149,42.0,15.0,1.0,0.0,0.0,1.0,0.21428571428571427,0.38095238095238093,0.0,0.0,0.0,0.0,15.0,0.0,0.0
https://netfl1x-billing.com/verify,hard,1,1.0,1,netfl1x-billing.com,netfl1x-billing.com,com,,34.0,19.0,0.0,0.0,1.0,1.0,0.17647058823529413,0.029411764705882353,0.0,0.0,0.85,1.0,7.0,0.0,0.23076923076923078
https://www.docker.com/docs,hard,0,0.95,1,www.docker.com,docker.com,com,www,27.0,14.0,0.0,1.0,1.0,0.0,0.2222222222222222,0.0,0.0,0.0,0.0,0.0,5.0,1.0,0.3333333333333333
https://npmjs.com/health,hard,0,1.0,1,npmjs.com,npmjs.com,com,,24.0,9.0,0.0,0.0,1.0,0.0,0.20833333333333334,0.0,0.0,0.0,0.0,0.0,7.0,0.0,0.0
https://doordash.com/products/electronics,hard,0,1.0,1,doordash.com,doordash.com,com,,41.0,12.0,0.0,0.0,1.0,0.0,0.14634146341463414,0.0,0.0,0.0,0.0,0.0,21.0,0.0,0.375
https://www.adobe.com/reference/functions.html,hard,0,1.0,1,www.adobe.com,adobe.com,com,www,46.0,13.0,0.0,1.0,1.0,0.0,0.17391304347826086,0.0,0.0,0.0,0.0,0.0,25.0,1.0,0.6
https://support.mozilla.org/checkout,hard,0,0.975,1,support.mozilla.org,mozilla.org,org,support,36.0,19.0,0.0,1.0,1.0,0.0,0.16666666666666666,0.0,0.0,0.0,0.0,0.0,9.0,1.0,0.42857142857142855
http://airbnb.com/signin,hard,0,1.0,1,airbnb.com,airbnb.com,com,,24.0,10.0,0.0,0.0,0.0,1.0,0.20833333333333334,0.0,0.0,0.0,0.0,0.0,7.0,0.0,0.3333333333333333
https://signin.paypal.com.auth-portal.cf,hard,1,0.8489099285294914,1,signin.paypal.com.auth-portal.cf,auth-portal.cf,cf,signin.paypal.com,40.0,32.0,0.0,3.0,1.0,1.0,0.2,0.0,0.0,1.0,1.0,1.0,0.0,0.0,0.4
https://wellsfargo.com/products/electronics,hard,0,1.0,1,wellsfargo.com,wellsfargo.com,com,,43.0,14.0,0.0,0.0,1.0,0.0,0.13953488372093023,0.0,0.0,0.0,0.0,0.0,21.0,0.0,0.3
https://0utlook-login.com/support/ticket,hard,1,1.0,1,0utlook-login.com,0utlook-login.com,com,,40.0,17.0,0.0,0.0,1.0,1.0,0.175,0.025,0.0,0.0,1.0,1.0,15.0,0.0,0.45454545454545453
https://target.com/en-us/library,hard,0,1.0,1,target.com,target.com,com,,32.0,10.0,0.0,0.0,1.0,0.0,0.21875,0.0,0.0,0.0,0.0,0.0,14.0,0.0,0.3333333333333333
https://console.cloud.google.com/login,hard,0,1.0,1,console.cloud.google.com,google.com,com,console.cloud,38.0,24.0,0.0,2.0,1.0,1.0,0.18421052631578946,0.0,0.0,0.0,0.0,0.0,6.0,1.0,0.5
https://cdc.gov/questions/12345/how-to-parse-json,hard,0,0.9994261999278239,1,cdc.gov,cdc.gov,gov,,49.0,7.0,0.0,0.0,1.0,0.0,0.20408163265306123,0.10204081632653061,0.0,0.0,0.0,0.0,34.0,0.0,0.0
https://usps-secure-confirm.net/index.php?id=14164,hard,1,0.9991499031406775,1,usps-secure-confirm.net,usps-secure-confirm.net,net,,50.0,23.0,0.0,0.0,1.0,1.0,0.2,0.1,0.0,0.0,0.85,2.0,18.0,0.0,0.35294117647058826
https://americanexpress-reward-alert.gq/login,hard,1,1.0,1,americanexpress-reward-alert.gq,americanexpress-reward-alert.gq,gq,,45.0,31.0,0.0,0.0,1.0,1.0,0.15555555555555556,0.0,0.0,1.0,0.0,2.0,6.0,0.0,0.38461538461538464
https://salesforce.com/repos/example/project,hard,0,1.0,1,salesforce.com,salesforce.com,com,,44.0,14.0,0.0,0.0,1.0,0.0,0.1590909090909091,0.0,0.0,0.0,0.0,0.0,22.0,0.0,0.4
https://bankofamerica-alert.com/confirm-identity,hard,1,1.0,1,bankofamerica-alert.com,bankofamerica-alert.com,com,,48.0,23.0,0.0,0.0,1.0,0.0,0.14583333333333334,0.0,0.0,0.0,1.0,1.0,17.0,0.0,0.4444444444444444
https://paypal-unlock-reward.co/support/ticket,hard,1,1.0,1,paypal-unlock-reward.co,paypal-unlock-reward.co,co,,46.0,23.0,0.0,0.0,1.0,1.0,0.17391304347826086,0.0,0.0,0.0,1.0,2.0,15.0,0.0,0.3333333333333333
https://billing-account-team-confirm-verify.tk/secure/index.html,hard,1,1.0,1,billing-account-team-confirm-verify.tk,billing-account-team-confirm-verify.tk,tk,,64.0,38.0,0.0,0.0,1.0,1.0,0.171875,0.0,0.0,1.0,0.0,4.0,18.0,0.0,0.3548387096774194
https://quora.com/account,hard,0,1.0,1,quora.com,quora.com,com,,25.0,9.0,0.0,0.0,1.0,1.0,0.2,0.0,0.0,0.0,0.0,0.0,8.0,0.0,0.6
https://bankofamerica-alert.com/reset-password,hard,1,1.0,1,bankofamerica-alert.com,bankofamerica-alert.com,com,,46.0,23.0,0.0,0.0,1.0,1.0,0.15217391304347827,0.0,0.0,0.0,1.0,1.0,15.0,0.0,0.4444444444444444
https://dropb0x-share.com/alert/action-required,hard,1,1.0,1,dropb0x-share.com,dropb0x-share.com,com,,47.0,17.0,0.0,0.0,1.0,0.0,0.1702127659574468,0.02127659574468085,0.0,0.0,1.0,1.0,22.0,0.0,0.2727272727272727
https://apple-suspended-authenticate.top/secure/login,hard,1,1.0,1,apple-suspended-authenticate.top,apple-suspended-authenticate.top,top,,53.0,32.0,0.0,0.0,1.0,1.0,0.1509433962264151,0.0,0.0,1.0,1.0,2.0,13.0,0.0,0.4230769230769231
https://www.facebook.com/help,hard,0,0.95,1,www.facebook.com,facebook.com,com,www,29.0,16.0,0.0,1.0,1.0,0.0,0.20689655172413793,0.0,0.0,0.0,0.0,0.0,5.0,1.0,0.5
https://www.mit.edu/features/security,hard,0,1.0,1,www.mit.edu,mit.edu,edu,www,37.0,11.0,0.0,1.0,1.0,0.0,0.1891891891891892,0.0,0.0,0.0,0.0,0.0,18.0,0.0,0.3333333333333333
https://www.linkedin.com/help,hard,0,0.95,1,www.linkedin.com,linkedin.com,com,www,29.0,16.0,0.0,1.0,1.0,0.0,0.20689655172413793,0.0,0.0,0.0,0.0,0.0,5.0,1.0,0.375
https://medium.com/en-us/docs/Web/JavaScript,hard,0,1.0,1,medium.com,medium.com,com,,44.0,10.0,0.0,0.0,1.0,0.0,0.20454545454545456,0.0,0.0,0.0,0.0,0.0,26.0,0.0,0.5
https://intel.com/wiki/Main_Page,hard,0,1.0,1,intel.com,intel.com,com,,32.0,9.0,0.0,0.0,1.0,0.0,0.21875,0.0,0.0,0.0,0.0,0.0,15.0,0.0,0.4
https://account-verify.facebook.com.auth-portal.cf,hard,1,0.7809305525928776,1,account-verify.facebook.com.auth-portal.cf,auth-portal.cf,cf,account-verify.facebook.com,50.0,42.0,0.0,3.0,1.0,1.0,0.18,0.0,0.0,1.0,1.0,2.0,0.0,0.0,0.4
https://pinterest.com/news,hard,0,1.0,1,pinterest.com,pinterest.com,com,,26.0,13.0,0.0,0.0,1.0,0.0,0.19230769230769232,0.0,0.0,0.0,0.0,0.0,5.0,0.0,0.3333333333333333
https://slack.com/search,hard,0,1.0,1,slack.com,slack.com,com,,24.0,9.0,0.0,0.0,1.0,0.0,0.20833333333333334,0.0,0.0,0.0,0.0,0.0,7.0,0.0,0.2
https://notion.so/technology,hard,0,1.0,1,notion.so,notion.so,so,,28.0,9.0,0.0,0.0,1.0,0.0,0.17857142857142858,0.0,0.0,0.0,0.0,0.0,11.0,0.0,0.5
https://www.google.com/search?q=python+tutorial,hard,0,1.0,1,www.google.com,google.com,com,www,47.0,14.0,0.0,1.0,1.0,0.0,0.19148936170212766,0.0,0.0,0.0,0.0,0.0,24.0,1.0,0.5
https://account-verify.apple.com.security-update.co,hard,1,0.6682229763498514,1,account-verify.apple.com.security-update.co,security-update.co,co,account-verify.apple.com,51.0,43.0,0.0,3.0,1.0,1.0,0.17647058823529413,0.0,0.0,0.0,1.0,2.0,0.0,0.0,0.42857142857142855
https://netflix-invoice-unlock.win/support/ticket,hard,1,1.0,1,netflix-invoice-unlock.win,netflix-invoice-unlock.win,win,,49.0,26.0,0.0,0.0,1.0,1.0,0.16326530612244897,0.0,0.0,0.0,1.0,2.0,15.0,0.0,0.4
https://berkeley.edu/reference/functions.html,hard,0,1.0,1,berkeley.edu,berkeley.edu,edu,,45.0,12.0,0.0,0.0,1.0,0.0,0.15555555555555556,0.0,0.0,0.0,0.0,0.0,25.0,0.0,0.375
https://secure-hsbc473.support.men/reset-password,hard,1,1.0,1,secure-hsbc473.support.men,support.men,men,secure-hsbc473,49.0,26.0,0.0,1.0,1.0,1.0,0.16326530612244897,0.061224489795918366,0.0,0.0,0.0,1.0,15.0,0.0,0.2857142857142857
https://medium.com/about,hard,0,1.0,1,medium.com,medium.com,com,,24.0,10.0,0.0,0.0,1.0,0.0,0.20833333333333334,0.0,0.0,0.0,0.0,0.0,6.0,0.0,0.5
https://grubhub.com/account,hard,0,1.0,1,grubhub.com,grubhub.com,com,,27.0,11.0,0.0,0.0,1.0,1.0,0.18518518518518517,0.0,0.0,0.0,0.0,0.0,8.0,0.0,0.2857142857142857
https://expedia.com/sports,hard,0,1.0,1,expedia.com,expedia.com,com,,26.0,11.0,0.0,0.0,1.0,0.0,0.19230769230769232,0.0,0.0,0.0,0.0,0.0,7.0,0.0,0.5714285714285714
https://www.techcrunch.com/news/technology,hard,0,1.0,1,www.techcrunch.com,techcrunch.com,com,www,42.0,18.0,0.0,1.0,1.0,0.0,0.16666666666666666,0.0,0.0,0.0,0.0,0.0,16.0,0.0,0.2
https://mycoinbase-coinbase913.suspended.xyz/secure/login,hard,1,1.0,1,mycoinbase-coinbase913.suspended.xyz,suspended.xyz,xyz,mycoinbase-coinbase913,57.0,36.0,0.0,1.0,1.0,1.0,0.14035087719298245,0.05263157894736842,0.0,1.0,0.8,1.0,13.0,0.0,0.3333333333333333
https://twitter.com/checkout,hard,0,0.975,1,twitter.com,twitter.com,com,,28.0,11.0,0.0,0.0,1.0,0.0,0.17857142857142858,0.0,0.0,0.0,0.0,0.0,9.0,1.0,0.2857142857142857
http://apple-wallet.click/index.php?id=48432,hard,1,1.0,1,apple-wallet.click,apple-wallet.click,click,,44.0,18.0,0.0,0.0,0.0,1.0,0.20454545454545456,0.11363636363636363,0.0,1.0,1.0,1.0,18.0,0.0,0.36363636363636365
https://info-confirm-support-update-paypal-account-identity-verify.tk/verify/session.php?token=52efacc51bd6,hard,1,1.0,1,info-confirm-support-update-paypal-account-identity-verify.tk,info-confirm-support-update-paypal-account-identity-verify.tk,tk,,107.0,61.0,0.0,0.0,1.0,1.0,0.14953271028037382,0.04672897196261682,0.0,1.0,1.0,7.0,37.0,0.0,0.37254901960784315
https://githu6.com/account/update,hard,1,1.0,1,githu6.com,githu6.com,com,,33.0,10.0,0.0,0.0,1.0,1.0,0.18181818181818182,0.030303030303030304,0.0,0.0,0.85,0.0,15.0,0.0,0.4
https://gov.uk/api/v1/users,hard,0,1.0,1,gov.uk,gov.uk,uk,,27.0,6.0,0.0,0.0,1.0,0.0,0.25925925925925924,0.037037037037037035,0.0,0.0,0.0,0.0,13.0,0.0,0.3333333333333333
https://www.americanexpress.com/download,hard,0,1.0,1,www.americanexpress.com,americanexpress.com,com,www,40.0,23.0,0.0,1.0,1.0,0.0,0.15,0.0,0.0,0.0,0.0,0.0,9.0,0.0,0.4
https://team-secure-identity-user-support-account-billing-now.work/verify/session.php?token=c274f6169d2a,hard,1,1.0,1,team-secure-identity-user-support-account-billing-now.work,team-secure-identity-user-support-account-billing-now.work,work,,104.0,58.0,0.0,0.0,1.0,1.0,0.15384615384615385,0.07692307692307693,0.0,1.0,0.0,7.0,37.0,0.0,0.391304347826087
https://app1e-id.com/signin,hard,1,0.9665389251795983,1,app1e-id.com,app1e-id.com,com,,27.0,12.0,0.0,0.0,1.0,1.0,0.2222222222222222,0.037037037037037035,0.0,0.0,1.0,1.0,7.0,0.0,0.5
https://bitbucket.org/docs/getting-started,hard,0,1.0,1,bitbucket.org,bitbucket.org,org,,42.0,13.0,0.0,0.0,1.0,0.0,0.16666666666666666,0.0,0.0,0.0,0.0,0.0,21.0,0.0,0.3333333333333333
https://account-official-paypal-now-secure-portal-info-update.xyz/login/index.php?id=58870,hard,1,1.0,1,account-official-paypal-now-secure-portal-info-update.xyz,account-official-paypal-now-secure-portal-info-update.xyz,xyz,,90.0,57.0,0.0,0.0,1.0,1.0,0.17777777777777778,0.05555555555555555,0.0,1.0,1.0,7.0,24.0,0.0,0.43478260869565216
https://support-now-official-info-team-paypal.tk/verify/session.php?token=4c1864d0621c,hard,1,1.0,1,support-now-official-info-team-paypal.tk,support-now-official-info-team-paypal.tk,tk,,86.0,40.0,0.0,0.0,1.0,1.0,0.16279069767441862,0.10465116279069768,0.0,1.0,1.0,5.0,37.0,0.0,0.40625
https://forbes.com/news/technology,hard,0,0.975,1,forbes.com,forbes.com,com,,34.0,10.0,0.0,0.0,1.0,0.0,0.17647058823529413,0.0,0.0,0.0,0.0,0.0,16.0,1.0,0.3333333333333333
https://www.lyft.com/business,hard,0,1.0,1,www.lyft.com,lyft.com,com,www,29.0,12.0,0.0,1.0,1.0,0.0,0.20689655172413793,0.0,0.0,0.0,0.0,0.0,9.0,0.0,0.0
https://dhl-account-login.info/alert/action-required,hard,1,1.0,1,dhl-account-login.info,dhl-account-login.info,info,,52.0,22.0,0.0,0.0,1.0,1.0,0.17307692307692307,0.0,0.0,1.0,0.0,2.0,22.0,0.0,0.3333333333333333
https://netfl1x-billing.com/index.php?id=45216,hard,1,1.0,1,netfl1x-billing.com,netfl1x-billing.com,com,,46.0,19.0,0.0,0.0,1.0,0.0,0.1956521739130435,0.13043478260869565,0.0,0.0,0.85,1.0,18.0,0.0,0.23076923076923078
https://who.int/technology,hard,0,1.0,1,who.int,who.int,int,,26.0,7.0,0.0,0.0,1.0,0.0,0.19230769230769232,0.0,0.0,0.0,0.0,0.0,11.0,0.0,0.3333333333333333
https://login-apple956.crypto.ml/secure/login,hard,1,1.0,1,login-apple956.crypto.ml,crypto.ml,ml,login-apple956,45.0,24.0,0.0,1.0,1.0,1.0,0.17777777777777778,0.06666666666666667,0.0,1.0,0.0,1.0,13.0,0.0,0.16666666666666666
https://www.paypal.com/contact,hard,0,0.95,1,www.paypal.com,paypal.com,com,www,30.0,14.0,0.0,1.0,1.0,0.0,0.2,0.0,0.0,0.0,0.0,0.0,8.0,1.0,0.3333333333333333
https://who.int/support,hard,0,1.0,1,who.int,who.int,int,,23.0,7.0,0.0,0.0,1.0,0.0,0.21739130434782608,0.0,0.0,0.0,0.0,0.0,8.0,0.0,0.3333333333333333
https://wired.com/order/confirmation/778213,hard,0,1.0,1,wired.com,wired.com,com,,43.0,9.0,0.0,0.0,1.0,0.0,0.16279069767441862,0.13953488372093023,0.0,0.0,0.0,0.0,26.0,0.0,0.4
http://www.oracle.com/news/technology,hard,0,1.0,1,www.oracle.com,oracle.com,com,www,37.0,14.0,0.0,1.0,0.0,0.0,0.1891891891891892,0.0,0.0,0.0,0.0,0.0,16.0,0.0,0.5
https://x.com/blog/2025/new-features,hard,0,0.9994261999278239,1,x.com,x.com,com,,36.0,5.0,0.0,0.0,1.0,0.0,0.2222222222222222,0.1111111111111111,0.0,0.0,0.0,0.0,23.0,0.0,0.0
https://reddit.com/health,hard,0,0.975,1,reddit.com,reddit.com,com,,25.0,10.0,0.0,0.0,1.0,0.0,0.2,0.0,0.0,0.0,0.0,0.0,7.0,1.0,0.3333333333333333
https://paypall.com/verify,hard,1,1.0,1,paypall.com,paypall.com,com,,26.0,11.0,0.0,0.0,1.0,1.0,0.19230769230769232,0.0,0.0,0.0,0.8571428571428571,0.0,7.0,0.0,0.2857142857142857
https://americanexpress-unlock-suspended.work/alert/action-required,hard,1,1.0,1,americanexpress-unlock-suspended.work,americanexpress-unlock-suspended.work,work,,67.0,37.0,0.0,0.0,1.0,1.0,0.13432835820895522,0.0,0.0,1.0,0.0,2.0,22.0,0.0,0.36666666666666664
https://www.uber.com/en-us/library,hard,0,1.0,1,www.uber.com,uber.com,com,www,34.0,12.0,0.0,1.0,1.0,0.0,0.23529411764705882,0.0,0.0,0.0,0.0,0.0,14.0,0.0,0.5
https://secure-binance341.wallet.top/secure/login,hard,1,1.0,1,secure-binance341.wallet.top,wallet.top,top,secure-binance341,49.0,28.0,0.0,1.0,1.0,1.0,0.16326530612244897,0.061224489795918366,0.0,1.0,0.0,1.0,13.0,0.0,0.3333333333333333
https://www.linkedin.com/world,hard,0,0.95,1,www.linkedin.com,linkedin.com,com,www,30.0,16.0,0.0,1.0,1.0,0.0,0.2,0.0,0.0,0.0,0.0,0.0,6.0,1.0,0.375
https://chase.com/contact,hard,0,1.0,1,chase.com,chase.com,com,,25.0,9.0,0.0,0.0,1.0,0.0,0.2,0.0,0.0,0.0,0.0,0.0,8.0,1.0,0.4
https://www.bloomberg.com/pricing,hard,0,1.0,1,www.bloomberg.com,bloomberg.com,com,www,33.0,17.0,0.0,1.0,1.0,0.0,0.18181818181818182,0.0,0.0,0.0,0.0,0.0,8.0,0.0,0.3333333333333333
https://www.gov.uk/terms,hard,0,1.0,1,www.gov.uk,www.gov.uk,uk,www,24.0,10.0,0.0,0.0,1.0,0.0,0.25,0.0,0.0,0.0,0.0,0.0,6.0,0.0,0.0
https://github.com/docs,hard,0,0.975,1,github.com,github.com,com,,23.0,10.0,0.0,0.0,1.0,0.0,0.21739130434782608,0.0,0.0,0.0,0.0,0.0,5.0,1.0,0.3333333333333333
http://instagram.com/account,hard,0,1.0,1,instagram.com,instagram.com,com,,28.0,13.0,0.0,0.0,0.0,1.0,0.17857142857142858,0.0,0.0,0.0,0.0,0.0,8.0,1.0,0.3333333333333333
https://shopify.com/sports,hard,0,1.0,1,shopify.com,shopify.com,com,,26.0,11.0,0.0,0.0,1.0,0.0,0.19230769230769232,0.0,0.0,0.0,0.0,0.0,7.0,0.0,0.2857142857142857
http://9.80.189.236:8443/login,hard,1,1.0,1,9.80.189.236,9.80.189.236,236,9.80,30.0,12.0,1.0,0.0,0.0,1.0,0.26666666666666666,0.43333333333333335,0.0,0.0,0.0,0.0,6.0,0.0,0.0
https://facebook-reactivate-billing.cf/account/update,hard,1,1.0,1,facebook-reactivate-billing.cf,facebook-reactivate-billing.cf,cf,,53.0,30.0,0.0,0.0,1.0,1.0,0.1509433962264151,0.0,0.0,1.0,1.0,2.0,15.0,0.0,0.44
https://www.booking.com/help,hard,0,1.0,1,www.booking.com,booking.com,com,www,28.0,15.0,0.0,1.0,1.0,0.0,0.21428571428571427,0.0,0.0,0.0,0.0,0.0,5.0,0.0,0.42857142857142855
https://pinterest.com/questions/12345/how-to-parse-json,hard,0,1.0,1,pinterest.com,pinterest.com,com,,55.0,13.0,0.0,0.0,1.0,0.0,0.18181818181818182,0.09090909090909091,0.0,0.0,0.0,0.0,34.0,0.0,0.3333333333333333
http://145.108.2.135:8443/index.php,hard,1,1.0,1,145.108.2.135,145.108.2.135,135,145.108,35.0,13.0,1.0,0.0,0.0,0.0,0.2571428571428571,0.4,0.0,0.0,0.0,0.0,10.0,0.0,0.0
https://walmart.com/help,hard,0,0.975,1,walmart.com,walmart.com,com,,24.0,11.0,0.0,0.0,1.0,0.0,0.20833333333333334,0.0,0.0,0.0,0.0,0.0,5.0,1.0,0.2857142857142857
https://walmart.com/science,hard,0,0.975,1,walmart.com,walmart.com,com,,27.0,11.0,0.0,0.0,1.0,0.0,0.18518518518518517,0.0,0.0,0.0,0.0,0.0,8.0,1.0,0.2857142857142857
https://aws.amazon.com/pricing,hard,0,0.95,1,aws.amazon.com,amazon.com,com,aws,30.0,14.0,0.0,1.0,1.0,0.0,0.2,0.0,0.0,0.0,0.0,0.0,8.0,1.0,0.5
https://oracle.com/support,hard,0,1.0,1,oracle.com,oracle.com,com,,26.0,10.0,0.0,0.0,1.0,0.0,0.19230769230769232,0.0,0.0,0.0,0.0,0.0,8.0,0.0,0.5
https://www.forbes.com/playlist?list=PL12345,hard,0,1.0,1,www.forbes.com,forbes.com,com,www,44.0,14.0,0.0,1.0,1.0,0.0,0.18181818181818182,0.11363636363636363,0.0,0.0,0.0,0.0,21.0,1.0,0.3333333333333333
http://192.168.1.40:8443/admin/login.php,hard,1,1.0,1,192.168.1.40,192.168.1.40,40,192.168,40.0,12.0,1.0,0.0,0.0,1.0,0.25,0.325,0.0,0.0,0.0,0.0,16.0,0.0,0.0
http://bankofamerica-helpdesk.top/confirm-identity,hard,1,1.0,1,bankofamerica-helpdesk.top,bankofamerica-helpdesk.top,top,,50.0,26.0,0.0,0.0,0.0,0.0,0.14,0.0,0.0,1.0,1.0,1.0,17.0,0.0,0.38095238095238093
https://www-irs912.reactivate.top/verify-account,hard,1,1.0,1,www-irs912.reactivate.top,reactivate.top,top,www-irs912,48.0,25.0,0.0,1.0,1.0,1.0,0.16666666666666666,0.0625,0.0,1.0,0.0,1.0,15.0,0.0,0.5
https://booking.com/item/98213,hard,0,0.9848354688410017,1,booking.com,booking.com,com,,30.0,11.0,0.0,0.0,1.0,0.0,0.2,0.16666666666666666,0.0,0.0,0.0,0.0,11.0,0.0,0.42857142857142855
https://netflix.com/releases/tag/v2.3.1,hard,0,1.0,1,netflix.com,netflix.com,com,,39.0,11.0,0.0,0.0,1.0,0.0,0.23076923076923078,0.07692307692307693,0.0,0.0,0.0,0.0,20.0,1.0,0.2857142857142857
https://yah00-account.com/login,hard,1,1.0,1,yah00-account.com,yah00-account.com,com,,31.0,17.0,0.0,0.0,1.0,1.0,0.1935483870967742,0.06451612903225806,0.0,0.0,1.0,1.0,6.0,0.0,0.4
https://nasa.gov/wiki/Main_Page,hard,0,1.0,1,nasa.gov,nasa.gov,gov,,31.0,8.0,0.0,0.0,1.0,0.0,0.22580645161290322,0.0,0.0,0.0,0.0,0.0,15.0,0.0,0.5
https://www.theguardian.com/downloads/latest,hard,0,1.0,1,www.theguardian.com,theguardian.com,com,www,44.0,19.0,0.0,1.0,1.0,0.0,0.1590909090909091,0.0,0.0,0.0,0.0,0.0,17.0,0.0,0.45454545454545453
https://linkedin.com/playlist?list=PL12345,hard,0,1.0,1,linkedin.com,linkedin.com,com,,42.0,12.0,0.0,0.0,1.0,0.0,0.16666666666666666,0.11904761904761904,0.0,0.0,0.0,0.0,21.0,1.0,0.375
https://booking.com/terms,hard,0,1.0,1,booking.com,booking.com,com,,25.0,11.0,0.0,0.0,1.0,0.0,0.2,0.0,0.0,0.0,0.0,0.0,6.0,0.0,0.42857142857142855
https://console.cloud.google.com/news/technology,hard,0,1.0,1,console.cloud.google.com,google.com,com,console.cloud,48.0,24.0,0.0,2.0,1.0,0.0,0.16666666666666666,0.0,0.0,0.0,0.0,0.0,16.0,1.0,0.5
https://medium.com/profile,hard,0,1.0,1,medium.com,medium.com,com,,26.0,10.0,0.0,0.0,1.0,0.0,0.19230769230769232,0.0,0.0,0.0,0.0,0.0,8.0,0.0,0.5
https://dropbox.com/en-us/docs/Web/JavaScript,hard,0,1.0,1,dropbox.com,dropbox.com,com,,45.0,11.0,0.0,0.0,1.0,0.0,0.2,0.0,0.0,0.0,0.0,0.0,26.0,1.0,0.2857142857142857
https://nytimes.com/wiki,hard,0,1.0,1,nytimes.com,nytimes.com,com,,24.0,11.0,0.0,0.0,1.0,0.0,0.20833333333333334,0.0,0.0,0.0,0.0,0.0,5.0,0.0,0.2857142857142857
http://78.133.31.162/wp-login.php,hard,1,1.0,1,78.133.31.162,78.133.31.162,162,78.133,33.0,13.0,1.0,0.0,0.0,1.0,0.2727272727272727,0.30303030303030304,0.0,0.0,0.0,0.0,13.0,0.0,0.0
https://citibank-secure.net/reset-password,hard,1,1.0,1,citibank-secure.net,citibank-secure.net,net,,42.0,19.0,0.0,0.0,1.0,1.0,0.16666666666666666,0.0,0.0,0.0,0.0,1.0,15.0,0.0,0.42857142857142855
https://www.wordpress.com/,hard,0,1.0,1,www.wordpress.com,wordpress.com,com,www,26.0,17.0,0.0,1.0,1.0,0.0,0.23076923076923078,0.0,0.0,0.0,0.0,0.0,1.0,0.0,0.2222222222222222
https://www.gitlab.com/settings,hard,0,1.0,1,www.gitlab.com,gitlab.com,com,www,31.0,14.0,0.0,1.0,1.0,0.0,0.1935483870967742,0.0,0.0,0.0,0.0,0.0,9.0,0.0,0.3333333333333333
https://team-official-identity-support-service-secure.work/verify/session.php?token=ee17c1c169ec,hard,1,1.0,1,team-official-identity-support-service-secure.work,team-official-identity-support-service-secure.work,work,,96.0,50.0,0.0,0.0,1.0,1.0,0.14583333333333334,0.0625,0.0,1.0,0.0,5.0,37.0,0.0,0.425
https://usa.gov/questions/12345/how-to-parse-json,hard,0,1.0,1,usa.gov,usa.gov,gov,,49.0,7.0,0.0,0.0,1.0,0.0,0.20408163265306123,0.10204081632653061,0.0,0.0,0.0,0.0,34.0,0.0,0.6666666666666666
https://www.cdc.gov/privacy,hard,0,0.9750209884722529,1,www.cdc.gov,cdc.gov,gov,www,27.0,11.0,0.0,1.0,1.0,0.0,0.2222222222222222,0.0,0.0,0.0,0.0,0.0,8.0,0.0,0.0
https://youtube.com/products,hard,0,0.975,1,youtube.com,youtube.com,com,,28.0,11.0,0.0,0.0,1.0,0.0,0.17857142857142858,0.0,0.0,0.0,0.0,0.0,9.0,1.0,0.5714285714285714
https://auth.bankofamerica.com.security-update.co,hard,1,0.7386375082757299,1,auth.bankofamerica.com.security-update.co,security-update.co,co,auth.bankofamerica.com,49.0,41.0,0.0,3.0,1.0,1.0,0.16326530612244897,0.0,0.0,0.0,1.0,1.0,0.0,0.0,0.42857142857142855
https://team-user-center-info-update.men/secure/index.html,hard,1,1.0,1,team-user-center-info-update.men,team-user-center-info-update.men,men,,58.0,32.0,0.0,0.0,1.0,1.0,0.1896551724137931,0.0,0.0,0.0,0.0,4.0,18.0,0.0,0.4583333333333333
https://www-bankofamerica835.update.click/alert/action-required,hard,1,0.9891149425287356,1,www-bankofamerica835.update.click,update.click,click,www-bankofamerica835,63.0,33.0,0.0,1.0,1.0,1.0,0.14285714285714285,0.047619047619047616,0.0,1.0,0.8125,1.0,22.0,0.0,0.5
https://www.airbnb.com/questions/12345/how-to-parse-json,hard,0,1.0,1,www.airbnb.com,airbnb.com,com,www,56.0,14.0,0.0,1.0,1.0,0.0,0.19642857142857142,0.08928571428571429,0.0,0.0,0.0,0.0,34.0,0.0,0.3333333333333333
http://www.shopify.com/watch?v=dQw4w9WgXcQ,hard,0,1.0,1,www.shopify.com,shopify.com,com,www,42.0,15.0,0.0,1.0,0.0,0.0,0.19047619047619047,0.047619047619047616,0.0,0.0,0.0,0.0,19.0,0.0,0.2857142857142857
https://reddit.com/questions/12345/how-to-parse-json,hard,0,1.0,1,reddit.com,reddit.com,com,,52.0,10.0,0.0,0.0,1.0,0.0,0.19230769230769232,0.09615384615384616,0.0,0.0,0.0,0.0,34.0,1.0,0.3333333333333333
https://adobe-cloud-verify.com/index.php?id=18796,hard,1,1.0,1,adobe-cloud-verify.com,adobe-cloud-verify.com,com,,49.0,22.0,0.0,0.0,1.0,1.0,0.20408163265306123,0.10204081632653061,0.0,0.0,1.0,2.0,18.0,0.0,0.4375
https://www.wsj.com/technology,hard,0,1.0,1,www.wsj.com,wsj.com,com,www,30.0,11.0,0.0,1.0,1.0,0.0,0.2,0.0,0.0,0.0,0.0,0.0,11.0,0.0,0.0
https://open.spotify.com/technology,hard,0,0.9515469111394396,1,open.spotify.com,spotify.com,com,open,35.0,16.0,0.0,1.0,1.0,0.0,0.17142857142857143,0.0,0.0,0.0,0.0,0.0,11.0,1.0,0.2857142857142857
https://google.com/contact,hard,0,0.975,1,google.com,google.com,com,,26.0,10.0,0.0,0.0,1.0,0.0,0.19230769230769232,0.0,0.0,0.0,0.0,0.0,8.0,1.0,0.5
https://ebay.com/sports,hard,0,1.0,1,ebay.com,ebay.com,com,,23.0,8.0,0.0,0.0,1.0,0.0,0.21739130434782608,0.0,0.0,0.0,0.0,0.0,7.0,1.0,0.5
https://www.intel.com/item/98213,hard,0,1.0,1,www.intel.com,intel.com,com,www,32.0,13.0,0.0,1.0,1.0,0.0,0.21875,0.15625,0.0,0.0,0.0,0.0,11.0,0.0,0.4
https://www.pinterest.com/search?q=python+tutorial,hard,0,1.0,1,www.pinterest.com,pinterest.com,com,www,50.0,17.0,0.0,1.0,1.0,0.0,0.18,0.0,0.0,0.0,0.0,0.0,24.0,0.0,0.3333333333333333
https://citibank.com/features/security,hard,0,1.0,1,citibank.com,citibank.com,com,,38.0,12.0,0.0,0.0,1.0,0.0,0.15789473684210525,0.0,0.0,0.0,0.0,0.0,18.0,0.0,0.375
https://instagram.com/order/confirmation/778213,hard,0,1.0,1,instagram.com,instagram.com,com,,47.0,13.0,0.0,0.0,1.0,0.0,0.14893617021276595,0.1276595744680851,0.0,0.0,0.0,0.0,26.0,1.0,0.3333333333333333
https://identity-user-billing-now-center-update-info-account.top/secure/index.html,hard,1,1.0,1,identity-user-billing-now-center-update-info-account.top,identity-user-billing-now-center-update-info-account.top,top,,82.0,56.0,0.0,0.0,1.0,1.0,0.17073170731707318,0.0,0.0,1.0,0.0,7.0,18.0,0.0,0.4
https://id-confirm.linkedin.com.account-alert.info,hard,1,0.7866740387981809,1,id-confirm.linkedin.com.account-alert.info,account-alert.info,info,id-confirm.linkedin.com,50.0,42.0,0.0,3.0,1.0,1.0,0.18,0.0,0.0,1.0,1.0,2.0,0.0,0.0,0.4166666666666667
https://www.doordash.com/questions/12345/how-to-parse-json,hard,0,1.0,1,www.doordash.com,doordash.com,com,www,58.0,16.0,0.0,1.0,1.0,0.0,0.1896551724137931,0.08620689655172414,0.0,0.0,0.0,0.0,34.0,0.0,0.375
https://www.bloomberg.com/news/technology,hard,0,1.0,1,www.bloomberg.com,bloomberg.com,com,www,41.0,17.0,0.0,1.0,1.0,0.0,0.17073170731707318,0.0,0.0,0.0,0.0,0.0,16.0,0.0,0.3333333333333333
http://wellsfargo-reward.top/index.php?id=33472,hard,1,1.0,1,wellsfargo-reward.top,wellsfargo-reward.top,top,,47.0,21.0,0.0,0.0,0.0,0.0,0.19148936170212766,0.10638297872340426,0.0,1.0,0.0,1.0,18.0,0.0,0.3125
https://www.bloomberg.com/dashboard,hard,0,0.975,1,www.bloomberg.com,bloomberg.com,com,www,35.0,17.0,0.0,1.0,1.0,0.0,0.17142857142857143,0.0,0.0,0.0,0.0,0.0,10.0,0.0,0.3333333333333333
https://www.npmjs.com/community,hard,0,1.0,1,www.npmjs.com,npmjs.com,com,www,31.0,13.0,0.0,1.0,1.0,0.0,0.1935483870967742,0.0,0.0,0.0,0.0,0.0,10.0,0.0,0.0
https://wellsfargo-crypto-reactivate.xyz/index.php?id=20129,hard,1,1.0,1,wellsfargo-crypto-reactivate.xyz,wellsfargo-crypto-reactivate.xyz,xyz,,59.0,32.0,0.0,0.0,1.0,0.0,0.1694915254237288,0.0847457627118644,0.0,1.0,0.0,2.0,18.0,0.0,0.34615384615384615
https://walmart.com/library/3.12,hard,0,0.975,1,walmart.com,walmart.com,com,,32.0,11.0,0.0,0.0,1.0,0.0,0.21875,0.09375,0.0,0.0,0.0,0.0,13.0,1.0,0.2857142857142857
https://www.youtube.com/terms,hard,0,0.95,1,www.youtube.com,youtube.com,com,www,29.0,15.0,0.0,1.0,1.0,0.0,0.20689655172413793,0.0,0.0,0.0,0.0,0.0,6.0,1.0,0.5714285714285714
https://www.pinterest.com/order/confirmation/778213,hard,0,1.0,1,www.pinterest.com,pinterest.com,com,www,51.0,17.0,0.0,1.0,1.0,0.0,0.1568627450980392,0.11764705882352941,0.0,0.0,0.0,0.0,26.0,0.0,0.3333333333333333
https://www.adobe.com/settings,hard,0,0.95,1,www.adobe.com,adobe.com,com,www,30.0,13.0,0.0,1.0,1.0,0.0,0.2,0.0,0.0,0.0,0.0,0.0,9.0,1.0,0.6
https://www.instagram.com/search,hard,0,0.95,1,www.instagram.com,instagram.com,com,www,32.0,17.0,0.0,1.0,1.0,0.0,0.1875,0.0,0.0,0.0,0.0,0.0,7.0,1.0,0.3333333333333333
https://npr.org/news/technology,hard,0,1.0,1,npr.org,npr.org,org,,31.0,7.0,0.0,0.0,1.0,0.0,0.1935483870967742,0.0,0.0,0.0,0.0,0.0,16.0,0.0,0.0
https://npr.org/features/security,hard,0,1.0,1,npr.org,npr.org,org,,33.0,7.0,0.0,0.0,1.0,0.0,0.18181818181818182,0.0,0.0,0.0,0.0,0.0,18.0,0.0,0.0
https://www.cnn.com/sports,hard,0,0.925020988472253,1,www.cnn.com,cnn.com,com,www,26.0,11.0,0.0,1.0,1.0,0.0,0.23076923076923078,0.0,0.0,0.0,0.0,0.0,7.0,1.0,0.0
https://bloomberg.com/docs/getting-started,hard,0,1.0,1,bloomberg.com,bloomberg.com,com,,42.0,13.0,0.0,0.0,1.0,0.0,0.16666666666666666,0.0,0.0,0.0,0.0,0.0,21.0,0.0,0.3333333333333333
https://grubhub.com/products/electronics,hard,0,1.0,1,grubhub.com,grubhub.com,com,,40.0,11.0,0.0,0.0,1.0,0.0,0.15,0.0,0.0,0.0,0.0,0.0,21.0,0.0,0.2857142857142857
https://www.trello.com/pull/2031,hard,0,1.0,1,www.trello.com,trello.com,com,www,32.0,14.0,0.0,1.0,1.0,0.0,0.21875,0.125,0.0,0.0,0.0,0.0,10.0,0.0,0.3333333333333333
https://doordash.com/library/3.12,hard,0,1.0,1,doordash.com,doordash.com,com,,33.0,12.0,0.0,0.0,1.0,0.0,0.21212121212121213,0.09090909090909091,0.0,0.0,0.0,0.0,13.0,0.0,0.375
https://bloomberg.com/downloads/latest,hard,0,1.0,1,bloomberg.com,bloomberg.com,com,,38.0,13.0,0.0,0.0,1.0,0.0,0.15789473684210525,0.0,0.0,0.0,0.0,0.0,17.0,0.0,0.3333333333333333
https://stackoverflow.com/business,hard,0,0.975,1,stackoverflow.com,stackoverflow.com,com,,34.0,17.0,0.0,0.0,1.0,0.0,0.14705882352941177,0.0,0.0,0.0,0.0,0.0,9.0,1.0,0.3076923076923077
http://salesforce.com/login,hard,0,1.0,1,salesforce.com,salesforce.com,com,,27.0,14.0,0.0,0.0,0.0,1.0,0.18518518518518517,0.0,0.0,0.0,0.0,0.0,6.0,0.0,0.4
https://www.booking.com/world,hard,0,1.0,1,www.booking.com,booking.com,com,www,29.0,15.0,0.0,1.0,1.0,0.0,0.20689655172413793,0.0,0.0,0.0,0.0,0.0,6.0,0.0,0.42857142857142855
https://dhl-verify-crypto.gq/account/update,hard,1,1.0,1,dhl-verify-crypto.gq,dhl-verify-crypto.gq,gq,,43.0,20.0,0.0,0.0,1.0,1.0,0.18604651162790697,0.0,0.0,1.0,0.0,2.0,15.0,0.0,0.2
https://www.salesforce.com/library/3.12,hard,0,1.0,1,www.salesforce.com,salesforce.com,com,www,39.0,18.0,0.0,1.0,1.0,0.0,0.20512820512820512,0.07692307692307693,0.0,0.0,0.0,0.0,13.0,0.0,0.4
https://bloomberg.com/search,hard,0,1.0,1,bloomberg.com,bloomberg.com,com,,28.0,13.0,0.0,0.0,1.0,0.0,0.17857142857142858,0.0,0.0,0.0,0.0,0.0,7.0,0.0,0.3333333333333333
https://micros0ft-support.com/reset-password,hard,1,1.0,1,micros0ft-support.com,micros0ft-support.com,com,,44.0,21.0,0.0,0.0,1.0,1.0,0.1590909090909091,0.022727272727272728,0.0,0.0,1.0,1.0,15.0,0.0,0.26666666666666666
https://dropbox.com/issues/1042,hard,0,0.975,1,dropbox.com,dropbox.com,com,,31.0,11.0,0.0,0.0,1.0,0.0,0.1935483870967742,0.12903225806451613,0.0,0.0,0.0,0.0,12.0,1.0,0.2857142857142857
https://ebay.com/user/johndoe,hard,0,1.0,1,ebay.com,ebay.com,com,,29.0,8.0,0.0,0.0,1.0,0.0,0.20689655172413793,0.0,0.0,0.0,0.0,0.0,13.0,1.0,0.5
https://www.apple.com/en-us/library,hard,0,0.975,1,www.apple.com,apple.com,com,www,35.0,13.0,0.0,1.0,1.0,0.0,0.22857142857142856,0.0,0.0,0.0,0.0,0.0,14.0,1.0,0.4
https://center-confirm-billing-paypal-portal-official-user-update-now.gq/secure/index.html,hard,1,1.0,1,center-confirm-billing-paypal-portal-official-user-update-now.gq,center-confirm-billing-paypal-portal-official-user-update-now.gq,gq,,90.0,64.0,0.0,0.0,1.0,1.0,0.16666666666666666,0.0,0.0,1.0,1.0,8.0,18.0,0.0,0.37735849056603776
https://adobe.com/issues/1042,hard,0,1.0,1,adobe.com,adobe.com,com,,29.0,9.0,0.0,0.0,1.0,0.0,0.20689655172413793,0.13793103448275862,0.0,0.0,0.0,0.0,12.0,1.0,0.6
https://www.npmjs.com/checkout,hard,0,1.0,1,www.npmjs.com,npmjs.com,com,www,30.0,13.0,0.0,1.0,1.0,0.0,0.2,0.0,0.0,0.0,0.0,0.0,9.0,0.0,0.0
https://www.doordash.com/item/98213,hard,0,1.0,1,www.doordash.com,doordash.com,com,www,35.0,16.0,0.0,1.0,1.0,0.0,0.2,0.14285714285714285,0.0,0.0,0.0,0.0,11.0,0.0,0.375
https://wsj.com/pricing,hard,0,1.0,1,wsj.com,wsj.com,com,,23.0,7.0,0.0,0.0,1.0,0.0,0.21739130434782608,0.0,0.0,0.0,0.0,0.0,8.0,0.0,0.0
https://store.steampowered.com/products/electronics,hard,0,1.0,1,store.steampowered.com,steampowered.com,com,store,51.0,22.0,0.0,1.0,1.0,0.0,0.13725490196078433,0.0,0.0,0.0,0.0,0.0,21.0,0.0,0.4166666666666667
https://harvard.edu/business,hard,0,1.0,1,harvard.edu,harvard.edu,edu,,28.0,11.0,0.0,0.0,1.0,0.0,0.17857142857142858,0.0,0.0,0.0,0.0,0.0,9.0,0.0,0.2857142857142857
https://www.npr.org/privacy,hard,0,0.9750209884722529,1,www.npr.org,npr.org,org,www,27.0,11.0,0.0,1.0,1.0,0.0,0.2222222222222222,0.0,0.0,0.0,0.0,0.0,8.0,0.0,0.0
https://adobe.com/watch?v=dQw4w9WgXcQ,hard,0,1.0,1,adobe.com,adobe.com,com,,37.0,9.0,0.0,0.0,1.0,0.0,0.1891891891891892,0.05405405405405406,0.0,0.0,0.0,0.0,19.0,1.0,0.6
http://192.168.188.33:8443/index.php,hard,1,1.0,1,192.168.188.33,192.168.188.33,33,192.168,36.0,14.0,1.0,0.0,0.0,0.0,0.25,0.4166666666666667,0.0,0.0,0.0,0.0,10.0,0.0,0.0
https://secure-login.paypal.com.confirm-identity.gq,hard,1,0.8098077285909158,1,secure-login.paypal.com.confirm-identity.gq,confirm-identity.gq,gq,secure-login.paypal.com,51.0,43.0,0.0,3.0,1.0,1.0,0.17647058823529413,0.0,0.0,1.0,1.0,2.0,0.0,0.0,0.3333333333333333
https://www.slack.com/item/98213,hard,0,0.9845419088046867,1,www.slack.com,slack.com,com,www,32.0,13.0,0.0,1.0,1.0,0.0,0.21875,0.15625,0.0,0.0,0.0,0.0,11.0,0.0,0.2
https://pypi.org/terms,hard,0,1.0,1,pypi.org,pypi.org,org,,22.0,8.0,0.0,0.0,1.0,0.0,0.22727272727272727,0.0,0.0,0.0,0.0,0.0,6.0,0.0,0.25
https://trello.com/news,hard,0,1.0,1,trello.com,trello.com,com,,23.0,10.0,0.0,0.0,1.0,0.0,0.21739130434782608,0.0,0.0,0.0,0.0,0.0,5.0,0.0,0.3333333333333333
https://wsj.com/wiki/Main_Page,hard,0,1.0,1,wsj.com,wsj.com,com,,30.0,7.0,0.0,0.0,1.0,0.0,0.23333333333333334,0.0,0.0,0.0,0.0,0.0,15.0,0.0,0.0
https://auth.instagram.com.verify-account.xyz,hard,1,0.853291214158881,1,auth.instagram.com.verify-account.xyz,verify-account.xyz,xyz,auth.instagram.com,45.0,37.0,0.0,3.0,1.0,1.0,0.17777777777777778,0.0,0.0,1.0,1.0,1.0,0.0,0.0,0.38461538461538464
http://coinbase-password-reset.ml/login,hard,1,1.0,1,coinbase-password-reset.ml,coinbase-password-reset.ml,ml,,39.0,26.0,0.0,0.0,0.0,1.0,0.1794871794871795,0.0,0.0,1.0,1.0,2.0,6.0,0.0,0.38095238095238093
https://www.netflix.com/community,hard,0,0.95,1,www.netflix.com,netflix.com,com,www,33.0,15.0,0.0,1.0,1.0,0.0,0.18181818181818182,0.0,0.0,0.0,0.0,0.0,10.0,1.0,0.2857142857142857
https://www.apple.com/library/3.12,hard,0,0.975,1,www.apple.com,apple.com,com,www,34.0,13.0,0.0,1.0,1.0,0.0,0.23529411764705882,0.08823529411764706,0.0,0.0,0.0,0.0,13.0,1.0,0.4
https://stackoverflow.com,hard,0,0.87541268660223,1,stackoverflow.com,stackoverflow.com,com,,25.0,17.0,0.0,0.0,1.0,0.0,0.16,0.0,0.0,0.0,0.0,0.0,0.0,1.0,0.3076923076923077
https://www.chase.com/item/98213,hard,0,0.975,1,www.chase.com,chase.com,com,www,32.0,13.0,0.0,1.0,1.0,0.0,0.21875,0.15625,0.0,0.0,0.0,0.0,11.0,1.0,0.4
https://theguardian.com/user/johndoe,hard,0,1.0,1,theguardian.com,theguardian.com,com,,36.0,15.0,0.0,0.0,1.0,0.0,0.16666666666666666,0.0,0.0,0.0,0.0,0.0,13.0,0.0,0.45454545454545453
https://www.pinterest.com/tree/main/src,hard,0,1.0,1,www.pinterest.com,pinterest.com,com,www,39.0,17.0,0.0,1.0,1.0,0.0,0.20512820512820512,0.0,0.0,0.0,0.0,0.0,14.0,0.0,0.3333333333333333
https://google.com/en-us/library,hard,0,0.975,1,google.com,google.com,com,,32.0,10.0,0.0,0.0,1.0,0.0,0.21875,0.0,0.0,0.0,0.0,0.0,14.0,1.0,0.5
https://www.apple.com/forum,hard,0,0.95,1,www.apple.com,apple.com,com,www,27.0,13.0,0.0,1.0,1.0,0.0,0.2222222222222222,0.0,0.0,0.0,0.0,0.0,6.0,1.0,0.4
https://usa.gov/item/98213,hard,0,1.0,1,usa.gov,usa.gov,gov,,26.0,7.0,0.0,0.0,1.0,0.0,0.23076923076923078,0.19230769230769232,0.0,0.0,0.0,0.0,11.0,0.0,0.6666666666666666
https://gitlab.com/tree/main/src,hard,0,1.0,1,gitlab.com,gitlab.com,com,,32.0,10.0,0.0,0.0,1.0,0.0,0.21875,0.0,0.0,0.0,0.0,0.0,14.0,0.0,0.3333333333333333
https://www.hsbc.com/features,hard,0,1.0,1,www.hsbc.com,hsbc.com,com,www,29.0,12.0,0.0,1.0,1.0,0.0,0.20689655172413793,0.0,0.0,0.0,0.0,0.0,9.0,0.0,0.0
https://arstechnica.com/en-us/library,hard,0,1.0,1,arstechnica.com,arstechnica.com,com,,37.0,15.0,0.0,0.0,1.0,0.0,0.1891891891891892,0.0,0.0,0.0,0.0,0.0,14.0,0.0,0.36363636363636365
https://www.wsj.com/account,hard,0,0.975,1,www.wsj.com,wsj.com,com,www,27.0,11.0,0.0,1.0,1.0,1.0,0.2222222222222222,0.0,0.0,0.0,0.0,0.0,8.0,0.0,0.0
https://www.coursera.org/playlist?list=PL12345,hard,0,1.0,1,www.coursera.org,coursera.org,org,www,46.0,16.0,0.0,1.0,1.0,0.0,0.17391304347826086,0.10869565217391304,0.0,0.0,0.0,0.0,21.0,0.0,0.5
https://www.expedia.com/wiki,hard,0,1.0,1,www.expedia.com,expedia.com,com,www,28.0,15.0,0.0,1.0,1.0,0.0,0.21428571428571427,0.0,0.0,0.0,0.0,0.0,5.0,0.0,0.5714285714285714
https://www.docker.com/technology,hard,0,0.95,1,www.docker.com,docker.com,com,www,33.0,14.0,0.0,1.0,1.0,0.0,0.18181818181818182,0.0,0.0,0.0,0.0,0.0,11.0,1.0,0.3333333333333333
https://reddit.com/user/johndoe,hard,0,0.975,1,reddit.com,reddit.com,com,,31.0,10.0,0.0,0.0,1.0,0.0,0.1935483870967742,0.0,0.0,0.0,0.0,0.0,13.0,1.0,0.3333333333333333
http://hsbc-reward.gq/wallet/unlock,hard,1,1.0,1,hsbc-reward.gq,hsbc-reward.gq,gq,,35.0,14.0,0.0,0.0,0.0,1.0,0.2,0.0,0.0,1.0,0.0,1.0,14.0,0.0,0.2
https://expedia.com/library/3.12,hard,0,1.0,1,expedia.com,expedia.com,com,,32.0,11.0,0.0,0.0,1.0,0.0,0.21875,0.09375,0.0,0.0,0.0,0.0,13.0,0.0,0.5714285714285714
https://intel.com/pricing,hard,0,1.0,1,intel.com,intel.com,com,,25.0,9.0,0.0,0.0,1.0,0.0,0.2,0.0,0.0,0.0,0.0,0.0,8.0,0.0,0.4
https://www.dropbox.com/community,hard,0,0.95,1,www.dropbox.com,dropbox.com,com,www,33.0,15.0,0.0,1.0,1.0,0.0,0.18181818181818182,0.0,0.0,0.0,0.0,0.0,10.0,1.0,0.2857142857142857
https://www.americanexpress.com/shop/category/laptops,hard,0,1.0,1,www.americanexpress.com,americanexpress.com,com,www,53.0,23.0,0.0,1.0,1.0,0.0,0.1509433962264151,0.0,0.0,0.0,0.0,0.0,22.0,0.0,0.4
https://stanford.edu/world,hard,0,1.0,1,stanford.edu,stanford.edu,edu,,26.0,12.0,0.0,0.0,1.0,0.0,0.19230769230769232,0.0,0.0,0.0,0.0,0.0,6.0,0.0,0.25
https://reuters.com/repos/example/project,hard,0,1.0,1,reuters.com,reuters.com,com,,41.0,11.0,0.0,0.0,1.0,0.0,0.17073170731707318,0.0,0.0,0.0,0.0,0.0,22.0,0.0,0.42857142857142855
https://www.notion.so,hard,0,0.007840644699175168,0,www.notion.so,notion.so,so,www,21.0,13.0,0.0,1.0,1.0,0.0,0.23809523809523808,0.0,0.0,0.0,0.0,0.0,0.0,0.0,0.5
https://myhsbc-hsbc438.wallet.biz/login.php,hard,1,1.0,1,myhsbc-hsbc438.wallet.biz,wallet.biz,biz,myhsbc-hsbc438,43.0,25.0,0.0,1.0,1.0,1.0,0.18604651162790697,0.06976744186046512,0.0,1.0,0.0,1.0,10.0,0.0,0.3333333333333333
https://www.target.com/questions/12345/how-to-parse-json,hard,0,1.0,1,www.target.com,target.com,com,www,56.0,14.0,0.0,1.0,1.0,0.0,0.19642857142857142,0.08928571428571429,0.0,0.0,0.0,0.0,34.0,0.0,0.3333333333333333
https://amazon-unlock-wallet.net/verify,hard,1,1.0,1,amazon-unlock-wallet.net,amazon-unlock-wallet.net,net,,39.0,24.0,0.0,0.0,1.0,1.0,0.1794871794871795,0.0,0.0,0.0,1.0,2.0,7.0,0.0,0.3888888888888889
https://cloudflare.com/shop/category/laptops,hard,0,1.0,1,cloudflare.com,cloudflare.com,com,,44.0,14.0,0.0,0.0,1.0,0.0,0.1590909090909091,0.0,0.0,0.0,0.0,0.0,22.0,0.0,0.4
https://www.cdc.gov,hard,0,0.0018626718556817804,0,www.cdc.gov,cdc.gov,gov,www,19.0,11.0,0.0,1.0,1.0,0.0,0.2631578947368421,0.0,0.0,0.0,0.0,0.0,0.0,0.0,0.0
https://netflix-invoice-bank.com/alert/action-required,hard,1,1.0,1,netflix-invoice-bank.com,netflix-invoice-bank.com,com,,54.0,24.0,0.0,0.0,1.0,1.0,0.16666666666666666,0.0,0.0,0.0,1.0,2.0,22.0,0.0,0.3888888888888889
https://irs-update-bank.info/wallet/unlock,hard,1,1.0,1,irs-update-bank.info,irs-update-bank.info,info,,42.0,20.0,0.0,0.0,1.0,1.0,0.19047619047619047,0.0,0.0,1.0,0.0,2.0,14.0,0.0,0.38461538461538464
https://mylinkedin-linkedin912.support.men/secure/login,hard,1,1.0,1,mylinkedin-linkedin912.support.men,support.men,men,mylinkedin-linkedin912,55.0,34.0,0.0,1.0,1.0,1.0,0.14545454545454545,0.05454545454545454,0.0,0.0,0.8,1.0,13.0,0.0,0.2857142857142857
https://berkeley.edu/account,hard,0,1.0,1,berkeley.edu,berkeley.edu,edu,,28.0,12.0,0.0,0.0,1.0,1.0,0.17857142857142858,0.0,0.0,0.0,0.0,0.0,8.0,0.0,0.375
https://www.pinterest.com/account,hard,0,1.0,1,www.pinterest.com,pinterest.com,com,www,33.0,17.0,0.0,1.0,1.0,1.0,0.18181818181818182,0.0,0.0,0.0,0.0,0.0,8.0,0.0,0.3333333333333333
https://0utlook-login.com/verify-account,hard,1,1.0,1,0utlook-login.com,0utlook-login.com,com,,40.0,17.0,0.0,0.0,1.0,1.0,0.175,0.025,0.0,0.0,1.0,1.0,15.0,0.0,0.45454545454545453
https://linkedin.com/products/electronics,hard,0,1.0,1,linkedin.com,linkedin.com,com,,41.0,12.0,0.0,0.0,1.0,0.0,0.14634146341463414,0.0,0.0,0.0,0.0,0.0,21.0,1.0,0.375
https://dropbox-unlock-authenticate.info/account/update,hard,1,1.0,1,dropbox-unlock-authenticate.info,dropbox-unlock-authenticate.info,info,,55.0,32.0,0.0,0.0,1.0,1.0,0.14545454545454545,0.0,0.0,1.0,1.0,2.0,15.0,0.0,0.4
https://paypa1.com/index.php?id=2512,hard,1,0.975,1,paypa1.com,paypa1.com,com,,36.0,10.0,0.0,0.0,1.0,0.0,0.2222222222222222,0.1388888888888889,0.0,0.0,0.0,0.0,17.0,1.0,0.4
https://khanacademy.org/watch?v=dQw4w9WgXcQ,hard,0,1.0,1,khanacademy.org,khanacademy.org,org,,43.0,15.0,0.0,0.0,1.0,0.0,0.16279069767441862,0.046511627906976744,0.0,0.0,0.0,0.0,19.0,0.0,0.36363636363636365
https://booking.com/docs,hard,0,1.0,1,booking.com,booking.com,com,,24.0,11.0,0.0,0.0,1.0,0.0,0.20833333333333334,0.0,0.0,0.0,0.0,0.0,5.0,0.0,0.42857142857142855
https://harvard.edu/blog,hard,0,1.0,1,harvard.edu,harvard.edu,edu,,24.0,11.0,0.0,0.0,1.0,0.0,0.20833333333333334,0.0,0.0,0.0,0.0,0.0,5.0,0.0,0.2857142857142857
https://www.gov.uk/watch?v=dQw4w9WgXcQ,hard,0,1.0,1,www.gov.uk,www.gov.uk,uk,www,38.0,10.0,0.0,0.0,1.0,0.0,0.21052631578947367,0.05263157894736842,0.0,0.0,0.0,0.0,19.0,0.0,0.0
https://www.uber.com/features,hard,0,1.0,1,www.uber.com,uber.com,com,www,29.0,12.0,0.0,1.0,1.0,0.0,0.20689655172413793,0.0,0.0,0.0,0.0,0.0,9.0,0.0,0.5
https://udemy.com/careers,hard,0,1.0,1,udemy.com,udemy.com,com,,25.0,9.0,0.0,0.0,1.0,0.0,0.2,0.0,0.0,0.0,0.0,0.0,8.0,0.0,0.4
https://grubhub.com/reference/functions.html,hard,0,1.0,1,grubhub.com,grubhub.com,com,,44.0,11.0,0.0,0.0,1.0,0.0,0.1590909090909091,0.0,0.0,0.0,0.0,0.0,25.0,0.0,0.2857142857142857
https://githu6.com/session/renew?token=59af4718301393d4,hard,1,1.0,1,githu6.com,githu6.com,com,,55.0,10.0,0.0,0.0,1.0,0.0,0.14545454545454545,0.2545454545454545,0.0,0.0,0.85,0.0,36.0,0.0,0.4
https://wellsfargo.com/download,hard,0,1.0,1,wellsfargo.com,wellsfargo.com,com,,31.0,14.0,0.0,0.0,1.0,0.0,0.16129032258064516,0.0,0.0,0.0,0.0,0.0,9.0,0.0,0.3
https://ibm.com/wiki,hard,0,1.0,1,ibm.com,ibm.com,com,,20.0,7.0,0.0,0.0,1.0,0.0,0.25,0.0,0.0,0.0,0.0,0.0,5.0,0.0,0.3333333333333333
https://quora.com/help,hard,0,1.0,1,quora.com,quora.com,com,,22.0,9.0,0.0,0.0,1.0,0.0,0.22727272727272727,0.0,0.0,0.0,0.0,0.0,5.0,0.0,0.6
https://amazon.com/forum,hard,0,0.975,1,amazon.com,amazon.com,com,,24.0,10.0,0.0,0.0,1.0,0.0,0.20833333333333334,0.0,0.0,0.0,0.0,0.0,6.0,1.0,0.5
https://apple-account-crypto.com/confirm-identity,hard,1,1.0,1,apple-account-crypto.com,apple-account-crypto.com,com,,49.0,24.0,0.0,0.0,1.0,1.0,0.16326530612244897,0.0,0.0,0.0,1.0,2.0,17.0,0.0,0.3333333333333333
https://khanacademy.org/support,hard,0,1.0,1,khanacademy.org,khanacademy.org,org,,31.0,15.0,0.0,0.0,1.0,0.0,0.16129032258064516,0.0,0.0,0.0,0.0,0.0,8.0,0.0,0.36363636363636365
https://www.quora.com/pricing,hard,0,1.0,1,www.quora.com,quora.com,com,www,29.0,13.0,0.0,1.0,1.0,0.0,0.20689655172413793,0.0,0.0,0.0,0.0,0.0,8.0,0.0,0.6
https://chase.com/user/johndoe,hard,0,1.0,1,chase.com,chase.com,com,,30.0,9.0,0.0,0.0,1.0,0.0,0.2,0.0,0.0,0.0,0.0,0.0,13.0,1.0,0.4
https://linkedin.com/api/v1/users,hard,0,0.975,1,linkedin.com,linkedin.com,com,,33.0,12.0,0.0,0.0,1.0,0.0,0.21212121212121213,0.030303030303030304,0.0,0.0,0.0,0.0,13.0,1.0,0.375
https://stanford.edu/docs/getting-started,hard,0,1.0,1,stanford.edu,stanford.edu,edu,,41.0,12.0,0.0,0.0,1.0,0.0,0.17073170731707318,0.0,0.0,0.0,0.0,0.0,21.0,0.0,0.25
https://support-official-account-info-service-verify.click/login/index.php?id=74695,hard,1,1.0,1,support-official-account-info-service-verify.click,support-official-account-info-service-verify.click,click,,83.0,50.0,0.0,0.0,1.0,1.0,0.1686746987951807,0.060240963855421686,0.0,1.0,0.0,5.0,24.0,0.0,0.41025641025641024
http://coinbase-secure.ml/alert/action-required,hard,1,1.0,1,coinbase-secure.ml,coinbase-secure.ml,ml,,47.0,18.0,0.0,0.0,0.0,1.0,0.1702127659574468,0.0,0.0,1.0,1.0,1.0,22.0,0.0,0.5
https://www.techcrunch.com/science,hard,0,1.0,1,www.techcrunch.com,techcrunch.com,com,www,34.0,18.0,0.0,1.0,1.0,0.0,0.17647058823529413,0.0,0.0,0.0,0.0,0.0,8.0,0.0,0.2
https://cloud.google.com/features/security,hard,0,1.0,1,cloud.google.com,google.com,com,cloud,42.0,16.0,0.0,1.0,1.0,0.0,0.16666666666666666,0.0,0.0,0.0,0.0,0.0,18.0,1.0,0.5
https://stackoverflow.com/docs/getting-started,hard,0,1.0,1,stackoverflow.com,stackoverflow.com,com,,46.0,17.0,0.0,0.0,1.0,0.0,0.15217391304347827,0.0,0.0,0.0,0.0,0.0,21.0,1.0,0.3076923076923077
https://hmrc-update-password-reset.ml/verify-account,hard,1,1.0,1,hmrc-update-password-reset.ml,hmrc-update-password-reset.ml,ml,,52.0,29.0,0.0,0.0,1.0,1.0,0.17307692307692307,0.0,0.0,1.0,0.0,3.0,15.0,0.0,0.30434782608695654
https://ebay.com/health,hard,0,1.0,1,ebay.com,ebay.com,com,,23.0,8.0,0.0,0.0,1.0,0.0,0.21739130434782608,0.0,0.0,0.0,0.0,0.0,7.0,1.0,0.5
https://www.paypal.com/blog,hard,0,0.95,1,www.paypal.com,paypal.com,com,www,27.0,14.0,0.0,1.0,1.0,0.0,0.2222222222222222,0.0,0.0,0.0,0.0,0.0,5.0,1.0,0.3333333333333333
https://microsoft-helpdesk-support.net/signin,hard,1,1.0,1,microsoft-helpdesk-support.net,microsoft-helpdesk-support.net,net,,45.0,30.0,0.0,0.0,1.0,1.0,0.15555555555555556,0.0,0.0,0.0,1.0,2.0,7.0,0.0,0.2916666666666667
https://g00gle-security.com/verify-account,hard,1,1.0,1,g00gle-security.com,g00gle-security.com,com,,42.0,19.0,0.0,0.0,1.0,1.0,0.16666666666666666,0.047619047619047616,0.0,0.0,1.0,1.0,15.0,0.0,0.3333333333333333
https://www.gov.uk/api/v2/products?page=2,hard,0,1.0,1,www.gov.uk,www.gov.uk,uk,www,41.0,10.0,0.0,0.0,1.0,0.0,0.24390243902439024,0.04878048780487805,0.0,0.0,0.0,0.0,22.0,0.0,0.0
https://apple.com/technology,hard,0,1.0,1,apple.com,apple.com,com,,28.0,9.0,0.0,0.0,1.0,0.0,0.17857142857142858,0.0,0.0,0.0,0.0,0.0,11.0,1.0,0.4
http://instagram.com/news/technology,hard,0,1.0,1,instagram.com,instagram.com,com,,36.0,13.0,0.0,0.0,0.0,0.0,0.16666666666666666,0.0,0.0,0.0,0.0,0.0,16.0,1.0,0.3333333333333333
https://developer.apple.com/login,hard,0,0.95,1,developer.apple.com,apple.com,com,developer,33.0,19.0,0.0,1.0,1.0,1.0,0.18181818181818182,0.0,0.0,0.0,0.0,0.0,6.0,1.0,0.4
https://auth.wellsfargo.com.account-alert.info,hard,1,0.8556794956632399,1,auth.wellsfargo.com.account-alert.info,account-alert.info,info,auth.wellsfargo.com,46.0,38.0,0.0,3.0,1.0,1.0,0.17391304347826086,0.0,0.0,1.0,0.0,1.0,0.0,0.0,0.4166666666666667
https://google.com/releases/tag/v2.3.1,hard,0,1.0,1,google.com,google.com,com,,38.0,10.0,0.0,0.0,1.0,0.0,0.23684210526315788,0.07894736842105263,0.0,0.0,0.0,0.0,20.0,1.0,0.5
https://npmjs.com/features,hard,0,1.0,1,npmjs.com,npmjs.com,com,,26.0,9.0,0.0,0.0,1.0,0.0,0.19230769230769232,0.0,0.0,0.0,0.0,0.0,9.0,0.0,0.0
https://www.walmart.com/checkout,hard,0,0.95,1,www.walmart.com,walmart.com,com,www,32.0,15.0,0.0,1.0,1.0,0.0,0.1875,0.0,0.0,0.0,0.0,0.0,9.0,1.0,0.2857142857142857
https://www.google.com/wiki,hard,0,0.95,1,www.google.com,google.com,com,www,27.0,14.0,0.0,1.0,1.0,0.0,0.2222222222222222,0.0,0.0,0.0,0.0,0.0,5.0,1.0,0.5
https://ibm.com/help,hard,0,1.0,1,ibm.com,ibm.com,com,,20.0,7.0,0.0,0.0,1.0,0.0,0.25,0.0,0.0,0.0,0.0,0.0,5.0,0.0,0.3333333333333333
https://stanford.edu/privacy,hard,0,1.0,1,stanford.edu,stanford.edu,edu,,28.0,12.0,0.0,0.0,1.0,0.0,0.17857142857142858,0.0,0.0,0.0,0.0,0.0,8.0,0.0,0.25
http://dropbox-unlock.click/login.php,hard,1,0.9991265391225944,1,dropbox-unlock.click,dropbox-unlock.click,click,,37.0,20.0,0.0,0.0,0.0,1.0,0.1891891891891892,0.0,0.0,1.0,1.0,1.0,10.0,0.0,0.3076923076923077
https://twiiter-verify.com/login.php,hard,1,1.0,1,twiiter-verify.com,twiiter-verify.com,com,,36.0,18.0,0.0,0.0,1.0,1.0,0.19444444444444445,0.0,0.0,0.0,0.85,1.0,10.0,0.0,0.38461538461538464
https://www.coursera.org/download,hard,0,1.0,1,www.coursera.org,coursera.org,org,www,33.0,16.0,0.0,1.0,1.0,0.0,0.18181818181818182,0.0,0.0,0.0,0.0,0.0,9.0,0.0,0.5
https://hsbc-unlock-unlock.click/index.php?id=72449,hard,1,1.0,1,hsbc-unlock-unlock.click,hsbc-unlock-unlock.click,click,,51.0,24.0,0.0,0.0,1.0,1.0,0.19607843137254902,0.09803921568627451,0.0,1.0,0.0,2.0,18.0,0.0,0.25
https://wsj.com/download,hard,0,1.0,1,wsj.com,wsj.com,com,,24.0,7.0,0.0,0.0,1.0,0.0,0.20833333333333334,0.0,0.0,0.0,0.0,0.0,9.0,0.0,0.0
https://usps-suspended-support.top/login,hard,1,1.0,1,usps-suspended-support.top,usps-suspended-support.top,top,,40.0,26.0,0.0,0.0,1.0,1.0,0.175,0.0,0.0,1.0,0.85,2.0,6.0,0.0,0.3
https://info-confirm-team-billing-now.ml/secure/index.html,hard,1,1.0,1,info-confirm-team-billing-now.ml,info-confirm-team-billing-now.ml,ml,,58.0,32.0,0.0,0.0,1.0,1.0,0.1896551724137931,0.0,0.0,1.0,0.0,4.0,18.0,0.0,0.36
https://shopify.com/profile,hard,0,1.0,1,shopify.com,shopify.com,com,,27.0,11.0,0.0,0.0,1.0,0.0,0.18518518518518517,0.0,0.0,0.0,0.0,0.0,8.0,0.0,0.2857142857142857
https://id-confirm.amazon.com.account-alert.info,hard,1,0.8116740387981809,1,id-confirm.amazon.com.account-alert.info,account-alert.info,info,id-confirm.amazon.com,48.0,40.0,0.0,3.0,1.0,1.0,0.1875,0.0,0.0,1.0,1.0,2.0,0.0,0.0,0.4166666666666667
https://portal-now-center-secure-identity-support.loan/secure/index.html,hard,1,1.0,1,portal-now-center-secure-identity-support.loan,portal-now-center-secure-identity-support.loan,loan,,72.0,46.0,0.0,0.0,1.0,1.0,0.16666666666666666,0.0,0.0,1.0,0.0,5.0,18.0,0.0,0.3611111111111111
https://www.trello.com/contact,hard,0,1.0,1,www.trello.com,trello.com,com,www,30.0,14.0,0.0,1.0,1.0,0.0,0.2,0.0,0.0,0.0,0.0,0.0,8.0,0.0,0.3333333333333333
https://azure.microsoft.com/science,hard,0,0.95,1,azure.microsoft.com,microsoft.com,com,azure,35.0,19.0,0.0,1.0,1.0,0.0,0.17142857142857143,0.0,0.0,0.0,0.0,0.0,8.0,1.0,0.3333333333333333
https://aws.amazon.com/en-us/library,hard,0,0.975,1,aws.amazon.com,amazon.com,com,aws,36.0,14.0,0.0,1.0,1.0,0.0,0.2222222222222222,0.0,0.0,0.0,0.0,0.0,14.0,1.0,0.5
https://arstechnica.com/wiki/Main_Page,hard,0,1.0,1,arstechnica.com,arstechnica.com,com,,38.0,15.0,0.0,0.0,1.0,0.0,0.18421052631578946,0.0,0.0,0.0,0.0,0.0,15.0,0.0,0.36363636363636365
https://developer.apple.com/reference/functions.html,hard,0,1.0,1,developer.apple.com,apple.com,com,developer,52.0,19.0,0.0,1.0,1.0,0.0,0.15384615384615385,0.0,0.0,0.0,0.0,0.0,25.0,1.0,0.4
https://ibm.com/order/confirmation/778213,hard,0,1.0,1,ibm.com,ibm.com,com,,41.0,7.0,0.0,0.0,1.0,0.0,0.17073170731707318,0.14634146341463414,0.0,0.0,0.0,0.0,26.0,0.0,0.3333333333333333
https://yah00-account.com/secure/login,hard,1,1.0,1,yah00-account.com,yah00-account.com,com,,38.0,17.0,0.0,0.0,1.0,1.0,0.18421052631578946,0.05263157894736842,0.0,0.0,1.0,1.0,13.0,0.0,0.4
https://www.bankofamerica.com/playlist?list=PL12345,hard,0,1.0,1,www.bankofamerica.com,bankofamerica.com,com,www,51.0,21.0,0.0,1.0,1.0,0.0,0.1568627450980392,0.09803921568627451,0.0,0.0,0.0,0.0,21.0,1.0,0.46153846153846156
https://google.com/user/johndoe,hard,0,0.975,1,google.com,google.com,com,,31.0,10.0,0.0,0.0,1.0,0.0,0.1935483870967742,0.0,0.0,0.0,0.0,0.0,13.0,1.0,0.5
https://www.bbc.com/api/v1/users,hard,0,1.0,1,www.bbc.com,bbc.com,com,www,32.0,11.0,0.0,1.0,1.0,0.0,0.25,0.03125,0.0,0.0,0.0,0.0,13.0,1.0,0.0
https://shopify.com/blog/2025/new-features,hard,0,1.0,1,shopify.com,shopify.com,com,,42.0,11.0,0.0,0.0,1.0,0.0,0.19047619047619047,0.09523809523809523,0.0,0.0,0.0,0.0,23.0,0.0,0.2857142857142857
https://twiiter-verify.com/reset-password,hard,1,1.0,1,twiiter-verify.com,twiiter-verify.com,com,,41.0,18.0,0.0,0.0,1.0,1.0,0.17073170731707318,0.0,0.0,0.0,0.85,1.0,15.0,0.0,0.38461538461538464
http://wsj.com/contact,hard,0,1.0,1,wsj.com,wsj.com,com,,22.0,7.0,0.0,0.0,0.0,0.0,0.22727272727272727,0.0,0.0,0.0,0.0,0.0,8.0,0.0,0.0
https://www.gitlab.com/world,hard,0,1.0,1,www.gitlab.com,gitlab.com,com,www,28.0,14.0,0.0,1.0,1.0,0.0,0.21428571428571427,0.0,0.0,0.0,0.0,0.0,6.0,0.0,0.3333333333333333
https://www.usa.gov/item/98213,hard,0,0.9680981567823919,1,www.usa.gov,usa.gov,gov,www,30.0,11.0,0.0,1.0,1.0,0.0,0.23333333333333334,0.16666666666666666,0.0,0.0,0.0,0.0,11.0,0.0,0.6666666666666666
https://www.quora.com/business,hard,0,1.0,1,www.quora.com,quora.com,com,www,30.0,13.0,0.0,1.0,1.0,0.0,0.2,0.0,0.0,0.0,0.0,0.0,9.0,0.0,0.6
http://hsbc-account.tk/auth/validate?user=200824,hard,1,1.0,1,hsbc-account.tk,hsbc-account.tk,tk,,48.0,15.0,0.0,0.0,0.0,1.0,0.1875,0.125,0.0,1.0,0.0,1.0,25.0,0.0,0.2727272727272727
https://airbnb.com/,hard,0,1.0,1,airbnb.com,airbnb.com,com,,19.0,10.0,0.0,0.0,1.0,0.0,0.2631578947368421,0.0,0.0,0.0,0.0,0.0,1.0,0.0,0.3333333333333333
https://spotify-premlum.com/login,hard,1,1.0,1,spotify-premlum.com,spotify-premlum.com,com,,33.0,19.0,0.0,0.0,1.0,1.0,0.18181818181818182,0.0,0.0,0.0,1.0,1.0,6.0,0.0,0.2857142857142857
https://pypi.org/releases/tag/v2.3.1,hard,0,1.0,1,pypi.org,pypi.org,org,,36.0,8.0,0.0,0.0,1.0,0.0,0.25,0.08333333333333333,0.0,0.0,0.0,0.0,20.0,0.0,0.25
https://khanacademy.org/contact,hard,0,1.0,1,khanacademy.org,khanacademy.org,org,,31.0,15.0,0.0,0.0,1.0,0.0,0.16129032258064516,0.0,0.0,0.0,0.0,0.0,8.0,0.0,0.36363636363636365
https://www.target.com/en-us/docs/Web/JavaScript,hard,0,1.0,1,www.target.com,target.com,com,www,48.0,14.0,0.0,1.0,1.0,0.0,0.20833333333333334,0.0,0.0,0.0,0.0,0.0,26.0,0.0,0.3333333333333333
https://npmjs.com/business,hard,0,1.0,1,npmjs.com,npmjs.com,com,,26.0,9.0,0.0,0.0,1.0,0.0,0.19230769230769232,0.0,0.0,0.0,0.0,0.0,9.0,0.0,0.0
https://stackoverflow.com/account,hard,0,0.95,1,stackoverflow.com,stackoverflow.com,com,,33.0,17.0,0.0,0.0,1.0,1.0,0.15151515151515152,0.0,0.0,0.0,0.0,0.0,8.0,1.0,0.3076923076923077
https://support-info-team-user-confirm-identity-secure.win/login/index.php?id=89862,hard,1,1.0,1,support-info-team-user-confirm-identity-secure.win,support-info-team-user-confirm-identity-secure.win,win,,83.0,50.0,0.0,0.0,1.0,1.0,0.18072289156626506,0.060240963855421686,0.0,0.0,0.0,6.0,24.0,0.0,0.4
https://twitch.tv/watch?v=dQw4w9WgXcQ,hard,0,1.0,1,twitch.tv,twitch.tv,tv,,37.0,9.0,0.0,0.0,1.0,0.0,0.1891891891891892,0.05405405405405406,0.0,0.0,0.0,0.0,19.0,0.0,0.16666666666666666
https://www.bloomberg.com/features,hard,0,1.0,1,www.bloomberg.com,bloomberg.com,com,www,34.0,17.0,0.0,1.0,1.0,0.0,0.17647058823529413,0.0,0.0,0.0,0.0,0.0,9.0,0.0,0.3333333333333333
https://188.213.83.37:8443/verify/account,hard,1,1.0,1,188.213.83.37,188.213.83.37,37,188.213,41.0,13.0,1.0,0.0,1.0,1.0,0.21951219512195122,0.34146341463414637,0.0,0.0,0.0,0.0,15.0,0.0,0.0
https://forbes.com/pricing,hard,0,0.975,1,forbes.com,forbes.com,com,,26.0,10.0,0.0,0.0,1.0,0.0,0.19230769230769232,0.0,0.0,0.0,0.0,0.0,8.0,1.0,0.3333333333333333
https://citibank-bank-login.co/signin,hard,1,1.0,1,citibank-bank-login.co,citibank-bank-login.co,co,,37.0,22.0,0.0,0.0,1.0,1.0,0.1891891891891892,0.0,0.0,0.0,0.0,2.0,7.0,0.0,0.35294117647058826
https://paypa1.com/auth/validate?user=549915,hard,1,1.0,1,paypa1.com,paypa1.com,com,,44.0,10.0,0.0,0.0,1.0,0.0,0.18181818181818182,0.1590909090909091,0.0,0.0,0.0,0.0,25.0,1.0,0.4
https://secure-fedex182.alert.gq/confirm-identity,hard,1,1.0,1,secure-fedex182.alert.gq,alert.gq,gq,secure-fedex182,49.0,24.0,0.0,1.0,1.0,1.0,0.16326530612244897,0.061224489795918366,0.0,1.0,0.0,1.0,17.0,0.0,0.4
https://medium.com/terms,hard,0,1.0,1,medium.com,medium.com,com,,24.0,10.0,0.0,0.0,1.0,0.0,0.20833333333333334,0.0,0.0,0.0,0.0,0.0,6.0,0.0,0.5
https://mybankofamerica-bankofamerica169.login.men/wallet/unlock,hard,1,1.0,1,mybankofamerica-bankofamerica169.login.men,login.men,men,mybankofamerica-bankofamerica169,64.0,42.0,0.0,1.0,1.0,1.0,0.125,0.046875,0.0,0.0,0.8666666666666667,1.0,14.0,0.0,0.4
https://www.nytimes.com/wiki,hard,0,1.0,1,www.nytimes.com,nytimes.com,com,www,28.0,15.0,0.0,1.0,1.0,0.0,0.21428571428571427,0.0,0.0,0.0,0.0,0.0,5.0,0.0,0.2857142857142857
https://facebook.com/privacy,hard,0,0.975,1,facebook.com,facebook.com,com,,28.0,12.0,0.0,0.0,1.0,0.0,0.17857142857142858,0.0,0.0,0.0,0.0,0.0,8.0,1.0,0.5
https://www.salesforce.com/repos/example/project,hard,0,1.0,1,www.salesforce.com,salesforce.com,com,www,48.0,18.0,0.0,1.0,1.0,0.0,0.16666666666666666,0.0,0.0,0.0,0.0,0.0,22.0,0.0,0.4
https://192.168.214.181:443/wp-login.php,hard,1,1.0,1,192.168.214.181,192.168.214.181,181,192.168,40.0,15.0,1.0,0.0,1.0,1.0,0.25,0.375,0.0,0.0,0.0,0.0,13.0,0.0,0.0
https://www.usa.gov/pricing,hard,0,1.0,1,www.usa.gov,usa.gov,gov,www,27.0,11.0,0.0,1.0,1.0,0.0,0.2222222222222222,0.0,0.0,0.0,0.0,0.0,8.0,0.0,0.6666666666666666
https://usa.gov/order/confirmation/778213,hard,0,1.0,1,usa.gov,usa.gov,gov,,41.0,7.0,0.0,0.0,1.0,0.0,0.17073170731707318,0.14634146341463414,0.0,0.0,0.0,0.0,26.0,0.0,0.6666666666666666
https://twitter.com/docs/api,hard,0,0.975,1,twitter.com,twitter.com,com,,28.0,11.0,0.0,0.0,1.0,0.0,0.21428571428571427,0.0,0.0,0.0,0.0,0.0,9.0,1.0,0.2857142857142857
https://pinterest.com/community,hard,0,1.0,1,pinterest.com,pinterest.com,com,,31.0,13.0,0.0,0.0,1.0,0.0,0.16129032258064516,0.0,0.0,0.0,0.0,0.0,10.0,0.0,0.3333333333333333
http://npmjs.com/en-us/library,hard,0,1.0,1,npmjs.com,npmjs.com,com,,30.0,9.0,0.0,0.0,0.0,0.0,0.23333333333333334,0.0,0.0,0.0,0.0,0.0,14.0,0.0,0.0
https://confirm-user-team-account-now-center.tk/secure/index.html,hard,1,1.0,1,confirm-user-team-account-now-center.tk,confirm-user-team-account-now-center.tk,tk,,65.0,39.0,0.0,0.0,1.0,1.0,0.18461538461538463,0.0,0.0,1.0,0.0,5.0,18.0,0.0,0.3870967741935484
https://wordpress.com/community,hard,0,1.0,1,wordpress.com,wordpress.com,com,,31.0,13.0,0.0,0.0,1.0,0.0,0.16129032258064516,0.0,0.0,0.0,0.0,0.0,10.0,0.0,0.2222222222222222
https://www.nih.gov/world,hard,0,1.0,1,www.nih.gov,nih.gov,gov,www,25.0,11.0,0.0,1.0,1.0,0.0,0.24,0.0,0.0,0.0,0.0,0.0,6.0,0.0,0.3333333333333333
https://support.mozilla.org/docs/getting-started,hard,0,1.0,1,support.mozilla.org,mozilla.org,org,support,48.0,19.0,0.0,1.0,1.0,0.0,0.16666666666666666,0.0,0.0,0.0,0.0,0.0,21.0,1.0,0.42857142857142855
https://www.booking.com/settings,hard,0,1.0,1,www.booking.com,booking.com,com,www,32.0,15.0,0.0,1.0,1.0,0.0,0.1875,0.0,0.0,0.0,0.0,0.0,9.0,0.0,0.42857142857142855
https://www.gov.uk/features,hard,0,1.0,1,www.gov.uk,www.gov.uk,uk,www,27.0,10.0,0.0,0.0,1.0,0.0,0.2222222222222222,0.0,0.0,0.0,0.0,0.0,9.0,0.0,0.0
https://azure.microsoft.com/blog,hard,0,0.95,1,azure.microsoft.com,microsoft.com,com,azure,32.0,19.0,0.0,1.0,1.0,0.0,0.1875,0.0,0.0,0.0,0.0,0.0,5.0,1.0,0.3333333333333333
https://portal-center-verify-team-support-service-paypal.club/verify/session.php?token=f23d842a45cb,hard,1,1.0,1,portal-center-verify-team-support-service-paypal.club,portal-center-verify-team-support-service-paypal.club,club,,99.0,53.0,0.0,0.0,1.0,1.0,0.15151515151515152,0.0707070707070707,0.0,0.0,1.0,6.0,37.0,0.0,0.35714285714285715
https://bankofamerica.com/docs/api,hard,0,0.975,1,bankofamerica.com,bankofamerica.com,com,,34.0,17.0,0.0,0.0,1.0,0.0,0.17647058823529413,0.0,0.0,0.0,0.0,0.0,9.0,1.0,0.46153846153846156
https://www.cdc.gov/sports,hard,0,0.9750209884722529,1,www.cdc.gov,cdc.gov,gov,www,26.0,11.0,0.0,1.0,1.0,0.0,0.23076923076923078,0.0,0.0,0.0,0.0,0.0,7.0,0.0,0.0
https://amazon.com/pricing,hard,0,0.975,1,amazon.com,amazon.com,com,,26.0,10.0,0.0,0.0,1.0,0.0,0.19230769230769232,0.0,0.0,0.0,0.0,0.0,8.0,1.0,0.5
https://www.wordpress.com/blog/2025/new-features,hard,0,1.0,1,www.wordpress.com,wordpress.com,com,www,48.0,17.0,0.0,1.0,1.0,0.0,0.1875,0.08333333333333333,0.0,0.0,0.0,0.0,23.0,0.0,0.2222222222222222
https://bankofamerica-alert.com/verify,hard,1,1.0,1,bankofamerica-alert.com,bankofamerica-alert.com,com,,38.0,23.0,0.0,0.0,1.0,1.0,0.15789473684210525,0.0,0.0,0.0,1.0,1.0,7.0,0.0,0.4444444444444444
https://doordash.com/technology,hard,0,1.0,1,doordash.com,doordash.com,com,,31.0,12.0,0.0,0.0,1.0,0.0,0.16129032258064516,0.0,0.0,0.0,0.0,0.0,11.0,0.0,0.375
https://www.adobe.com/api/v2/products?page=2,hard,0,1.0,1,www.adobe.com,adobe.com,com,www,44.0,13.0,0.0,1.0,1.0,0.0,0.22727272727272727,0.045454545454545456,0.0,0.0,0.0,0.0,22.0,1.0,0.6
https://www.nvidia.com/world,hard,0,1.0,1,www.nvidia.com,nvidia.com,com,www,28.0,14.0,0.0,1.0,1.0,0.0,0.21428571428571427,0.0,0.0,0.0,0.0,0.0,6.0,0.0,0.5
https://www.nih.gov/releases/tag/v2.3.1,hard,0,1.0,1,www.nih.gov,nih.gov,gov,www,39.0,11.0,0.0,1.0,1.0,0.0,0.2564102564102564,0.07692307692307693,0.0,0.0,0.0,0.0,20.0,0.0,0.3333333333333333
https://www.usa.gov/profile,hard,0,1.0,1,www.usa.gov,usa.gov,gov,www,27.0,11.0,0.0,1.0,1.0,0.0,0.2222222222222222,0.0,0.0,0.0,0.0,0.0,8.0,0.0,0.6666666666666666
https://www.reuters.com/docs/api,hard,0,1.0,1,www.reuters.com,reuters.com,com,www,32.0,15.0,0.0,1.0,1.0,0.0,0.21875,0.0,0.0,0.0,0.0,0.0,9.0,0.0,0.42857142857142855
http://dropbox-crypto.click/verify,hard,1,0.9991265391225944,1,dropbox-crypto.click,dropbox-crypto.click,click,,34.0,20.0,0.0,0.0,0.0,1.0,0.17647058823529413,0.0,0.0,1.0,1.0,1.0,7.0,0.0,0.23076923076923078
https://edx.org/,hard,0,1.0,1,edx.org,edx.org,org,,16.0,7.0,0.0,0.0,1.0,0.0,0.3125,0.0,0.0,0.0,0.0,0.0,1.0,0.0,0.3333333333333333
https://who.int/news/technology,hard,0,1.0,1,who.int,who.int,int,,31.0,7.0,0.0,0.0,1.0,0.0,0.1935483870967742,0.0,0.0,0.0,0.0,0.0,16.0,0.0,0.3333333333333333
https://mozilla.org/community,hard,0,0.975,1,mozilla.org,mozilla.org,org,,29.0,11.0,0.0,0.0,1.0,0.0,0.1724137931034483,0.0,0.0,0.0,0.0,0.0,10.0,1.0,0.42857142857142855
https://www.target.com/forum,hard,0,1.0,1,www.target.com,target.com,com,www,28.0,14.0,0.0,1.0,1.0,0.0,0.21428571428571427,0.0,0.0,0.0,0.0,0.0,6.0,0.0,0.3333333333333333
https://irs-billing-authenticate.xyz/verify-account,hard,1,1.0,1,irs-billing-authenticate.xyz,irs-billing-authenticate.xyz,xyz,,51.0,28.0,0.0,0.0,1.0,1.0,0.1568627450980392,0.0,0.0,1.0,0.0,2.0,15.0,0.0,0.4090909090909091
https://www.apple.com/order/confirmation/778213,hard,0,1.0,1,www.apple.com,apple.com,com,www,47.0,13.0,0.0,1.0,1.0,0.0,0.1702127659574468,0.1276595744680851,0.0,0.0,0.0,0.0,26.0,1.0,0.4
https://mychase-chase301.reactivate.ml/alert/action-required,hard,1,1.0,1,mychase-chase301.reactivate.ml,reactivate.ml,ml,mychase-chase301,60.0,30.0,0.0,1.0,1.0,0.0,0.15,0.05,0.0,1.0,0.0,1.0,22.0,0.0,0.5
https://auth.instagram.com.login-secure.top,hard,1,0.7890913848556581,1,auth.instagram.com.login-secure.top,login-secure.top,top,auth.instagram.com,43.0,35.0,0.0,3.0,1.0,1.0,0.18604651162790697,0.0,0.0,1.0,1.0,1.0,0.0,0.0,0.45454545454545453
https://mit.edu/search?q=python+tutorial,hard,0,1.0,1,mit.edu,mit.edu,edu,,40.0,7.0,0.0,0.0,1.0,0.0,0.2,0.0,0.0,0.0,0.0,0.0,24.0,0.0,0.3333333333333333
https://www.amazon.com/shop/category/laptops,hard,0,1.0,1,www.amazon.com,amazon.com,com,www,44.0,14.0,0.0,1.0,1.0,0.0,0.18181818181818182,0.0,0.0,0.0,0.0,0.0,22.0,1.0,0.5
https://facebook-reward-authenticate.gq/signin,hard,1,0.9849042473520916,1,facebook-reward-authenticate.gq,facebook-reward-authenticate.gq,gq,,46.0,31.0,0.0,0.0,1.0,1.0,0.15217391304347827,0.0,0.0,1.0,1.0,2.0,7.0,0.0,0.46153846153846156
http://salesforce.com/checkout,hard,0,1.0,1,salesforce.com,salesforce.com,com,,30.0,14.0,0.0,0.0,0.0,0.0,0.16666666666666666,0.0,0.0,0.0,0.0,0.0,9.0,0.0,0.4
https://discord.com/account,hard,0,0.975,1,discord.com,discord.com,com,,27.0,11.0,0.0,0.0,1.0,1.0,0.18518518518518517,0.0,0.0,0.0,0.0,0.0,8.0,1.0,0.2857142857142857
https://www.docker.com/api/v1/users,hard,0,0.975,1,www.docker.com,docker.com,com,www,35.0,14.0,0.0,1.0,1.0,0.0,0.22857142857142856,0.02857142857142857,0.0,0.0,0.0,0.0,13.0,1.0,0.3333333333333333
http://171.243.239.154:443/bank/secure,hard,1,1.0,1,171.243.239.154,171.243.239.154,154,171.243,38.0,15.0,1.0,0.0,0.0,1.0,0.23684210526315788,0.39473684210526316,0.0,0.0,0.0,0.0,12.0,0.0,0.0
https://news.bbc.co.uk/privacy,hard,0,0.925020988472253,1,news.bbc.co.uk,bbc.co.uk,uk,news.bbc,30.0,14.0,0.0,1.0,1.0,0.0,0.23333333333333334,0.0,0.0,0.0,0.0,0.0,8.0,1.0,0.0
http://www.cdc.gov/issues/1042,hard,0,1.0,1,www.cdc.gov,cdc.gov,gov,www,30.0,11.0,0.0,1.0,0.0,0.0,0.23333333333333334,0.13333333333333333,0.0,0.0,0.0,0.0,12.0,0.0,0.0
http://apple-confirm.tk/wallet/unlock,hard,1,1.0,1,apple-confirm.tk,apple-confirm.tk,tk,,37.0,16.0,0.0,0.0,0.0,1.0,0.1891891891891892,0.0,0.0,1.0,1.0,1.0,14.0,0.0,0.3333333333333333
https://www-netflix977.verify.work/reset-password,hard,1,1.0,1,www-netflix977.verify.work,verify.work,work,www-netflix977,49.0,26.0,0.0,1.0,1.0,1.0,0.16326530612244897,0.061224489795918366,0.0,1.0,0.0,1.0,15.0,0.0,0.3333333333333333
http://dhl-secure.loan/session/renew?token=232525a0506be279,hard,1,1.0,1,dhl-secure.loan,dhl-secure.loan,loan,,59.0,15.0,0.0,0.0,0.0,1.0,0.15254237288135594,0.22033898305084745,0.0,1.0,0.0,1.0,36.0,0.0,0.3333333333333333
http://citibank-update.xyz/login.php,hard,1,1.0,1,citibank-update.xyz,citibank-update.xyz,xyz,,36.0,19.0,0.0,0.0,0.0,1.0,0.19444444444444445,0.0,0.0,1.0,0.0,1.0,10.0,0.0,0.42857142857142855
https://docker.com/blog/2025/new-features,hard,0,1.0,1,docker.com,docker.com,com,,41.0,10.0,0.0,0.0,1.0,0.0,0.1951219512195122,0.0975609756097561,0.0,0.0,0.0,0.0,23.0,1.0,0.3333333333333333
https://www.epicgames.com/products/electronics,hard,0,1.0,1,www.epicgames.com,epicgames.com,com,www,46.0,17.0,0.0,1.0,1.0,0.0,0.15217391304347827,0.0,0.0,0.0,0.0,0.0,21.0,0.0,0.4444444444444444
http://microsoft-billing.xyz/verify,hard,1,0.9991265391225944,1,microsoft-billing.xyz,microsoft-billing.xyz,xyz,,35.0,21.0,0.0,0.0,0.0,1.0,0.17142857142857143,0.0,0.0,1.0,1.0,1.0,7.0,0.0,0.3125
https://wsj.com/terms,hard,0,1.0,1,wsj.com,wsj.com,com,,21.0,7.0,0.0,0.0,1.0,0.0,0.23809523809523808,0.0,0.0,0.0,0.0,0.0,6.0,0.0,0.0
http://58.208.148.253/index.php,hard,1,1.0,1,58.208.148.253,58.208.148.253,253,58.208,31.0,14.0,1.0,0.0,0.0,0.0,0.25806451612903225,0.3548387096774194,0.0,0.0,0.0,0.0,10.0,0.0,0.0
http://nih.gov/en-us/library,hard,0,1.0,1,nih.gov,nih.gov,gov,,28.0,7.0,0.0,0.0,0.0,0.0,0.25,0.0,0.0,0.0,0.0,0.0,14.0,0.0,0.3333333333333333
https://www.nytimes.com/order/confirmation/778213,hard,0,1.0,1,www.nytimes.com,nytimes.com,com,www,49.0,15.0,0.0,1.0,1.0,0.0,0.16326530612244897,0.12244897959183673,0.0,0.0,0.0,0.0,26.0,0.0,0.2857142857142857
https://www.quora.com/products/electronics,hard,0,1.0,1,www.quora.com,quora.com,com,www,42.0,13.0,0.0,1.0,1.0,0.0,0.16666666666666666,0.0,0.0,0.0,0.0,0.0,21.0,0.0,0.6
http://pinterest.com/forum,hard,0,1.0,1,pinterest.com,pinterest.com,com,,26.0,13.0,0.0,0.0,0.0,0.0,0.19230769230769232,0.0,0.0,0.0,0.0,0.0,6.0,0.0,0.3333333333333333
https://techcrunch.com/profile,hard,0,1.0,1,techcrunch.com,techcrunch.com,com,,30.0,14.0,0.0,0.0,1.0,0.0,0.16666666666666666,0.0,0.0,0.0,0.0,0.0,8.0,0.0,0.2
https://linkedin.com/user/johndoe,hard,0,0.975,1,linkedin.com,linkedin.com,com,,33.0,12.0,0.0,0.0,1.0,0.0,0.18181818181818182,0.0,0.0,0.0,0.0,0.0,13.0,1.0,0.375
https://www.google.com/api/v1/users,hard,0,0.975,1,www.google.com,google.com,com,www,35.0,14.0,0.0,1.0,1.0,0.0,0.22857142857142856,0.02857142857142857,0.0,0.0,0.0,0.0,13.0,1.0,0.5
https://americanexpress.com/signin,hard,0,1.0,1,americanexpress.com,americanexpress.com,com,,34.0,19.0,0.0,0.0,1.0,1.0,0.14705882352941177,0.0,0.0,0.0,0.0,0.0,7.0,0.0,0.4
https://www.bloomberg.com/profile,hard,0,1.0,1,www.bloomberg.com,bloomberg.com,com,www,33.0,17.0,0.0,1.0,1.0,0.0,0.18181818181818182,0.0,0.0,0.0,0.0,0.0,8.0,0.0,0.3333333333333333
https://secure-login.paypal.com.security-update.co,hard,1,0.6288436097024728,1,secure-login.paypal.com.security-update.co,security-update.co,co,secure-login.paypal.com,50.0,42.0,0.0,3.0,1.0,1.0,0.18,0.0,0.0,0.0,1.0,2.0,0.0,0.0,0.42857142857142855
http://176.38.84.113:8443/index.php,hard,1,1.0,1,176.38.84.113,176.38.84.113,113,176.38,35.0,13.0,1.0,0.0,0.0,0.0,0.2571428571428571,0.4,0.0,0.0,0.0,0.0,10.0,0.0,0.0
https://booking.com/article/2025/06/12/world-news,hard,0,1.0,1,booking.com,booking.com,com,,49.0,11.0,0.0,0.0,1.0,0.0,0.20408163265306123,0.16326530612244897,0.0,0.0,0.0,0.0,30.0,0.0,0.42857142857142855
https://old.reddit.com/login,hard,0,0.95,1,old.reddit.com,reddit.com,com,old,28.0,14.0,0.0,1.0,1.0,1.0,0.21428571428571427,0.0,0.0,0.0,0.0,0.0,6.0,1.0,0.3333333333333333
https://nih.gov/api/v2/products?page=2,hard,0,1.0,1,nih.gov,nih.gov,gov,,38.0,7.0,0.0,0.0,1.0,0.0,0.23684210526315788,0.05263157894736842,0.0,0.0,0.0,0.0,22.0,0.0,0.3333333333333333
https://instagram-unlock-update.men/secure/login,hard,1,1.0,1,instagram-unlock-update.men,instagram-unlock-update.men,men,,48.0,27.0,0.0,0.0,1.0,1.0,0.16666666666666666,0.0,0.0,0.0,1.0,2.0,13.0,0.0,0.38095238095238093
https://github.com/login,hard,0,0.95,1,github.com,github.com,com,,24.0,10.0,0.0,0.0,1.0,1.0,0.20833333333333334,0.0,0.0,0.0,0.0,0.0,6.0,1.0,0.3333333333333333
https://expedia.com/item/98213,hard,0,1.0,1,expedia.com,expedia.com,com,,30.0,11.0,0.0,0.0,1.0,0.0,0.2,0.16666666666666666,0.0,0.0,0.0,0.0,11.0,0.0,0.5714285714285714
https://paypall.com/auth/validate?user=558830,hard,1,1.0,1,paypall.com,paypall.com,com,,45.0,11.0,0.0,0.0,1.0,0.0,0.17777777777777778,0.13333333333333333,0.0,0.0,0.8571428571428571,0.0,25.0,0.0,0.2857142857142857
http://www.linkedin.com/en-us/library,hard,0,1.0,1,www.linkedin.com,linkedin.com,com,www,37.0,16.0,0.0,1.0,0.0,0.0,0.21621621621621623,0.0,0.0,0.0,0.0,0.0,14.0,1.0,0.375
https://www.edx.org/about,hard,0,1.0,1,www.edx.org,edx.org,org,www,25.0,11.0,0.0,1.0,1.0,0.0,0.24,0.0,0.0,0.0,0.0,0.0,6.0,0.0,0.3333333333333333
https://www.bestbuy.com/privacy,hard,0,1.0,1,www.bestbuy.com,bestbuy.com,com,www,31.0,15.0,0.0,1.0,1.0,0.0,0.1935483870967742,0.0,0.0,0.0,0.0,0.0,8.0,0.0,0.2857142857142857
http://paypal-authenticate.men/reset-password,hard,1,1.0,1,paypal-authenticate.men,paypal-authenticate.men,men,,45.0,23.0,0.0,0.0,0.0,1.0,0.15555555555555556,0.0,0.0,0.0,1.0,1.0,15.0,0.0,0.4444444444444444
https://reddit.com/reference/functions.html,hard,0,1.0,1,reddit.com,reddit.com,com,,43.0,10.0,0.0,0.0,1.0,0.0,0.16279069767441862,0.0,0.0,0.0,0.0,0.0,25.0,1.0,0.3333333333333333
https://twiiter-verify.com/confirm-identity,hard,1,1.0,1,twiiter-verify.com,twiiter-verify.com,com,,43.0,18.0,0.0,0.0,1.0,1.0,0.16279069767441862,0.0,0.0,0.0,0.85,1.0,17.0,0.0,0.38461538461538464
https://www.reuters.com/business,hard,0,1.0,1,www.reuters.com,reuters.com,com,www,32.0,15.0,0.0,1.0,1.0,0.0,0.1875,0.0,0.0,0.0,0.0,0.0,9.0,0.0,0.42857142857142855
https://www.pypi.org/api/v2/products?page=2,hard,0,1.0,1,www.pypi.org,pypi.org,org,www,43.0,12.0,0.0,1.0,1.0,0.0,0.23255813953488372,0.046511627906976744,0.0,0.0,0.0,0.0,22.0,0.0,0.25
https://booking.com/en-us/docs/Web/JavaScript,hard,0,1.0,1,booking.com,booking.com,com,,45.0,11.0,0.0,0.0,1.0,0.0,0.2,0.0,0.0,0.0,0.0,0.0,26.0,0.0,0.42857142857142855
https://www.slack.com/issues/1042,hard,0,1.0,1,www.slack.com,slack.com,com,www,33.0,13.0,0.0,1.0,1.0,0.0,0.21212121212121213,0.12121212121212122,0.0,0.0,0.0,0.0,12.0,0.0,0.2
https://identity-center-info-support-update-billing-team-service-now.gq/secure/index.html,hard,1,1.0,1,identity-center-info-support-update-billing-team-service-now.gq,identity-center-info-support-update-billing-team-service-now.gq,gq,,89.0,63.0,0.0,0.0,1.0,1.0,0.16853932584269662,0.0,0.0,1.0,0.0,8.0,18.0,0.0,0.38461538461538464
https://www.target.com/account,hard,0,0.975,1,www.target.com,target.com,com,www,30.0,14.0,0.0,1.0,1.0,1.0,0.2,0.0,0.0,0.0,0.0,0.0,8.0,0.0,0.3333333333333333
https://kubernetes.io/user/johndoe,hard,0,1.0,1,kubernetes.io,kubernetes.io,io,,34.0,13.0,0.0,0.0,1.0,0.0,0.17647058823529413,0.0,0.0,0.0,0.0,0.0,13.0,0.0,0.4
https://www.hsbc.com/repos/example/project,hard,0,1.0,1,www.hsbc.com,hsbc.com,com,www,42.0,12.0,0.0,1.0,1.0,0.0,0.19047619047619047,0.0,0.0,0.0,0.0,0.0,22.0,0.0,0.0
https://www.microsoft.com/help,hard,0,0.95,1,www.microsoft.com,microsoft.com,com,www,30.0,17.0,0.0,1.0,1.0,0.0,0.2,0.0,0.0,0.0,0.0,0.0,5.0,1.0,0.3333333333333333
https://netfl1x-billing.com/login,hard,1,1.0,1,netfl1x-billing.com,netfl1x-billing.com,com,,33.0,19.0,0.0,0.0,1.0,1.0,0.18181818181818182,0.030303030303030304,0.0,0.0,0.85,1.0,6.0,0.0,0.23076923076923078
http://irs-crypto.win/login,hard,1,1.0,1,irs-crypto.win,irs-crypto.win,win,,27.0,14.0,0.0,0.0,0.0,1.0,0.2222222222222222,0.0,0.0,0.0,0.0,1.0,6.0,0.0,0.2222222222222222
https://173.202.154.23:8080/secure-update,hard,1,1.0,1,173.202.154.23,173.202.154.23,23,173.202,41.0,14.0,1.0,0.0,1.0,1.0,0.21951219512195122,0.36585365853658536,0.0,0.0,0.0,0.0,14.0,0.0,0.0
https://www.expedia.com/repos/example/project,hard,0,1.0,1,www.expedia.com,expedia.com,com,www,45.0,15.0,0.0,1.0,1.0,0.0,0.17777777777777778,0.0,0.0,0.0,0.0,0.0,22.0,0.0,0.5714285714285714
https://www.target.com/releases/tag/v2.3.1,hard,0,1.0,1,www.target.com,target.com,com,www,42.0,14.0,0.0,1.0,1.0,0.0,0.23809523809523808,0.07142857142857142,0.0,0.0,0.0,0.0,20.0,0.0,0.3333333333333333
https://www.nvidia.com/community,hard,0,1.0,1,www.nvidia.com,nvidia.com,com,www,32.0,14.0,0.0,1.0,1.0,0.0,0.1875,0.0,0.0,0.0,0.0,0.0,10.0,0.0,0.5
https://www.mit.edu/,hard,0,0.978519254873147,1,www.mit.edu,mit.edu,edu,www,20.0,11.0,0.0,1.0,1.0,0.0,0.3,0.0,0.0,0.0,0.0,0.0,1.0,0.0,0.3333333333333333
https://medium.com/business,hard,0,1.0,1,medium.com,medium.com,com,,27.0,10.0,0.0,0.0,1.0,0.0,0.18518518518518517,0.0,0.0,0.0,0.0,0.0,9.0,0.0,0.5
https://www.nvidia.com/contact,hard,0,1.0,1,www.nvidia.com,nvidia.com,com,www,30.0,14.0,0.0,1.0,1.0,0.0,0.2,0.0,0.0,0.0,0.0,0.0,8.0,0.0,0.5
https://citibank-secure.net/support/ticket,hard,1,1.0,1,citibank-secure.net,citibank-secure.net,net,,42.0,19.0,0.0,0.0,1.0,1.0,0.16666666666666666,0.0,0.0,0.0,0.0,1.0,15.0,0.0,0.42857142857142855
https://berkeley.edu/shop/category/laptops,hard,0,1.0,1,berkeley.edu,berkeley.edu,edu,,42.0,12.0,0.0,0.0,1.0,0.0,0.16666666666666666,0.0,0.0,0.0,0.0,0.0,22.0,0.0,0.375
https://gooogle.com/session/renew?token=47214f0f17405193,hard,1,1.0,1,gooogle.com,gooogle.com,com,,56.0,11.0,0.0,0.0,1.0,0.0,0.14285714285714285,0.25,0.0,0.0,0.85,0.0,36.0,0.0,0.5714285714285714
https://blogger.com/repos/example/project,hard,0,1.0,1,blogger.com,blogger.com,com,,41.0,11.0,0.0,0.0,1.0,0.0,0.17073170731707318,0.0,0.0,0.0,0.0,0.0,22.0,0.0,0.2857142857142857
https://digitalocean.com/downloads/latest,hard,0,1.0,1,digitalocean.com,digitalocean.com,com,,41.0,16.0,0.0,0.0,1.0,0.0,0.14634146341463414,0.0,0.0,0.0,0.0,0.0,17.0,0.0,0.5
https://oracle.com/forum,hard,0,1.0,1,oracle.com,oracle.com,com,,24.0,10.0,0.0,0.0,1.0,0.0,0.20833333333333334,0.0,0.0,0.0,0.0,0.0,6.0,0.0,0.5
https://www.hsbc.com/api/v2/products?page=2,hard,0,1.0,1,www.hsbc.com,hsbc.com,com,www,43.0,12.0,0.0,1.0,1.0,0.0,0.23255813953488372,0.046511627906976744,0.0,0.0,0.0,0.0,22.0,0.0,0.0
https://irs.gov/downloads/latest,hard,0,1.0,1,irs.gov,irs.gov,gov,,32.0,7.0,0.0,0.0,1.0,0.0,0.1875,0.0,0.0,0.0,0.0,0.0,17.0,0.0,0.3333333333333333
https://www.gov.uk/technology,hard,0,1.0,1,www.gov.uk,www.gov.uk,uk,www,29.0,10.0,0.0,0.0,1.0,0.0,0.20689655172413793,0.0,0.0,0.0,0.0,0.0,11.0,0.0,0.0
https://0utlook-login.com/update-billing,hard,1,1.0,1,0utlook-login.com,0utlook-login.com,com,,40.0,17.0,0.0,0.0,1.0,1.0,0.175,0.025,0.0,0.0,1.0,1.0,15.0,0.0,0.45454545454545453
https://cloud.google.com/products/electronics,hard,0,1.0,1,cloud.google.com,google.com,com,cloud,45.0,16.0,0.0,1.0,1.0,0.0,0.15555555555555556,0.0,0.0,0.0,0.0,0.0,21.0,1.0,0.5
https://wellsfargo.com/tree/main/src,hard,0,1.0,1,wellsfargo.com,wellsfargo.com,com,,36.0,14.0,0.0,0.0,1.0,0.0,0.19444444444444445,0.0,0.0,0.0,0.0,0.0,14.0,0.0,0.3
https://secure-login.chase.com.security-update.co,hard,1,0.6418273241180965,1,secure-login.chase.com.security-update.co,security-update.co,co,secure-login.chase.com,49.0,41.0,0.0,3.0,1.0,1.0,0.1836734693877551,0.0,0.0,0.0,1.0,2.0,0.0,0.0,0.42857142857142855
https://binance-verify-verify.ml/signin,hard,1,1.0,1,binance-verify-verify.ml,binance-verify-verify.ml,ml,,39.0,24.0,0.0,0.0,1.0,1.0,0.1794871794871795,0.0,0.0,1.0,0.0,2.0,7.0,0.0,0.3684210526315789
https://www.discord.com/releases/tag/v2.3.1,hard,0,1.0,1,www.discord.com,discord.com,com,www,43.0,15.0,0.0,1.0,1.0,0.0,0.23255813953488372,0.06976744186046512,0.0,0.0,0.0,0.0,20.0,1.0,0.2857142857142857
https://old.reddit.com/health,hard,0,0.95,1,old.reddit.com,reddit.com,com,old,29.0,14.0,0.0,1.0,1.0,0.0,0.20689655172413793,0.0,0.0,0.0,0.0,0.0,7.0,1.0,0.3333333333333333
https://edx.org/library/3.12,hard,0,1.0,1,edx.org,edx.org,org,,28.0,7.0,0.0,0.0,1.0,0.0,0.25,0.10714285714285714,0.0,0.0,0.0,0.0,13.0,0.0,0.3333333333333333
https://account-verify.apple.com.verify-account.xyz,hard,1,0.7947248809274825,1,account-verify.apple.com.verify-account.xyz,verify-account.xyz,xyz,account-verify.apple.com,51.0,43.0,0.0,3.0,1.0,1.0,0.17647058823529413,0.0,0.0,1.0,1.0,2.0,0.0,0.0,0.38461538461538464
https://nytimes.com/world,hard,0,1.0,1,nytimes.com,nytimes.com,com,,25.0,11.0,0.0,0.0,1.0,0.0,0.2,0.0,0.0,0.0,0.0,0.0,6.0,0.0,0.2857142857142857
https://www.airbnb.com/health,hard,0,1.0,1,www.airbnb.com,airbnb.com,com,www,29.0,14.0,0.0,1.0,1.0,0.0,0.20689655172413793,0.0,0.0,0.0,0.0,0.0,7.0,0.0,0.3333333333333333
https://salesforce.com/login,hard,0,1.0,1,salesforce.com,salesforce.com,com,,28.0,14.0,0.0,0.0,1.0,1.0,0.17857142857142858,0.0,0.0,0.0,0.0,0.0,6.0,0.0,0.4
https://cloudflare.com/docs/getting-started,hard,0,1.0,1,cloudflare.com,cloudflare.com,com,,43.0,14.0,0.0,0.0,1.0,0.0,0.16279069767441862,0.0,0.0,0.0,0.0,0.0,21.0,0.0,0.4
https://grubhub.com/en-us/docs/Web/JavaScript,hard,0,1.0,1,grubhub.com,grubhub.com,com,,45.0,11.0,0.0,0.0,1.0,0.0,0.2,0.0,0.0,0.0,0.0,0.0,26.0,0.0,0.2857142857142857
https://www.stackoverflow.com/features/security,hard,0,1.0,1,www.stackoverflow.com,stackoverflow.com,com,www,47.0,21.0,0.0,1.0,1.0,0.0,0.14893617021276595,0.0,0.0,0.0,0.0,0.0,18.0,1.0,0.3076923076923077
https://user-center-team-portal-official-info-service-now-confirm.win/verify/session.php?token=8db11fb3f248,hard,1,1.0,1,user-center-team-portal-official-info-service-now-confirm.win,user-center-team-portal-official-info-service-now-confirm.win,win,,107.0,61.0,0.0,0.0,1.0,1.0,0.1588785046728972,0.06542056074766354,0.0,0.0,0.0,8.0,37.0,0.0,0.40816326530612246
https://discord.com/privacy,hard,0,0.975,1,discord.com,discord.com,com,,27.0,11.0,0.0,0.0,1.0,0.0,0.18518518518518517,0.0,0.0,0.0,0.0,0.0,8.0,1.0,0.2857142857142857
https://npr.org/search,hard,0,1.0,1,npr.org,npr.org,org,,22.0,7.0,0.0,0.0,1.0,0.0,0.22727272727272727,0.0,0.0,0.0,0.0,0.0,7.0,0.0,0.0
https://www.bloomberg.com/forum,hard,0,1.0,1,www.bloomberg.com,bloomberg.com,com,www,31.0,17.0,0.0,1.0,1.0,0.0,0.1935483870967742,0.0,0.0,0.0,0.0,0.0,6.0,0.0,0.3333333333333333
https://instagr4m-help.com/auth/validate?user=548292,hard,1,1.0,1,instagr4m-help.com,instagr4m-help.com,com,,52.0,18.0,0.0,0.0,1.0,0.0,0.17307692307692307,0.1346153846153846,0.0,0.0,1.0,1.0,25.0,0.0,0.25
https://www.bestbuy.com/api/v2/products?page=2,hard,0,1.0,1,www.bestbuy.com,bestbuy.com,com,www,46.0,15.0,0.0,1.0,1.0,0.0,0.21739130434782608,0.043478260869565216,0.0,0.0,0.0,0.0,22.0,0.0,0.2857142857142857
https://salesforce.com/shop/category/laptops,hard,0,1.0,1,salesforce.com,salesforce.com,com,,44.0,14.0,0.0,0.0,1.0,0.0,0.1590909090909091,0.0,0.0,0.0,0.0,0.0,22.0,0.0,0.4
https://reuters.com/forum,hard,0,1.0,1,reuters.com,reuters.com,com,,25.0,11.0,0.0,0.0,1.0,0.0,0.2,0.0,0.0,0.0,0.0,0.0,6.0,0.0,0.42857142857142855
https://micros0ft-support.com/support/ticket,hard,1,1.0,1,micros0ft-support.com,micros0ft-support.com,com,,44.0,21.0,0.0,0.0,1.0,0.0,0.1590909090909091,0.022727272727272728,0.0,0.0,1.0,1.0,15.0,0.0,0.26666666666666666
https://npr.org/order/confirmation/778213,hard,0,1.0,1,npr.org,npr.org,org,,41.0,7.0,0.0,0.0,1.0,0.0,0.17073170731707318,0.14634146341463414,0.0,0.0,0.0,0.0,26.0,0.0,0.0
https://arstechnica.com/news/technology,hard,0,1.0,1,arstechnica.com,arstechnica.com,com,,39.0,15.0,0.0,0.0,1.0,0.0,0.15384615384615385,0.0,0.0,0.0,0.0,0.0,16.0,0.0,0.36363636363636365
https://digitalocean.com/reference/functions.html,hard,0,1.0,1,digitalocean.com,digitalocean.com,com,,49.0,16.0,0.0,0.0,1.0,0.0,0.14285714285714285,0.0,0.0,0.0,0.0,0.0,25.0,0.0,0.5
https://ebay.com/,hard,0,1.0,1,ebay.com,ebay.com,com,,17.0,8.0,0.0,0.0,1.0,0.0,0.29411764705882354,0.0,0.0,0.0,0.0,0.0,1.0,1.0,0.5
https://www.forbes.com/repos/example/project,hard,0,1.0,1,www.forbes.com,forbes.com,com,www,44.0,14.0,0.0,1.0,1.0,0.0,0.18181818181818182,0.0,0.0,0.0,0.0,0.0,22.0,1.0,0.3333333333333333
https://www.expedia.com/business,hard,0,1.0,1,www.expedia.com,expedia.com,com,www,32.0,15.0,0.0,1.0,1.0,0.0,0.1875,0.0,0.0,0.0,0.0,0.0,9.0,0.0,0.5714285714285714
https://coursera.org/wiki,hard,0,1.0,1,coursera.org,coursera.org,org,,25.0,12.0,0.0,0.0,1.0,0.0,0.2,0.0,0.0,0.0,0.0,0.0,5.0,0.0,0.5
https://microsoft.com/search,hard,0,0.975,1,microsoft.com,microsoft.com,com,,28.0,13.0,0.0,0.0,1.0,0.0,0.17857142857142858,0.0,0.0,0.0,0.0,0.0,7.0,1.0,0.3333333333333333
https://kubernetes.io/docs/getting-started,hard,0,1.0,1,kubernetes.io,kubernetes.io,io,,42.0,13.0,0.0,0.0,1.0,0.0,0.16666666666666666,0.0,0.0,0.0,0.0,0.0,21.0,0.0,0.4
https://expedia.com/order/confirmation/778213,hard,0,1.0,1,expedia.com,expedia.com,com,,45.0,11.0,0.0,0.0,1.0,0.0,0.15555555555555556,0.13333333333333333,0.0,0.0,0.0,0.0,26.0,0.0,0.5714285714285714
https://auth.amazon.com.signin-support.online,hard,1,0.9059834051935105,1,auth.amazon.com.signin-support.online,signin-support.online,online,auth.amazon.com,45.0,37.0,0.0,3.0,1.0,1.0,0.17777777777777778,0.0,0.0,1.0,1.0,1.0,0.0,0.0,0.3076923076923077
https://auth.microsoft.com.secure-session.click,hard,1,0.8314619582309136,1,auth.microsoft.com.secure-session.click,secure-session.click,click,auth.microsoft.com,47.0,39.0,0.0,3.0,1.0,1.0,0.1702127659574468,0.0,0.0,1.0,1.0,1.0,0.0,0.0,0.46153846153846156
https://nvidia.com/tree/main/src,hard,0,1.0,1,nvidia.com,nvidia.com,com,,32.0,10.0,0.0,0.0,1.0,0.0,0.21875,0.0,0.0,0.0,0.0,0.0,14.0,0.0,0.5
https://www.linkedin.com,hard,0,0.016764190687643996,0,www.linkedin.com,linkedin.com,com,www,24.0,16.0,0.0,1.0,1.0,0.0,0.20833333333333334,0.0,0.0,0.0,0.0,0.0,0.0,1.0,0.375
https://www.uber.com/playlist?list=PL12345,hard,0,1.0,1,www.uber.com,uber.com,com,www,42.0,12.0,0.0,1.0,1.0,0.0,0.19047619047619047,0.11904761904761904,0.0,0.0,0.0,0.0,21.0,0.0,0.5
https://airbnb.com/forum,hard,0,1.0,1,airbnb.com,airbnb.com,com,,24.0,10.0,0.0,0.0,1.0,0.0,0.20833333333333334,0.0,0.0,0.0,0.0,0.0,6.0,0.0,0.3333333333333333
https://instagram-crypto-confirm.club/index.php?id=10357,hard,1,1.0,1,instagram-crypto-confirm.club,instagram-crypto-confirm.club,club,,56.0,29.0,0.0,0.0,1.0,0.0,0.17857142857142858,0.08928571428571429,0.0,0.0,1.0,2.0,18.0,0.0,0.2727272727272727
http://www.bankofamerica.com/,hard,0,1.0,1,www.bankofamerica.com,bankofamerica.com,com,www,29.0,21.0,0.0,1.0,0.0,0.0,0.20689655172413793,0.0,0.0,0.0,0.0,0.0,1.0,1.0,0.46153846153846156
http://172.192.237.181/secure-update,hard,1,1.0,1,172.192.237.181,172.192.237.181,181,172.192,36.0,15.0,1.0,0.0,0.0,1.0,0.2222222222222222,0.3333333333333333,0.0,0.0,0.0,0.0,14.0,0.0,0.0
https://43.85.22.107:443/verify/account,hard,1,1.0,1,43.85.22.107,43.85.22.107,107,43.85,39.0,12.0,1.0,0.0,1.0,1.0,0.23076923076923078,0.3076923076923077,0.0,0.0,0.0,0.0,15.0,0.0,0.0
https://www.dropbox.com/library/3.12,hard,0,0.975,1,www.dropbox.com,dropbox.com,com,www,36.0,15.0,0.0,1.0,1.0,0.0,0.2222222222222222,0.08333333333333333,0.0,0.0,0.0,0.0,13.0,1.0,0.2857142857142857
https://www.github.com/questions/12345/how-to-parse-json,hard,0,1.0,1,www.github.com,github.com,com,www,56.0,14.0,0.0,1.0,1.0,0.0,0.19642857142857142,0.08928571428571429,0.0,0.0,0.0,0.0,34.0,1.0,0.3333333333333333
https://user-billing-account-now-identity.tk/login/index.php?id=90320,hard,1,1.0,1,user-billing-account-now-identity.tk,user-billing-account-now-identity.tk,tk,,69.0,36.0,0.0,0.0,1.0,1.0,0.18840579710144928,0.07246376811594203,0.0,1.0,0.0,4.0,24.0,0.0,0.3793103448275862
https://www.americanexpress.com/terms,hard,0,1.0,1,www.americanexpress.com,americanexpress.com,com,www,37.0,23.0,0.0,1.0,1.0,0.0,0.16216216216216217,0.0,0.0,0.0,0.0,0.0,6.0,0.0,0.4
https://arstechnica.com/world,hard,0,1.0,1,arstechnica.com,arstechnica.com,com,,29.0,15.0,0.0,0.0,1.0,0.0,0.1724137931034483,0.0,0.0,0.0,0.0,0.0,6.0,0.0,0.36363636363636365
http://google-bank.work/wallet/unlock,hard,1,1.0,1,google-bank.work,google-bank.work,work,,37.0,16.0,0.0,0.0,0.0,1.0,0.1891891891891892,0.0,0.0,1.0,1.0,1.0,14.0,0.0,0.4
https://64.53.167.133:443/verify/account,hard,1,1.0,1,64.53.167.133,64.53.167.133,133,64.53,40.0,13.0,1.0,0.0,1.0,1.0,0.225,0.325,0.0,0.0,0.0,0.0,15.0,0.0,0.0
https://cloudflare.com/login,hard,0,1.0,1,cloudflare.com,cloudflare.com,com,,28.0,14.0,0.0,0.0,1.0,1.0,0.17857142857142858,0.0,0.0,0.0,0.0,0.0,6.0,0.0,0.4
https://www.gov.uk/community,hard,0,1.0,1,www.gov.uk,www.gov.uk,uk,www,28.0,10.0,0.0,0.0,1.0,0.0,0.21428571428571427,0.0,0.0,0.0,0.0,0.0,10.0,0.0,0.0
https://www.nytimes.com/features/security,hard,0,1.0,1,www.nytimes.com,nytimes.com,com,www,41.0,15.0,0.0,1.0,1.0,0.0,0.17073170731707318,0.0,0.0,0.0,0.0,0.0,18.0,0.0,0.2857142857142857
https://dropbox.com/privacy,hard,0,0.975,1,dropbox.com,dropbox.com,com,,27.0,11.0,0.0,0.0,1.0,0.0,0.18518518518518517,0.0,0.0,0.0,0.0,0.0,8.0,1.0,0.2857142857142857
https://cnn.com/blog,hard,0,1.0,1,cnn.com,cnn.com,com,,20.0,7.0,0.0,0.0,1.0,0.0,0.25,0.0,0.0,0.0,0.0,0.0,5.0,1.0,0.0
http://hmrc-reactivate.cf/verify-account,hard,1,1.0,1,hmrc-reactivate.cf,hmrc-reactivate.cf,cf,,40.0,18.0,0.0,0.0,0.0,1.0,0.175,0.0,0.0,1.0,0.0,1.0,15.0,0.0,0.35714285714285715
https://developer.mozilla.org/privacy,hard,0,0.975,1,developer.mozilla.org,mozilla.org,org,developer,37.0,21.0,0.0,1.0,1.0,0.0,0.16216216216216217,0.0,0.0,0.0,0.0,0.0,8.0,1.0,0.42857142857142855
http://56.67.183.76/secure-update,hard,1,1.0,1,56.67.183.76,56.67.183.76,76,56.67,33.0,12.0,1.0,0.0,0.0,1.0,0.24242424242424243,0.2727272727272727,0.0,0.0,0.0,0.0,14.0,0.0,0.0
https://wellsfargo.com/technology,hard,0,1.0,1,wellsfargo.com,wellsfargo.com,com,,33.0,14.0,0.0,0.0,1.0,0.0,0.15151515151515152,0.0,0.0,0.0,0.0,0.0,11.0,0.0,0.3
https://edx.org/blog/2025/new-features,hard,0,1.0,1,edx.org,edx.org,org,,38.0,7.0,0.0,0.0,1.0,0.0,0.21052631578947367,0.10526315789473684,0.0,0.0,0.0,0.0,23.0,0.0,0.3333333333333333
https://cdc.gov/en-us/docs/Web/JavaScript,hard,0,1.0,1,cdc.gov,cdc.gov,gov,,41.0,7.0,0.0,0.0,1.0,0.0,0.21951219512195122,0.0,0.0,0.0,0.0,0.0,26.0,0.0,0.0
https://www.bloomberg.com/docs/api,hard,0,1.0,1,www.bloomberg.com,bloomberg.com,com,www,34.0,17.0,0.0,1.0,1.0,0.0,0.20588235294117646,0.0,0.0,0.0,0.0,0.0,9.0,0.0,0.3333333333333333
https://www.forbes.com/wiki/Main_Page,hard,0,0.975,1,www.forbes.com,forbes.com,com,www,37.0,14.0,0.0,1.0,1.0,0.0,0.21621621621621623,0.0,0.0,0.0,0.0,0.0,15.0,1.0,0.3333333333333333
https://g00gle-security.com/index.php?id=4136,hard,1,1.0,1,g00gle-security.com,g00gle-security.com,com,,45.0,19.0,0.0,0.0,1.0,0.0,0.2,0.13333333333333333,0.0,0.0,1.0,1.0,17.0,0.0,0.3333333333333333
https://secure-google297.reward.xyz/account/update,hard,1,1.0,1,secure-google297.reward.xyz,reward.xyz,xyz,secure-google297,50.0,27.0,0.0,1.0,1.0,1.0,0.16,0.06,0.0,1.0,0.0,1.0,15.0,0.0,0.3333333333333333
https://docs.python.org/login,hard,0,1.0,1,docs.python.org,python.org,org,docs,29.0,15.0,0.0,1.0,1.0,1.0,0.20689655172413793,0.0,0.0,0.0,0.0,0.0,6.0,0.0,0.16666666666666666
https://google-alert-authenticate.cf/auth/validate?user=596448,hard,1,1.0,1,google-alert-authenticate.cf,google-alert-authenticate.cf,cf,,62.0,28.0,0.0,0.0,1.0,0.0,0.16129032258064516,0.0967741935483871,0.0,1.0,1.0,2.0,25.0,0.0,0.4782608695652174
https://www.khanacademy.org/docs/getting-started,hard,0,1.0,1,www.khanacademy.org,khanacademy.org,org,www,48.0,19.0,0.0,1.0,1.0,0.0,0.16666666666666666,0.0,0.0,0.0,0.0,0.0,21.0,0.0,0.36363636363636365
https://www-facebook630.login.work/verify-account,hard,1,1.0,1,www-facebook630.login.work,login.work,work,www-facebook630,49.0,26.0,0.0,1.0,1.0,1.0,0.16326530612244897,0.061224489795918366,0.0,1.0,0.7272727272727273,1.0,15.0,0.0,0.4
https://atlassian.com/about,hard,0,1.0,1,atlassian.com,atlassian.com,com,,27.0,13.0,0.0,0.0,1.0,0.0,0.18518518518518517,0.0,0.0,0.0,0.0,0.0,6.0,0.0,0.4444444444444444
https://www.ibm.com/releases/tag/v2.3.1,hard,0,1.0,1,www.ibm.com,ibm.com,com,www,39.0,11.0,0.0,1.0,1.0,0.0,0.2564102564102564,0.07692307692307693,0.0,0.0,0.0,0.0,20.0,0.0,0.3333333333333333
https://cloud.google.com/playlist?list=PL12345,hard,0,1.0,1,cloud.google.com,google.com,com,cloud,46.0,16.0,0.0,1.0,1.0,0.0,0.17391304347826086,0.10869565217391304,0.0,0.0,0.0,0.0,21.0,1.0,0.5
https://bankofamerica.com/news,hard,0,0.975,1,bankofamerica.com,bankofamerica.com,com,,30.0,17.0,0.0,0.0,1.0,0.0,0.16666666666666666,0.0,0.0,0.0,0.0,0.0,5.0,1.0,0.46153846153846156
https://www.cloudflare.com/docs/api,hard,0,1.0,1,www.cloudflare.com,cloudflare.com,com,www,35.0,18.0,0.0,1.0,1.0,0.0,0.2,0.0,0.0,0.0,0.0,0.0,9.0,0.0,0.4
https://google.com/about,hard,0,0.975,1,google.com,google.com,com,,24.0,10.0,0.0,0.0,1.0,0.0,0.20833333333333334,0.0,0.0,0.0,0.0,0.0,6.0,1.0,0.5
https://hsbc-authenticate-reward.co/session/renew?token=a3e59c23caf12640,hard,1,1.0,1,hsbc-authenticate-reward.co,hsbc-authenticate-reward.co,co,,72.0,27.0,0.0,0.0,1.0,0.0,0.1388888888888889,0.1388888888888889,0.0,0.0,0.0,2.0,36.0,0.0,0.36363636363636365
https://walmart.com/docs/api,hard,0,0.975,1,walmart.com,walmart.com,com,,28.0,11.0,0.0,0.0,1.0,0.0,0.21428571428571427,0.0,0.0,0.0,0.0,0.0,9.0,1.0,0.2857142857142857
https://hmrc-secure-billing.ml/signin,hard,1,0.9882353862142,1,hmrc-secure-billing.ml,hmrc-secure-billing.ml,ml,,37.0,22.0,0.0,0.0,1.0,1.0,0.1891891891891892,0.0,0.0,1.0,0.0,2.0,7.0,0.0,0.29411764705882354
https://developer.mozilla.org/help,hard,0,0.975,1,developer.mozilla.org,mozilla.org,org,developer,34.0,21.0,0.0,1.0,1.0,0.0,0.17647058823529413,0.0,0.0,0.0,0.0,0.0,5.0,1.0,0.42857142857142855
https://stanford.edu/pull/2031,hard,0,1.0,1,stanford.edu,stanford.edu,edu,,30.0,12.0,0.0,0.0,1.0,0.0,0.2,0.13333333333333333,0.0,0.0,0.0,0.0,10.0,0.0,0.25
https://bloomberg.com/library/3.12,hard,0,1.0,1,bloomberg.com,bloomberg.com,com,,34.0,13.0,0.0,0.0,1.0,0.0,0.20588235294117646,0.08823529411764706,0.0,0.0,0.0,0.0,13.0,0.0,0.3333333333333333
https://paypall.com/login.php,hard,1,0.975,1,paypall.com,paypall.com,com,,29.0,11.0,0.0,0.0,1.0,1.0,0.20689655172413793,0.0,0.0,0.0,0.8571428571428571,0.0,10.0,0.0,0.2857142857142857
https://americanexpress-support-verify.info/support/ticket,hard,1,1.0,1,americanexpress-support-verify.info,americanexpress-support-verify.info,info,,58.0,35.0,0.0,0.0,1.0,1.0,0.13793103448275862,0.0,0.0,1.0,0.0,2.0,15.0,0.0,0.35714285714285715
https://www.etsy.com/search,hard,0,1.0,1,www.etsy.com,etsy.com,com,www,27.0,12.0,0.0,1.0,1.0,0.0,0.2222222222222222,0.0,0.0,0.0,0.0,0.0,7.0,0.0,0.25
https://chase.com/features/security,hard,0,1.0,1,chase.com,chase.com,com,,35.0,9.0,0.0,0.0,1.0,0.0,0.17142857142857143,0.0,0.0,0.0,0.0,0.0,18.0,1.0,0.4
https://auth.google.com.id-check.ml,hard,1,0.5192357885483317,1,auth.google.com.id-check.ml,id-check.ml,ml,auth.google.com,35.0,27.0,0.0,3.0,1.0,0.0,0.22857142857142856,0.0,0.0,1.0,1.0,1.0,0.0,0.0,0.2857142857142857
https://microsoft.com/item/98213,hard,0,0.975,1,microsoft.com,microsoft.com,com,,32.0,13.0,0.0,0.0,1.0,0.0,0.1875,0.15625,0.0,0.0,0.0,0.0,11.0,1.0,0.3333333333333333
https://www.harvard.edu/terms,hard,0,1.0,1,www.harvard.edu,harvard.edu,edu,www,29.0,15.0,0.0,1.0,1.0,0.0,0.20689655172413793,0.0,0.0,0.0,0.0,0.0,6.0,0.0,0.2857142857142857
https://wordpress.com/blog/2025/new-features,hard,0,1.0,1,wordpress.com,wordpress.com,com,,44.0,13.0,0.0,0.0,1.0,0.0,0.18181818181818182,0.09090909090909091,0.0,0.0,0.0,0.0,23.0,0.0,0.2222222222222222
https://ibm.com/item/98213,hard,0,1.0,1,ibm.com,ibm.com,com,,26.0,7.0,0.0,0.0,1.0,0.0,0.23076923076923078,0.19230769230769232,0.0,0.0,0.0,0.0,11.0,0.0,0.3333333333333333
https://booking.com/user/johndoe,hard,0,1.0,1,booking.com,booking.com,com,,32.0,11.0,0.0,0.0,1.0,0.0,0.1875,0.0,0.0,0.0,0.0,0.0,13.0,0.0,0.42857142857142855
https://udemy.com/blog/2025/new-features,hard,0,1.0,1,udemy.com,udemy.com,com,,40.0,9.0,0.0,0.0,1.0,0.0,0.2,0.1,0.0,0.0,0.0,0.0,23.0,0.0,0.4
https://www.netflix.com/support,hard,0,0.95,1,www.netflix.com,netflix.com,com,www,31.0,15.0,0.0,1.0,1.0,0.0,0.1935483870967742,0.0,0.0,0.0,0.0,0.0,8.0,1.0,0.2857142857142857
https://kubernetes.io/health,hard,0,1.0,1,kubernetes.io,kubernetes.io,io,,28.0,13.0,0.0,0.0,1.0,0.0,0.17857142857142858,0.0,0.0,0.0,0.0,0.0,7.0,0.0,0.4
https://www.stanford.edu/search,hard,0,1.0,1,www.stanford.edu,stanford.edu,edu,www,31.0,16.0,0.0,1.0,1.0,0.0,0.1935483870967742,0.0,0.0,0.0,0.0,0.0,7.0,0.0,0.25
https://www.who.int/pull/2031,hard,0,0.9891170323928945,1,www.who.int,who.int,int,www,29.0,11.0,0.0,1.0,1.0,0.0,0.2413793103448276,0.13793103448275862,0.0,0.0,0.0,0.0,10.0,0.0,0.3333333333333333
http://techcrunch.com/article/2025/06/12/world-news,hard,0,1.0,1,techcrunch.com,techcrunch.com,com,,51.0,14.0,0.0,0.0,0.0,0.0,0.19607843137254902,0.1568627450980392,0.0,0.0,0.0,0.0,30.0,0.0,0.2
https://medium.com/search,hard,0,1.0,1,medium.com,medium.com,com,,25.0,10.0,0.0,0.0,1.0,0.0,0.2,0.0,0.0,0.0,0.0,0.0,7.0,0.0,0.5
https://secure-americanexpress990.secure.tk/secure/login,hard,1,1.0,1,secure-americanexpress990.secure.tk,secure.tk,tk,secure-americanexpress990,56.0,35.0,0.0,1.0,1.0,1.0,0.14285714285714285,0.05357142857142857,0.0,1.0,0.0,1.0,13.0,0.0,0.5
https://berkeley.edu/support,hard,0,1.0,1,berkeley.edu,berkeley.edu,edu,,28.0,12.0,0.0,0.0,1.0,0.0,0.17857142857142858,0.0,0.0,0.0,0.0,0.0,8.0,0.0,0.375
https://www.trello.com/settings,hard,0,1.0,1,www.trello.com,trello.com,com,www,31.0,14.0,0.0,1.0,1.0,0.0,0.1935483870967742,0.0,0.0,0.0,0.0,0.0,9.0,0.0,0.3333333333333333
https://www.wordpress.com/issues/1042,hard,0,1.0,1,www.wordpress.com,wordpress.com,com,www,37.0,17.0,0.0,1.0,1.0,0.0,0.1891891891891892,0.10810810810810811,0.0,0.0,0.0,0.0,12.0,0.0,0.2222222222222222
http://docker.com/technology,hard,0,1.0,1,docker.com,docker.com,com,,28.0,10.0,0.0,0.0,0.0,0.0,0.17857142857142858,0.0,0.0,0.0,0.0,0.0,11.0,1.0,0.3333333333333333
https://forbes.com/watch?v=dQw4w9WgXcQ,hard,0,1.0,1,forbes.com,forbes.com,com,,38.0,10.0,0.0,0.0,1.0,0.0,0.18421052631578946,0.05263157894736842,0.0,0.0,0.0,0.0,19.0,1.0,0.3333333333333333
https://www.intel.com/support,hard,0,1.0,1,www.intel.com,intel.com,com,www,29.0,13.0,0.0,1.0,1.0,0.0,0.20689655172413793,0.0,0.0,0.0,0.0,0.0,8.0,0.0,0.4
https://www.netflix.com/technology,hard,0,0.975,1,www.netflix.com,netflix.com,com,www,34.0,15.0,0.0,1.0,1.0,0.0,0.17647058823529413,0.0,0.0,0.0,0.0,0.0,11.0,1.0,0.2857142857142857
https://www.github.com/pull/2031,hard,0,0.975,1,www.github.com,github.com,com,www,32.0,14.0,0.0,1.0,1.0,0.0,0.21875,0.125,0.0,0.0,0.0,0.0,10.0,1.0,0.3333333333333333
https://www.nih.gov/,hard,0,0.978519254873147,1,www.nih.gov,nih.gov,gov,www,20.0,11.0,0.0,1.0,1.0,0.0,0.3,0.0,0.0,0.0,0.0,0.0,1.0,0.0,0.3333333333333333
http://bloomberg.com/shop/category/laptops,hard,0,1.0,1,bloomberg.com,bloomberg.com,com,,42.0,13.0,0.0,0.0,0.0,0.0,0.16666666666666666,0.0,0.0,0.0,0.0,0.0,22.0,0.0,0.3333333333333333
https://adobe.com/features/security,hard,0,1.0,1,adobe.com,adobe.com,com,,35.0,9.0,0.0,0.0,1.0,0.0,0.17142857142857143,0.0,0.0,0.0,0.0,0.0,18.0,1.0,0.6
https://doordash.com/playlist?list=PL12345,hard,0,1.0,1,doordash.com,doordash.com,com,,42.0,12.0,0.0,0.0,1.0,0.0,0.16666666666666666,0.11904761904761904,0.0,0.0,0.0,0.0,21.0,0.0,0.375
https://stackoverflow.com/forum,hard,0,0.975,1,stackoverflow.com,stackoverflow.com,com,,31.0,17.0,0.0,0.0,1.0,0.0,0.16129032258064516,0.0,0.0,0.0,0.0,0.0,6.0,1.0,0.3076923076923077
https://www.walmart.com/search,hard,0,0.95,1,www.walmart.com,walmart.com,com,www,30.0,15.0,0.0,1.0,1.0,0.0,0.2,0.0,0.0,0.0,0.0,0.0,7.0,1.0,0.2857142857142857
https://www.microsoft.com/account,hard,0,0.95,1,www.microsoft.com,microsoft.com,com,www,33.0,17.0,0.0,1.0,1.0,1.0,0.18181818181818182,0.0,0.0,0.0,0.0,0.0,8.0,1.0,0.3333333333333333
https://www.wordpress.com/about,hard,0,1.0,1,www.wordpress.com,wordpress.com,com,www,31.0,17.0,0.0,1.0,1.0,0.0,0.1935483870967742,0.0,0.0,0.0,0.0,0.0,6.0,0.0,0.2222222222222222
https://www.paypal.com/library/3.12,hard,0,0.975,1,www.paypal.com,paypal.com,com,www,35.0,14.0,0.0,1.0,1.0,0.0,0.22857142857142856,0.08571428571428572,0.0,0.0,0.0,0.0,13.0,1.0,0.3333333333333333
https://www.chase.com/wiki/Main_Page,hard,0,0.975,1,www.chase.com,chase.com,com,www,36.0,13.0,0.0,1.0,1.0,0.0,0.2222222222222222,0.0,0.0,0.0,0.0,0.0,15.0,1.0,0.4
https://google.com/science,hard,0,0.975,1,google.com,google.com,com,,26.0,10.0,0.0,0.0,1.0,0.0,0.19230769230769232,0.0,0.0,0.0,0.0,0.0,8.0,1.0,0.5
http://192.168.142.109/secure-update,hard,1,1.0,1,192.168.142.109,192.168.142.109,109,192.168,36.0,15.0,1.0,0.0,0.0,1.0,0.2222222222222222,0.3333333333333333,0.0,0.0,0.0,0.0,14.0,0.0,0.0
https://gitlab.com/careers,hard,0,1.0,1,gitlab.com,gitlab.com,com,,26.0,10.0,0.0,0.0,1.0,0.0,0.19230769230769232,0.0,0.0,0.0,0.0,0.0,8.0,0.0,0.3333333333333333
https://info-team-billing-verify-identity-portal-user-official-service.club/verify/session.php?token=b930f4e4959f,hard,1,1.0,1,info-team-billing-verify-identity-portal-user-official-service.club,info-team-billing-verify-identity-portal-user-official-service.club,club,,113.0,67.0,0.0,0.0,1.0,1.0,0.1504424778761062,0.07079646017699115,0.0,0.0,0.0,8.0,37.0,0.0,0.4074074074074074
http://hsbc-unlock.xyz/reset-password,hard,1,1.0,1,hsbc-unlock.xyz,hsbc-unlock.xyz,xyz,,37.0,15.0,0.0,0.0,0.0,1.0,0.1891891891891892,0.0,0.0,1.0,0.0,1.0,15.0,0.0,0.2
https://www.cnn.com/science,hard,0,0.925020988472253,1,www.cnn.com,cnn.com,com,www,27.0,11.0,0.0,1.0,1.0,0.0,0.2222222222222222,0.0,0.0,0.0,0.0,0.0,8.0,1.0,0.0
https://paypa1.com/account/update,hard,1,0.975,1,paypa1.com,paypa1.com,com,,33.0,10.0,0.0,0.0,1.0,1.0,0.18181818181818182,0.030303030303030304,0.0,0.0,0.0,0.0,15.0,1.0,0.4
https://www.intel.com/business,hard,0,1.0,1,www.intel.com,intel.com,com,www,30.0,13.0,0.0,1.0,1.0,0.0,0.2,0.0,0.0,0.0,0.0,0.0,9.0,0.0,0.4
https://arstechnica.com/search,hard,0,1.0,1,arstechnica.com,arstechnica.com,com,,30.0,15.0,0.0,0.0,1.0,0.0,0.16666666666666666,0.0,0.0,0.0,0.0,0.0,7.0,0.0,0.36363636363636365
https://target.com/privacy,hard,0,1.0,1,target.com,target.com,com,,26.0,10.0,0.0,0.0,1.0,0.0,0.19230769230769232,0.0,0.0,0.0,0.0,0.0,8.0,0.0,0.3333333333333333
https://x.com/account,hard,0,1.0,1,x.com,x.com,com,,21.0,5.0,0.0,0.0,1.0,1.0,0.23809523809523808,0.0,0.0,0.0,0.0,0.0,8.0,0.0,0.0
https://www.github.com/blog/2025/new-features,hard,0,1.0,1,www.github.com,github.com,com,www,45.0,14.0,0.0,1.0,1.0,0.0,0.2,0.08888888888888889,0.0,0.0,0.0,0.0,23.0,1.0,0.3333333333333333
https://dropbox.com/products/electronics,hard,0,1.0,1,dropbox.com,dropbox.com,com,,40.0,11.0,0.0,0.0,1.0,0.0,0.15,0.0,0.0,0.0,0.0,0.0,21.0,1.0,0.2857142857142857
https://account-verify.instagram.com.login-secure.top,hard,1,0.8533009581669189,1,account-verify.instagram.com.login-secure.top,login-secure.top,top,account-verify.instagram.com,53.0,45.0,0.0,3.0,1.0,1.0,0.16981132075471697,0.0,0.0,1.0,1.0,2.0,0.0,0.0,0.45454545454545453
http://netflix-suspended.xyz/verify-account,hard,1,1.0,1,netflix-suspended.xyz,netflix-suspended.xyz,xyz,,43.0,21.0,0.0,0.0,0.0,1.0,0.16279069767441862,0.0,0.0,1.0,1.0,1.0,15.0,0.0,0.3125
https://linkedin.com/careers,hard,0,0.975,1,linkedin.com,linkedin.com,com,,28.0,12.0,0.0,0.0,1.0,0.0,0.17857142857142858,0.0,0.0,0.0,0.0,0.0,8.0,1.0,0.375
https://citibank.com/questions/12345/how-to-parse-json,hard,0,1.0,1,citibank.com,citibank.com,com,,54.0,12.0,0.0,0.0,1.0,0.0,0.18518518518518517,0.09259259259259259,0.0,0.0,0.0,0.0,34.0,0.0,0.375
https://aws.amazon.com/profile,hard,0,0.95,1,aws.amazon.com,amazon.com,com,aws,30.0,14.0,0.0,1.0,1.0,0.0,0.2,0.0,0.0,0.0,0.0,0.0,8.0,1.0,0.5
https://signin.facebook.com.login-secure.top,hard,1,0.8495067455787699,1,signin.facebook.com.login-secure.top,login-secure.top,top,signin.facebook.com,44.0,36.0,0.0,3.0,1.0,1.0,0.18181818181818182,0.0,0.0,1.0,1.0,1.0,0.0,0.0,0.45454545454545453
https://login-irs586.reward.click/secure/login,hard,1,1.0,1,login-irs586.reward.click,reward.click,click,login-irs586,46.0,25.0,0.0,1.0,1.0,1.0,0.17391304347826086,0.06521739130434782,0.0,1.0,0.0,1.0,13.0,0.0,0.3333333333333333
https://micros0ft-support.com/session/renew?token=34a4de37ff8af728,hard,1,1.0,1,micros0ft-support.com,micros0ft-support.com,com,,66.0,21.0,0.0,0.0,1.0,0.0,0.13636363636363635,0.15151515151515152,0.0,0.0,1.0,1.0,36.0,0.0,0.26666666666666666
https://npr.org/download,hard,0,1.0,1,npr.org,npr.org,org,,24.0,7.0,0.0,0.0,1.0,0.0,0.20833333333333334,0.0,0.0,0.0,0.0,0.0,9.0,0.0,0.0
https://europa.eu/careers,hard,0,1.0,1,europa.eu,europa.eu,eu,,25.0,9.0,0.0,0.0,1.0,0.0,0.2,0.0,0.0,0.0,0.0,0.0,8.0,0.0,0.6666666666666666
http://dhl-account.club/wallet/unlock,hard,1,1.0,1,dhl-account.club,dhl-account.club,club,,37.0,16.0,0.0,0.0,0.0,1.0,0.1891891891891892,0.0,0.0,0.0,0.0,1.0,14.0,0.0,0.3
https://chase-password-reset-login.ml/login.php,hard,1,0.9714927208705714,1,chase-password-reset-login.ml,chase-password-reset-login.ml,ml,,47.0,29.0,0.0,0.0,1.0,1.0,0.19148936170212766,0.0,0.0,1.0,1.0,3.0,10.0,0.0,0.34782608695652173
https://www.nih.gov/search?q=python+tutorial,hard,0,1.0,1,www.nih.gov,nih.gov,gov,www,44.0,11.0,0.0,1.0,1.0,0.0,0.20454545454545456,0.0,0.0,0.0,0.0,0.0,24.0,0.0,0.3333333333333333
https://id-confirm.chase.com.confirm-identity.gq,hard,1,0.7747293330868911,1,id-confirm.chase.com.confirm-identity.gq,confirm-identity.gq,gq,id-confirm.chase.com,48.0,40.0,0.0,3.0,1.0,0.0,0.1875,0.0,0.0,1.0,1.0,2.0,0.0,0.0,0.3333333333333333
https://www.target.com/help,hard,0,1.0,1,www.target.com,target.com,com,www,27.0,14.0,0.0,1.0,1.0,0.0,0.2222222222222222,0.0,0.0,0.0,0.0,0.0,5.0,0.0,0.3333333333333333
https://www.harvard.edu/about,hard,0,1.0,1,www.harvard.edu,harvard.edu,edu,www,29.0,15.0,0.0,1.0,1.0,0.0,0.20689655172413793,0.0,0.0,0.0,0.0,0.0,6.0,0.0,0.2857142857142857
https://quora.com/news/technology,hard,0,1.0,1,quora.com,quora.com,com,,33.0,9.0,0.0,0.0,1.0,0.0,0.18181818181818182,0.0,0.0,0.0,0.0,0.0,16.0,0.0,0.6
https://usps-unlock-support.men/index.php?id=58682,hard,1,0.9991499031406775,1,usps-unlock-support.men,usps-unlock-support.men,men,,50.0,23.0,0.0,0.0,1.0,1.0,0.2,0.1,0.0,0.0,0.85,2.0,18.0,0.0,0.29411764705882354
https://rnicrosoft.com/verify,hard,1,1.0,1,rnicrosoft.com,rnicrosoft.com,com,,29.0,14.0,0.0,0.0,1.0,1.0,0.1724137931034483,0.0,0.0,0.0,0.0,0.0,7.0,0.0,0.3
https://netflix-login-verify.men/confirm-identity,hard,1,1.0,1,netflix-login-verify.men,netflix-login-verify.men,men,,49.0,24.0,0.0,0.0,1.0,1.0,0.16326530612244897,0.0,0.0,0.0,1.0,2.0,17.0,0.0,0.3333333333333333
https://www.oracle.com/account,hard,0,0.975,1,www.oracle.com,oracle.com,com,www,30.0,14.0,0.0,1.0,1.0,1.0,0.2,0.0,0.0,0.0,0.0,0.0,8.0,0.0,0.5
https://wellsfargo.com/item/98213,hard,0,1.0,1,wellsfargo.com,wellsfargo.com,com,,33.0,14.0,0.0,0.0,1.0,0.0,0.18181818181818182,0.15151515151515152,0.0,0.0,0.0,0.0,11.0,0.0,0.3
https://www.airbnb.com/science,hard,0,1.0,1,www.airbnb.com,airbnb.com,com,www,30.0,14.0,0.0,1.0,1.0,0.0,0.2,0.0,0.0,0.0,0.0,0.0,8.0,0.0,0.3333333333333333
https://gitlab.com/account,hard,0,1.0,1,gitlab.com,gitlab.com,com,,26.0,10.0,0.0,0.0,1.0,1.0,0.19230769230769232,0.0,0.0,0.0,0.0,0.0,8.0,0.0,0.3333333333333333
https://www.quora.com/article/2025/06/12/world-news,hard,0,1.0,1,www.quora.com,quora.com,com,www,51.0,13.0,0.0,1.0,1.0,0.0,0.21568627450980393,0.1568627450980392,0.0,0.0,0.0,0.0,30.0,0.0,0.6
https://wellsfarg0.com/verify,hard,1,1.0,1,wellsfarg0.com,wellsfarg0.com,com,,29.0,14.0,0.0,0.0,1.0,1.0,0.1724137931034483,0.034482758620689655,0.0,0.0,0.0,0.0,7.0,0.0,0.2222222222222222
https://www.mit.edu/repos/example/project,hard,0,1.0,1,www.mit.edu,mit.edu,edu,www,41.0,11.0,0.0,1.0,1.0,0.0,0.1951219512195122,0.0,0.0,0.0,0.0,0.0,22.0,0.0,0.3333333333333333
https://rnicrosoft.com/index.php?id=69807,hard,1,1.0,1,rnicrosoft.com,rnicrosoft.com,com,,41.0,14.0,0.0,0.0,1.0,0.0,0.1951219512195122,0.12195121951219512,0.0,0.0,0.0,0.0,18.0,0.0,0.3
https://account-verify.apple.com.confirm-identity.gq,hard,1,0.8305680915348497,1,account-verify.apple.com.confirm-identity.gq,confirm-identity.gq,gq,account-verify.apple.com,52.0,44.0,0.0,3.0,1.0,1.0,0.17307692307692307,0.0,0.0,1.0,1.0,2.0,0.0,0.0,0.3333333333333333
https://microsoft.com/blog,hard,0,0.975,1,microsoft.com,microsoft.com,com,,26.0,13.0,0.0,0.0,1.0,0.0,0.19230769230769232,0.0,0.0,0.0,0.0,0.0,5.0,1.0,0.3333333333333333
https://support.mozilla.org/repos/example/project,hard,0,1.0,1,support.mozilla.org,mozilla.org,org,support,49.0,19.0,0.0,1.0,1.0,0.0,0.16326530612244897,0.0,0.0,0.0,0.0,0.0,22.0,1.0,0.42857142857142855
https://apple.com/login,hard,0,1.0,1,apple.com,apple.com,com,,23.0,9.0,0.0,0.0,1.0,1.0,0.21739130434782608,0.0,0.0,0.0,0.0,0.0,6.0,1.0,0.4
https://nvidia.com/community,hard,0,1.0,1,nvidia.com,nvidia.com,com,,28.0,10.0,0.0,0.0,1.0,0.0,0.17857142857142858,0.0,0.0,0.0,0.0,0.0,10.0,0.0,0.5
https://netflix.com/help,hard,0,0.975,1,netflix.com,netflix.com,com,,24.0,11.0,0.0,0.0,1.0,0.0,0.20833333333333334,0.0,0.0,0.0,0.0,0.0,5.0,1.0,0.2857142857142857
http://irs-reward.work/index.php?id=87537,hard,1,1.0,1,irs-reward.work,irs-reward.work,work,,41.0,15.0,0.0,0.0,0.0,0.0,0.21951219512195122,0.12195121951219512,0.0,1.0,0.0,1.0,18.0,0.0,0.3333333333333333
https://www.apple.com/playlist?list=PL12345,hard,0,1.0,1,www.apple.com,apple.com,com,www,43.0,13.0,0.0,1.0,1.0,0.0,0.18604651162790697,0.11627906976744186,0.0,0.0,0.0,0.0,21.0,1.0,0.4
https://netflix-reactivate-invoice.ml/secure/login,hard,1,1.0,1,netflix-reactivate-invoice.ml,netflix-reactivate-invoice.ml,ml,,50.0,29.0,0.0,0.0,1.0,1.0,0.16,0.0,0.0,1.0,1.0,2.0,13.0,0.0,0.4583333333333333
https://docs.python.org/en-us/library,hard,0,1.0,1,docs.python.org,python.org,org,docs,37.0,15.0,0.0,1.0,1.0,0.0,0.21621621621621623,0.0,0.0,0.0,0.0,0.0,14.0,0.0,0.16666666666666666
https://aws.amazon.com/en-us/docs/Web/JavaScript,hard,0,1.0,1,aws.amazon.com,amazon.com,com,aws,48.0,14.0,0.0,1.0,1.0,0.0,0.20833333333333334,0.0,0.0,0.0,0.0,0.0,26.0,1.0,0.5
https://www.coursera.org/careers,hard,0,1.0,1,www.coursera.org,coursera.org,org,www,32.0,16.0,0.0,1.0,1.0,0.0,0.1875,0.0,0.0,0.0,0.0,0.0,8.0,0.0,0.5
https://account-verify.microsoft.com.security-update.co,hard,1,0.8258057326090302,1,account-verify.microsoft.com.security-update.co,security-update.co,co,account-verify.microsoft.com,55.0,47.0,0.0,3.0,1.0,1.0,0.16363636363636364,0.0,0.0,0.0,1.0,2.0,0.0,0.0,0.42857142857142855
https://www.bankofamerica.com/features/security,hard,0,1.0,1,www.bankofamerica.com,bankofamerica.com,com,www,47.0,21.0,0.0,1.0,1.0,0.0,0.14893617021276595,0.0,0.0,0.0,0.0,0.0,18.0,1.0,0.46153846153846156
https://azure.microsoft.com/docs/api,hard,0,0.975,1,azure.microsoft.com,microsoft.com,com,azure,36.0,19.0,0.0,1.0,1.0,0.0,0.19444444444444445,0.0,0.0,0.0,0.0,0.0,9.0,1.0,0.3333333333333333
https://www.wired.com/about,hard,0,1.0,1,www.wired.com,wired.com,com,www,27.0,13.0,0.0,1.0,1.0,0.0,0.2222222222222222,0.0,0.0,0.0,0.0,0.0,6.0,0.0,0.4
https://www.github.com/signin,hard,0,0.925,1,www.github.com,github.com,com,www,29.0,14.0,0.0,1.0,1.0,1.0,0.20689655172413793,0.0,0.0,0.0,0.0,0.0,7.0,1.0,0.3333333333333333
http://72.201.52.150:443/index.php,hard,1,1.0,1,72.201.52.150,72.201.52.150,150,72.201,34.0,13.0,1.0,0.0,0.0,0.0,0.2647058823529412,0.38235294117647056,0.0,0.0,0.0,0.0,10.0,0.0,0.0
https://linkedin.com/item/98213,hard,0,0.975,1,linkedin.com,linkedin.com,com,,31.0,12.0,0.0,0.0,1.0,0.0,0.1935483870967742,0.16129032258064516,0.0,0.0,0.0,0.0,11.0,1.0,0.375
https://www.edx.org/item/98213,hard,0,0.9848354688410017,1,www.edx.org,edx.org,org,www,30.0,11.0,0.0,1.0,1.0,0.0,0.23333333333333334,0.16666666666666666,0.0,0.0,0.0,0.0,11.0,0.0,0.3333333333333333
https://open.spotify.com/pull/2031,hard,0,0.975,1,open.spotify.com,spotify.com,com,open,34.0,16.0,0.0,1.0,1.0,0.0,0.20588235294117646,0.11764705882352941,0.0,0.0,0.0,0.0,10.0,1.0,0.2857142857142857
https://edx.org/article/2025/06/12/world-news,hard,0,1.0,1,edx.org,edx.org,org,,45.0,7.0,0.0,0.0,1.0,0.0,0.2222222222222222,0.17777777777777778,0.0,0.0,0.0,0.0,30.0,0.0,0.3333333333333333
https://grubhub.com/careers,hard,0,1.0,1,grubhub.com,grubhub.com,com,,27.0,11.0,0.0,0.0,1.0,0.0,0.18518518518518517,0.0,0.0,0.0,0.0,0.0,8.0,0.0,0.2857142857142857
https://intel.com/technology,hard,0,1.0,1,intel.com,intel.com,com,,28.0,9.0,0.0,0.0,1.0,0.0,0.17857142857142858,0.0,0.0,0.0,0.0,0.0,11.0,0.0,0.4
https://gitlab.com/forum,hard,0,1.0,1,gitlab.com,gitlab.com,com,,24.0,10.0,0.0,0.0,1.0,0.0,0.20833333333333334,0.0,0.0,0.0,0.0,0.0,6.0,0.0,0.3333333333333333
https://www.cnn.com/terms,hard,0,0.925020988472253,1,www.cnn.com,cnn.com,com,www,25.0,11.0,0.0,1.0,1.0,0.0,0.24,0.0,0.0,0.0,0.0,0.0,6.0,1.0,0.0
https://epicgames.com/playlist?list=PL12345,hard,0,1.0,1,epicgames.com,epicgames.com,com,,43.0,13.0,0.0,0.0,1.0,0.0,0.16279069767441862,0.11627906976744186,0.0,0.0,0.0,0.0,21.0,0.0,0.4444444444444444
https://www.khanacademy.org/support,hard,0,0.975,1,www.khanacademy.org,khanacademy.org,org,www,35.0,19.0,0.0,1.0,1.0,0.0,0.17142857142857143,0.0,0.0,0.0,0.0,0.0,8.0,0.0,0.36363636363636365
https://pinterest.com/science,hard,0,1.0,1,pinterest.com,pinterest.com,com,,29.0,13.0,0.0,0.0,1.0,0.0,0.1724137931034483,0.0,0.0,0.0,0.0,0.0,8.0,0.0,0.3333333333333333
https://coursera.org/careers,hard,0,1.0,1,coursera.org,coursera.org,org,,28.0,12.0,0.0,0.0,1.0,0.0,0.17857142857142858,0.0,0.0,0.0,0.0,0.0,8.0,0.0,0.5
http://microsoft-confirm.xyz/account/update,hard,1,1.0,1,microsoft-confirm.xyz,microsoft-confirm.xyz,xyz,,43.0,21.0,0.0,0.0,0.0,1.0,0.16279069767441862,0.0,0.0,1.0,1.0,1.0,15.0,0.0,0.3125
https://who.int/products,hard,0,1.0,1,who.int,who.int,int,,24.0,7.0,0.0,0.0,1.0,0.0,0.20833333333333334,0.0,0.0,0.0,0.0,0.0,9.0,0.0,0.3333333333333333
https://npr.org/news,hard,0,1.0,1,npr.org,npr.org,org,,20.0,7.0,0.0,0.0,1.0,0.0,0.25,0.0,0.0,0.0,0.0,0.0,5.0,0.0,0.0
https://developer.apple.com/support,hard,0,0.95,1,developer.apple.com,apple.com,com,developer,35.0,19.0,0.0,1.0,1.0,0.0,0.17142857142857143,0.0,0.0,0.0,0.0,0.0,8.0,1.0,0.4
https://gitlab.com/blog/2025/new-features,hard,0,1.0,1,gitlab.com,gitlab.com,com,,41.0,10.0,0.0,0.0,1.0,0.0,0.1951219512195122,0.0975609756097561,0.0,0.0,0.0,0.0,23.0,0.0,0.3333333333333333
https://0utlook-login.com/auth/validate?user=470237,hard,1,1.0,1,0utlook-login.com,0utlook-login.com,com,,51.0,17.0,0.0,0.0,1.0,1.0,0.17647058823529413,0.13725490196078433,0.0,0.0,1.0,1.0,25.0,0.0,0.45454545454545453
https://www.mit.edu/products/electronics,hard,0,1.0,1,www.mit.edu,mit.edu,edu,www,40.0,11.0,0.0,1.0,1.0,0.0,0.175,0.0,0.0,0.0,0.0,0.0,21.0,0.0,0.3333333333333333
https://www.ebay.com/api/v1/users,hard,0,0.975,1,www.ebay.com,ebay.com,com,www,33.0,12.0,0.0,1.0,1.0,0.0,0.24242424242424243,0.030303030303030304,0.0,0.0,0.0,0.0,13.0,1.0,0.5
https://www.bankofamerica.com/world,hard,0,0.9501253881060425,1,www.bankofamerica.com,bankofamerica.com,com,www,35.0,21.0,0.0,1.0,1.0,0.0,0.17142857142857143,0.0,0.0,0.0,0.0,0.0,6.0,1.0,0.46153846153846156
https://www.amazon.com/news/technology,hard,0,1.0,1,www.amazon.com,amazon.com,com,www,38.0,14.0,0.0,1.0,1.0,0.0,0.18421052631578946,0.0,0.0,0.0,0.0,0.0,16.0,1.0,0.5
https://who.int/checkout,hard,0,1.0,1,who.int,who.int,int,,24.0,7.0,0.0,0.0,1.0,0.0,0.20833333333333334,0.0,0.0,0.0,0.0,0.0,9.0,0.0,0.3333333333333333
https://www.harvard.edu/contact,hard,0,1.0,1,www.harvard.edu,harvard.edu,edu,www,31.0,15.0,0.0,1.0,1.0,0.0,0.1935483870967742,0.0,0.0,0.0,0.0,0.0,8.0,0.0,0.2857142857142857
https://www.reddit.com/download,hard,0,0.95,1,www.reddit.com,reddit.com,com,www,31.0,14.0,0.0,1.0,1.0,0.0,0.1935483870967742,0.0,0.0,0.0,0.0,0.0,9.0,1.0,0.3333333333333333
https://paypal-team-account-now-center-info-update-service-official.xyz/login/index.php?id=15422,hard,1,1.0,1,paypal-team-account-now-center-info-update-service-official.xyz,paypal-team-account-now-center-info-update-service-official.xyz,xyz,,96.0,63.0,0.0,0.0,1.0,1.0,0.17708333333333334,0.052083333333333336,0.0,1.0,1.0,8.0,24.0,0.0,0.43137254901960786
http://chase-password-reset.work/session/renew?token=505f6e8d16be4749,hard,1,1.0,1,chase-password-reset.work,chase-password-reset.work,work,,69.0,25.0,0.0,0.0,0.0,1.0,0.14492753623188406,0.15942028985507245,0.0,1.0,1.0,2.0,36.0,0.0,0.3333333333333333
https://npr.org/watch?v=dQw4w9WgXcQ,hard,0,1.0,1,npr.org,npr.org,org,,35.0,7.0,0.0,0.0,1.0,0.0,0.2,0.05714285714285714,0.0,0.0,0.0,0.0,19.0,0.0,0.0
https://uber.com/terms,hard,0,1.0,1,uber.com,uber.com,com,,22.0,8.0,0.0,0.0,1.0,0.0,0.22727272727272727,0.0,0.0,0.0,0.0,0.0,6.0,0.0,0.5
https://faceb00k-login.net/auth/validate?user=983693,hard,1,1.0,1,faceb00k-login.net,faceb00k-login.net,net,,52.0,18.0,0.0,0.0,1.0,1.0,0.17307692307692307,0.15384615384615385,0.0,0.0,1.0,1.0,25.0,0.0,0.36363636363636365
https://twitch.tv/news/technology,hard,0,1.0,1,twitch.tv,twitch.tv,tv,,33.0,9.0,0.0,0.0,1.0,0.0,0.18181818181818182,0.0,0.0,0.0,0.0,0.0,16.0,0.0,0.16666666666666666
https://blogger.com/article/2025/06/12/world-news,hard,0,1.0,1,blogger.com,blogger.com,com,,49.0,11.0,0.0,0.0,1.0,0.0,0.20408163265306123,0.16326530612244897,0.0,0.0,0.0,0.0,30.0,0.0,0.2857142857142857
https://www.wsj.com/en-us/library,hard,0,1.0,1,www.wsj.com,wsj.com,com,www,33.0,11.0,0.0,1.0,1.0,0.0,0.24242424242424243,0.0,0.0,0.0,0.0,0.0,14.0,0.0,0.0
https://www.microsoft.com/contact,hard,0,0.95,1,www.microsoft.com,microsoft.com,com,www,33.0,17.0,0.0,1.0,1.0,0.0,0.18181818181818182,0.0,0.0,0.0,0.0,0.0,8.0,1.0,0.3333333333333333
http://stanford.edu/checkout,hard,0,1.0,1,stanford.edu,stanford.edu,edu,,28.0,12.0,0.0,0.0,0.0,0.0,0.17857142857142858,0.0,0.0,0.0,0.0,0.0,9.0,0.0,0.25
https://linkedin-verify-login.top/account/update,hard,1,1.0,1,linkedin-verify-login.top,linkedin-verify-login.top,top,,48.0,25.0,0.0,0.0,1.0,1.0,0.16666666666666666,0.0,0.0,1.0,1.0,2.0,15.0,0.0,0.3684210526315789
http://67.59.160.12:443/secure-update,hard,1,1.0,1,67.59.160.12,67.59.160.12,12,67.59,37.0,12.0,1.0,0.0,0.0,1.0,0.24324324324324326,0.32432432432432434,0.0,0.0,0.0,0.0,14.0,0.0,0.0
http://facebook-account.tk/wallet/unlock,hard,1,1.0,1,facebook-account.tk,facebook-account.tk,tk,,40.0,19.0,0.0,0.0,0.0,1.0,0.175,0.0,0.0,1.0,1.0,1.0,14.0,0.0,0.4666666666666667
https://google.com/wiki,hard,0,0.975,1,google.com,google.com,com,,23.0,10.0,0.0,0.0,1.0,0.0,0.21739130434782608,0.0,0.0,0.0,0.0,0.0,5.0,1.0,0.5
http://google-authenticate.work/index.php?id=38389,hard,1,1.0,1,google-authenticate.work,google-authenticate.work,work,,50.0,24.0,0.0,0.0,0.0,0.0,0.18,0.1,0.0,1.0,1.0,1.0,18.0,0.0,0.5
https://npmjs.com/pull/2031,hard,0,1.0,1,npmjs.com,npmjs.com,com,,27.0,9.0,0.0,0.0,1.0,0.0,0.2222222222222222,0.14814814814814814,0.0,0.0,0.0,0.0,10.0,0.0,0.0
https://instagram.com/watch?v=dQw4w9WgXcQ,hard,0,1.0,1,instagram.com,instagram.com,com,,41.0,13.0,0.0,0.0,1.0,0.0,0.17073170731707318,0.04878048780487805,0.0,0.0,0.0,0.0,19.0,1.0,0.3333333333333333
https://www.wsj.com/wiki,hard,0,0.9750209884722529,1,www.wsj.com,wsj.com,com,www,24.0,11.0,0.0,1.0,1.0,0.0,0.25,0.0,0.0,0.0,0.0,0.0,5.0,0.0,0.0
https://netflix-alert-wallet.cf/auth/validate?user=524034,hard,1,1.0,1,netflix-alert-wallet.cf,netflix-alert-wallet.cf,cf,,57.0,23.0,0.0,0.0,1.0,1.0,0.17543859649122806,0.10526315789473684,0.0,1.0,1.0,2.0,25.0,0.0,0.3333333333333333
https://wellsfargo.com/docs,hard,0,1.0,1,wellsfargo.com,wellsfargo.com,com,,27.0,14.0,0.0,0.0,1.0,0.0,0.18518518518518517,0.0,0.0,0.0,0.0,0.0,5.0,0.0,0.3
https://usps-password-reset-secure.gq/auth/validate?user=671297,hard,1,1.0,1,usps-password-reset-secure.gq,usps-password-reset-secure.gq,gq,,63.0,29.0,0.0,0.0,1.0,1.0,0.1746031746031746,0.09523809523809523,0.0,1.0,0.85,3.0,25.0,0.0,0.34782608695652173
https://github.com/health,hard,0,0.975,1,github.com,github.com,com,,25.0,10.0,0.0,0.0,1.0,0.0,0.2,0.0,0.0,0.0,0.0,0.0,7.0,1.0,0.3333333333333333
https://service-account-verify-official-user-identity-update-team.net/verify/session.php?token=fe80d77ad740,hard,1,1.0,1,service-account-verify-official-user-identity-update-team.net,service-account-verify-official-user-identity-update-team.net,net,,107.0,61.0,0.0,0.0,1.0,1.0,0.14953271028037382,0.06542056074766354,0.0,0.0,0.0,7.0,37.0,0.0,0.44
https://chase.com/world,hard,0,1.0,1,chase.com,chase.com,com,,23.0,9.0,0.0,0.0,1.0,0.0,0.21739130434782608,0.0,0.0,0.0,0.0,0.0,6.0,1.0,0.4
https://spotify.com/wiki/Main_Page,hard,0,0.975,1,spotify.com,spotify.com,com,,34.0,11.0,0.0,0.0,1.0,0.0,0.20588235294117646,0.0,0.0,0.0,0.0,0.0,15.0,1.0,0.2857142857142857
https://verify-billing-service-account-now.win/secure/index.html,hard,1,1.0,1,verify-billing-service-account-now.win,verify-billing-service-account-now.win,win,,64.0,38.0,0.0,0.0,1.0,1.0,0.171875,0.0,0.0,0.0,0.0,4.0,18.0,0.0,0.36666666666666664
https://chase.com/blog/2025/new-features,hard,0,1.0,1,chase.com,chase.com,com,,40.0,9.0,0.0,0.0,1.0,0.0,0.2,0.1,0.0,0.0,0.0,0.0,23.0,1.0,0.4
http://americanexpress-wallet.xyz/confirm-identity,hard,1,1.0,1,americanexpress-wallet.xyz,americanexpress-wallet.xyz,xyz,,50.0,26.0,0.0,0.0,0.0,1.0,0.14,0.0,0.0,1.0,0.0,1.0,17.0,0.0,0.38095238095238093
https://12.121.18.49:8080/secure-update,hard,1,1.0,1,12.121.18.49,12.121.18.49,49,12.121,39.0,12.0,1.0,0.0,1.0,1.0,0.23076923076923078,0.3333333333333333,0.0,0.0,0.0,0.0,14.0,0.0,0.0
https://developer.apple.com/en-us/docs/Web/JavaScript,hard,0,1.0,1,developer.apple.com,apple.com,com,developer,53.0,19.0,0.0,1.0,1.0,0.0,0.18867924528301888,0.0,0.0,0.0,0.0,0.0,26.0,1.0,0.4
http://192.168.254.39/bank/secure,hard,1,1.0,1,192.168.254.39,192.168.254.39,39,192.168,33.0,14.0,1.0,0.0,0.0,1.0,0.24242424242424243,0.3333333333333333,0.0,0.0,0.0,0.0,12.0,0.0,0.0
http://linkedin-suspended.xyz/support/ticket,hard,1,1.0,1,linkedin-suspended.xyz,linkedin-suspended.xyz,xyz,,44.0,22.0,0.0,0.0,0.0,0.0,0.1590909090909091,0.0,0.0,1.0,1.0,1.0,15.0,0.0,0.35294117647058826
https://docs.python.org/order/confirmation/778213,hard,0,1.0,1,docs.python.org,python.org,org,docs,49.0,15.0,0.0,1.0,1.0,0.0,0.16326530612244897,0.12244897959183673,0.0,0.0,0.0,0.0,26.0,0.0,0.16666666666666666
https://www.expedia.com/features,hard,0,1.0,1,www.expedia.com,expedia.com,com,www,32.0,15.0,0.0,1.0,1.0,0.0,0.1875,0.0,0.0,0.0,0.0,0.0,9.0,0.0,0.5714285714285714
http://microsoft-wallet.loan/verify,hard,1,0.9991265391225944,1,microsoft-wallet.loan,microsoft-wallet.loan,loan,,35.0,21.0,0.0,0.0,0.0,1.0,0.17142857142857143,0.0,0.0,1.0,1.0,1.0,7.0,0.0,0.3333333333333333
https://oracle.com/features,hard,0,1.0,1,oracle.com,oracle.com,com,,27.0,10.0,0.0,0.0,1.0,0.0,0.18518518518518517,0.0,0.0,0.0,0.0,0.0,9.0,0.0,0.5
https://wikipedia.org/products/electronics,hard,0,1.0,1,wikipedia.org,wikipedia.org,org,,42.0,13.0,0.0,0.0,1.0,0.0,0.14285714285714285,0.0,0.0,0.0,0.0,0.0,21.0,1.0,0.5555555555555556
https://secure-hmrc656.billing.tk/update-billing,hard,1,1.0,1,secure-hmrc656.billing.tk,billing.tk,tk,secure-hmrc656,48.0,25.0,0.0,1.0,1.0,1.0,0.16666666666666666,0.0625,0.0,1.0,0.0,1.0,15.0,0.0,0.2857142857142857
https://secure-hsbc719.account.tk/verify,hard,1,1.0,1,secure-hsbc719.account.tk,account.tk,tk,secure-hsbc719,40.0,25.0,0.0,1.0,1.0,1.0,0.175,0.075,0.0,1.0,0.0,1.0,7.0,0.0,0.42857142857142855
http://hsbc-crypto.click/signin,hard,1,1.0,1,hsbc-crypto.click,hsbc-crypto.click,click,,31.0,17.0,0.0,0.0,0.0,1.0,0.1935483870967742,0.0,0.0,1.0,0.0,1.0,7.0,0.0,0.1
http://23.154.178.108:8080/login,hard,1,1.0,1,23.154.178.108,23.154.178.108,108,23.154,32.0,14.0,1.0,0.0,0.0,1.0,0.25,0.46875,0.0,0.0,0.0,0.0,6.0,0.0,0.0
https://177.122.87.81:8080/bank/secure,hard,1,1.0,1,177.122.87.81,177.122.87.81,81,177.122,38.0,13.0,1.0,0.0,1.0,1.0,0.23684210526315788,0.3684210526315789,0.0,0.0,0.0,0.0,12.0,0.0,0.0
https://nvidia.com/docs/api,hard,0,1.0,1,nvidia.com,nvidia.com,com,,27.0,10.0,0.0,0.0,1.0,0.0,0.2222222222222222,0.0,0.0,0.0,0.0,0.0,9.0,0.0,0.5
http://146.155.222.184/admin/login.php,hard,1,1.0,1,146.155.222.184,146.155.222.184,184,146.155,38.0,15.0,1.0,0.0,0.0,1.0,0.23684210526315788,0.3157894736842105,0.0,0.0,0.0,0.0,16.0,0.0,0.0
https://github.com/science,hard,0,0.975,1,github.com,github.com,com,,26.0,10.0,0.0,0.0,1.0,0.0,0.19230769230769232,0.0,0.0,0.0,0.0,0.0,8.0,1.0,0.3333333333333333
https://apple-invoice-update.gq/account/update,hard,1,1.0,1,apple-invoice-update.gq,apple-invoice-update.gq,gq,,46.0,23.0,0.0,0.0,1.0,1.0,0.17391304347826086,0.0,0.0,1.0,1.0,2.0,15.0,0.0,0.5
https://atlassian.com/business,hard,0,1.0,1,atlassian.com,atlassian.com,com,,30.0,13.0,0.0,0.0,1.0,0.0,0.16666666666666666,0.0,0.0,0.0,0.0,0.0,9.0,0.0,0.4444444444444444
https://developer.apple.com/repos/example/project,hard,0,1.0,1,developer.apple.com,apple.com,com,developer,49.0,19.0,0.0,1.0,1.0,0.0,0.16326530612244897,0.0,0.0,0.0,0.0,0.0,22.0,1.0,0.4
https://americanexpress-confirm-bank.co/session/renew?token=1f7077e67fac6c50,hard,1,0.9984956619222609,1,americanexpress-confirm-bank.co,americanexpress-confirm-bank.co,co,,76.0,31.0,0.0,0.0,1.0,1.0,0.13157894736842105,0.13157894736842105,0.0,0.0,0.0,2.0,36.0,0.0,0.34615384615384615
https://console.cloud.google.com/docs,hard,0,0.975,1,console.cloud.google.com,google.com,com,console.cloud,37.0,24.0,0.0,2.0,1.0,0.0,0.1891891891891892,0.0,0.0,0.0,0.0,0.0,5.0,1.0,0.5
https://walmart.com/products,hard,0,0.975,1,walmart.com,walmart.com,com,,28.0,11.0,0.0,0.0,1.0,0.0,0.17857142857142858,0.0,0.0,0.0,0.0,0.0,9.0,1.0,0.2857142857142857
https://shopify.com/wiki,hard,0,1.0,1,shopify.com,shopify.com,com,,24.0,11.0,0.0,0.0,1.0,0.0,0.20833333333333334,0.0,0.0,0.0,0.0,0.0,5.0,0.0,0.2857142857142857
https://www.intel.com/news,hard,0,1.0,1,www.intel.com,intel.com,com,www,26.0,13.0,0.0,1.0,1.0,0.0,0.23076923076923078,0.0,0.0,0.0,0.0,0.0,5.0,0.0,0.4
https://www.nih.gov/docs/getting-started,hard,0,1.0,1,www.nih.gov,nih.gov,gov,www,40.0,11.0,0.0,1.0,1.0,0.0,0.2,0.0,0.0,0.0,0.0,0.0,21.0,0.0,0.3333333333333333
https://en.wikipedia.org/api/v1/users,hard,0,0.975,1,en.wikipedia.org,wikipedia.org,org,en,37.0,16.0,0.0,1.0,1.0,0.0,0.21621621621621623,0.02702702702702703,0.0,0.0,0.0,0.0,13.0,1.0,0.5555555555555556
https://portal-paypal-secure-info-identity-now.club/login/index.php?id=6962,hard,1,1.0,1,portal-paypal-secure-info-identity-now.club,portal-paypal-secure-info-identity-now.club,club,,75.0,43.0,0.0,0.0,1.0,1.0,0.18666666666666668,0.05333333333333334,0.0,0.0,1.0,5.0,23.0,0.0,0.3939393939393939
https://nytimes.com/docs,hard,0,1.0,1,nytimes.com,nytimes.com,com,,24.0,11.0,0.0,0.0,1.0,0.0,0.20833333333333334,0.0,0.0,0.0,0.0,0.0,5.0,0.0,0.2857142857142857
http://dhl-secure.work/login,hard,1,1.0,1,dhl-secure.work,dhl-secure.work,work,,28.0,15.0,0.0,0.0,0.0,1.0,0.21428571428571427,0.0,0.0,1.0,0.0,1.0,6.0,0.0,0.3333333333333333
https://www.ebay.com/about,hard,0,0.925,1,www.ebay.com,ebay.com,com,www,26.0,12.0,0.0,1.0,1.0,0.0,0.23076923076923078,0.0,0.0,0.0,0.0,0.0,6.0,1.0,0.5
https://www.usa.gov/products,hard,0,1.0,1,www.usa.gov,usa.gov,gov,www,28.0,11.0,0.0,1.0,1.0,0.0,0.21428571428571427,0.0,0.0,0.0,0.0,0.0,9.0,0.0,0.6666666666666666
https://www.microsoft.com/pricing,hard,0,0.95,1,www.microsoft.com,microsoft.com,com,www,33.0,17.0,0.0,1.0,1.0,0.0,0.18181818181818182,0.0,0.0,0.0,0.0,0.0,8.0,1.0,0.3333333333333333
https://www.github.com/article/2025/06/12/world-news,hard,0,1.0,1,www.github.com,github.com,com,www,52.0,14.0,0.0,1.0,1.0,0.0,0.21153846153846154,0.15384615384615385,0.0,0.0,0.0,0.0,30.0,1.0,0.3333333333333333
https://pypi.org/download,hard,0,1.0,1,pypi.org,pypi.org,org,,25.0,8.0,0.0,0.0,1.0,0.0,0.2,0.0,0.0,0.0,0.0,0.0,9.0,0.0,0.25
http://amazon-update.click/verify,hard,1,1.0,1,amazon-update.click,amazon-update.click,click,,33.0,19.0,0.0,0.0,0.0,1.0,0.18181818181818182,0.0,0.0,1.0,1.0,1.0,7.0,0.0,0.5
https://citibank-billing-update.com/wallet/unlock,hard,1,1.0,1,citibank-billing-update.com,citibank-billing-update.com,com,,49.0,27.0,0.0,0.0,1.0,1.0,0.16326530612244897,0.0,0.0,0.0,0.0,2.0,14.0,0.0,0.38095238095238093
https://etsy.com/forum,hard,0,1.0,1,etsy.com,etsy.com,com,,22.0,8.0,0.0,0.0,1.0,0.0,0.22727272727272727,0.0,0.0,0.0,0.0,0.0,6.0,0.0,0.25
https://reuters.com/profile,hard,0,1.0,1,reuters.com,reuters.com,com,,27.0,11.0,0.0,0.0,1.0,0.0,0.18518518518518517,0.0,0.0,0.0,0.0,0.0,8.0,0.0,0.42857142857142855
http://dropbox-alert.xyz/update-billing,hard,1,1.0,1,dropbox-alert.xyz,dropbox-alert.xyz,xyz,,39.0,17.0,0.0,0.0,0.0,1.0,0.1794871794871795,0.0,0.0,1.0,1.0,1.0,15.0,0.0,0.3333333333333333
https://www.nasa.gov/products,hard,0,1.0,1,www.nasa.gov,nasa.gov,gov,www,29.0,12.0,0.0,1.0,1.0,0.0,0.20689655172413793,0.0,0.0,0.0,0.0,0.0,9.0,0.0,0.5
https://login-dropbox713.crypto.win/index.php?id=97482,hard,1,1.0,1,login-dropbox713.crypto.win,crypto.win,win,login-dropbox713,54.0,27.0,0.0,1.0,1.0,1.0,0.18518518518518517,0.14814814814814814,0.0,0.0,0.0,1.0,18.0,0.0,0.16666666666666666
https://now-identity-paypal-confirm-service-info-official-center-secure.com/secure/index.html,hard,1,1.0,1,now-identity-paypal-confirm-service-info-official-center-secure.com,now-identity-paypal-confirm-service-info-official-center-secure.com,com,,93.0,67.0,0.0,0.0,1.0,1.0,0.16129032258064516,0.0,0.0,0.0,1.0,8.0,18.0,0.0,0.4
https://nih.gov/repos/example/project,hard,0,1.0,1,nih.gov,nih.gov,gov,,37.0,7.0,0.0,0.0,1.0,0.0,0.1891891891891892,0.0,0.0,0.0,0.0,0.0,22.0,0.0,0.3333333333333333
http://uber.com/wiki,hard,0,1.0,1,uber.com,uber.com,com,,20.0,8.0,0.0,0.0,0.0,0.0,0.25,0.0,0.0,0.0,0.0,0.0,5.0,0.0,0.5
https://paypal-billing-service-team-verify.work/login/index.php?id=97081,hard,1,1.0,1,paypal-billing-service-team-verify.work,paypal-billing-service-team-verify.work,work,,72.0,39.0,0.0,0.0,1.0,1.0,0.18055555555555555,0.06944444444444445,0.0,1.0,1.0,4.0,24.0,0.0,0.36666666666666664
https://www.nytimes.com/repos/example/project,hard,0,1.0,1,www.nytimes.com,nytimes.com,com,www,45.0,15.0,0.0,1.0,1.0,0.0,0.17777777777777778,0.0,0.0,0.0,0.0,0.0,22.0,0.0,0.2857142857142857
http://bankofamerica-wallet.work/signin,hard,1,1.0,1,bankofamerica-wallet.work,bankofamerica-wallet.work,work,,39.0,25.0,0.0,0.0,0.0,1.0,0.15384615384615385,0.0,0.0,1.0,1.0,1.0,7.0,0.0,0.42105263157894735
https://www.booking.com/news,hard,0,1.0,1,www.booking.com,booking.com,com,www,28.0,15.0,0.0,1.0,1.0,0.0,0.21428571428571427,0.0,0.0,0.0,0.0,0.0,5.0,0.0,0.42857142857142855
https://www-facebook288.reward.ml/alert/action-required,hard,1,1.0,1,www-facebook288.reward.ml,reward.ml,ml,www-facebook288,55.0,25.0,0.0,1.0,1.0,0.0,0.16363636363636364,0.05454545454545454,0.0,1.0,0.7272727272727273,1.0,22.0,0.0,0.3333333333333333
https://center-secure-account-now-update-info-official-paypal-team.gq/verify/session.php?token=903744794642,hard,1,1.0,1,center-secure-account-now-update-info-official-paypal-team.gq,center-secure-account-now-update-info-official-paypal-team.gq,gq,,107.0,61.0,0.0,0.0,1.0,1.0,0.1588785046728972,0.11214953271028037,0.0,1.0,1.0,8.0,37.0,0.0,0.44
https://www.doordash.com/en-us/docs/Web/JavaScript,hard,0,1.0,1,www.doordash.com,doordash.com,com,www,50.0,16.0,0.0,1.0,1.0,0.0,0.2,0.0,0.0,0.0,0.0,0.0,26.0,0.0,0.375
https://techcrunch.com,hard,0,1.0,1,techcrunch.com,techcrunch.com,com,,22.0,14.0,0.0,0.0,1.0,0.0,0.18181818181818182,0.0,0.0,0.0,0.0,0.0,0.0,0.0,0.2
https://atlassian.com/releases/tag/v2.3.1,hard,0,1.0,1,atlassian.com,atlassian.com,com,,41.0,13.0,0.0,0.0,1.0,0.0,0.21951219512195122,0.07317073170731707,0.0,0.0,0.0,0.0,20.0,0.0,0.4444444444444444
https://www.bankofamerica.com/order/confirmation/778213,hard,0,1.0,1,www.bankofamerica.com,bankofamerica.com,com,www,55.0,21.0,0.0,1.0,1.0,0.0,0.14545454545454545,0.10909090909090909,0.0,0.0,0.0,0.0,26.0,1.0,0.46153846153846156
https://citibank.com/api/v2/products?page=2,hard,0,1.0,1,citibank.com,citibank.com,com,,43.0,12.0,0.0,0.0,1.0,0.0,0.20930232558139536,0.046511627906976744,0.0,0.0,0.0,0.0,22.0,0.0,0.375
https://micros0ft-support.com/verify,hard,1,1.0,1,micros0ft-support.com,micros0ft-support.com,com,,36.0,21.0,0.0,0.0,1.0,1.0,0.16666666666666666,0.027777777777777776,0.0,0.0,1.0,1.0,7.0,0.0,0.26666666666666666
https://bestbuy.com/,hard,0,1.0,1,bestbuy.com,bestbuy.com,com,,20.0,11.0,0.0,0.0,1.0,0.0,0.25,0.0,0.0,0.0,0.0,0.0,1.0,0.0,0.2857142857142857
https://www.usa.gov/science,hard,0,1.0,1,www.usa.gov,usa.gov,gov,www,27.0,11.0,0.0,1.0,1.0,0.0,0.2222222222222222,0.0,0.0,0.0,0.0,0.0,8.0,0.0,0.6666666666666666
https://www.lyft.com/downloads/latest,hard,0,1.0,1,www.lyft.com,lyft.com,com,www,37.0,12.0,0.0,1.0,1.0,0.0,0.1891891891891892,0.0,0.0,0.0,0.0,0.0,17.0,0.0,0.0
https://www.bloomberg.com/careers,hard,0,1.0,1,www.bloomberg.com,bloomberg.com,com,www,33.0,17.0,0.0,1.0,1.0,0.0,0.18181818181818182,0.0,0.0,0.0,0.0,0.0,8.0,0.0,0.3333333333333333
https://192.168.76.222:8080/wp-login.php,hard,1,1.0,1,192.168.76.222,192.168.76.222,222,192.168,40.0,14.0,1.0,0.0,1.0,1.0,0.25,0.375,0.0,0.0,0.0,0.0,13.0,0.0,0.0
https://hsbc-wallet-wallet.ml/index.php?id=63809,hard,1,1.0,1,hsbc-wallet-wallet.ml,hsbc-wallet-wallet.ml,ml,,48.0,21.0,0.0,0.0,1.0,1.0,0.20833333333333334,0.10416666666666667,0.0,1.0,0.0,2.0,18.0,0.0,0.25
https://docs.python.org/business,hard,0,1.0,1,docs.python.org,python.org,org,docs,32.0,15.0,0.0,1.0,1.0,0.0,0.1875,0.0,0.0,0.0,0.0,0.0,9.0,0.0,0.16666666666666666
https://americanexpress.com/article/2025/06/12/world-news,hard,0,1.0,1,americanexpress.com,americanexpress.com,com,,57.0,19.0,0.0,0.0,1.0,0.0,0.17543859649122806,0.14035087719298245,0.0,0.0,0.0,0.0,30.0,0.0,0.4
https://192.168.224.223:8443/login,hard,1,1.0,1,192.168.224.223,192.168.224.223,223,192.168,34.0,15.0,1.0,0.0,1.0,1.0,0.23529411764705882,0.47058823529411764,0.0,0.0,0.0,0.0,6.0,0.0,0.0
https://www.netflix.com/en-us/docs/Web/JavaScript,hard,0,1.0,1,www.netflix.com,netflix.com,com,www,49.0,15.0,0.0,1.0,1.0,0.0,0.20408163265306123,0.0,0.0,0.0,0.0,0.0,26.0,1.0,0.2857142857142857
https://20.9.247.194/wp-login.php,hard,1,1.0,1,20.9.247.194,20.9.247.194,194,20.9,33.0,12.0,1.0,0.0,1.0,1.0,0.2727272727272727,0.2727272727272727,0.0,0.0,0.0,0.0,13.0,0.0,0.0
https://secure-login.microsoft.com.confirm-identity.gq,hard,1,0.8677958378096662,1,secure-login.microsoft.com.confirm-identity.gq,confirm-identity.gq,gq,secure-login.microsoft.com,54.0,46.0,0.0,3.0,1.0,1.0,0.16666666666666666,0.0,0.0,1.0,1.0,2.0,0.0,0.0,0.3333333333333333
https://chase-reward-account.men/secure/login,hard,1,1.0,1,chase-reward-account.men,chase-reward-account.men,men,,45.0,24.0,0.0,0.0,1.0,1.0,0.17777777777777778,0.0,0.0,0.0,1.0,2.0,13.0,0.0,0.3888888888888889
https://trello.com/settings,hard,0,1.0,1,trello.com,trello.com,com,,27.0,10.0,0.0,0.0,1.0,0.0,0.18518518518518517,0.0,0.0,0.0,0.0,0.0,9.0,0.0,0.3333333333333333
https://europa.eu/products/electronics,hard,0,1.0,1,europa.eu,europa.eu,eu,,38.0,9.0,0.0,0.0,1.0,0.0,0.15789473684210525,0.0,0.0,0.0,0.0,0.0,21.0,0.0,0.6666666666666666
https://www-citibank831.password-reset.xyz/confirm-identity,hard,1,1.0,1,www-citibank831.password-reset.xyz,password-reset.xyz,xyz,www-citibank831,59.0,34.0,0.0,1.0,1.0,1.0,0.15254237288135594,0.05084745762711865,0.0,1.0,0.0,2.0,17.0,0.0,0.3076923076923077
https://id-confirm.instagram.com.login-secure.top,hard,1,0.8008617782617824,1,id-confirm.instagram.com.login-secure.top,login-secure.top,top,id-confirm.instagram.com,49.0,41.0,0.0,3.0,1.0,1.0,0.1836734693877551,0.0,0.0,1.0,1.0,2.0,0.0,0.0,0.45454545454545453
https://gooogle.com/wallet/unlock,hard,1,1.0,1,gooogle.com,gooogle.com,com,,33.0,11.0,0.0,0.0,1.0,1.0,0.18181818181818182,0.0,0.0,0.0,0.85,0.0,14.0,0.0,0.5714285714285714
https://www.wordpress.com/science,hard,0,1.0,1,www.wordpress.com,wordpress.com,com,www,33.0,17.0,0.0,1.0,1.0,0.0,0.18181818181818182,0.0,0.0,0.0,0.0,0.0,8.0,0.0,0.2222222222222222
https://theguardian.com/technology,hard,0,1.0,1,theguardian.com,theguardian.com,com,,34.0,15.0,0.0,0.0,1.0,0.0,0.14705882352941177,0.0,0.0,0.0,0.0,0.0,11.0,0.0,0.45454545454545453
https://spotify-premlum.com/verify,hard,1,1.0,1,spotify-premlum.com,spotify-premlum.com,com,,34.0,19.0,0.0,0.0,1.0,1.0,0.17647058823529413,0.0,0.0,0.0,1.0,1.0,7.0,0.0,0.2857142857142857
https://www.nih.gov/pull/2031,hard,0,0.9891170323928945,1,www.nih.gov,nih.gov,gov,www,29.0,11.0,0.0,1.0,1.0,0.0,0.2413793103448276,0.13793103448275862,0.0,0.0,0.0,0.0,10.0,0.0,0.3333333333333333
https://www.notion.so/docs,hard,0,1.0,1,www.notion.so,notion.so,so,www,26.0,13.0,0.0,1.0,1.0,0.0,0.23076923076923078,0.0,0.0,0.0,0.0,0.0,5.0,0.0,0.5
http://usps-crypto.ml/alert/action-required,hard,1,1.0,1,usps-crypto.ml,usps-crypto.ml,ml,,43.0,14.0,0.0,0.0,0.0,0.0,0.18604651162790697,0.0,0.0,1.0,0.85,1.0,22.0,0.0,0.2
https://linkedin.com/products,hard,0,0.975,1,linkedin.com,linkedin.com,com,,29.0,12.0,0.0,0.0,1.0,0.0,0.1724137931034483,0.0,0.0,0.0,0.0,0.0,9.0,1.0,0.375
https://www.techcrunch.com/reference/functions.html,hard,0,1.0,1,www.techcrunch.com,techcrunch.com,com,www,51.0,18.0,0.0,1.0,1.0,0.0,0.1568627450980392,0.0,0.0,0.0,0.0,0.0,25.0,0.0,0.2
https://bitbucket.org/community,hard,0,1.0,1,bitbucket.org,bitbucket.org,org,,31.0,13.0,0.0,0.0,1.0,0.0,0.16129032258064516,0.0,0.0,0.0,0.0,0.0,10.0,0.0,0.3333333333333333
https://microsoft.com/docs/api,hard,0,0.975,1,microsoft.com,microsoft.com,com,,30.0,13.0,0.0,0.0,1.0,0.0,0.2,0.0,0.0,0.0,0.0,0.0,9.0,1.0,0.3333333333333333
https://1inkedin.com/confirm-identity,hard,1,0.975,1,1inkedin.com,1inkedin.com,com,,37.0,12.0,0.0,0.0,1.0,0.0,0.16216216216216217,0.02702702702702703,0.0,0.0,0.0,0.0,17.0,1.0,0.42857142857142855
https://id-confirm.facebook.com.login-secure.top,hard,1,0.8116740387981809,1,id-confirm.facebook.com.login-secure.top,login-secure.top,top,id-confirm.facebook.com,48.0,40.0,0.0,3.0,1.0,1.0,0.1875,0.0,0.0,1.0,1.0,2.0,0.0,0.0,0.45454545454545453
https://secure-login.paypal.com.login-secure.top,hard,1,0.8116740387981809,1,secure-login.paypal.com.login-secure.top,login-secure.top,top,secure-login.paypal.com,48.0,40.0,0.0,3.0,1.0,1.0,0.1875,0.0,0.0,1.0,1.0,2.0,0.0,0.0,0.45454545454545453
https://developer.mozilla.org/login,hard,0,0.95,1,developer.mozilla.org,mozilla.org,org,developer,35.0,21.0,0.0,1.0,1.0,1.0,0.17142857142857143,0.0,0.0,0.0,0.0,0.0,6.0,1.0,0.42857142857142855
https://117.78.54.235:443/secure-update,hard,1,1.0,1,117.78.54.235,117.78.54.235,235,117.78,39.0,13.0,1.0,0.0,1.0,1.0,0.23076923076923078,0.3333333333333333,0.0,0.0,0.0,0.0,14.0,0.0,0.0
https://www.netflix.com/signin,hard,0,0.925,1,www.netflix.com,netflix.com,com,www,30.0,15.0,0.0,1.0,1.0,1.0,0.2,0.0,0.0,0.0,0.0,0.0,7.0,1.0,0.2857142857142857
https://facebook.com/downloads/latest,hard,0,0.975,1,facebook.com,facebook.com,com,,37.0,12.0,0.0,0.0,1.0,0.0,0.16216216216216217,0.0,0.0,0.0,0.0,0.0,17.0,1.0,0.5
https://www.harvard.edu/world,hard,0,1.0,1,www.harvard.edu,harvard.edu,edu,www,29.0,15.0,0.0,1.0,1.0,0.0,0.20689655172413793,0.0,0.0,0.0,0.0,0.0,6.0,0.0,0.2857142857142857
https://www.booking.com/repos/example/project,hard,0,1.0,1,www.booking.com,booking.com,com,www,45.0,15.0,0.0,1.0,1.0,0.0,0.17777777777777778,0.0,0.0,0.0,0.0,0.0,22.0,0.0,0.42857142857142855
https://notion.so/forum,hard,0,1.0,1,notion.so,notion.so,so,,23.0,9.0,0.0,0.0,1.0,0.0,0.21739130434782608,0.0,0.0,0.0,0.0,0.0,6.0,0.0,0.5
https://192.168.1.53:8443/index.php,hard,1,1.0,1,192.168.1.53,192.168.1.53,53,192.168,35.0,12.0,1.0,0.0,1.0,0.0,0.2571428571428571,0.37142857142857144,0.0,0.0,0.0,0.0,10.0,0.0,0.0
https://dropbox.com/wiki/Main_Page,hard,0,0.975,1,dropbox.com,dropbox.com,com,,34.0,11.0,0.0,0.0,1.0,0.0,0.20588235294117646,0.0,0.0,0.0,0.0,0.0,15.0,1.0,0.2857142857142857
https://www.gov.uk/products/electronics,hard,0,1.0,1,www.gov.uk,www.gov.uk,uk,www,39.0,10.0,0.0,0.0,1.0,0.0,0.1794871794871795,0.0,0.0,0.0,0.0,0.0,21.0,0.0,0.0
http://citibank-login.xyz/confirm-identity,hard,1,1.0,1,citibank-login.xyz,citibank-login.xyz,xyz,,42.0,18.0,0.0,0.0,0.0,1.0,0.16666666666666666,0.0,0.0,1.0,0.0,1.0,17.0,0.0,0.38461538461538464
https://wellsfarg0.com/account/update,hard,1,1.0,1,wellsfarg0.com,wellsfarg0.com,com,,37.0,14.0,0.0,0.0,1.0,1.0,0.16216216216216217,0.02702702702702703,0.0,0.0,0.0,0.0,15.0,0.0,0.2222222222222222
https://www-linkedin352.alert.top/login,hard,1,1.0,1,www-linkedin352.alert.top,alert.top,top,www-linkedin352,39.0,25.0,0.0,1.0,1.0,1.0,0.1794871794871795,0.07692307692307693,0.0,1.0,0.7272727272727273,1.0,6.0,0.0,0.4
https://www.nih.gov/checkout,hard,0,1.0,1,www.nih.gov,nih.gov,gov,www,28.0,11.0,0.0,1.0,1.0,0.0,0.21428571428571427,0.0,0.0,0.0,0.0,0.0,9.0,0.0,0.3333333333333333
https://wsj.com/careers,hard,0,1.0,1,wsj.com,wsj.com,com,,23.0,7.0,0.0,0.0,1.0,0.0,0.21739130434782608,0.0,0.0,0.0,0.0,0.0,8.0,0.0,0.0
https://signin.dropbox.com.id-check.ml,hard,1,0.864550722748402,1,signin.dropbox.com.id-check.ml,id-check.ml,ml,signin.dropbox.com,38.0,30.0,0.0,3.0,1.0,1.0,0.21052631578947367,0.0,0.0,1.0,1.0,1.0,0.0,0.0,0.2857142857142857
https://usa.gov/en-us/docs/Web/JavaScript,hard,0,1.0,1,usa.gov,usa.gov,gov,,41.0,7.0,0.0,0.0,1.0,0.0,0.21951219512195122,0.0,0.0,0.0,0.0,0.0,26.0,0.0,0.6666666666666666
https://login-coinbase897.password-reset.win/reset-password,hard,1,1.0,1,login-coinbase897.password-reset.win,password-reset.win,win,login-coinbase897,59.0,36.0,0.0,1.0,1.0,1.0,0.15254237288135594,0.05084745762711865,0.0,0.0,0.7272727272727273,2.0,15.0,0.0,0.3076923076923077
http://apple-bank.ml/alert/action-required,hard,1,1.0,1,apple-bank.ml,apple-bank.ml,ml,,42.0,13.0,0.0,0.0,0.0,1.0,0.19047619047619047,0.0,0.0,1.0,1.0,1.0,22.0,0.0,0.3333333333333333
https://dhl-helpdesk-update.top/verify,hard,1,0.9891088470916056,1,dhl-helpdesk-update.top,dhl-helpdesk-update.top,top,,38.0,23.0,0.0,0.0,1.0,1.0,0.18421052631578946,0.0,0.0,1.0,0.0,2.0,7.0,0.0,0.29411764705882354
http://192.168.233.192/verify/account,hard,1,1.0,1,192.168.233.192,192.168.233.192,192,192.168,37.0,15.0,1.0,0.0,0.0,1.0,0.21621621621621623,0.32432432432432434,0.0,0.0,0.0,0.0,15.0,0.0,0.0
https://open.spotify.com/releases/tag/v2.3.1,hard,0,1.0,1,open.spotify.com,spotify.com,com,open,44.0,16.0,0.0,1.0,1.0,0.0,0.22727272727272727,0.06818181818181818,0.0,0.0,0.0,0.0,20.0,1.0,0.2857142857142857
https://atlassian.com/order/confirmation/778213,hard,0,1.0,1,atlassian.com,atlassian.com,com,,47.0,13.0,0.0,0.0,1.0,0.0,0.14893617021276595,0.1276595744680851,0.0,0.0,0.0,0.0,26.0,0.0,0.4444444444444444
http://chase-verify.top/wallet/unlock,hard,1,1.0,1,chase-verify.top,chase-verify.top,top,,37.0,16.0,0.0,0.0,0.0,1.0,0.1891891891891892,0.0,0.0,1.0,1.0,1.0,14.0,0.0,0.36363636363636365
https://www.salesforce.com/docs,hard,0,1.0,1,www.salesforce.com,salesforce.com,com,www,31.0,18.0,0.0,1.0,1.0,0.0,0.1935483870967742,0.0,0.0,0.0,0.0,0.0,5.0,0.0,0.4
http://192.168.239.170:443/login,hard,1,1.0,1,192.168.239.170,192.168.239.170,170,192.168,32.0,15.0,1.0,0.0,0.0,1.0,0.25,0.46875,0.0,0.0,0.0,0.0,6.0,0.0,0.0
https://rnicrosoft.com/verify-account,hard,1,1.0,1,rnicrosoft.com,rnicrosoft.com,com,,37.0,14.0,0.0,0.0,1.0,1.0,0.16216216216216217,0.0,0.0,0.0,0.0,0.0,15.0,0.0,0.3
http://www.chase.com/search?q=python+tutorial,hard,0,1.0,1,www.chase.com,chase.com,com,www,45.0,13.0,0.0,1.0,0.0,0.0,0.2,0.0,0.0,0.0,0.0,0.0,24.0,1.0,0.4
https://www.airbnb.com/profile,hard,0,1.0,1,www.airbnb.com,airbnb.com,com,www,30.0,14.0,0.0,1.0,1.0,0.0,0.2,0.0,0.0,0.0,0.0,0.0,8.0,0.0,0.3333333333333333
https://www.facebook.com/issues/1042,hard,0,0.975,1,www.facebook.com,facebook.com,com,www,36.0,16.0,0.0,1.0,1.0,0.0,0.19444444444444445,0.1111111111111111,0.0,0.0,0.0,0.0,12.0,1.0,0.5
https://www.dropbox.com/science,hard,0,0.95,1,www.dropbox.com,dropbox.com,com,www,31.0,15.0,0.0,1.0,1.0,0.0,0.1935483870967742,0.0,0.0,0.0,0.0,0.0,8.0,1.0,0.2857142857142857
https://instagram-support-crypto.com/signin,hard,1,1.0,1,instagram-support-crypto.com,instagram-support-crypto.com,com,,43.0,28.0,0.0,0.0,1.0,1.0,0.16279069767441862,0.0,0.0,0.0,1.0,2.0,7.0,0.0,0.2727272727272727
https://coinbase-verify-update.net/secure/login,hard,1,1.0,1,coinbase-verify-update.net,coinbase-verify-update.net,net,,47.0,26.0,0.0,0.0,1.0,1.0,0.1702127659574468,0.0,0.0,0.0,1.0,2.0,13.0,0.0,0.45
http://www.expedia.com/docs/getting-started,hard,0,1.0,1,www.expedia.com,expedia.com,com,www,43.0,15.0,0.0,1.0,0.0,0.0,0.18604651162790697,0.0,0.0,0.0,0.0,0.0,21.0,0.0,0.5714285714285714
https://www.salesforce.com/watch?v=dQw4w9WgXcQ,hard,0,1.0,1,www.salesforce.com,salesforce.com,com,www,46.0,18.0,0.0,1.0,1.0,0.0,0.17391304347826086,0.043478260869565216,0.0,0.0,0.0,0.0,19.0,0.0,0.4
https://developer.mozilla.org/news/technology,hard,0,1.0,1,developer.mozilla.org,mozilla.org,org,developer,45.0,21.0,0.0,1.0,1.0,0.0,0.15555555555555556,0.0,0.0,0.0,0.0,0.0,16.0,1.0,0.42857142857142855
https://steamcommunity.com/downloads/latest,hard,0,1.0,1,steamcommunity.com,steamcommunity.com,com,,43.0,18.0,0.0,0.0,1.0,0.0,0.13953488372093023,0.0,0.0,0.0,0.0,0.0,17.0,0.0,0.35714285714285715
https://gooogle.com/login.php,hard,1,0.975,1,gooogle.com,gooogle.com,com,,29.0,11.0,0.0,0.0,1.0,1.0,0.20689655172413793,0.0,0.0,0.0,0.85,0.0,10.0,0.0,0.5714285714285714
http://techcrunch.com/community,hard,0,1.0,1,techcrunch.com,techcrunch.com,com,,31.0,14.0,0.0,0.0,0.0,0.0,0.16129032258064516,0.0,0.0,0.0,0.0,0.0,10.0,0.0,0.2
https://www.adobe.com/forum,hard,0,0.95,1,www.adobe.com,adobe.com,com,www,27.0,13.0,0.0,1.0,1.0,0.0,0.2222222222222222,0.0,0.0,0.0,0.0,0.0,6.0,1.0,0.6
https://www.bloomberg.com/world,hard,0,1.0,1,www.bloomberg.com,bloomberg.com,com,www,31.0,17.0,0.0,1.0,1.0,0.0,0.1935483870967742,0.0,0.0,0.0,0.0,0.0,6.0,0.0,0.3333333333333333
https://www.shopify.com/login,hard,0,0.975,1,www.shopify.com,shopify.com,com,www,29.0,15.0,0.0,1.0,1.0,1.0,0.20689655172413793,0.0,0.0,0.0,0.0,0.0,6.0,0.0,0.2857142857142857
http://www.forbes.com/wiki/Main_Page,hard,0,1.0,1,www.forbes.com,forbes.com,com,www,36.0,14.0,0.0,1.0,0.0,0.0,0.2222222222222222,0.0,0.0,0.0,0.0,0.0,15.0,1.0,0.3333333333333333
https://oracle.com/shop/category/laptops,hard,0,1.0,1,oracle.com,oracle.com,com,,40.0,10.0,0.0,0.0,1.0,0.0,0.175,0.0,0.0,0.0,0.0,0.0,22.0,0.0,0.5
https://wikipedia.org/privacy,hard,0,0.975,1,wikipedia.org,wikipedia.org,org,,29.0,13.0,0.0,0.0,1.0,0.0,0.1724137931034483,0.0,0.0,0.0,0.0,0.0,8.0,1.0,0.5555555555555556
https://spotify.com/watch?v=dQw4w9WgXcQ,hard,0,1.0,1,spotify.com,spotify.com,com,,39.0,11.0,0.0,0.0,1.0,0.0,0.1794871794871795,0.05128205128205128,0.0,0.0,0.0,0.0,19.0,1.0,0.2857142857142857
https://www.epicgames.com/reference/functions.html,hard,0,1.0,1,www.epicgames.com,epicgames.com,com,www,50.0,17.0,0.0,1.0,1.0,0.0,0.16,0.0,0.0,0.0,0.0,0.0,25.0,0.0,0.4444444444444444
https://aws.amazon.com/api/v2/products?page=2,hard,0,1.0,1,aws.amazon.com,amazon.com,com,aws,45.0,14.0,0.0,1.0,1.0,0.0,0.2222222222222222,0.044444444444444446,0.0,0.0,0.0,0.0,22.0,1.0,0.5
https://www.quora.com/wiki,hard,0,1.0,1,www.quora.com,quora.com,com,www,26.0,13.0,0.0,1.0,1.0,0.0,0.23076923076923078,0.0,0.0,0.0,0.0,0.0,5.0,0.0,0.6
https://www.nvidia.com/en-us/library,hard,0,1.0,1,www.nvidia.com,nvidia.com,com,www,36.0,14.0,0.0,1.0,1.0,0.0,0.2222222222222222,0.0,0.0,0.0,0.0,0.0,14.0,0.0,0.5
https://developer.mozilla.org/item/98213,hard,0,1.0,1,developer.mozilla.org,mozilla.org,org,developer,40.0,21.0,0.0,1.0,1.0,0.0,0.175,0.125,0.0,0.0,0.0,0.0,11.0,1.0,0.42857142857142855
https://center-info-user-service-support-confirm.xyz/secure/index.html,hard,1,1.0,1,center-info-user-service-support-confirm.xyz,center-info-user-service-support-confirm.xyz,xyz,,70.0,44.0,0.0,0.0,1.0,1.0,0.17142857142857143,0.0,0.0,1.0,0.0,5.0,18.0,0.0,0.37142857142857144
https://www.epicgames.com/features,hard,0,1.0,1,www.epicgames.com,epicgames.com,com,www,34.0,17.0,0.0,1.0,1.0,0.0,0.17647058823529413,0.0,0.0,0.0,0.0,0.0,9.0,0.0,0.4444444444444444
https://nih.gov/docs/getting-started,hard,0,1.0,1,nih.gov,nih.gov,gov,,36.0,7.0,0.0,0.0,1.0,0.0,0.19444444444444445,0.0,0.0,0.0,0.0,0.0,21.0,0.0,0.3333333333333333
https://wordpress.com/signin,hard,0,0.975,1,wordpress.com,wordpress.com,com,,28.0,13.0,0.0,0.0,1.0,1.0,0.17857142857142858,0.0,0.0,0.0,0.0,0.0,7.0,0.0,0.2222222222222222
https://www.atlassian.com/health,hard,0,1.0,1,www.atlassian.com,atlassian.com,com,www,32.0,17.0,0.0,1.0,1.0,0.0,0.1875,0.0,0.0,0.0,0.0,0.0,7.0,0.0,0.4444444444444444
http://binance-password-reset.click/secure/login,hard,1,0.9848275242979906,1,binance-password-reset.click,binance-password-reset.click,click,,48.0,28.0,0.0,0.0,0.0,1.0,0.16666666666666666,0.0,0.0,1.0,0.0,2.0,13.0,0.0,0.35
https://twitter.com/pull/2031,hard,0,0.975,1,twitter.com,twitter.com,com,,29.0,11.0,0.0,0.0,1.0,0.0,0.20689655172413793,0.13793103448275862,0.0,0.0,0.0,0.0,10.0,1.0,0.2857142857142857
https://signin.facebook.com.security-update.co,hard,1,0.7495070232129367,1,signin.facebook.com.security-update.co,security-update.co,co,signin.facebook.com,46.0,38.0,0.0,3.0,1.0,1.0,0.17391304347826086,0.0,0.0,0.0,1.0,1.0,0.0,0.0,0.42857142857142855
https://linkedin.com/science,hard,0,0.975,1,linkedin.com,linkedin.com,com,,28.0,12.0,0.0,0.0,1.0,0.0,0.17857142857142858,0.0,0.0,0.0,0.0,0.0,8.0,1.0,0.375
https://bankofamerica-login-wallet.cf/secure/login,hard,1,1.0,1,bankofamerica-login-wallet.cf,bankofamerica-login-wallet.cf,cf,,50.0,29.0,0.0,0.0,1.0,1.0,0.16,0.0,0.0,1.0,1.0,2.0,13.0,0.0,0.4166666666666667
https://linkedin-account-login.online/wallet/unlock,hard,1,1.0,1,linkedin-account-login.online,linkedin-account-login.online,online,,51.0,29.0,0.0,0.0,1.0,1.0,0.1568627450980392,0.0,0.0,1.0,1.0,2.0,14.0,0.0,0.4
https://www.paypal.com/issues/1042,hard,0,0.975,1,www.paypal.com,paypal.com,com,www,34.0,14.0,0.0,1.0,1.0,0.0,0.20588235294117646,0.11764705882352941,0.0,0.0,0.0,0.0,12.0,1.0,0.3333333333333333
https://old.reddit.com/user/johndoe,hard,0,0.975,1,old.reddit.com,reddit.com,com,old,35.0,14.0,0.0,1.0,1.0,0.0,0.2,0.0,0.0,0.0,0.0,0.0,13.0,1.0,0.3333333333333333
https://salesforce.com/playlist?list=PL12345,hard,0,1.0,1,salesforce.com,salesforce.com,com,,44.0,14.0,0.0,0.0,1.0,0.0,0.1590909090909091,0.11363636363636363,0.0,0.0,0.0,0.0,21.0,0.0,0.4
https://www.wired.com/privacy,hard,0,1.0,1,www.wired.com,wired.com,com,www,29.0,13.0,0.0,1.0,1.0,0.0,0.20689655172413793,0.0,0.0,0.0,0.0,0.0,8.0,0.0,0.4
http://coinbase-bank.ml/support/ticket,hard,1,1.0,1,coinbase-bank.ml,coinbase-bank.ml,ml,,38.0,16.0,0.0,0.0,0.0,1.0,0.18421052631578946,0.0,0.0,1.0,1.0,1.0,15.0,0.0,0.4166666666666667
https://billing-verify-service-secure-official.ml/secure/index.html,hard,1,1.0,1,billing-verify-service-secure-official.ml,billing-verify-service-secure-official.ml,ml,,67.0,41.0,0.0,0.0,1.0,1.0,0.16417910447761194,0.0,0.0,1.0,0.0,4.0,18.0,0.0,0.4117647058823529
https://service-team-billing-verify-paypal-official-confirm-update.work/login/index.php?id=11249,hard,1,1.0,1,service-team-billing-verify-paypal-official-confirm-update.work,service-team-billing-verify-paypal-official-confirm-update.work,work,,96.0,63.0,0.0,0.0,1.0,1.0,0.16666666666666666,0.052083333333333336,0.0,1.0,1.0,7.0,24.0,0.0,0.39215686274509803
https://chase.com/business,hard,0,1.0,1,chase.com,chase.com,com,,26.0,9.0,0.0,0.0,1.0,0.0,0.19230769230769232,0.0,0.0,0.0,0.0,0.0,9.0,1.0,0.4
https://www.quora.com/blog,hard,0,1.0,1,www.quora.com,quora.com,com,www,26.0,13.0,0.0,1.0,1.0,0.0,0.23076923076923078,0.0,0.0,0.0,0.0,0.0,5.0,0.0,0.6
https://booking.com/features/security,hard,0,1.0,1,booking.com,booking.com,com,,37.0,11.0,0.0,0.0,1.0,0.0,0.16216216216216217,0.0,0.0,0.0,0.0,0.0,18.0,0.0,0.42857142857142855
https://www.bankofamerica.com/pricing,hard,0,0.975,1,www.bankofamerica.com,bankofamerica.com,com,www,37.0,21.0,0.0,1.0,1.0,0.0,0.16216216216216217,0.0,0.0,0.0,0.0,0.0,8.0,1.0,0.46153846153846156
https://www.forbes.com/profile,hard,0,0.95,1,www.forbes.com,forbes.com,com,www,30.0,14.0,0.0,1.0,1.0,0.0,0.2,0.0,0.0,0.0,0.0,0.0,8.0,1.0,0.3333333333333333
http://hsbc-crypto.top/account/update,hard,1,1.0,1,hsbc-crypto.top,hsbc-crypto.top,top,,37.0,15.0,0.0,0.0,0.0,1.0,0.1891891891891892,0.0,0.0,1.0,0.0,1.0,15.0,0.0,0.1
https://amaz0n-secure.com/alert/action-required,hard,1,1.0,1,amaz0n-secure.com,amaz0n-secure.com,com,,47.0,17.0,0.0,0.0,1.0,1.0,0.1702127659574468,0.02127659574468085,0.0,0.0,1.0,1.0,22.0,0.0,0.45454545454545453
https://citibank-secure.net/signin,hard,1,1.0,1,citibank-secure.net,citibank-secure.net,net,,34.0,19.0,0.0,0.0,1.0,1.0,0.17647058823529413,0.0,0.0,0.0,0.0,1.0,7.0,0.0,0.42857142857142855
https://www.mit.edu/pull/2031,hard,0,0.9891170323928945,1,www.mit.edu,mit.edu,edu,www,29.0,11.0,0.0,1.0,1.0,0.0,0.2413793103448276,0.13793103448275862,0.0,0.0,0.0,0.0,10.0,0.0,0.3333333333333333
https://www.quora.com/health,hard,0,1.0,1,www.quora.com,quora.com,com,www,28.0,13.0,0.0,1.0,1.0,0.0,0.21428571428571427,0.0,0.0,0.0,0.0,0.0,7.0,0.0,0.6
https://auth.chase.com.secure-session.click,hard,1,0.7890913848556581,1,auth.chase.com.secure-session.click,secure-session.click,click,auth.chase.com,43.0,35.0,0.0,3.0,1.0,1.0,0.18604651162790697,0.0,0.0,1.0,1.0,1.0,0.0,0.0,0.46153846153846156
https://americanexpress.com/news,hard,0,1.0,1,americanexpress.com,americanexpress.com,com,,32.0,19.0,0.0,0.0,1.0,0.0,0.15625,0.0,0.0,0.0,0.0,0.0,5.0,0.0,0.4
https://gitlab.com/products/electronics,hard,0,1.0,1,gitlab.com,gitlab.com,com,,39.0,10.0,0.0,0.0,1.0,0.0,0.15384615384615385,0.0,0.0,0.0,0.0,0.0,21.0,0.0,0.3333333333333333
http://192.168.85.109/admin/login.php,hard,1,1.0,1,192.168.85.109,192.168.85.109,109,192.168,37.0,14.0,1.0,0.0,0.0,1.0,0.24324324324324326,0.2972972972972973,0.0,0.0,0.0,0.0,16.0,0.0,0.0
https://www.forbes.com/technology,hard,0,0.95,1,www.forbes.com,forbes.com,com,www,33.0,14.0,0.0,1.0,1.0,0.0,0.18181818181818182,0.0,0.0,0.0,0.0,0.0,11.0,1.0,0.3333333333333333
https://www.twitch.tv/reference/functions.html,hard,0,1.0,1,www.twitch.tv,twitch.tv,tv,www,46.0,13.0,0.0,1.0,1.0,0.0,0.17391304347826086,0.0,0.0,0.0,0.0,0.0,25.0,0.0,0.16666666666666666
https://www.usa.gov/search,hard,0,1.0,1,www.usa.gov,usa.gov,gov,www,26.0,11.0,0.0,1.0,1.0,0.0,0.23076923076923078,0.0,0.0,0.0,0.0,0.0,7.0,0.0,0.6666666666666666
https://www.wsj.com/questions/12345/how-to-parse-json,hard,0,1.0,1,www.wsj.com,wsj.com,com,www,53.0,11.0,0.0,1.0,1.0,0.0,0.20754716981132076,0.09433962264150944,0.0,0.0,0.0,0.0,34.0,0.0,0.0
https://blogger.com/about,hard,0,1.0,1,blogger.com,blogger.com,com,,25.0,11.0,0.0,0.0,1.0,0.0,0.2,0.0,0.0,0.0,0.0,0.0,6.0,0.0,0.2857142857142857
https://www.gov.uk/en-us/library,hard,0,1.0,1,www.gov.uk,www.gov.uk,uk,www,32.0,10.0,0.0,0.0,1.0,0.0,0.25,0.0,0.0,0.0,0.0,0.0,14.0,0.0,0.0
https://g00gle-security.com/account/update,hard,1,1.0,1,g00gle-security.com,g00gle-security.com,com,,42.0,19.0,0.0,0.0,1.0,1.0,0.16666666666666666,0.047619047619047616,0.0,0.0,1.0,1.0,15.0,0.0,0.3333333333333333
https://secure-login.facebook.com.account-alert.info,hard,1,0.8505125530100937,1,secure-login.facebook.com.account-alert.info,account-alert.info,info,secure-login.facebook.com,52.0,44.0,0.0,3.0,1.0,1.0,0.17307692307692307,0.0,0.0,1.0,1.0,2.0,0.0,0.0,0.4166666666666667
https://www.edx.org/features/security,hard,0,1.0,1,www.edx.org,edx.org,org,www,37.0,11.0,0.0,1.0,1.0,0.0,0.1891891891891892,0.0,0.0,0.0,0.0,0.0,18.0,0.0,0.3333333333333333
https://www.citi.com/settings,hard,0,1.0,1,www.citi.com,citi.com,com,www,29.0,12.0,0.0,1.0,1.0,0.0,0.20689655172413793,0.0,0.0,0.0,0.0,0.0,9.0,0.0,0.5
https://www.lyft.com/docs/getting-started,hard,0,1.0,1,www.lyft.com,lyft.com,com,www,41.0,12.0,0.0,1.0,1.0,0.0,0.1951219512195122,0.0,0.0,0.0,0.0,0.0,21.0,0.0,0.0
https://oracle.com/library/3.12,hard,0,1.0,1,oracle.com,oracle.com,com,,31.0,10.0,0.0,0.0,1.0,0.0,0.22580645161290322,0.0967741935483871,0.0,0.0,0.0,0.0,13.0,0.0,0.5
https://reddit.com/issues/1042,hard,0,0.9641170323928945,1,reddit.com,reddit.com,com,,30.0,10.0,0.0,0.0,1.0,0.0,0.2,0.13333333333333333,0.0,0.0,0.0,0.0,12.0,1.0,0.3333333333333333
https://youtube.com/support,hard,0,0.975,1,youtube.com,youtube.com,com,,27.0,11.0,0.0,0.0,1.0,0.0,0.18518518518518517,0.0,0.0,0.0,0.0,0.0,8.0,1.0,0.5714285714285714
https://wellsfargo-reactivate-support.top/signin,hard,1,1.0,1,wellsfargo-reactivate-support.top,wellsfargo-reactivate-support.top,top,,48.0,33.0,0.0,0.0,1.0,1.0,0.14583333333333334,0.0,0.0,1.0,0.0,2.0,7.0,0.0,0.37037037037037035
https://news.bbc.co.uk/blog/2025/new-features,hard,0,1.0,1,news.bbc.co.uk,bbc.co.uk,uk,news.bbc,45.0,14.0,0.0,1.0,1.0,0.0,0.2222222222222222,0.08888888888888889,0.0,0.0,0.0,0.0,23.0,1.0,0.0
https://coursera.org/playlist?list=PL12345,hard,0,1.0,1,coursera.org,coursera.org,org,,42.0,12.0,0.0,0.0,1.0,0.0,0.16666666666666666,0.11904761904761904,0.0,0.0,0.0,0.0,21.0,0.0,0.5
http://instagram-reactivate.work/confirm-identity,hard,1,1.0,1,instagram-reactivate.work,instagram-reactivate.work,work,,49.0,25.0,0.0,0.0,0.0,0.0,0.14285714285714285,0.0,0.0,1.0,1.0,1.0,17.0,0.0,0.42105263157894735
https://americanexpress-account-alert.cf/alert/action-required,hard,1,1.0,1,americanexpress-account-alert.cf,americanexpress-account-alert.cf,cf,,62.0,32.0,0.0,0.0,1.0,1.0,0.14516129032258066,0.0,0.0,1.0,0.0,2.0,22.0,0.0,0.4074074074074074
https://nih.gov/terms,hard,0,1.0,1,nih.gov,nih.gov,gov,,21.0,7.0,0.0,0.0,1.0,0.0,0.23809523809523808,0.0,0.0,0.0,0.0,0.0,6.0,0.0,0.3333333333333333
http://booking.com/pricing,hard,0,1.0,1,booking.com,booking.com,com,,26.0,11.0,0.0,0.0,0.0,0.0,0.19230769230769232,0.0,0.0,0.0,0.0,0.0,8.0,0.0,0.42857142857142855
http://177.244.68.129:443/index.php,hard,1,1.0,1,177.244.68.129,177.244.68.129,129,177.244,35.0,14.0,1.0,0.0,0.0,0.0,0.2571428571428571,0.4,0.0,0.0,0.0,0.0,10.0,0.0,0.0
https://uber.com/blog/2025/new-features,hard,0,1.0,1,uber.com,uber.com,com,,39.0,8.0,0.0,0.0,1.0,0.0,0.20512820512820512,0.10256410256410256,0.0,0.0,0.0,0.0,23.0,0.0,0.5
https://youtube.com/docs,hard,0,0.975,1,youtube.com,youtube.com,com,,24.0,11.0,0.0,0.0,1.0,0.0,0.20833333333333334,0.0,0.0,0.0,0.0,0.0,5.0,1.0,0.5714285714285714
http://paypal-verify.men/secure/login,hard,1,1.0,1,paypal-verify.men,paypal-verify.men,men,,37.0,17.0,0.0,0.0,0.0,1.0,0.1891891891891892,0.0,0.0,0.0,1.0,1.0,13.0,0.0,0.3333333333333333
https://cdc.gov/api/v2/products?page=2,hard,0,1.0,1,cdc.gov,cdc.gov,gov,,38.0,7.0,0.0,0.0,1.0,0.0,0.23684210526315788,0.05263157894736842,0.0,0.0,0.0,0.0,22.0,0.0,0.0
https://microsoft-update-helpdesk.net/login.php,hard,1,0.9866651965725806,1,microsoft-update-helpdesk.net,microsoft-update-helpdesk.net,net,,47.0,29.0,0.0,0.0,1.0,1.0,0.1702127659574468,0.0,0.0,0.0,1.0,2.0,10.0,0.0,0.34782608695652173
https://steamcommunity.com/news/technology,hard,0,1.0,1,steamcommunity.com,steamcommunity.com,com,,42.0,18.0,0.0,0.0,1.0,0.0,0.14285714285714285,0.0,0.0,0.0,0.0,0.0,16.0,0.0,0.35714285714285715
https://faceb00k-login.net/auth/validate?user=594829,hard,1,1.0,1,faceb00k-login.net,faceb00k-login.net,net,,52.0,18.0,0.0,0.0,1.0,1.0,0.17307692307692307,0.15384615384615385,0.0,0.0,1.0,1.0,25.0,0.0,0.36363636363636365
https://notion.so/repos/example/project,hard,0,1.0,1,notion.so,notion.so,so,,39.0,9.0,0.0,0.0,1.0,0.0,0.1794871794871795,0.0,0.0,0.0,0.0,0.0,22.0,0.0,0.5
https://wikipedia.org/download,hard,0,0.975,1,wikipedia.org,wikipedia.org,org,,30.0,13.0,0.0,0.0,1.0,0.0,0.16666666666666666,0.0,0.0,0.0,0.0,0.0,9.0,1.0,0.5555555555555556
https://ebay.com/privacy,hard,0,1.0,1,ebay.com,ebay.com,com,,24.0,8.0,0.0,0.0,1.0,0.0,0.20833333333333334,0.0,0.0,0.0,0.0,0.0,8.0,1.0,0.5
http://18.185.246.145:8443/wp-login.php,hard,1,1.0,1,18.185.246.145,18.185.246.145,145,18.185,39.0,14.0,1.0,0.0,0.0,1.0,0.2564102564102564,0.38461538461538464,0.0,0.0,0.0,0.0,13.0,0.0,0.0
https://gov.uk/en-us/docs/Web/JavaScript,hard,0,1.0,1,gov.uk,gov.uk,uk,,40.0,6.0,0.0,0.0,1.0,0.0,0.225,0.0,0.0,0.0,0.0,0.0,26.0,0.0,0.3333333333333333
https://dhl-login-suspended.cf/verify-account,hard,1,1.0,1,dhl-login-suspended.cf,dhl-login-suspended.cf,cf,,45.0,22.0,0.0,0.0,1.0,1.0,0.17777777777777778,0.0,0.0,1.0,0.0,2.0,15.0,0.0,0.29411764705882354
http://103.4.151.31:443/wp-login.php,hard,1,1.0,1,103.4.151.31,103.4.151.31,31,103.4,36.0,12.0,1.0,0.0,0.0,1.0,0.2777777777777778,0.3333333333333333,0.0,0.0,0.0,0.0,13.0,0.0,0.0
https://www.chase.com/signin,hard,0,0.95,1,www.chase.com,chase.com,com,www,28.0,13.0,0.0,1.0,1.0,1.0,0.21428571428571427,0.0,0.0,0.0,0.0,0.0,7.0,1.0,0.4
https://store.steampowered.com/contact,hard,0,1.0,1,store.steampowered.com,steampowered.com,com,store,38.0,22.0,0.0,1.0,1.0,0.0,0.15789473684210525,0.0,0.0,0.0,0.0,0.0,8.0,0.0,0.4166666666666667
https://citibank.com/releases/tag/v2.3.1,hard,0,1.0,1,citibank.com,citibank.com,com,,40.0,12.0,0.0,0.0,1.0,0.0,0.225,0.075,0.0,0.0,0.0,0.0,20.0,0.0,0.375
https://stackoverflow.com/help,hard,0,0.975,1,stackoverflow.com,stackoverflow.com,com,,30.0,17.0,0.0,0.0,1.0,0.0,0.16666666666666666,0.0,0.0,0.0,0.0,0.0,5.0,1.0,0.3076923076923077
https://aws.amazon.com/releases/tag/v2.3.1,hard,0,1.0,1,aws.amazon.com,amazon.com,com,aws,42.0,14.0,0.0,1.0,1.0,0.0,0.23809523809523808,0.07142857142857142,0.0,0.0,0.0,0.0,20.0,1.0,0.5
https://open.spotify.com/blog/2025/new-features,hard,0,1.0,1,open.spotify.com,spotify.com,com,open,47.0,16.0,0.0,1.0,1.0,0.0,0.19148936170212766,0.0851063829787234,0.0,0.0,0.0,0.0,23.0,1.0,0.2857142857142857
https://paypall.com/signin,hard,1,1.0,1,paypall.com,paypall.com,com,,26.0,11.0,0.0,0.0,1.0,1.0,0.19230769230769232,0.0,0.0,0.0,0.8571428571428571,0.0,7.0,0.0,0.2857142857142857
https://adobe.com/sports,hard,0,1.0,1,adobe.com,adobe.com,com,,24.0,9.0,0.0,0.0,1.0,0.0,0.20833333333333334,0.0,0.0,0.0,0.0,0.0,7.0,1.0,0.6
https://medium.com/contact,hard,0,1.0,1,medium.com,medium.com,com,,26.0,10.0,0.0,0.0,1.0,0.0,0.19230769230769232,0.0,0.0,0.0,0.0,0.0,8.0,0.0,0.5
https://www.expedia.com/settings,hard,0,1.0,1,www.expedia.com,expedia.com,com,www,32.0,15.0,0.0,1.0,1.0,0.0,0.1875,0.0,0.0,0.0,0.0,0.0,9.0,0.0,0.5714285714285714
https://wellsfargo.com/en-us/library,hard,0,1.0,1,wellsfargo.com,wellsfargo.com,com,,36.0,14.0,0.0,0.0,1.0,0.0,0.19444444444444445,0.0,0.0,0.0,0.0,0.0,14.0,0.0,0.3
http://192.168.175.110:8443/verify/account,hard,1,1.0,1,192.168.175.110,192.168.175.110,110,192.168,42.0,15.0,1.0,0.0,0.0,1.0,0.21428571428571427,0.38095238095238093,0.0,0.0,0.0,0.0,15.0,0.0,0.0
https://www.gitlab.com/issues/1042,hard,0,1.0,1,www.gitlab.com,gitlab.com,com,www,34.0,14.0,0.0,1.0,1.0,0.0,0.20588235294117646,0.11764705882352941,0.0,0.0,0.0,0.0,12.0,0.0,0.3333333333333333
https://www.irs.gov/privacy,hard,0,1.0,1,www.irs.gov,irs.gov,gov,www,27.0,11.0,0.0,1.0,1.0,0.0,0.2222222222222222,0.0,0.0,0.0,0.0,0.0,8.0,0.0,0.3333333333333333
http://www.epicgames.com/help,hard,0,1.0,1,www.epicgames.com,epicgames.com,com,www,29.0,17.0,0.0,1.0,0.0,0.0,0.20689655172413793,0.0,0.0,0.0,0.0,0.0,5.0,0.0,0.4444444444444444
https://www-bankofamerica850.crypto.tk/verify,hard,1,1.0,1,www-bankofamerica850.crypto.tk,crypto.tk,tk,www-bankofamerica850,45.0,30.0,0.0,1.0,1.0,1.0,0.15555555555555556,0.06666666666666667,0.0,1.0,0.8125,1.0,7.0,0.0,0.16666666666666666
http://google.com/library/3.12,hard,0,1.0,1,google.com,google.com,com,,30.0,10.0,0.0,0.0,0.0,0.0,0.23333333333333334,0.1,0.0,0.0,0.0,0.0,13.0,1.0,0.5
https://docs.python.org/support,hard,0,1.0,1,docs.python.org,python.org,org,docs,31.0,15.0,0.0,1.0,1.0,0.0,0.1935483870967742,0.0,0.0,0.0,0.0,0.0,8.0,0.0,0.16666666666666666
https://microsoft.com/support,hard,0,0.975,1,microsoft.com,microsoft.com,com,,29.0,13.0,0.0,0.0,1.0,0.0,0.1724137931034483,0.0,0.0,0.0,0.0,0.0,8.0,1.0,0.3333333333333333
https://doordash.com/products,hard,0,1.0,1,doordash.com,doordash.com,com,,29.0,12.0,0.0,0.0,1.0,0.0,0.1724137931034483,0.0,0.0,0.0,0.0,0.0,9.0,0.0,0.375
https://www.irs.gov/order/confirmation/778213,hard,0,1.0,1,www.irs.gov,irs.gov,gov,www,45.0,11.0,0.0,1.0,1.0,0.0,0.17777777777777778,0.13333333333333333,0.0,0.0,0.0,0.0,26.0,0.0,0.3333333333333333
https://npmjs.com/wiki,hard,0,1.0,1,npmjs.com,npmjs.com,com,,22.0,9.0,0.0,0.0,1.0,0.0,0.22727272727272727,0.0,0.0,0.0,0.0,0.0,5.0,0.0,0.0
https://edx.org/privacy,hard,0,1.0,1,edx.org,edx.org,org,,23.0,7.0,0.0,0.0,1.0,0.0,0.21739130434782608,0.0,0.0,0.0,0.0,0.0,8.0,0.0,0.3333333333333333
https://www.etsy.com/news/technology,hard,0,1.0,1,www.etsy.com,etsy.com,com,www,36.0,12.0,0.0,1.0,1.0,0.0,0.19444444444444445,0.0,0.0,0.0,0.0,0.0,16.0,0.0,0.25
http://chase-authenticate.loan/reset-password,hard,1,1.0,1,chase-authenticate.loan,chase-authenticate.loan,loan,,45.0,23.0,0.0,0.0,0.0,1.0,0.15555555555555556,0.0,0.0,1.0,1.0,1.0,15.0,0.0,0.47058823529411764
https://gitlab.com/questions/12345/how-to-parse-json,hard,0,1.0,1,gitlab.com,gitlab.com,com,,52.0,10.0,0.0,0.0,1.0,0.0,0.19230769230769232,0.09615384615384616,0.0,0.0,0.0,0.0,34.0,0.0,0.3333333333333333
https://www.docker.com/api/v2/products?page=2,hard,0,1.0,1,www.docker.com,docker.com,com,www,45.0,14.0,0.0,1.0,1.0,0.0,0.2222222222222222,0.044444444444444446,0.0,0.0,0.0,0.0,22.0,1.0,0.3333333333333333
http://slack.com/checkout,hard,0,1.0,1,slack.com,slack.com,com,,25.0,9.0,0.0,0.0,0.0,0.0,0.2,0.0,0.0,0.0,0.0,0.0,9.0,0.0,0.2
https://facebook.com/wiki,hard,0,0.975,1,facebook.com,facebook.com,com,,25.0,12.0,0.0,0.0,1.0,0.0,0.2,0.0,0.0,0.0,0.0,0.0,5.0,1.0,0.5
https://blogger.com/checkout,hard,0,1.0,1,blogger.com,blogger.com,com,,28.0,11.0,0.0,0.0,1.0,0.0,0.17857142857142858,0.0,0.0,0.0,0.0,0.0,9.0,0.0,0.2857142857142857
https://hsbc-login-secure.click/reset-password,hard,1,1.0,1,hsbc-login-secure.click,hsbc-login-secure.click,click,,46.0,23.0,0.0,0.0,1.0,1.0,0.17391304347826086,0.0,0.0,1.0,0.0,2.0,15.0,0.0,0.3333333333333333
http://linkedin-alert.cf/auth/validate?user=39336,hard,1,1.0,1,linkedin-alert.cf,linkedin-alert.cf,cf,,49.0,17.0,0.0,0.0,0.0,0.0,0.1836734693877551,0.10204081632653061,0.0,1.0,1.0,1.0,24.0,0.0,0.38461538461538464
https://www.facebook.com/products,hard,0,0.95,1,www.facebook.com,facebook.com,com,www,33.0,16.0,0.0,1.0,1.0,0.0,0.18181818181818182,0.0,0.0,0.0,0.0,0.0,9.0,1.0,0.5
https://coinbase-bank-account.club/index.php?id=1761,hard,1,1.0,1,coinbase-bank-account.club,coinbase-bank-account.club,club,,52.0,26.0,0.0,0.0,1.0,1.0,0.19230769230769232,0.07692307692307693,0.0,0.0,1.0,2.0,17.0,0.0,0.42105263157894735
https://faceb00k-login.net/login.php,hard,1,1.0,1,faceb00k-login.net,faceb00k-login.net,net,,36.0,18.0,0.0,0.0,1.0,1.0,0.19444444444444445,0.05555555555555555,0.0,0.0,1.0,1.0,10.0,0.0,0.36363636363636365
https://www.cdc.gov/pull/2031,hard,0,1.0,1,www.cdc.gov,cdc.gov,gov,www,29.0,11.0,0.0,1.0,1.0,0.0,0.2413793103448276,0.13793103448275862,0.0,0.0,0.0,0.0,10.0,0.0,0.0
https://forbes.com/search?q=python+tutorial,hard,0,1.0,1,forbes.com,forbes.com,com,,43.0,10.0,0.0,0.0,1.0,0.0,0.18604651162790697,0.0,0.0,0.0,0.0,0.0,24.0,1.0,0.3333333333333333
https://quora.com/features/security,hard,0,1.0,1,quora.com,quora.com,com,,35.0,9.0,0.0,0.0,1.0,0.0,0.17142857142857143,0.0,0.0,0.0,0.0,0.0,18.0,0.0,0.6
http://dropbox-authenticate.gq/support/ticket,hard,1,1.0,1,dropbox-authenticate.gq,dropbox-authenticate.gq,gq,,45.0,23.0,0.0,0.0,0.0,0.0,0.15555555555555556,0.0,0.0,1.0,1.0,1.0,15.0,0.0,0.42105263157894735
https://www.epicgames.com/tree/main/src,hard,0,1.0,1,www.epicgames.com,epicgames.com,com,www,39.0,17.0,0.0,1.0,1.0,0.0,0.20512820512820512,0.0,0.0,0.0,0.0,0.0,14.0,0.0,0.4444444444444444
https://steamcommunity.com/watch?v=dQw4w9WgXcQ,hard,0,1.0,1,steamcommunity.com,steamcommunity.com,com,,46.0,18.0,0.0,0.0,1.0,0.0,0.15217391304347827,0.043478260869565216,0.0,0.0,0.0,0.0,19.0,0.0,0.35714285714285715
http://fedex-reward.work/auth/validate?user=568339,hard,1,1.0,1,fedex-reward.work,fedex-reward.work,work,,50.0,17.0,0.0,0.0,0.0,0.0,0.18,0.12,0.0,1.0,1.0,1.0,25.0,0.0,0.36363636363636365
https://chase.com/api/v2/products?page=2,hard,0,1.0,1,chase.com,chase.com,com,,40.0,9.0,0.0,0.0,1.0,0.0,0.225,0.05,0.0,0.0,0.0,0.0,22.0,1.0,0.4
https://www.stackoverflow.com/profile,hard,0,0.975,1,www.stackoverflow.com,stackoverflow.com,com,www,37.0,21.0,0.0,1.0,1.0,0.0,0.16216216216216217,0.0,0.0,0.0,0.0,0.0,8.0,1.0,0.3076923076923077
https://docker.com/wiki/Main_Page,hard,0,0.975,1,docker.com,docker.com,com,,33.0,10.0,0.0,0.0,1.0,0.0,0.21212121212121213,0.0,0.0,0.0,0.0,0.0,15.0,1.0,0.3333333333333333
https://irs-verify-update.ml/support/ticket,hard,1,1.0,1,irs-verify-update.ml,irs-verify-update.ml,ml,,43.0,20.0,0.0,0.0,1.0,1.0,0.18604651162790697,0.0,0.0,1.0,0.0,2.0,15.0,0.0,0.4
http://usps-helpdesk.win/verify,hard,1,1.0,1,usps-helpdesk.win,usps-helpdesk.win,win,,31.0,17.0,0.0,0.0,0.0,1.0,0.1935483870967742,0.0,0.0,0.0,0.85,1.0,7.0,0.0,0.25
https://www.amazon.com/download,hard,0,0.95,1,www.amazon.com,amazon.com,com,www,31.0,14.0,0.0,1.0,1.0,0.0,0.1935483870967742,0.0,0.0,0.0,0.0,0.0,9.0,1.0,0.5
https://chase-account-confirm.click/login,hard,1,1.0,1,chase-account-confirm.click,chase-account-confirm.click,click,,41.0,27.0,0.0,0.0,1.0,1.0,0.17073170731707318,0.0,0.0,1.0,1.0,2.0,6.0,0.0,0.3684210526315789
https://signin.chase.com.login-secure.top,hard,1,0.7937469711776212,1,signin.chase.com.login-secure.top,login-secure.top,top,signin.chase.com,41.0,33.0,0.0,3.0,1.0,1.0,0.1951219512195122,0.0,0.0,1.0,1.0,1.0,0.0,0.0,0.45454545454545453
https://www.instagram.com/pricing,hard,0,0.95,1,www.instagram.com,instagram.com,com,www,33.0,17.0,0.0,1.0,1.0,0.0,0.18181818181818182,0.0,0.0,0.0,0.0,0.0,8.0,1.0,0.3333333333333333
https://theguardian.com/settings,hard,0,1.0,1,theguardian.com,theguardian.com,com,,32.0,15.0,0.0,0.0,1.0,0.0,0.15625,0.0,0.0,0.0,0.0,0.0,9.0,0.0,0.45454545454545453
https://who.int/science,hard,0,1.0,1,who.int,who.int,int,,23.0,7.0,0.0,0.0,1.0,0.0,0.21739130434782608,0.0,0.0,0.0,0.0,0.0,8.0,0.0,0.3333333333333333
https://epicgames.com/support,hard,0,1.0,1,epicgames.com,epicgames.com,com,,29.0,13.0,0.0,0.0,1.0,0.0,0.1724137931034483,0.0,0.0,0.0,0.0,0.0,8.0,0.0,0.4444444444444444
https://intel.com/api/v2/products?page=2,hard,0,1.0,1,intel.com,intel.com,com,,40.0,9.0,0.0,0.0,1.0,0.0,0.225,0.05,0.0,0.0,0.0,0.0,22.0,0.0,0.4
https://google.com/profile,hard,0,0.975,1,google.com,google.com,com,,26.0,10.0,0.0,0.0,1.0,0.0,0.19230769230769232,0.0,0.0,0.0,0.0,0.0,8.0,1.0,0.5
https://instagr4m-help.com/signin,hard,1,1.0,1,instagr4m-help.com,instagr4m-help.com,com,,33.0,18.0,0.0,0.0,1.0,1.0,0.18181818181818182,0.030303030303030304,0.0,0.0,1.0,1.0,7.0,0.0,0.25
https://192.168.169.88/secure-update,hard,1,1.0,1,192.168.169.88,192.168.169.88,88,192.168,36.0,14.0,1.0,0.0,1.0,1.0,0.2222222222222222,0.3055555555555556,0.0,0.0,0.0,0.0,14.0,0.0,0.0
http://85.48.31.160/wp-login.php,hard,1,1.0,1,85.48.31.160,85.48.31.160,160,85.48,32.0,12.0,1.0,0.0,0.0,1.0,0.28125,0.28125,0.0,0.0,0.0,0.0,13.0,0.0,0.0
https://www.mit.edu/reference/functions.html,hard,0,1.0,1,www.mit.edu,mit.edu,edu,www,44.0,11.0,0.0,1.0,1.0,0.0,0.18181818181818182,0.0,0.0,0.0,0.0,0.0,25.0,0.0,0.3333333333333333
https://who.int/downloads/latest,hard,0,1.0,1,who.int,who.int,int,,32.0,7.0,0.0,0.0,1.0,0.0,0.1875,0.0,0.0,0.0,0.0,0.0,17.0,0.0,0.3333333333333333
https://account-verify.facebook.com.user-verify.tk,hard,1,0.7809305525928776,1,account-verify.facebook.com.user-verify.tk,user-verify.tk,tk,account-verify.facebook.com,50.0,42.0,0.0,3.0,1.0,1.0,0.18,0.0,0.0,1.0,1.0,2.0,0.0,0.0,0.4
https://doordash.com/wiki,hard,0,1.0,1,doordash.com,doordash.com,com,,25.0,12.0,0.0,0.0,1.0,0.0,0.2,0.0,0.0,0.0,0.0,0.0,5.0,0.0,0.375
https://yah00-account.com/signin,hard,1,1.0,1,yah00-account.com,yah00-account.com,com,,32.0,17.0,0.0,0.0,1.0,1.0,0.1875,0.0625,0.0,0.0,1.0,1.0,7.0,0.0,0.4
https://apple.com/careers,hard,0,1.0,1,apple.com,apple.com,com,,25.0,9.0,0.0,0.0,1.0,0.0,0.2,0.0,0.0,0.0,0.0,0.0,8.0,1.0,0.4
https://www.cnn.com/about,hard,0,0.925020988472253,1,www.cnn.com,cnn.com,com,www,25.0,11.0,0.0,1.0,1.0,0.0,0.24,0.0,0.0,0.0,0.0,0.0,6.0,1.0,0.0
http://www.target.com/checkout,hard,0,1.0,1,www.target.com,target.com,com,www,30.0,14.0,0.0,1.0,0.0,0.0,0.2,0.0,0.0,0.0,0.0,0.0,9.0,0.0,0.3333333333333333
https://github.com/item/98213,hard,0,0.9598354688410018,1,github.com,github.com,com,,29.0,10.0,0.0,0.0,1.0,0.0,0.20689655172413793,0.1724137931034483,0.0,0.0,0.0,0.0,11.0,1.0,0.3333333333333333
https://www.americanexpress.com/search,hard,0,1.0,1,www.americanexpress.com,americanexpress.com,com,www,38.0,23.0,0.0,1.0,1.0,0.0,0.15789473684210525,0.0,0.0,0.0,0.0,0.0,7.0,0.0,0.4
https://www.dropbox.com/docs,hard,0,0.95,1,www.dropbox.com,dropbox.com,com,www,28.0,15.0,0.0,1.0,1.0,0.0,0.21428571428571427,0.0,0.0,0.0,0.0,0.0,5.0,1.0,0.2857142857142857
https://www.zoom.us/tree/main/src,hard,0,1.0,1,www.zoom.us,zoom.us,us,www,33.0,11.0,0.0,1.0,1.0,0.0,0.24242424242424243,0.0,0.0,0.0,0.85,0.0,14.0,0.0,0.5
https://techcrunch.com/releases/tag/v2.3.1,hard,0,1.0,1,techcrunch.com,techcrunch.com,com,,42.0,14.0,0.0,0.0,1.0,0.0,0.21428571428571427,0.07142857142857142,0.0,0.0,0.0,0.0,20.0,0.0,0.2
https://faceb00k-login.net/login,hard,1,0.975,1,faceb00k-login.net,faceb00k-login.net,net,,32.0,18.0,0.0,0.0,1.0,1.0,0.1875,0.0625,0.0,0.0,1.0,1.0,6.0,0.0,0.36363636363636365
https://arstechnica.com/settings,hard,0,1.0,1,arstechnica.com,arstechnica.com,com,,32.0,15.0,0.0,0.0,1.0,0.0,0.15625,0.0,0.0,0.0,0.0,0.0,9.0,0.0,0.36363636363636365
https://discord.com/docs/getting-started,hard,0,1.0,1,discord.com,discord.com,com,,40.0,11.0,0.0,0.0,1.0,0.0,0.175,0.0,0.0,0.0,0.0,0.0,21.0,1.0,0.2857142857142857
https://www.cloudflare.com/login,hard,0,1.0,1,www.cloudflare.com,cloudflare.com,com,www,32.0,18.0,0.0,1.0,1.0,1.0,0.1875,0.0,0.0,0.0,0.0,0.0,6.0,0.0,0.4
https://0utlook-login.com/session/renew?token=d81fb3adf784bfb9,hard,1,1.0,1,0utlook-login.com,0utlook-login.com,com,,62.0,17.0,0.0,0.0,1.0,1.0,0.14516129032258066,0.12903225806451613,0.0,0.0,1.0,1.0,36.0,0.0,0.45454545454545453
https://paypal-team-billing-now-secure-identity-service-confirm-update.loan/login/index.php?id=35099,hard,1,1.0,1,paypal-team-billing-now-secure-identity-service-confirm-update.loan,paypal-team-billing-now-secure-identity-service-confirm-update.loan,loan,,100.0,67.0,0.0,0.0,1.0,1.0,0.17,0.05,0.0,1.0,1.0,8.0,24.0,0.0,0.3888888888888889
https://citibank-secure.net/index.php?id=29624,hard,1,1.0,1,citibank-secure.net,citibank-secure.net,net,,46.0,19.0,0.0,0.0,1.0,1.0,0.1956521739130435,0.10869565217391304,0.0,0.0,0.0,1.0,18.0,0.0,0.42857142857142855
https://www.coursera.org/dashboard,hard,0,1.0,1,www.coursera.org,coursera.org,org,www,34.0,16.0,0.0,1.0,1.0,0.0,0.17647058823529413,0.0,0.0,0.0,0.0,0.0,10.0,0.0,0.5
https://www.coursera.org/user/johndoe,hard,0,1.0,1,www.coursera.org,coursera.org,org,www,37.0,16.0,0.0,1.0,1.0,0.0,0.1891891891891892,0.0,0.0,0.0,0.0,0.0,13.0,0.0,0.5
https://lyft.com/download,hard,0,1.0,1,lyft.com,lyft.com,com,,25.0,8.0,0.0,0.0,1.0,0.0,0.2,0.0,0.0,0.0,0.0,0.0,9.0,0.0,0.0
https://chase.com/products,hard,0,1.0,1,chase.com,chase.com,com,,26.0,9.0,0.0,0.0,1.0,0.0,0.19230769230769232,0.0,0.0,0.0,0.0,0.0,9.0,1.0,0.4
https://ebay.com/signin,hard,0,1.0,1,ebay.com,ebay.com,com,,23.0,8.0,0.0,0.0,1.0,1.0,0.21739130434782608,0.0,0.0,0.0,0.0,0.0,7.0,1.0,0.5
https://210.23.157.115:8080/wp-login.php,hard,1,1.0,1,210.23.157.115,210.23.157.115,115,210.23,40.0,14.0,1.0,0.0,1.0,1.0,0.25,0.375,0.0,0.0,0.0,0.0,13.0,0.0,0.0
https://www.amazon.com/search,hard,0,0.95,1,www.amazon.com,amazon.com,com,www,29.0,14.0,0.0,1.0,1.0,0.0,0.20689655172413793,0.0,0.0,0.0,0.0,0.0,7.0,1.0,0.5
https://paypal.com/login,hard,0,0.95,1,paypal.com,paypal.com,com,,24.0,10.0,0.0,0.0,1.0,1.0,0.20833333333333334,0.0,0.0,0.0,0.0,0.0,6.0,1.0,0.3333333333333333
https://twitch.tv/en-us/docs/Web/JavaScript,hard,0,1.0,1,twitch.tv,twitch.tv,tv,,43.0,9.0,0.0,0.0,1.0,0.0,0.20930232558139536,0.0,0.0,0.0,0.0,0.0,26.0,0.0,0.16666666666666666
https://bankofamerica.com/user/johndoe,hard,0,1.0,1,bankofamerica.com,bankofamerica.com,com,,38.0,17.0,0.0,0.0,1.0,0.0,0.15789473684210525,0.0,0.0,0.0,0.0,0.0,13.0,1.0,0.46153846153846156
https://twiiter-verify.com/verify-account,hard,1,1.0,1,twiiter-verify.com,twiiter-verify.com,com,,41.0,18.0,0.0,0.0,1.0,1.0,0.17073170731707318,0.0,0.0,0.0,0.85,1.0,15.0,0.0,0.38461538461538464
https://coursera.org/business,hard,0,1.0,1,coursera.org,coursera.org,org,,29.0,12.0,0.0,0.0,1.0,0.0,0.1724137931034483,0.0,0.0,0.0,0.0,0.0,9.0,0.0,0.5
https://harvard.edu/health,hard,0,1.0,1,harvard.edu,harvard.edu,edu,,26.0,11.0,0.0,0.0,1.0,0.0,0.19230769230769232,0.0,0.0,0.0,0.0,0.0,7.0,0.0,0.2857142857142857
https://target.com/library/3.12,hard,0,1.0,1,target.com,target.com,com,,31.0,10.0,0.0,0.0,1.0,0.0,0.22580645161290322,0.0967741935483871,0.0,0.0,0.0,0.0,13.0,0.0,0.3333333333333333
https://x.com/health,hard,0,1.0,1,x.com,x.com,com,,20.0,5.0,0.0,0.0,1.0,0.0,0.25,0.0,0.0,0.0,0.0,0.0,7.0,0.0,0.0
https://signin.linkedin.com.security-update.co,hard,1,0.7495070232129367,1,signin.linkedin.com.security-update.co,security-update.co,co,signin.linkedin.com,46.0,38.0,0.0,3.0,1.0,1.0,0.17391304347826086,0.0,0.0,0.0,1.0,1.0,0.0,0.0,0.42857142857142855
http://wikipedia.org/account,hard,0,1.0,1,wikipedia.org,wikipedia.org,org,,28.0,13.0,0.0,0.0,0.0,1.0,0.17857142857142858,0.0,0.0,0.0,0.0,0.0,8.0,1.0,0.5555555555555556
https://open.spotify.com/health,hard,0,0.95,1,open.spotify.com,spotify.com,com,open,31.0,16.0,0.0,1.0,1.0,0.0,0.1935483870967742,0.0,0.0,0.0,0.0,0.0,7.0,1.0,0.2857142857142857
https://instagram.com/,hard,0,0.975,1,instagram.com,instagram.com,com,,22.0,13.0,0.0,0.0,1.0,0.0,0.22727272727272727,0.0,0.0,0.0,0.0,0.0,1.0,1.0,0.3333333333333333
https://www.harvard.edu/item/98213,hard,0,0.991148542253185,1,www.harvard.edu,harvard.edu,edu,www,34.0,15.0,0.0,1.0,1.0,0.0,0.20588235294117646,0.14705882352941177,0.0,0.0,0.0,0.0,11.0,0.0,0.2857142857142857
https://secure-hsbc287.account.club/signin,hard,1,1.0,1,secure-hsbc287.account.club,account.club,club,secure-hsbc287,42.0,27.0,0.0,1.0,1.0,1.0,0.16666666666666666,0.07142857142857142,0.0,0.0,0.0,1.0,7.0,0.0,0.42857142857142855
https://medium.com/repos/example/project,hard,0,1.0,1,medium.com,medium.com,com,,40.0,10.0,0.0,0.0,1.0,0.0,0.175,0.0,0.0,0.0,0.0,0.0,22.0,0.0,0.5
https://login-irs361.alert.com/account/update,hard,1,1.0,1,login-irs361.alert.com,alert.com,com,login-irs361,45.0,22.0,0.0,1.0,1.0,1.0,0.17777777777777778,0.06666666666666667,0.0,0.0,0.0,1.0,15.0,0.0,0.4
https://techcrunch.com/blog/2025/new-features,hard,0,1.0,1,techcrunch.com,techcrunch.com,com,,45.0,14.0,0.0,0.0,1.0,0.0,0.17777777777777778,0.08888888888888889,0.0,0.0,0.0,0.0,23.0,0.0,0.2
https://expedia.com/help,hard,0,1.0,1,expedia.com,expedia.com,com,,24.0,11.0,0.0,0.0,1.0,0.0,0.20833333333333334,0.0,0.0,0.0,0.0,0.0,5.0,0.0,0.5714285714285714
https://signin.apple.com.id-check.ml,hard,1,0.818116278547232,1,signin.apple.com.id-check.ml,id-check.ml,ml,signin.apple.com,36.0,28.0,0.0,3.0,1.0,1.0,0.2222222222222222,0.0,0.0,1.0,1.0,1.0,0.0,0.0,0.2857142857142857
https://discord.com/news/technology,hard,0,0.975,1,discord.com,discord.com,com,,35.0,11.0,0.0,0.0,1.0,0.0,0.17142857142857143,0.0,0.0,0.0,0.0,0.0,16.0,1.0,0.2857142857142857
https://www.cnn.com/technology,hard,0,0.95,1,www.cnn.com,cnn.com,com,www,30.0,11.0,0.0,1.0,1.0,0.0,0.2,0.0,0.0,0.0,0.0,0.0,11.0,1.0,0.0
https://netflix-secure-alert.ml/session/renew?token=140f13c12dc5eb9a,hard,1,1.0,1,netflix-secure-alert.ml,netflix-secure-alert.ml,ml,,68.0,23.0,0.0,0.0,1.0,1.0,0.14705882352941177,0.1323529411764706,0.0,1.0,1.0,2.0,36.0,0.0,0.3888888888888889
https://dhl-update-wallet.online/wallet/unlock,hard,1,1.0,1,dhl-update-wallet.online,dhl-update-wallet.online,online,,46.0,24.0,0.0,0.0,1.0,1.0,0.17391304347826086,0.0,0.0,1.0,0.0,2.0,14.0,0.0,0.3333333333333333
https://ibm.com/products/electronics,hard,0,1.0,1,ibm.com,ibm.com,com,,36.0,7.0,0.0,0.0,1.0,0.0,0.16666666666666666,0.0,0.0,0.0,0.0,0.0,21.0,0.0,0.3333333333333333
https://www.target.com/news/technology,hard,0,1.0,1,www.target.com,target.com,com,www,38.0,14.0,0.0,1.0,1.0,0.0,0.18421052631578946,0.0,0.0,0.0,0.0,0.0,16.0,0.0,0.3333333333333333
https://steamcommunity.com/contact,hard,0,1.0,1,steamcommunity.com,steamcommunity.com,com,,34.0,18.0,0.0,0.0,1.0,0.0,0.14705882352941177,0.0,0.0,0.0,0.0,0.0,8.0,0.0,0.35714285714285715
https://console.cloud.google.com/watch?v=dQw4w9WgXcQ,hard,0,0.975,1,console.cloud.google.com,google.com,com,console.cloud,52.0,24.0,0.0,2.0,1.0,0.0,0.17307692307692307,0.038461538461538464,0.0,0.0,0.0,0.0,19.0,1.0,0.5
http://facebook-crypto.men/account/update,hard,1,1.0,1,facebook-crypto.men,facebook-crypto.men,men,,41.0,19.0,0.0,0.0,0.0,1.0,0.17073170731707318,0.0,0.0,0.0,1.0,1.0,15.0,0.0,0.35714285714285715
https://wsj.com/community,hard,0,1.0,1,wsj.com,wsj.com,com,,25.0,7.0,0.0,0.0,1.0,0.0,0.2,0.0,0.0,0.0,0.0,0.0,10.0,0.0,0.0
https://bankofamerica-update-bank.loan/index.php?id=49905,hard,1,1.0,1,bankofamerica-update-bank.loan,bankofamerica-update-bank.loan,loan,,57.0,30.0,0.0,0.0,1.0,1.0,0.17543859649122806,0.08771929824561403,0.0,1.0,1.0,2.0,18.0,0.0,0.43478260869565216
https://www.wordpress.com/reference/functions.html,hard,0,1.0,1,www.wordpress.com,wordpress.com,com,www,50.0,17.0,0.0,1.0,1.0,0.0,0.16,0.0,0.0,0.0,0.0,0.0,25.0,0.0,0.2222222222222222
https://auth.americanexpress.com.auth-portal.cf,hard,1,0.6769033166808048,1,auth.americanexpress.com.auth-portal.cf,auth-portal.cf,cf,auth.americanexpress.com,47.0,39.0,0.0,3.0,1.0,0.0,0.1702127659574468,0.0,0.0,1.0,0.0,1.0,0.0,0.0,0.4
https://login-apple101.login.top/auth/validate?user=796372,hard,1,1.0,1,login-apple101.login.top,login.top,top,login-apple101,58.0,24.0,0.0,1.0,1.0,1.0,0.1724137931034483,0.15517241379310345,0.0,1.0,0.0,1.0,25.0,0.0,0.4
https://console.cloud.google.com/signin,hard,0,1.0,1,console.cloud.google.com,google.com,com,console.cloud,39.0,24.0,0.0,2.0,1.0,1.0,0.1794871794871795,0.0,0.0,0.0,0.0,0.0,7.0,1.0,0.5
https://developer.apple.com/en-us/library,hard,0,1.0,1,developer.apple.com,apple.com,com,developer,41.0,19.0,0.0,1.0,1.0,0.0,0.1951219512195122,0.0,0.0,0.0,0.0,0.0,14.0,1.0,0.4
https://www.wsj.com/forum,hard,0,0.9750209884722529,1,www.wsj.com,wsj.com,com,www,25.0,11.0,0.0,1.0,1.0,0.0,0.24,0.0,0.0,0.0,0.0,0.0,6.0,0.0,0.0
http://notion.so/tree/main/src,hard,0,1.0,1,notion.so,notion.so,so,,30.0,9.0,0.0,0.0,0.0,0.0,0.23333333333333334,0.0,0.0,0.0,0.0,0.0,14.0,0.0,0.5
https://wellsfargo.com/settings,hard,0,1.0,1,wellsfargo.com,wellsfargo.com,com,,31.0,14.0,0.0,0.0,1.0,0.0,0.16129032258064516,0.0,0.0,0.0,0.0,0.0,9.0,0.0,0.3
https://www.youtube.com/watch?v=dQw4w9WgXcQ,hard,0,1.0,1,www.youtube.com,youtube.com,com,www,43.0,15.0,0.0,1.0,1.0,0.0,0.18604651162790697,0.046511627906976744,0.0,0.0,0.0,0.0,19.0,1.0,0.5714285714285714
https://atlassian.com/docs,hard,0,1.0,1,atlassian.com,atlassian.com,com,,26.0,13.0,0.0,0.0,1.0,0.0,0.19230769230769232,0.0,0.0,0.0,0.0,0.0,5.0,0.0,0.4444444444444444
https://auth.google.com.confirm-identity.gq,hard,1,0.654439064895885,1,auth.google.com.confirm-identity.gq,confirm-identity.gq,gq,auth.google.com,43.0,35.0,0.0,3.0,1.0,0.0,0.18604651162790697,0.0,0.0,1.0,1.0,1.0,0.0,0.0,0.3333333333333333
https://id-confirm.paypal.com.signin-support.online,hard,1,0.845097755695526,1,id-confirm.paypal.com.signin-support.online,signin-support.online,online,id-confirm.paypal.com,51.0,43.0,0.0,3.0,1.0,1.0,0.17647058823529413,0.0,0.0,1.0,1.0,2.0,0.0,0.0,0.3076923076923077
https://www.ibm.com/blog,hard,0,1.0,1,www.ibm.com,ibm.com,com,www,24.0,11.0,0.0,1.0,1.0,0.0,0.25,0.0,0.0,0.0,0.0,0.0,5.0,0.0,0.3333333333333333
https://store.steampowered.com/profile,hard,0,1.0,1,store.steampowered.com,steampowered.com,com,store,38.0,22.0,0.0,1.0,1.0,0.0,0.15789473684210525,0.0,0.0,0.0,0.0,0.0,8.0,0.0,0.4166666666666667
https://now-identity-team-portal-update-confirm-account-info.com/login/index.php?id=38602,hard,1,1.0,1,now-identity-team-portal-update-confirm-account-info.com,now-identity-team-portal-update-confirm-account-info.com,com,,89.0,56.0,0.0,0.0,1.0,1.0,0.1797752808988764,0.056179775280898875,0.0,0.0,0.0,7.0,24.0,0.0,0.4
https://hmrc-verify-confirm.work/index.php?id=36918,hard,1,1.0,1,hmrc-verify-confirm.work,hmrc-verify-confirm.work,work,,51.0,24.0,0.0,0.0,1.0,1.0,0.19607843137254902,0.09803921568627451,0.0,1.0,0.0,2.0,18.0,0.0,0.23529411764705882
http://28.44.247.186:443/bank/secure,hard,1,1.0,1,28.44.247.186,28.44.247.186,186,28.44,36.0,13.0,1.0,0.0,0.0,1.0,0.25,0.3611111111111111,0.0,0.0,0.0,0.0,12.0,0.0,0.0
https://netfl1x-billing.com/auth/validate?user=464527,hard,1,1.0,1,netfl1x-billing.com,netfl1x-billing.com,com,,53.0,19.0,0.0,0.0,1.0,0.0,0.16981132075471697,0.1320754716981132,0.0,0.0,0.85,1.0,25.0,0.0,0.23076923076923078
https://www.paypal.com/wiki,hard,0,0.95,1,www.paypal.com,paypal.com,com,www,27.0,14.0,0.0,1.0,1.0,0.0,0.2222222222222222,0.0,0.0,0.0,0.0,0.0,5.0,1.0,0.3333333333333333
http://usps-authenticate.work/session/renew?token=ea2a6dd6ee0b4490,hard,1,1.0,1,usps-authenticate.work,usps-authenticate.work,work,,66.0,22.0,0.0,0.0,0.0,0.0,0.13636363636363635,0.12121212121212122,0.0,1.0,0.85,1.0,36.0,0.0,0.4375
https://twitch.tv/api/v1/users,hard,0,1.0,1,twitch.tv,twitch.tv,tv,,30.0,9.0,0.0,0.0,1.0,0.0,0.23333333333333334,0.03333333333333333,0.0,0.0,0.0,0.0,13.0,0.0,0.16666666666666666
https://www.usa.gov/tree/main/src,hard,0,1.0,1,www.usa.gov,usa.gov,gov,www,33.0,11.0,0.0,1.0,1.0,0.0,0.24242424242424243,0.0,0.0,0.0,0.0,0.0,14.0,0.0,0.6666666666666666
https://ibm.com/wiki/Main_Page,hard,0,1.0,1,ibm.com,ibm.com,com,,30.0,7.0,0.0,0.0,1.0,0.0,0.23333333333333334,0.0,0.0,0.0,0.0,0.0,15.0,0.0,0.3333333333333333
http://www.facebook.com/signin,hard,0,1.0,1,www.facebook.com,facebook.com,com,www,30.0,16.0,0.0,1.0,0.0,1.0,0.2,0.0,0.0,0.0,0.0,0.0,7.0,1.0,0.5
https://atlassian.com/wiki/Main_Page,hard,0,1.0,1,atlassian.com,atlassian.com,com,,36.0,13.0,0.0,0.0,1.0,0.0,0.19444444444444445,0.0,0.0,0.0,0.0,0.0,15.0,0.0,0.4444444444444444
https://214.199.120.240/wp-login.php,hard,1,1.0,1,214.199.120.240,214.199.120.240,240,214.199,36.0,15.0,1.0,0.0,1.0,1.0,0.25,0.3333333333333333,0.0,0.0,0.0,0.0,13.0,0.0,0.0
https://uber.com/wiki,hard,0,1.0,1,uber.com,uber.com,com,,21.0,8.0,0.0,0.0,1.0,0.0,0.23809523809523808,0.0,0.0,0.0,0.0,0.0,5.0,0.0,0.5
http://68.74.222.4:8443/admin/login.php,hard,1,1.0,1,68.74.222.4,68.74.222.4,4,68.74,39.0,11.0,1.0,0.0,0.0,1.0,0.2564102564102564,0.3076923076923077,0.0,0.0,0.0,0.0,16.0,0.0,0.0
https://blogger.com/playlist?list=PL12345,hard,0,1.0,1,blogger.com,blogger.com,com,,41.0,11.0,0.0,0.0,1.0,0.0,0.17073170731707318,0.12195121951219512,0.0,0.0,0.0,0.0,21.0,0.0,0.2857142857142857
http://www.hsbc.com/article/2025/06/12/world-news,hard,0,1.0,1,www.hsbc.com,hsbc.com,com,www,49.0,12.0,0.0,1.0,0.0,0.0,0.22448979591836735,0.16326530612244897,0.0,0.0,0.0,0.0,30.0,0.0,0.0
https://www.google.com/article/2025/06/12/world-news,hard,0,1.0,1,www.google.com,google.com,com,www,52.0,14.0,0.0,1.0,1.0,0.0,0.21153846153846154,0.15384615384615385,0.0,0.0,0.0,0.0,30.0,1.0,0.5
https://linkedln-verify.com/account/update,hard,1,1.0,1,linkedln-verify.com,linkedln-verify.com,com,,42.0,19.0,0.0,0.0,1.0,1.0,0.16666666666666666,0.0,0.0,0.0,0.85,1.0,15.0,0.0,0.2857142857142857
https://epicgames.com/about,hard,0,1.0,1,epicgames.com,epicgames.com,com,,27.0,13.0,0.0,0.0,1.0,0.0,0.18518518518518517,0.0,0.0,0.0,0.0,0.0,6.0,0.0,0.4444444444444444
https://hsbc.com/signin,hard,0,1.0,1,hsbc.com,hsbc.com,com,,23.0,8.0,0.0,0.0,1.0,1.0,0.21739130434782608,0.0,0.0,0.0,0.0,0.0,7.0,0.0,0.0
https://www.google.com/features/security,hard,0,1.0,1,www.google.com,google.com,com,www,40.0,14.0,0.0,1.0,1.0,0.0,0.175,0.0,0.0,0.0,0.0,0.0,18.0,1.0,0.5
https://azure.microsoft.com/forum,hard,0,0.95,1,azure.microsoft.com,microsoft.com,com,azure,33.0,19.0,0.0,1.0,1.0,0.0,0.18181818181818182,0.0,0.0,0.0,0.0,0.0,6.0,1.0,0.3333333333333333
https://citibank-unlock-billing.top/wallet/unlock,hard,1,1.0,1,citibank-unlock-billing.top,citibank-unlock-billing.top,top,,49.0,27.0,0.0,0.0,1.0,1.0,0.16326530612244897,0.0,0.0,1.0,0.0,2.0,14.0,0.0,0.3333333333333333
https://developer.mozilla.org/products,hard,0,1.0,1,developer.mozilla.org,mozilla.org,org,developer,38.0,21.0,0.0,1.0,1.0,0.0,0.15789473684210525,0.0,0.0,0.0,0.0,0.0,9.0,1.0,0.42857142857142855
https://quora.com/questions/12345/how-to-parse-json,hard,0,1.0,1,quora.com,quora.com,com,,51.0,9.0,0.0,0.0,1.0,0.0,0.19607843137254902,0.09803921568627451,0.0,0.0,0.0,0.0,34.0,0.0,0.6
https://confirm-identity-info-paypal-support-service-billing.top/verify/session.php?token=65cc9439fd94,hard,1,1.0,1,confirm-identity-info-paypal-support-service-billing.top,confirm-identity-info-paypal-support-service-billing.top,top,,102.0,56.0,0.0,0.0,1.0,1.0,0.14705882352941177,0.0784313725490196,0.0,1.0,1.0,6.0,37.0,0.0,0.34782608695652173
https://open.spotify.com/docs,hard,0,0.95,1,open.spotify.com,spotify.com,com,open,29.0,16.0,0.0,1.0,1.0,0.0,0.20689655172413793,0.0,0.0,0.0,0.0,0.0,5.0,1.0,0.2857142857142857
https://linkedin-password-reset-helpdesk.win/account/update,hard,1,1.0,1,linkedin-password-reset-helpdesk.win,linkedin-password-reset-helpdesk.win,win,,59.0,36.0,0.0,0.0,1.0,1.0,0.15254237288135594,0.0,0.0,0.0,1.0,3.0,15.0,0.0,0.3103448275862069
https://auth.linkedin.com.auth-portal.cf,hard,1,0.8010545337258037,1,auth.linkedin.com.auth-portal.cf,auth-portal.cf,cf,auth.linkedin.com,40.0,32.0,0.0,3.0,1.0,0.0,0.2,0.0,0.0,1.0,1.0,1.0,0.0,0.0,0.4
https://open.spotify.com/privacy,hard,0,0.95,1,open.spotify.com,spotify.com,com,open,32.0,16.0,0.0,1.0,1.0,0.0,0.1875,0.0,0.0,0.0,0.0,0.0,8.0,1.0,0.2857142857142857
https://google-confirm-suspended.gq/auth/validate?user=429603,hard,1,1.0,1,google-confirm-suspended.gq,google-confirm-suspended.gq,gq,,61.0,27.0,0.0,0.0,1.0,0.0,0.16393442622950818,0.09836065573770492,0.0,1.0,1.0,2.0,25.0,0.0,0.36363636363636365
https://trello.com/issues/1042,hard,0,0.9891170323928945,1,trello.com,trello.com,com,,30.0,10.0,0.0,0.0,1.0,0.0,0.2,0.13333333333333333,0.0,0.0,0.0,0.0,12.0,0.0,0.3333333333333333
http://192.168.46.80:443/index.php,hard,1,1.0,1,192.168.46.80,192.168.46.80,80,192.168,34.0,13.0,1.0,0.0,0.0,0.0,0.2647058823529412,0.38235294117647056,0.0,0.0,0.0,0.0,10.0,0.0,0.0
https://www.who.int/login,hard,0,0.9848786354690574,1,www.who.int,who.int,int,www,25.0,11.0,0.0,1.0,1.0,1.0,0.24,0.0,0.0,0.0,0.0,0.0,6.0,0.0,0.3333333333333333
https://myinstagram-instagram114.alert.top/reset-password,hard,1,1.0,1,myinstagram-instagram114.alert.top,alert.top,top,myinstagram-instagram114,57.0,34.0,0.0,1.0,1.0,1.0,0.14035087719298245,0.05263157894736842,0.0,1.0,0.8181818181818182,1.0,15.0,0.0,0.4
https://www.slack.com/support,hard,0,1.0,1,www.slack.com,slack.com,com,www,29.0,13.0,0.0,1.0,1.0,0.0,0.20689655172413793,0.0,0.0,0.0,0.0,0.0,8.0,0.0,0.2
https://www.nytimes.com/en-us/library,hard,0,1.0,1,www.nytimes.com,nytimes.com,com,www,37.0,15.0,0.0,1.0,1.0,0.0,0.21621621621621623,0.0,0.0,0.0,0.0,0.0,14.0,0.0,0.2857142857142857
https://account-verify.bankofamerica.com.auth-portal.cf,hard,1,0.863530301187682,1,account-verify.bankofamerica.com.auth-portal.cf,auth-portal.cf,cf,account-verify.bankofamerica.com,55.0,47.0,0.0,3.0,1.0,1.0,0.16363636363636364,0.0,0.0,1.0,1.0,2.0,0.0,0.0,0.4
https://amazon.com/order/confirmation/778213,hard,0,1.0,1,amazon.com,amazon.com,com,,44.0,10.0,0.0,0.0,1.0,0.0,0.1590909090909091,0.13636363636363635,0.0,0.0,0.0,0.0,26.0,1.0,0.5
https://www.nasa.gov/news,hard,0,1.0,1,www.nasa.gov,nasa.gov,gov,www,25.0,12.0,0.0,1.0,1.0,0.0,0.24,0.0,0.0,0.0,0.0,0.0,5.0,0.0,0.5
http://medium.com/library/3.12,hard,0,1.0,1,medium.com,medium.com,com,,30.0,10.0,0.0,0.0,0.0,0.0,0.23333333333333334,0.1,0.0,0.0,0.0,0.0,13.0,0.0,0.5
http://www.discord.com/news/technology,hard,0,1.0,1,www.discord.com,discord.com,com,www,38.0,15.0,0.0,1.0,0.0,0.0,0.18421052631578946,0.0,0.0,0.0,0.0,0.0,16.0,1.0,0.2857142857142857
https://www.uber.com/login,hard,0,0.9848786354690574,1,www.uber.com,uber.com,com,www,26.0,12.0,0.0,1.0,1.0,1.0,0.23076923076923078,0.0,0.0,0.0,0.0,0.0,6.0,0.0,0.5
https://official-portal-support-update-info-billing.net/secure/index.html,hard,1,1.0,1,official-portal-support-update-info-billing.net,official-portal-support-update-info-billing.net,net,,73.0,47.0,0.0,0.0,1.0,1.0,0.1643835616438356,0.0,0.0,0.0,0.0,5.0,18.0,0.0,0.39473684210526316
https://linkedln-verify.com/signin,hard,1,1.0,1,linkedln-verify.com,linkedln-verify.com,com,,34.0,19.0,0.0,0.0,1.0,1.0,0.17647058823529413,0.0,0.0,0.0,0.85,1.0,7.0,0.0,0.2857142857142857
http://cloud.google.com/wiki,hard,0,1.0,1,cloud.google.com,google.com,com,cloud,28.0,16.0,0.0,1.0,0.0,0.0,0.21428571428571427,0.0,0.0,0.0,0.0,0.0,5.0,1.0,0.5
https://harvard.edu/support,hard,0,1.0,1,harvard.edu,harvard.edu,edu,,27.0,11.0,0.0,0.0,1.0,0.0,0.18518518518518517,0.0,0.0,0.0,0.0,0.0,8.0,0.0,0.2857142857142857
http://linkedin-password-reset.men/login,hard,1,1.0,1,linkedin-password-reset.men,linkedin-password-reset.men,men,,40.0,27.0,0.0,0.0,0.0,1.0,0.175,0.0,0.0,0.0,1.0,2.0,6.0,0.0,0.3333333333333333
https://cdc.gov/releases/tag/v2.3.1,hard,0,0.9994261999278239,1,cdc.gov,cdc.gov,gov,,35.0,7.0,0.0,0.0,1.0,0.0,0.2571428571428571,0.08571428571428572,0.0,0.0,0.0,0.0,20.0,0.0,0.0
https://www.walmart.com/questions/12345/how-to-parse-json,hard,0,1.0,1,www.walmart.com,walmart.com,com,www,57.0,15.0,0.0,1.0,1.0,0.0,0.19298245614035087,0.08771929824561403,0.0,0.0,0.0,0.0,34.0,1.0,0.2857142857142857
https://www.bankofamerica.com/docs/api,hard,0,1.0,1,www.bankofamerica.com,bankofamerica.com,com,www,38.0,21.0,0.0,1.0,1.0,0.0,0.18421052631578946,0.0,0.0,0.0,0.0,0.0,9.0,1.0,0.46153846153846156
https://berkeley.edu/download,hard,0,1.0,1,berkeley.edu,berkeley.edu,edu,,29.0,12.0,0.0,0.0,1.0,0.0,0.1724137931034483,0.0,0.0,0.0,0.0,0.0,9.0,0.0,0.375
https://salesforce.com/wiki,hard,0,1.0,1,salesforce.com,salesforce.com,com,,27.0,14.0,0.0,0.0,1.0,0.0,0.18518518518518517,0.0,0.0,0.0,0.0,0.0,5.0,0.0,0.4
https://stanford.edu/support,hard,0,1.0,1,stanford.edu,stanford.edu,edu,,28.0,12.0,0.0,0.0,1.0,0.0,0.17857142857142858,0.0,0.0,0.0,0.0,0.0,8.0,0.0,0.25
https://harvard.edu/sports,hard,0,1.0,1,harvard.edu,harvard.edu,edu,,26.0,11.0,0.0,0.0,1.0,0.0,0.19230769230769232,0.0,0.0,0.0,0.0,0.0,7.0,0.0,0.2857142857142857
https://paypal.com/order/confirmation/778213,hard,0,1.0,1,paypal.com,paypal.com,com,,44.0,10.0,0.0,0.0,1.0,0.0,0.1590909090909091,0.13636363636363635,0.0,0.0,0.0,0.0,26.0,1.0,0.3333333333333333
https://wired.com/products,hard,0,1.0,1,wired.com,wired.com,com,,26.0,9.0,0.0,0.0,1.0,0.0,0.19230769230769232,0.0,0.0,0.0,0.0,0.0,9.0,0.0,0.4
https://dropbox.com/world,hard,0,0.975,1,dropbox.com,dropbox.com,com,,25.0,11.0,0.0,0.0,1.0,0.0,0.2,0.0,0.0,0.0,0.0,0.0,6.0,1.0,0.2857142857142857
https://signin.amazon.com.user-verify.tk,hard,1,0.8489099285294914,1,signin.amazon.com.user-verify.tk,user-verify.tk,tk,signin.amazon.com,40.0,32.0,0.0,3.0,1.0,1.0,0.2,0.0,0.0,1.0,1.0,1.0,0.0,0.0,0.4
https://dropbox.com/watch?v=dQw4w9WgXcQ,hard,0,1.0,1,dropbox.com,dropbox.com,com,,39.0,11.0,0.0,0.0,1.0,0.0,0.1794871794871795,0.05128205128205128,0.0,0.0,0.0,0.0,19.0,1.0,0.2857142857142857
http://bankofamerica-verify.cf/confirm-identity,hard,1,1.0,1,bankofamerica-verify.cf,bankofamerica-verify.cf,cf,,47.0,23.0,0.0,0.0,0.0,1.0,0.14893617021276595,0.0,0.0,1.0,1.0,1.0,17.0,0.0,0.42105263157894735
https://www.discord.com/terms,hard,0,0.95,1,www.discord.com,discord.com,com,www,29.0,15.0,0.0,1.0,1.0,0.0,0.20689655172413793,0.0,0.0,0.0,0.0,0.0,6.0,1.0,0.2857142857142857
https://www.cdc.gov/dashboard,hard,0,1.0,1,www.cdc.gov,cdc.gov,gov,www,29.0,11.0,0.0,1.0,1.0,0.0,0.20689655172413793,0.0,0.0,0.0,0.0,0.0,10.0,0.0,0.0
https://0utlook-login.com/auth/validate?user=788938,hard,1,1.0,1,0utlook-login.com,0utlook-login.com,com,,51.0,17.0,0.0,0.0,1.0,1.0,0.17647058823529413,0.13725490196078433,0.0,0.0,1.0,1.0,25.0,0.0,0.45454545454545453
https://www.ibm.com/products/electronics,hard,0,1.0,1,www.ibm.com,ibm.com,com,www,40.0,11.0,0.0,1.0,1.0,0.0,0.175,0.0,0.0,0.0,0.0,0.0,21.0,0.0,0.3333333333333333
https://npmjs.com/tree/main/src,hard,0,1.0,1,npmjs.com,npmjs.com,com,,31.0,9.0,0.0,0.0,1.0,0.0,0.22580645161290322,0.0,0.0,0.0,0.0,0.0,14.0,0.0,0.0
https://bankofamerica.com/article/2025/06/12/world-news,hard,0,1.0,1,bankofamerica.com,bankofamerica.com,com,,55.0,17.0,0.0,0.0,1.0,0.0,0.18181818181818182,0.14545454545454545,0.0,0.0,0.0,0.0,30.0,1.0,0.46153846153846156
https://rnicrosoft.com/auth/validate?user=38142,hard,1,1.0,1,rnicrosoft.com,rnicrosoft.com,com,,47.0,14.0,0.0,0.0,1.0,0.0,0.1702127659574468,0.10638297872340426,0.0,0.0,0.0,0.0,24.0,0.0,0.3
https://nih.gov/playlist?list=PL12345,hard,0,1.0,1,nih.gov,nih.gov,gov,,37.0,7.0,0.0,0.0,1.0,0.0,0.1891891891891892,0.13513513513513514,0.0,0.0,0.0,0.0,21.0,0.0,0.3333333333333333
https://www.mit.edu/blog,hard,0,1.0,1,www.mit.edu,mit.edu,edu,www,24.0,11.0,0.0,1.0,1.0,0.0,0.25,0.0,0.0,0.0,0.0,0.0,5.0,0.0,0.3333333333333333
http://booking.com/science,hard,0,1.0,1,booking.com,booking.com,com,,26.0,11.0,0.0,0.0,0.0,0.0,0.19230769230769232,0.0,0.0,0.0,0.0,0.0,8.0,0.0,0.42857142857142855
https://id-confirm.chase.com.login-secure.top,hard,1,0.8224175657434195,1,id-confirm.chase.com.login-secure.top,login-secure.top,top,id-confirm.chase.com,45.0,37.0,0.0,3.0,1.0,1.0,0.2,0.0,0.0,1.0,1.0,2.0,0.0,0.0,0.45454545454545453
https://team-billing-service-official-center-identity-user-now-confirm.com/login/index.php?id=35079,hard,1,1.0,1,team-billing-service-official-center-identity-user-now-confirm.com,team-billing-service-official-center-identity-user-now-confirm.com,com,,99.0,66.0,0.0,0.0,1.0,1.0,0.1717171717171717,0.050505050505050504,0.0,0.0,0.0,8.0,24.0,0.0,0.3888888888888889
https://americanexpress-account-bank.men/verify-account,hard,1,1.0,1,americanexpress-account-bank.men,americanexpress-account-bank.men,men,,55.0,32.0,0.0,0.0,1.0,1.0,0.14545454545454545,0.0,0.0,0.0,0.0,2.0,15.0,0.0,0.38461538461538464
https://americanexpress.com/wiki/Main_Page,hard,0,1.0,1,americanexpress.com,americanexpress.com,com,,42.0,19.0,0.0,0.0,1.0,0.0,0.16666666666666666,0.0,0.0,0.0,0.0,0.0,15.0,0.0,0.4
https://www.wordpress.com/api/v2/products?page=2,hard,0,1.0,1,www.wordpress.com,wordpress.com,com,www,48.0,17.0,0.0,1.0,1.0,0.0,0.20833333333333334,0.041666666666666664,0.0,0.0,0.0,0.0,22.0,0.0,0.2222222222222222
https://paypal-update-verify-account-support-team-center.men/secure/index.html,hard,1,1.0,1,paypal-update-verify-account-support-team-center.men,paypal-update-verify-account-support-team-center.men,men,,78.0,52.0,0.0,0.0,1.0,1.0,0.16666666666666666,0.0,0.0,0.0,1.0,6.0,18.0,0.0,0.38095238095238093
https://www.youtube.com/privacy,hard,0,0.95,1,www.youtube.com,youtube.com,com,www,31.0,15.0,0.0,1.0,1.0,0.0,0.1935483870967742,0.0,0.0,0.0,0.0,0.0,8.0,1.0,0.5714285714285714
https://digitalocean.com/search,hard,0,1.0,1,digitalocean.com,digitalocean.com,com,,31.0,16.0,0.0,0.0,1.0,0.0,0.16129032258064516,0.0,0.0,0.0,0.0,0.0,7.0,0.0,0.5
https://netflix.com/contact,hard,0,0.975,1,netflix.com,netflix.com,com,,27.0,11.0,0.0,0.0,1.0,0.0,0.18518518518518517,0.0,0.0,0.0,0.0,0.0,8.0,1.0,0.2857142857142857
https://www.cnn.com/downloads/latest,hard,0,1.0,1,www.cnn.com,cnn.com,com,www,36.0,11.0,0.0,1.0,1.0,0.0,0.19444444444444445,0.0,0.0,0.0,0.0,0.0,17.0,1.0,0.0
https://www.ebay.com/wiki/Main_Page,hard,0,0.975,1,www.ebay.com,ebay.com,com,www,35.0,12.0,0.0,1.0,1.0,0.0,0.22857142857142856,0.0,0.0,0.0,0.0,0.0,15.0,1.0,0.5
https://www.ebay.com/products/electronics,hard,0,1.0,1,www.ebay.com,ebay.com,com,www,41.0,12.0,0.0,1.0,1.0,0.0,0.17073170731707318,0.0,0.0,0.0,0.0,0.0,21.0,1.0,0.5
https://www.intel.com/profile,hard,0,1.0,1,www.intel.com,intel.com,com,www,29.0,13.0,0.0,1.0,1.0,0.0,0.20689655172413793,0.0,0.0,0.0,0.0,0.0,8.0,0.0,0.4
https://azure.microsoft.com/business,hard,0,0.975,1,azure.microsoft.com,microsoft.com,com,azure,36.0,19.0,0.0,1.0,1.0,0.0,0.16666666666666666,0.0,0.0,0.0,0.0,0.0,9.0,1.0,0.3333333333333333
https://secure-billing-info-official-support-portal.win/login/index.php?id=35948,hard,1,1.0,1,secure-billing-info-official-support-portal.win,secure-billing-info-official-support-portal.win,win,,80.0,47.0,0.0,0.0,1.0,1.0,0.175,0.0625,0.0,0.0,0.0,5.0,24.0,0.0,0.39473684210526316
https://open.spotify.com/dashboard,hard,0,0.975,1,open.spotify.com,spotify.com,com,open,34.0,16.0,0.0,1.0,1.0,0.0,0.17647058823529413,0.0,0.0,0.0,0.0,0.0,10.0,1.0,0.2857142857142857
https://arnazon.com/session/renew?token=b832bd64cda1e8b3,hard,1,1.0,1,arnazon.com,arnazon.com,com,,56.0,11.0,0.0,0.0,1.0,0.0,0.14285714285714285,0.14285714285714285,0.0,0.0,0.0,0.0,36.0,0.0,0.42857142857142855
https://nih.gov/forum,hard,0,1.0,1,nih.gov,nih.gov,gov,,21.0,7.0,0.0,0.0,1.0,0.0,0.23809523809523808,0.0,0.0,0.0,0.0,0.0,6.0,0.0,0.3333333333333333
https://www.harvard.edu/dashboard,hard,0,1.0,1,www.harvard.edu,harvard.edu,edu,www,33.0,15.0,0.0,1.0,1.0,0.0,0.18181818181818182,0.0,0.0,0.0,0.0,0.0,10.0,0.0,0.2857142857142857
http://binance-invoice.work/verify,hard,1,0.9991265391225944,1,binance-invoice.work,binance-invoice.work,work,,34.0,20.0,0.0,0.0,0.0,1.0,0.17647058823529413,0.0,0.0,1.0,0.0,1.0,7.0,0.0,0.5
https://www.booking.com,hard,0,0.00379131246899687,0,www.booking.com,booking.com,com,www,23.0,15.0,0.0,1.0,1.0,0.0,0.21739130434782608,0.0,0.0,0.0,0.0,0.0,0.0,0.0,0.42857142857142855
https://console.cloud.google.com/shop/category/laptops,hard,0,1.0,1,console.cloud.google.com,google.com,com,console.cloud,54.0,24.0,0.0,2.0,1.0,0.0,0.16666666666666666,0.0,0.0,0.0,0.0,0.0,22.0,1.0,0.5
https://www-instagram127.verify.loan/confirm-identity,hard,1,1.0,1,www-instagram127.verify.loan,verify.loan,loan,www-instagram127,53.0,28.0,0.0,1.0,1.0,1.0,0.1509433962264151,0.05660377358490566,0.0,1.0,0.75,1.0,17.0,0.0,0.3333333333333333
https://secure-official-billing-update-paypal-center-user.win/secure/index.html,hard,1,1.0,1,secure-official-billing-update-paypal-center-user.win,secure-official-billing-update-paypal-center-user.win,win,,79.0,53.0,0.0,0.0,1.0,1.0,0.16455696202531644,0.0,0.0,0.0,1.0,6.0,18.0,0.0,0.4186046511627907
https://hsbc.com/search,hard,0,1.0,1,hsbc.com,hsbc.com,com,,23.0,8.0,0.0,0.0,1.0,0.0,0.21739130434782608,0.0,0.0,0.0,0.0,0.0,7.0,0.0,0.0
https://ebay.com/careers,hard,0,1.0,1,ebay.com,ebay.com,com,,24.0,8.0,0.0,0.0,1.0,0.0,0.20833333333333334,0.0,0.0,0.0,0.0,0.0,8.0,1.0,0.5
https://mozilla.org/,hard,0,0.975,1,mozilla.org,mozilla.org,org,,20.0,11.0,0.0,0.0,1.0,0.0,0.25,0.0,0.0,0.0,0.0,0.0,1.0,1.0,0.42857142857142855
https://www.irs.gov/news,hard,0,1.0,1,www.irs.gov,irs.gov,gov,www,24.0,11.0,0.0,1.0,1.0,0.0,0.25,0.0,0.0,0.0,0.0,0.0,5.0,0.0,0.3333333333333333
https://console.cloud.google.com/forum,hard,0,1.0,1,console.cloud.google.com,google.com,com,console.cloud,38.0,24.0,0.0,2.0,1.0,0.0,0.18421052631578946,0.0,0.0,0.0,0.0,0.0,6.0,1.0,0.5
https://www.hsbc.com/products,hard,0,1.0,1,www.hsbc.com,hsbc.com,com,www,29.0,12.0,0.0,1.0,1.0,0.0,0.20689655172413793,0.0,0.0,0.0,0.0,0.0,9.0,0.0,0.0
https://www.irs.gov/tree/main/src,hard,0,1.0,1,www.irs.gov,irs.gov,gov,www,33.0,11.0,0.0,1.0,1.0,0.0,0.24242424242424243,0.0,0.0,0.0,0.0,0.0,14.0,0.0,0.3333333333333333
http://instagram-unlock.tk/wallet/unlock,hard,1,1.0,1,instagram-unlock.tk,instagram-unlock.tk,tk,,40.0,19.0,0.0,0.0,0.0,1.0,0.175,0.0,0.0,1.0,1.0,1.0,14.0,0.0,0.3333333333333333
https://apple-update-password-reset.top/account/update,hard,1,1.0,1,apple-update-password-reset.top,apple-update-password-reset.top,top,,54.0,31.0,0.0,0.0,1.0,1.0,0.16666666666666666,0.0,0.0,1.0,1.0,3.0,15.0,0.0,0.375
https://booking.com/repos/example/project,hard,0,1.0,1,booking.com,booking.com,com,,41.0,11.0,0.0,0.0,1.0,0.0,0.17073170731707318,0.0,0.0,0.0,0.0,0.0,22.0,0.0,0.42857142857142855
https://microsoft-crypto-password-reset.com/wallet/unlock,hard,1,1.0,1,microsoft-crypto-password-reset.com,microsoft-crypto-password-reset.com,com,,57.0,35.0,0.0,0.0,1.0,1.0,0.15789473684210525,0.0,0.0,0.0,1.0,3.0,14.0,0.0,0.2857142857142857
https://coursera.org/reference/functions.html,hard,0,1.0,1,coursera.org,coursera.org,org,,45.0,12.0,0.0,0.0,1.0,0.0,0.15555555555555556,0.0,0.0,0.0,0.0,0.0,25.0,0.0,0.5
https://ibm.com/issues/1042,hard,0,1.0,1,ibm.com,ibm.com,com,,27.0,7.0,0.0,0.0,1.0,0.0,0.2222222222222222,0.14814814814814814,0.0,0.0,0.0,0.0,12.0,0.0,0.3333333333333333
https://www.github.com/search,hard,0,0.95,1,www.github.com,github.com,com,www,29.0,14.0,0.0,1.0,1.0,0.0,0.20689655172413793,0.0,0.0,0.0,0.0,0.0,7.0,1.0,0.3333333333333333
https://arstechnica.com/account,hard,0,1.0,1,arstechnica.com,arstechnica.com,com,,31.0,15.0,0.0,0.0,1.0,1.0,0.16129032258064516,0.0,0.0,0.0,0.0,0.0,8.0,0.0,0.36363636363636365
https://auth.instagram.com.signin-support.online,hard,1,0.8817629522681066,1,auth.instagram.com.signin-support.online,signin-support.online,online,auth.instagram.com,48.0,40.0,0.0,3.0,1.0,1.0,0.16666666666666666,0.0,0.0,1.0,1.0,1.0,0.0,0.0,0.3076923076923077
https://0utlook-login.com/signin,hard,1,1.0,1,0utlook-login.com,0utlook-login.com,com,,32.0,17.0,0.0,0.0,1.0,1.0,0.1875,0.03125,0.0,0.0,1.0,1.0,7.0,0.0,0.45454545454545453
https://www.cloudflare.com/contact,hard,0,1.0,1,www.cloudflare.com,cloudflare.com,com,www,34.0,18.0,0.0,1.0,1.0,0.0,0.17647058823529413,0.0,0.0,0.0,0.0,0.0,8.0,0.0,0.4
https://www.google.com/community,hard,0,0.95,1,www.google.com,google.com,com,www,32.0,14.0,0.0,1.0,1.0,0.0,0.1875,0.0,0.0,0.0,0.0,0.0,10.0,1.0,0.5
https://www.americanexpress.com/api/v2/products?page=2,hard,0,1.0,1,www.americanexpress.com,americanexpress.com,com,www,54.0,23.0,0.0,1.0,1.0,0.0,0.18518518518518517,0.037037037037037035,0.0,0.0,0.0,0.0,22.0,0.0,0.4
https://spotify-premlum.com/alert/action-required,hard,1,1.0,1,spotify-premlum.com,spotify-premlum.com,com,,49.0,19.0,0.0,0.0,1.0,0.0,0.16326530612244897,0.0,0.0,0.0,1.0,1.0,22.0,0.0,0.2857142857142857
https://youtube.com/community,hard,0,0.975,1,youtube.com,youtube.com,com,,29.0,11.0,0.0,0.0,1.0,0.0,0.1724137931034483,0.0,0.0,0.0,0.0,0.0,10.0,1.0,0.5714285714285714
https://cloudflare.com/order/confirmation/778213,hard,0,1.0,1,cloudflare.com,cloudflare.com,com,,48.0,14.0,0.0,0.0,1.0,0.0,0.14583333333333334,0.125,0.0,0.0,0.0,0.0,26.0,0.0,0.4
https://notion.so/dashboard,hard,0,1.0,1,notion.so,notion.so,so,,27.0,9.0,0.0,0.0,1.0,0.0,0.18518518518518517,0.0,0.0,0.0,0.0,0.0,10.0,0.0,0.5
https://www.trello.com/help,hard,0,1.0,1,www.trello.com,trello.com,com,www,27.0,14.0,0.0,1.0,1.0,0.0,0.2222222222222222,0.0,0.0,0.0,0.0,0.0,5.0,0.0,0.3333333333333333
https://faceb00k-login.net/reset-password,hard,1,1.0,1,faceb00k-login.net,faceb00k-login.net,net,,41.0,18.0,0.0,0.0,1.0,1.0,0.17073170731707318,0.04878048780487805,0.0,0.0,1.0,1.0,15.0,0.0,0.36363636363636365
https://zoom.us/terms,hard,0,1.0,1,zoom.us,zoom.us,us,,21.0,7.0,0.0,0.0,1.0,0.0,0.23809523809523808,0.0,0.0,0.0,0.85,0.0,6.0,0.0,0.5
http://nih.gov/science,hard,0,1.0,1,nih.gov,nih.gov,gov,,22.0,7.0,0.0,0.0,0.0,0.0,0.22727272727272727,0.0,0.0,0.0,0.0,0.0,8.0,0.0,0.3333333333333333
https://netfl1x-billing.com/confirm-identity,hard,1,1.0,1,netfl1x-billing.com,netfl1x-billing.com,com,,44.0,19.0,0.0,0.0,1.0,0.0,0.1590909090909091,0.022727272727272728,0.0,0.0,0.85,1.0,17.0,0.0,0.23076923076923078
https://myirs-irs575.crypto.cf/verify-account,hard,1,1.0,1,myirs-irs575.crypto.cf,crypto.cf,cf,myirs-irs575,45.0,22.0,0.0,1.0,1.0,1.0,0.17777777777777778,0.06666666666666667,0.0,1.0,0.0,1.0,15.0,0.0,0.16666666666666666
https://www.amazon.com/item/98213,hard,0,0.975,1,www.amazon.com,amazon.com,com,www,33.0,14.0,0.0,1.0,1.0,0.0,0.21212121212121213,0.15151515151515152,0.0,0.0,0.0,0.0,11.0,1.0,0.5
http://dhl-invoice.work/reset-password,hard,1,1.0,1,dhl-invoice.work,dhl-invoice.work,work,,38.0,16.0,0.0,0.0,0.0,1.0,0.18421052631578946,0.0,0.0,1.0,0.0,1.0,15.0,0.0,0.4
https://www.wordpress.com/checkout,hard,0,1.0,1,www.wordpress.com,wordpress.com,com,www,34.0,17.0,0.0,1.0,1.0,0.0,0.17647058823529413,0.0,0.0,0.0,0.0,0.0,9.0,0.0,0.2222222222222222
http://www.twitch.tv/terms,hard,0,1.0,1,www.twitch.tv,twitch.tv,tv,www,26.0,13.0,0.0,1.0,0.0,0.0,0.23076923076923078,0.0,0.0,0.0,0.0,0.0,6.0,0.0,0.16666666666666666
https://www.target.com/science,hard,0,1.0,1,www.target.com,target.com,com,www,30.0,14.0,0.0,1.0,1.0,0.0,0.2,0.0,0.0,0.0,0.0,0.0,8.0,0.0,0.3333333333333333
https://npmjs.com/article/2025/06/12/world-news,hard,0,1.0,1,npmjs.com,npmjs.com,com,,47.0,9.0,0.0,0.0,1.0,0.0,0.2127659574468085,0.1702127659574468,0.0,0.0,0.0,0.0,30.0,0.0,0.0
https://stackoverflow.com/en-us/library,hard,0,1.0,1,stackoverflow.com,stackoverflow.com,com,,39.0,17.0,0.0,0.0,1.0,0.0,0.1794871794871795,0.0,0.0,0.0,0.0,0.0,14.0,1.0,0.3076923076923077
https://developer.apple.com/privacy,hard,0,0.95,1,developer.apple.com,apple.com,com,developer,35.0,19.0,0.0,1.0,1.0,0.0,0.17142857142857143,0.0,0.0,0.0,0.0,0.0,8.0,1.0,0.4
https://open.spotify.com/,hard,0,0.925,1,open.spotify.com,spotify.com,com,open,25.0,16.0,0.0,1.0,1.0,0.0,0.24,0.0,0.0,0.0,0.0,0.0,1.0,1.0,0.2857142857142857
https://www-fedex564.crypto.loan/verify-account,hard,1,1.0,1,www-fedex564.crypto.loan,crypto.loan,loan,www-fedex564,47.0,24.0,0.0,1.0,1.0,1.0,0.1702127659574468,0.06382978723404255,0.0,1.0,0.0,1.0,15.0,0.0,0.16666666666666666
https://www.cloudflare.com/support,hard,0,1.0,1,www.cloudflare.com,cloudflare.com,com,www,34.0,18.0,0.0,1.0,1.0,0.0,0.17647058823529413,0.0,0.0,0.0,0.0,0.0,8.0,0.0,0.4
https://173.54.222.137/login,hard,1,1.0,1,173.54.222.137,173.54.222.137,137,173.54,28.0,14.0,1.0,0.0,1.0,1.0,0.25,0.39285714285714285,0.0,0.0,0.0,0.0,6.0,0.0,0.0
https://techcrunch.com/user/johndoe,hard,0,1.0,1,techcrunch.com,techcrunch.com,com,,35.0,14.0,0.0,0.0,1.0,0.0,0.17142857142857143,0.0,0.0,0.0,0.0,0.0,13.0,0.0,0.2
https://arstechnica.com/features,hard,0,1.0,1,arstechnica.com,arstechnica.com,com,,32.0,15.0,0.0,0.0,1.0,0.0,0.15625,0.0,0.0,0.0,0.0,0.0,9.0,0.0,0.36363636363636365
https://grubhub.com/wiki/Main_Page,hard,0,1.0,1,grubhub.com,grubhub.com,com,,34.0,11.0,0.0,0.0,1.0,0.0,0.20588235294117646,0.0,0.0,0.0,0.0,0.0,15.0,0.0,0.2857142857142857
https://youtube.com/reference/functions.html,hard,0,1.0,1,youtube.com,youtube.com,com,,44.0,11.0,0.0,0.0,1.0,0.0,0.1590909090909091,0.0,0.0,0.0,0.0,0.0,25.0,1.0,0.5714285714285714
https://www.who.int/signin,hard,0,0.9848786354690574,1,www.who.int,who.int,int,www,26.0,11.0,0.0,1.0,1.0,1.0,0.23076923076923078,0.0,0.0,0.0,0.0,0.0,7.0,0.0,0.3333333333333333
https://gov.uk/news/technology,hard,0,1.0,1,gov.uk,gov.uk,uk,,30.0,6.0,0.0,0.0,1.0,0.0,0.2,0.0,0.0,0.0,0.0,0.0,16.0,0.0,0.3333333333333333
http://127.5.217.174:8080/verify/account,hard,1,1.0,1,127.5.217.174,127.5.217.174,174,127.5,40.0,13.0,1.0,0.0,0.0,1.0,0.225,0.35,0.0,0.0,0.0,0.0,15.0,0.0,0.0
https://bloomberg.com/download,hard,0,1.0,1,bloomberg.com,bloomberg.com,com,,30.0,13.0,0.0,0.0,1.0,0.0,0.16666666666666666,0.0,0.0,0.0,0.0,0.0,9.0,0.0,0.3333333333333333
https://target.com/download,hard,0,1.0,1,target.com,target.com,com,,27.0,10.0,0.0,0.0,1.0,0.0,0.18518518518518517,0.0,0.0,0.0,0.0,0.0,9.0,0.0,0.3333333333333333
https://udemy.com/user/johndoe,hard,0,1.0,1,udemy.com,udemy.com,com,,30.0,9.0,0.0,0.0,1.0,0.0,0.2,0.0,0.0,0.0,0.0,0.0,13.0,0.0,0.4
https://6.159.107.83:443/secure-update,hard,1,1.0,1,6.159.107.83,6.159.107.83,83,6.159,38.0,12.0,1.0,0.0,1.0,1.0,0.23684210526315788,0.3157894736842105,0.0,0.0,0.0,0.0,14.0,0.0,0.0
https://wired.com/user/johndoe,hard,0,1.0,1,wired.com,wired.com,com,,30.0,9.0,0.0,0.0,1.0,0.0,0.2,0.0,0.0,0.0,0.0,0.0,13.0,0.0,0.4
https://www.bbc.com/en-us/library,hard,0,0.975,1,www.bbc.com,bbc.com,com,www,33.0,11.0,0.0,1.0,1.0,0.0,0.24242424242424243,0.0,0.0,0.0,0.0,0.0,14.0,1.0,0.0
https://stackoverflow.com/community,hard,0,0.975,1,stackoverflow.com,stackoverflow.com,com,,35.0,17.0,0.0,0.0,1.0,0.0,0.14285714285714285,0.0,0.0,0.0,0.0,0.0,10.0,1.0,0.3076923076923077
https://www.netflix.com/questions/12345/how-to-parse-json,hard,0,1.0,1,www.netflix.com,netflix.com,com,www,57.0,15.0,0.0,1.0,1.0,0.0,0.19298245614035087,0.08771929824561403,0.0,0.0,0.0,0.0,34.0,1.0,0.2857142857142857
https://www.npr.org/community,hard,0,1.0,1,www.npr.org,npr.org,org,www,29.0,11.0,0.0,1.0,1.0,0.0,0.20689655172413793,0.0,0.0,0.0,0.0,0.0,10.0,0.0,0.0
https://nasa.gov/order/confirmation/778213,hard,0,1.0,1,nasa.gov,nasa.gov,gov,,42.0,8.0,0.0,0.0,1.0,0.0,0.16666666666666666,0.14285714285714285,0.0,0.0,0.0,0.0,26.0,0.0,0.5
https://irs.gov/article/2025/06/12/world-news,hard,0,1.0,1,irs.gov,irs.gov,gov,,45.0,7.0,0.0,0.0,1.0,0.0,0.2222222222222222,0.17777777777777778,0.0,0.0,0.0,0.0,30.0,0.0,0.3333333333333333
https://192.168.73.97:8443/bank/secure,hard,1,1.0,1,192.168.73.97,192.168.73.97,97,192.168,38.0,13.0,1.0,0.0,1.0,1.0,0.23684210526315788,0.3684210526315789,0.0,0.0,0.0,0.0,12.0,0.0,0.0
https://linkedin-account-billing.loan/secure/login,hard,1,1.0,1,linkedin-account-billing.loan,linkedin-account-billing.loan,loan,,50.0,29.0,0.0,0.0,1.0,1.0,0.16,0.0,0.0,1.0,1.0,2.0,13.0,0.0,0.36363636363636365
https://arstechnica.com,hard,0,0.9752920227547481,1,arstechnica.com,arstechnica.com,com,,23.0,15.0,0.0,0.0,1.0,0.0,0.17391304347826086,0.0,0.0,0.0,0.0,0.0,0.0,0.0,0.36363636363636365
https://cnn.com/features/security,hard,0,1.0,1,cnn.com,cnn.com,com,,33.0,7.0,0.0,0.0,1.0,0.0,0.18181818181818182,0.0,0.0,0.0,0.0,0.0,18.0,1.0,0.0
https://paypal-alert-verify.top/alert/action-required,hard,1,1.0,1,paypal-alert-verify.top,paypal-alert-verify.top,top,,53.0,23.0,0.0,0.0,1.0,1.0,0.16981132075471697,0.0,0.0,1.0,1.0,2.0,22.0,0.0,0.35294117647058826
https://store.steampowered.com/world,hard,0,1.0,1,store.steampowered.com,steampowered.com,com,store,36.0,22.0,0.0,1.0,1.0,0.0,0.16666666666666666,0.0,0.0,0.0,0.0,0.0,6.0,0.0,0.4166666666666667
https://airbnb.com/issues/1042,hard,0,0.9891170323928945,1,airbnb.com,airbnb.com,com,,30.0,10.0,0.0,0.0,1.0,0.0,0.2,0.13333333333333333,0.0,0.0,0.0,0.0,12.0,0.0,0.3333333333333333
https://www.epicgames.com/settings,hard,0,1.0,1,www.epicgames.com,epicgames.com,com,www,34.0,17.0,0.0,1.0,1.0,0.0,0.17647058823529413,0.0,0.0,0.0,0.0,0.0,9.0,0.0,0.4444444444444444
https://americanexpress.com/news/technology,hard,0,1.0,1,americanexpress.com,americanexpress.com,com,,43.0,19.0,0.0,0.0,1.0,0.0,0.13953488372093023,0.0,0.0,0.0,0.0,0.0,16.0,0.0,0.4
http://www.walmart.com/community,hard,0,1.0,1,www.walmart.com,walmart.com,com,www,32.0,15.0,0.0,1.0,0.0,0.0,0.1875,0.0,0.0,0.0,0.0,0.0,10.0,1.0,0.2857142857142857
https://microsoft-reactivate-billing.info/alert/action-required,hard,1,1.0,1,microsoft-reactivate-billing.info,microsoft-reactivate-billing.info,info,,63.0,33.0,0.0,0.0,1.0,0.0,0.14285714285714285,0.0,0.0,1.0,1.0,2.0,22.0,0.0,0.38461538461538464
https://pinterest.com/repos/example/project,hard,0,1.0,1,pinterest.com,pinterest.com,com,,43.0,13.0,0.0,0.0,1.0,0.0,0.16279069767441862,0.0,0.0,0.0,0.0,0.0,22.0,0.0,0.3333333333333333
https://trello.com/repos/example/project,hard,0,1.0,1,trello.com,trello.com,com,,40.0,10.0,0.0,0.0,1.0,0.0,0.175,0.0,0.0,0.0,0.0,0.0,22.0,0.0,0.3333333333333333
https://news.bbc.co.uk/downloads/latest,hard,0,1.0,1,news.bbc.co.uk,bbc.co.uk,uk,news.bbc,39.0,14.0,0.0,1.0,1.0,0.0,0.20512820512820512,0.0,0.0,0.0,0.0,0.0,17.0,1.0,0.0
http://www.discord.com/login,hard,0,1.0,1,www.discord.com,discord.com,com,www,28.0,15.0,0.0,1.0,0.0,1.0,0.21428571428571427,0.0,0.0,0.0,0.0,0.0,6.0,1.0,0.2857142857142857
https://82.231.244.224:8080/bank/secure,hard,1,1.0,1,82.231.244.224,82.231.244.224,224,82.231,39.0,14.0,1.0,0.0,1.0,1.0,0.23076923076923078,0.38461538461538464,0.0,0.0,0.0,0.0,12.0,0.0,0.0
https://harvard.edu/blog/2025/new-features,hard,0,1.0,1,harvard.edu,harvard.edu,edu,,42.0,11.0,0.0,0.0,1.0,0.0,0.19047619047619047,0.09523809523809523,0.0,0.0,0.0,0.0,23.0,0.0,0.2857142857142857
https://developer.mozilla.org/user/johndoe,hard,0,1.0,1,developer.mozilla.org,mozilla.org,org,developer,42.0,21.0,0.0,1.0,1.0,0.0,0.16666666666666666,0.0,0.0,0.0,0.0,0.0,13.0,1.0,0.42857142857142855
https://docs.python.org/user/johndoe,hard,0,1.0,1,docs.python.org,python.org,org,docs,36.0,15.0,0.0,1.0,1.0,0.0,0.19444444444444445,0.0,0.0,0.0,0.0,0.0,13.0,0.0,0.16666666666666666
https://auth.facebook.com.login-secure.top,hard,1,0.7923488055578922,1,auth.facebook.com.login-secure.top,login-secure.top,top,auth.facebook.com,42.0,34.0,0.0,3.0,1.0,1.0,0.19047619047619047,0.0,0.0,1.0,1.0,1.0,0.0,0.0,0.45454545454545453
https://walmart.com/blog,hard,0,0.975,1,walmart.com,walmart.com,com,,24.0,11.0,0.0,0.0,1.0,0.0,0.20833333333333334,0.0,0.0,0.0,0.0,0.0,5.0,1.0,0.2857142857142857
https://usps-bank-wallet.tk/verify,hard,1,0.9825735540888243,1,usps-bank-wallet.tk,usps-bank-wallet.tk,tk,,34.0,19.0,0.0,0.0,1.0,1.0,0.20588235294117646,0.0,0.0,1.0,0.85,2.0,7.0,0.0,0.2857142857142857
https://www.wordpress.com/pricing,hard,0,1.0,1,www.wordpress.com,wordpress.com,com,www,33.0,17.0,0.0,1.0,1.0,0.0,0.18181818181818182,0.0,0.0,0.0,0.0,0.0,8.0,0.0,0.2222222222222222
https://instagram-authenticate-login.cf/login,hard,1,1.0,1,instagram-authenticate-login.cf,instagram-authenticate-login.cf,cf,,45.0,31.0,0.0,0.0,1.0,1.0,0.15555555555555556,0.0,0.0,1.0,1.0,2.0,6.0,0.0,0.4230769230769231
https://twitch.tv/careers,hard,0,1.0,1,twitch.tv,twitch.tv,tv,,25.0,9.0,0.0,0.0,1.0,0.0,0.2,0.0,0.0,0.0,0.0,0.0,8.0,0.0,0.16666666666666666
https://www.slack.com/community,hard,0,1.0,1,www.slack.com,slack.com,com,www,31.0,13.0,0.0,1.0,1.0,0.0,0.1935483870967742,0.0,0.0,0.0,0.0,0.0,10.0,0.0,0.2
https://www.slack.com/shop/category/laptops,hard,0,1.0,1,www.slack.com,slack.com,com,www,43.0,13.0,0.0,1.0,1.0,0.0,0.18604651162790697,0.0,0.0,0.0,0.0,0.0,22.0,0.0,0.2
https://khanacademy.org/news,hard,0,1.0,1,khanacademy.org,khanacademy.org,org,,28.0,15.0,0.0,0.0,1.0,0.0,0.17857142857142858,0.0,0.0,0.0,0.0,0.0,5.0,0.0,0.36363636363636365
https://support.mozilla.org/blog/2025/new-features,hard,0,1.0,1,support.mozilla.org,mozilla.org,org,support,50.0,19.0,0.0,1.0,1.0,0.0,0.18,0.08,0.0,0.0,0.0,0.0,23.0,1.0,0.42857142857142855
https://docker.com,hard,0,0.8502920227547481,1,docker.com,docker.com,com,,18.0,10.0,0.0,0.0,1.0,0.0,0.2222222222222222,0.0,0.0,0.0,0.0,0.0,0.0,1.0,0.3333333333333333
http://binance-authenticate.top/wallet/unlock,hard,1,1.0,1,binance-authenticate.top,binance-authenticate.top,top,,45.0,24.0,0.0,0.0,0.0,1.0,0.15555555555555556,0.0,0.0,1.0,0.0,1.0,14.0,0.0,0.47368421052631576
https://paypall.com/alert/action-required,hard,1,1.0,1,paypall.com,paypall.com,com,,41.0,11.0,0.0,0.0,1.0,0.0,0.17073170731707318,0.0,0.0,0.0,0.8571428571428571,0.0,22.0,0.0,0.2857142857142857
https://account-verify.facebook.com.secure-session.click,hard,1,0.8735576103263594,1,account-verify.facebook.com.secure-session.click,secure-session.click,click,account-verify.facebook.com,56.0,48.0,0.0,3.0,1.0,1.0,0.16071428571428573,0.0,0.0,1.0,1.0,2.0,0.0,0.0,0.46153846153846156
https://www.doordash.com/checkout,hard,0,1.0,1,www.doordash.com,doordash.com,com,www,33.0,16.0,0.0,1.0,1.0,0.0,0.18181818181818182,0.0,0.0,0.0,0.0,0.0,9.0,0.0,0.375
https://booking.com/settings,hard,0,1.0,1,booking.com,booking.com,com,,28.0,11.0,0.0,0.0,1.0,0.0,0.17857142857142858,0.0,0.0,0.0,0.0,0.0,9.0,0.0,0.42857142857142855
https://www.reuters.com/en-us/library,hard,0,1.0,1,www.reuters.com,reuters.com,com,www,37.0,15.0,0.0,1.0,1.0,0.0,0.21621621621621623,0.0,0.0,0.0,0.0,0.0,14.0,0.0,0.42857142857142855
https://americanexpress-wallet-bank.net/secure/login,hard,1,1.0,1,americanexpress-wallet-bank.net,americanexpress-wallet-bank.net,net,,52.0,31.0,0.0,0.0,1.0,1.0,0.15384615384615385,0.0,0.0,0.0,0.0,2.0,13.0,0.0,0.36
https://login-amazon559.reactivate.win/signin,hard,1,1.0,1,login-amazon559.reactivate.win,reactivate.win,win,login-amazon559,45.0,30.0,0.0,1.0,1.0,1.0,0.15555555555555556,0.06666666666666667,0.0,0.0,0.0,1.0,7.0,0.0,0.5
https://bestbuy.com/shop/category/laptops,hard,0,1.0,1,bestbuy.com,bestbuy.com,com,,41.0,11.0,0.0,0.0,1.0,0.0,0.17073170731707318,0.0,0.0,0.0,0.0,0.0,22.0,0.0,0.2857142857142857
https://udemy.com/playlist?list=PL12345,hard,0,1.0,1,udemy.com,udemy.com,com,,39.0,9.0,0.0,0.0,1.0,0.0,0.1794871794871795,0.1282051282051282,0.0,0.0,0.0,0.0,21.0,0.0,0.4
https://amazon.com/technology,hard,0,0.975,1,amazon.com,amazon.com,com,,29.0,10.0,0.0,0.0,1.0,0.0,0.1724137931034483,0.0,0.0,0.0,0.0,0.0,11.0,1.0,0.5
https://www.target.com,hard,0,0.0030222237675366446,0,www.target.com,target.com,com,www,22.0,14.0,0.0,1.0,1.0,0.0,0.22727272727272727,0.0,0.0,0.0,0.0,0.0,0.0,0.0,0.3333333333333333
https://www.pinterest.com/technology,hard,0,1.0,1,www.pinterest.com,pinterest.com,com,www,36.0,17.0,0.0,1.0,1.0,0.0,0.16666666666666666,0.0,0.0,0.0,0.0,0.0,11.0,0.0,0.3333333333333333
https://account-verify.linkedin.com.verify-account.xyz,hard,1,0.8527129901462331,1,account-verify.linkedin.com.verify-account.xyz,verify-account.xyz,xyz,account-verify.linkedin.com,54.0,46.0,0.0,3.0,1.0,1.0,0.16666666666666666,0.0,0.0,1.0,1.0,2.0,0.0,0.0,0.38461538461538464
https://bankofamerica.com/watch?v=dQw4w9WgXcQ,hard,0,1.0,1,bankofamerica.com,bankofamerica.com,com,,45.0,17.0,0.0,0.0,1.0,0.0,0.15555555555555556,0.044444444444444446,0.0,0.0,0.0,0.0,19.0,1.0,0.46153846153846156
https://stanford.edu/download,hard,0,1.0,1,stanford.edu,stanford.edu,edu,,29.0,12.0,0.0,0.0,1.0,0.0,0.1724137931034483,0.0,0.0,0.0,0.0,0.0,9.0,0.0,0.25
https://discord.com/community,hard,0,0.975,1,discord.com,discord.com,com,,29.0,11.0,0.0,0.0,1.0,0.0,0.1724137931034483,0.0,0.0,0.0,0.0,0.0,10.0,1.0,0.2857142857142857
https://pinterest.com/forum,hard,0,1.0,1,pinterest.com,pinterest.com,com,,27.0,13.0,0.0,0.0,1.0,0.0,0.18518518518518517,0.0,0.0,0.0,0.0,0.0,6.0,0.0,0.3333333333333333
https://blogger.com/sports,hard,0,1.0,1,blogger.com,blogger.com,com,,26.0,11.0,0.0,0.0,1.0,0.0,0.19230769230769232,0.0,0.0,0.0,0.0,0.0,7.0,0.0,0.2857142857142857
https://user-official-verify-info-center-team-support.click/login/index.php?id=74535,hard,1,1.0,1,user-official-verify-info-center-team-support.click,user-official-verify-info-center-team-support.click,click,,84.0,51.0,0.0,0.0,1.0,1.0,0.17857142857142858,0.05952380952380952,0.0,1.0,0.0,6.0,24.0,0.0,0.41025641025641024
https://app1e-id.com/support/ticket,hard,1,1.0,1,app1e-id.com,app1e-id.com,com,,35.0,12.0,0.0,0.0,1.0,0.0,0.2,0.02857142857142857,0.0,0.0,1.0,1.0,15.0,0.0,0.5
https://www.citi.com/account,hard,0,1.0,1,www.citi.com,citi.com,com,www,28.0,12.0,0.0,1.0,1.0,1.0,0.21428571428571427,0.0,0.0,0.0,0.0,0.0,8.0,0.0,0.5
https://nytimes.com/features/security,hard,0,1.0,1,nytimes.com,nytimes.com,com,,37.0,11.0,0.0,0.0,1.0,0.0,0.16216216216216217,0.0,0.0,0.0,0.0,0.0,18.0,0.0,0.2857142857142857
