attack_family,url,score,predicted
mixed_case,HTTP://WWW.SHPRAKSERF.GQ,0.9868153030260525,1
mixed_case,HTTP://WWW.IUHJN.PPLINK.CLUB,0.9559719168974196,1
mixed_case,HTTPS://SABADONOAPPMAGAZINE.COM/,0.5521086110420695,1
mixed_case,HTTP://WWW.NEXTRALOAD.COM,0.9426033111403932,1
mixed_case,HTTP://TKMOWPIKUK.OWL4FSRCH.CLUB/VNAFVRA97W/?Q=3717065149&ID=100,0.9656844539161341,1
mixed_case,HTTPS://BTOPENWORLDWEBMAILING.SQUARE.SITE/,0.4301871231052689,0
mixed_case,HTTP://WWW.FGURB.CANNCA.SHOP,0.9526708385695619,1
mixed_case,HTTPS://WWW.ETHMINING.INFO/#/,0.5441809623580122,1
mixed_case,HTTP://IANACURTIS.RMXCONTABILIDADE.COM.BR,0.9537164904005244,1
mixed_case,HTTP://WWW.PONY4.MICROSOFTUPS.COM,0.9718638513040745,1
mixed_case,HTTP://WWW.PLAY.STREAM.VIDZI.TV,0.9534551683346478,1
mixed_case,HTTP://WWW.BEEMAIL.ONLINE,0.9810086999339557,1
mixed_case,HTTP://WWW.915783.COM,0.9739735659185748,1
mixed_case,HTTPS://ATTCOM-102201.SQUARE.SITE/,0.7465863942089904,1
mixed_case,HTTPS://UPYQ8ESS.DREAMWP.COM/DKSKAT/,0.37803476577554007,0
mixed_case,HTTPS://WWW.FAEWOOD.COM,0.07648408763472439,0
mixed_case,HTTPS://ENNSTTSQAU.SQUARE.SITE/,0.22463647289801963,0
mixed_case,HTTPS://DOCS.GOOGLE.COM/FORMS/D/1CASPHEVKFDAZ2OKQJ70WDAI3PDWWG1WEH_RPK9V0Z3A/VIEWFORM,0.5267448586623066,1
mixed_case,HTTP://WWW.FRISSONCOURIER.COM,0.9273923883367148,1
mixed_case,HTTP://WWW.CLINICAFRESA20.COM,0.9523379778836091,1
mixed_case,HTTP://CHIEUPHAN-BDSHOTRAM.COM/WEBS/,0.9159814933049129,1
mixed_case,HTTPS://WWW.EKIE-NAT.EKASTE.BHWKKE.TOP/LOAD.PHP,0.9325245115715312,1
mixed_case,HTTP://WWW.KELIWEB.IT,0.9426420058779431,1
mixed_case,HTTP://WWW.BAAGII.SPORTSNEWSA.NET,0.9531366430005119,1
mixed_case,HTTPS://S3.AP-SOUTHEAST-1.WASABISYS.COM/MAILBUSINESS/APPSUITE/TLYAPPIOOX/MAILFOLDERDEFAULT9/INBOX.HTML#REDACTED@ABUSE.IONOS.COM,0.935004319886132,1
mixed_case,HTTPS://LOWES-SOLICITORS.CO.UK/CH/PANEL/,0.6832797474607185,1
mixed_case,HTTP://WWW.CLIENTCENTRE.NET,0.9470650556358347,1
mixed_case,HTTPS://EUYGY.SQUARE.SITE/,0.12151220423234202,0
mixed_case,HTTP://WWW.AUTOMAN-1301476296.COS.EU-MOSCOW.MYQCLOUD.COM,0.9904793285584315,1
mixed_case,HTTP://WWW.ALEKSANDARTASKOV.COM,0.9448926057882916,1
mixed_case,HTTP://WWW.WHOER.NET,0.9307610836381128,1
mixed_case,HTTPS://TERAPIAESPECIALIZADA.ES/MTB/APP/VERIFY.PHP,0.459533639530093,1
mixed_case,HTTP://WWW.NOGILEDENELI.RU,0.9807269471718358,1
mixed_case,HTTP://WWW.RECO.WS,0.9488145534835581,1
mixed_case,HTTP://WWW.POLEVOYTON.STORE,0.9449565998680933,1
mixed_case,HTTPS://ANTAI-GOUV.NET/,0.5739730309071092,1
mixed_case,HTTPS://SHRTCO.DE/1D9YEO,0.5738735837343478,1
mixed_case,HTTP://FTI.UNMERPAS.AC.ID/WP-ADMIN/USER/WEBGENKIC/INVESTOPIA/INDEX.PHP?EMAIL=GET@GET.GET,0.9443014422610292,1
mixed_case,HTTPS://EJJUD0.WIXSITE.COM/ATTT,0.33140270348378664,0
mixed_case,HTTP://WWW.CAMPBELLZ.CF,0.9860985534606538,1
mixed_case,HTTP://WWW.LWAC.COM,0.9214999545999014,1
mixed_case,HTTP://CENTRICA.COMRQZROFXNHWWGRQZROFROFXNHWAGX2NFSE2NFAGX2NFSESEWXNHWAGXWGRQZG.MUSTACCIO.COM/0.PHP#YWNJB3VUDHNAY2VUDHJPY2EUY29T,0.9922007524103591,1
mixed_case,HTTPS://00-COVERIY-TM.QUEST/,0.7237311037064349,1
mixed_case,HTTPS://ATTCOM-101978.SQUARE.SITE/,0.7465863942089904,1
mixed_case,HTTPS://DOCS.GOOGLE.COM/FORMS/D/E/1FAIPQLSCCKV1-RXHIPCMRHNWFVQ2LHUXX18NZCM1E7E0OZ8IENIXTGW/VIEWFORM,0.5017448586623064,1
mixed_case,HTTP://WWW.OOSP.PPLINK.CLUB,0.9560421965998257,1
mixed_case,HTTPS://WWW-INFO-CR-MUFG.HUIWENFENG.COM/JP.PHP,0.6459264075979222,1
mixed_case,HTTP://WWW.KARIZCUSTOMIZEME.COM,0.9467760190342119,1
mixed_case,HTTP://DJ-WEDDING.TK/BESST/,0.9772225194848408,1
mixed_case,HTTPS://WWW.GOOGLE.COM/URL?Q=HTTPS://IPFS.IO/IPFS/QMPOVSVEVLYHP2GJ6VFHKQVHAYDZ1O7Y2XN3XT87KKGHTV%23%5BEMAIL%5D&AMP;SOURCE=GMAIL&AMP;UST=1663915474090000&AMP;USG=AOVVAW1USGGTMP1IVAVTZSXCZ8G1,0.5736460752988857,1
mixed_case,HTTP://WWW.IIORINMF.PPLINK.CLUB,0.9574557995358062,1
mixed_case,HTTPS://DMBELECTRICINC.COM/,0.399114592150914,0
mixed_case,HTTP://WWW.INTELSUPPORTCENTER.COM,0.9491909560159894,1
mixed_case,HTTP://4710463D43910.BONACTECH.COM/#ZFHOBGNRQMTIMJFOYVC0DWRHEGS,0.9495459900204949,1
mixed_case,HTTP://WWW.WWW--WELLSFARGO--COM--T249329D48D6C.WSIPV6.COM,0.9919863774368769,1
mixed_case,HTTPS://WWW.ID292468292.RU,0.8123053131047101,1
mixed_case,HTTPS://WWW.DANIELTOLSON.COM/HOME.PHP,0.1708841514982728,0
mixed_case,HTTP://WWW.ICLOUD-ID-SERVICES.COM,0.9518888706983148,1
mixed_case,HTTP://WWW.TRIPADVISORSAPP.COM,0.9476213874018964,1
mixed_case,HTTP://MY-BUSINESS-106173-106262.SQUARE.SITE/,0.9846854563014565,1
mixed_case,HTTP://CEK58793690694674609.RF.GD/,0.9751810152913256,1
mixed_case,HTTPS://MEINEDKB.ME/,0.43724533016691536,0
mixed_case,HTTP://WWW.PMBFYTLKM.ML,0.9837256041052924,1
mixed_case,HTTPS://WWW.SOLUTIONFUN.INFO,0.2890059907481497,0
mixed_case,HTTPS://FLADESTATEINS.COM/4ECC9875-1BEC-4EB4-B4B8-859E345AA26A,0.7873782509204288,1
mixed_case,HTTPS://WWW.IOGINUNLCOVLABCP.COM/,0.16548120324149573,0
mixed_case,HTTPS://OPMKLW.COM/,0.48558016550877675,1
mixed_case,HTTPS://PYYPLAPP.COM/,0.47469069591379964,1
mixed_case,HTTP://HKMULANE.CN/BNL51,0.6804963083866855,1
mixed_case,HTTP://WWW.WINCONNECTORS.COM,0.9478931645798697,1
mixed_case,HTTP://WWW.WIKABA.COM,0.9497451886533825,1
mixed_case,HTTP://YZXLSC.COM/WORDPRESS/WP-INCLUDES/FONTS/AUPOST/TRACK/INDEX2.PHP,0.8247193955267706,1
mixed_case,HTTP://WWW.SHBC.PPLINK.CLUB,0.9560421965998257,1
mixed_case,HTTP://WWW.TOWNCENTERHOTEL.COM,0.9476213874018964,1
mixed_case,HTTP://WWW.MAIL-NEPALARMYMIL-NP.GQ,0.9908089745352819,1
mixed_case,HTTP://WWW.DYSKURS.COM.UA,0.9546946454376709,1
mixed_case,HTTPS://ALERTASCLIENTE.WEBCINDARIO.COM/,0.39563780568667034,0
mixed_case,HTTP://WWW.1SHOP.DE,0.9349688396646361,1
mixed_case,HTTPS://ATT-102707.SQUARE.SITE/,0.7093128336573479,1
mixed_case,HTTPS://AUTH-DKB-ONLINE.DE/,0.6312454118596811,1
mixed_case,HTTP://WWW.CACHECONTENT.COM,0.9470650556358347,1
mixed_case,HTTP://WWW.0CATCH.COM,0.9587346595356099,1
mixed_case,HTTP://LUKERS.COM.SG/CHRONOPOSTALERTEE/CHRONOPOSTALERTEE,0.7595182084063478,1
mixed_case,HTTP://WWW.UNBLOCKPROXY.US,0.9458891559640629,1
mixed_case,HTTPS://CROSSCHAINBRIDGE-ETH.COM/?GCLID=CJWKCAIA5SIEBHBNEIWAR9OH2VY9YQ0VUIATDGYARSQDBWLWEZEJYZ3U2LJJJPHFZMF2SGPV9HOPIBOCO-WQAVD_BWE,0.9425042519569722,1
mixed_case,HTTP://WWW.ALLSECUREHOSTING.COM,0.8445037022277028,1
mixed_case,HTTP://WWW.WEAREBRED.NET,0.9403491095395443,1
mixed_case,HTTPS://CMAC-CAJATACNA.COM/1675952392/CLIENTE/LOGIN,0.8536545948455938,1
mixed_case,HTTPS://SAMPIERRY11.WIXSITE.COM/MY-SITE-1,0.4979606954506113,1
mixed_case,HTTP://WWW.OOLKJD.PPLINK.CLUB,0.9561950354387397,1
mixed_case,HTTP://MAHARASHTRA-ENTERPRISES.COM/FEEDBACK/PORTAL.PHP,0.9250055147455856,1
mixed_case,HTTP://WWW.ANTONGAS-FX.RU,0.9886164853910235,1
mixed_case,HTTP://WWW.TG0913.COM,0.9703721416301192,1
mixed_case,HTTPS://POWERLINEINDUSTRIESINC.MYPORTFOLIO.COM/,0.4641748745166347,1
mixed_case,HTTPS://AYT-103563-100603.SQUARE.SITE/,0.8763477793839265,1
mixed_case,HTTP://WWW.PROXIFY.COM,0.9470922139990364,1
mixed_case,HTTP://WWW.MARKETEXON.COM,0.9426033111403932,1
mixed_case,HTTPS://DOCS.GOOGLE.COM/FORMS/D/E/1FAIPQLSDNEGA_6C_PZ9_Q9EP9EPM4IWQFSRXQSNAZ-J9DYLDIMAOOCG/VIEWFORM?USP=SEND_FORM,0.4910481533788265,1
mixed_case,HTTP://WWW.SISHENDM.COM,0.9451386660110661,1
mixed_case,HTTP://ATT-108784.SQUARE.SITE/,0.9699531566430488,1
mixed_case,HTTPS://INFORMASJON379820922.BLOGSPOT.COM/?TRKID=PN8322826547413800&SUB1=TB4J9LF,0.9414463789960706,1
mixed_case,HTTP://DOWN.SHOPEEVIP11.COM/,0.9437533067284598,1
mixed_case,HTTP://WWW.OMWOWXISR.GA,0.9858166373313668,1
mixed_case,HTTPS://AMAZON-HGFHTT.ZYNS.COM/MOBILE/SIGNIM.PHP,0.8724565604356013,1
mixed_case,HTTP://WWW.BEATLESLOVER.COM,0.9270790634089066,1
mixed_case,HTTPS://DOCS.GOOGLE.COM/FORMS/D/E/1FAIPQLSFP1EUKGSKTRIYRAZ2CSYNQWFWTV6EHLNBSZU69DBXZ9LIRTQ/VIEWFORM,0.5516216881526194,1
mixed_case,HTTPS://ACOMPANHANDO-MEUSGASTOS-ONLINE.COM/LUIZA/HOME.PHP?USERID=&URI=JKLUAMRFHFWOS4CAFNMEH7PA1PZX12WUKTQWV4SWVYW=,0.9496376765534844,1
mixed_case,HTTP://WWW.SPOKE.GA,0.9854653413867401,1
mixed_case,HTTPS://ATT-100984.SQUARE.SITE/,0.7093128336573479,1
mixed_case,HTTP://WWW.14GJM.XYZ,0.9874591560070609,1
mixed_case,HTTPS://MY-BUSINESS-107865-109573.SQUARE.SITE/,0.9156814518096926,1
mixed_case,HTTP://WWW.SUPPORTXMR.COM,0.9505737830540462,1
mixed_case,HTTP://SHEINAAPP.COM,0.7830697128316118,1
mixed_case,HTTP://WWW.NETSHIELDKIT.COM,0.9470650556358347,1
mixed_case,HTTPS://ZURBRIOERF.COM,0.35915038723381165,0
mixed_case,HTTP://WWW.HOTFIXMSUPLOAD.COM,0.9449627940380825,1
mixed_case,HTTPS://LOGIN-SCREEN-107860.SQUARE.SITE/,0.9397294099815621,1
mixed_case,HTTPS://DJC74BCD9B51A2-1EBF-4DF7-BC61-D371FE9ECCF.MYPORTFOLIO.COM/,0.9420210577201784,1
mixed_case,HTTPS://YAHOOCONFIGURATION0.WIXSITE.COM/HTML,0.5209358426734108,1
mixed_case,HTTPS://DOCS.GOOGLE.COM/FORMS/D/E/1FAIPQLSC-NV7QLZ6JG_Y9ZE5K9DS_KZO8HYELURB5J5VEVE1Q4JKIWQ/VIEWFORM?USP=SEND_FORM,0.5081020069235865,1
mixed_case,HTTPS://SHT.MOE/ZMRWW,0.3856956614904261,0
mixed_case,HTTPS://WWW.OMAHANEWSBULLETIN.COM,0.13499131745574994,0
mixed_case,HTTPS://BJBBW6.WIXSITE.COM/MY-SITE-2,0.3685404871763029,0
mixed_case,HTTPS://TCPW7MWM.DREAMWP.COM/AUTH,0.3441170718811263,0
mixed_case,HTTP://WWW.GREEAIRCONDITION.COM,0.9616639511402507,1
mixed_case,HTTPS://DN75852739.WIXSITE.COM/MY-SITE,0.684826139197804,1
mixed_case,HTTP://43.153.207.103/V3/SIGNIN/IDENTIFIER?DSH=S-16339560%3A1679418180081355&AMP%3BFOLLOWUP=HTTPS%3A%2F%2FACCOUNTS.GOOGLE.COM%2F%3F&AMP%3BIFKV=AWNOGHEDJEEZLXXCUKYOBIKKSRLSKKBB8NAFTYMOJF2PWIKAB-MD99NJ9VZJMESHC1TRPQXMZ-T9&AMP%3BPASSIVE=1209600&AMP%3BXREALIP=107.178.200.216&CONTINUE=HTTPS%3A%2F%2FACCOUNTS.GOOGLE.COM%2F%3F&XREALIP=107.21.207.171&FLOWNAME=WEBLITESIGNIN&FLOWENTRY=SERVICELOGIN&IFKV=AWNOGHDKBQ5_BCBCS7T_JBBB9KH3TXPCQOMJBJVTODOOLKFRAGLNQNBWSICQNUYMO66JB13FVSXV,0.9983268357959473,1
mixed_case,HTTP://WWW.UZDARAKCHI.COM,0.9426033111403932,1
mixed_case,HTTPS://MAIL-105744.SQUARE.SITE/,0.7295607645065182,1
mixed_case,HTTPS://WWW.EKNI-NCT.EKINT.LULHBC.TOP/LOAD.PHP,0.9314185340464839,1
mixed_case,HTTPS://DRIVE.GOOGLE.COM/FILE/D/1GINBNLPVT7KPFNOG9A68FQMN7K3AIVUI,0.3620022596287951,0
mixed_case,HTTP://WWW.OMWOWXISU.GQ,0.9827695820652934,1
mixed_case,HTTP://WWW.ASYMMETRICFILE.BLOGSPOT.COM,0.970820811214913,1
mixed_case,HTTP://WWW.INBOUNDMAG.COM,0.9426033111403932,1
mixed_case,HTTP://WWW.PDNW.NOWURL.FUN,0.9538835338268467,1
mixed_case,HTTPS://E.VG/24BPER,0.7636219800394902,1
mixed_case,HTTPS://NOVO-SICREDI-BLACK.COM/?PAGE=HOME&AMP;A=208A545D9C9920E5B82164095EF319BAD2175DC5SECURE2158133160D9D280AFD9BAA68AC7D4411E4DFA5AACCESS&AMP;B=C307F85EF63C038DB5451A1042F6F71035959E14SECUREB88A92FFF52F9BEF397D01A21EBE53836DCF62FBACCESS&AMP;C=4B5A9AFCEE2770F60FDA9BE064592B20A861A360SECURE9C2ABCAA953117131AA7425287BB7855C77D94E9ACCESS,0.9708406626000219,1
mixed_case,HTTP://SMARTDAPPSAUTHONLINE.COM,0.9124310221199046,1
mixed_case,HTTP://WWW.HELPDESK.AUTODEFRAGAPP.COM,0.9473782901772964,1
mixed_case,HTTP://WWW.REVOADADEMALANDRO.TOP,0.986713929453184,1
mixed_case,HTTP://WWW.HIPHOPECONOMICDEVELOPMENT.COM,0.9513457629241483,1
mixed_case,HTTPS://OUNT.THEJEWTANGCLAN.COM/JP.PHP,0.23998030731052272,0
mixed_case,HTTPS://FATURARENNERSOLUCOESWEB.COM/LOGIN/SEGURANCA.PHP,0.5451150989197461,1
mixed_case,HTTP://WWW.NVDH.NOWURL.FUN,0.9538835338268467,1
mixed_case,HTTP://WWW.MAILSERVICES.PYTHONANYWHERE.COM,0.9707998164615093,1
mixed_case,HTTPS://DOCS.GOOGLE.COM/PRESENTATION/D/E/2PACX-1VQP1BS7PP2GUHIDDNANCI5T_ELOBEVUP6MR14V_LLAXFA_35LNJ_GD57IUZQ91RM4XIOXGT3RSTSQQU/PUB?START=FALSE&LOOP=FALSE&DELAYMS=3000&SLIDE=ID.P,0.5460396832126553,1
mixed_case,HTTPS://ARNAZ0N.TGFDW.TOP/AP/SIGNIN,0.8830676470697949,1
mixed_case,HTTP://WWW.XSITES-DEV.XYZ,0.9859542522981615,1
mixed_case,HTTP://WWW.CRYPTOBARA.COM,0.945868725735276,1
mixed_case,HTTP://WWW.ANCIENT-PARROT-9.LOCA.LT,0.9698069693940308,1
mixed_case,HTTP://WWW.WANGLUOJIUMINGJINGLI.ORG,0.9337762716649104,1
mixed_case,HTTP://WWW.RANDKEY-1301476296.COS.AP-MUMBAI.MYQCLOUD.COM,0.9904793285584315,1
mixed_case,HTTP://UNISWAPLENDWAP.TOP,0.9890838876783713,1
mixed_case,HTTPS://LATE-DINGOS-SUFFER-209-127-18-151.LOCA.LT/,0.9174750709607788,1
mixed_case,HTTP://WWW.RATLITTONRIGH.COM,0.9478931645798697,1
mixed_case,HTTP://WWW.ADRD.XIAXIAB.COM,0.9667893026038572,1
mixed_case,HTTP://WWW.SANARADYAB.IR,0.9403148760059441,1
mixed_case,HTTP://WWW.PHLHJK.CANNCA.SHOP,0.9527843142473336,1
mixed_case,HTTPS://LIZC2F3.MYPORTFOLIO.COM/,0.4727713606622019,1
mixed_case,HTTPS://CHRISTENSENGROUPINSURANCE.MYPORTFOLIO.COM/,0.5877238388608642,1
mixed_case,HTTP://WWW.BRUIDSFOTOGRAFIE-BREDA.NL,0.944863981239504,1
mixed_case,HTTP://WWW.ORIGINPRODUCTS.XYZ,0.9840182834917061,1
mixed_case,HTTP://WWW.TALKISCHEAP.CO.ZA,0.9641836753723185,1
mixed_case,HTTP://WWW.UNIVERSALBUMPKEYS.COM,0.9478320198204078,1
mixed_case,HTTP://WWW.PICNICAPP.CO.UK,0.9466249554667796,1
mixed_case,HTTP://WWW.PERFORMANCEACADEMIA.COM.BR,0.9442193868262828,1
mixed_case,HTTP://WWW.CQ.TQOMZ.COM,0.9578010132858701,1
mixed_case,HTTP://WWW.FLIGHTZY.BID,0.9387912566081565,1
mixed_case,HTTPS://DOCS.GOOGLE.COM/FORMS/D/E/1FAIPQLSEHT4CDLTKAD8967JJARCB5NAFONBAW3DTPYNTH9MDK94HF-Q/VIEWFORM?USP=SEND_FORM,0.5513633177976949,1
mixed_case,HTTPS://AUTOFIELDINDIA.COM/OB,0.41496835068603904,0
mixed_case,HTTP://SEGUROLTAU.ATSNX.COM/,0.9504329459225819,1
mixed_case,HTTP://WWW.SERVER1FERMO.EXODUS.CONNEXXA.IT,0.9856364597209527,1
mixed_case,HTTPS://WWW.NETFLIX-VN.COM,0.3874325421624945,0
mixed_case,HTTP://WWW.REPO.DO-CU.SITE,0.9623996689819441,1
mixed_case,HTTP://WWW.LIVE-COM.GQ,0.9840937417958978,1
mixed_case,HTTP://WWW.JRAT.IO,0.9251030781633756,1
mixed_case,HTTP://WWW.IREDL.ML,0.9854653413867401,1
mixed_case,HTTPS://REVIEW-DOCU.MYPORTFOLIO.COM/,0.44517045476523515,0
mixed_case,HTTP://WWW.K8381.COM,0.9647479071061363,1
mixed_case,HTTP://WWW.CHROMEPERFECTION.COM,0.9448926057882916,1
mixed_case,HTTP://WWW.111XXXXX.COM,0.9697608833776649,1
mixed_case,HTTP://ATT-101435-107378.SQUARE.SITE/,0.9720832550560956,1
mixed_case,HTTP://WWW.HBAA.LAW,0.9360599745892326,1
mixed_case,HTTP://WWW.ENTOURAGEAID.COM,0.9628748218331673,1
mixed_case,HTTP://WWW.SERVERANYWHERE.CF,0.9830929629678543,1
mixed_case,HTTP://WWW.SALESFORCESUPPORTS.COM,0.9491909560159894,1
mixed_case,HTTP://ETHEREUM-CHE.COM,0.9357896604750101,1
mixed_case,HTTP://WWW.TRKPS.COM,0.9358220404665012,1
mixed_case,HTTP://WWW.DYNAMIC-DNS.NET,0.9567987452746891,1
mixed_case,HTTP://WWW.MBMB99.COM,0.9673388683030449,1
mixed_case,HTTP://WWW.MICHKATRAVEL.COM,0.9470650556358347,1
mixed_case,HTTP://WWW.2WW.ME,0.9517143247271399,1
mixed_case,HTTP://WWW.KRAWANGAN.COM,0.9440605558889559,1
mixed_case,HTTP://WWW.METEOPROG.NS01.US,0.961797081138269,1
mixed_case,HTTP://WWW.AMAZCAOM-CO-JP.AMAOZEON.CHALVSHE.TOP/,0.9902555983580615,1
mixed_case,HTTP://WWW.ADISCUSION.COM,0.9546995037297925,1
mixed_case,HTTP://WWW.PANORAMA-OTEL.RU,0.9794220122833034,1
mixed_case,HTTP://WWW.WILDCARD.REPETA.COM.AU,0.9569248937242323,1
mixed_case,HTTPS://ATTCOM-109199.SQUARE.SITE/,0.7465863942089904,1
mixed_case,HTTP://WWW.LBERTUSSBAU.COM,0.943749612170284,1
mixed_case,HTTP://WWW.KAKAO.NET-ALL.WEBSITE,0.9559318378161066,1
mixed_case,HTTP://WWW.AXLETIME.COM,0.9321081816481878,1
mixed_case,HTTP://WWW.SHPK-SANAIR.GQ,0.9886164853910235,1
mixed_case,HTTPS://SUSANGERD.IR/REFCHECK/OLD.HTML,0.32506188596263746,0
mixed_case,HTTPS://ZENOBRANDS33.WIXSITE.COM/MY-SITE,0.4579668011982269,0
mixed_case,HTTP://WWW.GREENPHOENIX.XYZ,0.9647732204543813,1
mixed_case,HTTP://WWW.TALLYANDFIN.COM,0.9470969723710247,1
mixed_case,HTTP://WWW.SENA-PEYGRI.CF,0.9843638450931282,1
mixed_case,HTTP://CONFIRMARCREDITOLTAU.ATSNX.COM/?I=1,0.9442454452143622,1
mixed_case,HTTP://WORK4HOME.CO.ZA/ADMIN/1CB-47C22-B778A6B-70E64D1225C1FEF51/ENFORCER/LOGIN.PHP,0.8702595973656397,1
mixed_case,HTTPS://TCOMMANDERDCD7.MYPORTFOLIO.COM/,0.5265558677877856,1
mixed_case,HTTP://WWW.211205.TOP,0.9929434473580612,1
mixed_case,HTTP://WWW.KHMEROSJA.NET,0.9440605558889559,1
mixed_case,HTTP://WWW.6.DUOGZ.COM,0.9673388610811813,1
mixed_case,HTTPS://SITES.GOOGLE.COM/VIEW/NECROLOGIEINFOSFRORAVOCAL/ACCUEIL,0.33333275108251326,0
mixed_case,HTTPS://ADTTNETAGADFAR.SQUARE.SITE/,0.2450536650799974,0
mixed_case,HTTP://WWW.WATERHOUSECLEANING.CO.UK,0.9430954331264294,1
mixed_case,HTTP://WWW.RYSSTADSYLV.NO,0.943565913755178,1
mixed_case,HTTP://WWW.DREAMPORTALZ.US,0.9595160880179543,1
mixed_case,HTTP://WWW.888ANDRO.NET,0.9362002043791218,1
mixed_case,HTTP://VERIFYSUP02218115112022.RF.GD/,0.96548913347925,1
mixed_case,HTTPS://AMOEN.YE958.COM/JP,0.3413898871059601,0
mixed_case,HTTP://WWW.PBHACK.RU,0.9853444460052249,1
mixed_case,HTTP://WWW.OFFICE-FONTS.HEROKUAPP.COM,0.977219853306068,1
mixed_case,HTTP://WWW.HEALTHYMACHINERY.COM,0.9489867390332389,1
mixed_case,HTTP://WWW.STACKSPAY.COM,0.9418131736783453,1
mixed_case,HTTPS://DOCS.GOOGLE.COM/PRESENTATION/D/E/2PACX-1VTNQM2U8SHVHQGTYOG36ZYXJJWMEIQC2Y9YXURMF80C9KIJVZEYCQSUQEXDZVH8RK1B5B1FLUBEND6L/PUB?START=FALSE&LOOP=FALSE&DELAYMS=3000&SLIDE=ID.P,0.5865429199240246,1
mixed_case,HTTP://WWW.AMAZCEOM-CO-JP.AMACZEON.CHATDOUYIN.TOP/,0.9895713748759677,1
mixed_case,HTTP://WWW.PRECISIONMECHANICAL.ORG,0.9079507341791186,1
mixed_case,HTTP://WWW.FOTOS.LC,0.933981276299443,1
mixed_case,HTTP://WWW.DADSGETINTHEGAME.COM,0.9448926057882916,1
mixed_case,HTTP://WWW.3JE.SDYBV.COM,0.9684195269932168,1
mixed_case,HTTP://WWW.AUSAMEETINGS.COM,0.9582691105286918,1
mixed_case,HTTP://WWW.JS.CSAD.CC,0.9559856618141002,1
mixed_case,HTTP://WWW.LOTTOPLAYS.COM,0.945868725735276,1
mixed_case,HTTP://WWW.DOABLE.NL,0.936543756709457,1
mixed_case,HTTP://WWW.INDEKSONLINE.ORG,0.9270790634089066,1
mixed_case,HTTP://WWW.NAVERSERVICETEAM.COM,0.9467760190342119,1
mixed_case,HTTP://SWEETCEIDROGERBHIMLEA.TK/,0.987236291148192,1
mixed_case,HTTP://WWW.WEBPARTNER.FR,0.944772442128772,1
mixed_case,HTTP://WWW.EGGSUPGRILLFRANCHISE.COM,0.93674850259312,1
mixed_case,HTTP://LAVOZDELOSCENTAUROS.COM/,0.8860189878764722,1
mixed_case,HTTP://WWW.SGNATURN.COM,0.9451386660110661,1
mixed_case,HTTP://WALLETCONNECTLIVE.BLOGSPOT.COM,0.9066593097797426,1
mixed_case,HTTPS://LINK.TKILEF.TOP,0.22961753663451284,0
mixed_case,HTTP://WWW.SARTCO-IR.COM,0.9535875118338424,1
mixed_case,HTTP://WWW.POX23.IO,0.931675650853095,1
mixed_case,HTTP://WWW.SBDGB.COM,0.9358220404665012,1
mixed_case,HTTP://WWW.SENSEYE.IKWB.COM,0.9529511461742567,1
mixed_case,HTTPS://WWW.MOMEYKLTE.CATTACA.COM/SONN/CLIENT/INDEX_SP.HTML,0.3829149409201077,0
mixed_case,HTTP://DOC-METAMASK.RF.GD,0.9534471452219544,1
mixed_case,HTTP://WWW.TIMOLEARY.CO.UK,0.9409922097548439,1
mixed_case,HTTP://WWW.AFILIADOSILVA.COM,0.9626375592659209,1
mixed_case,HTTP://WWW.EBLAGH-R.ML,0.9883463820937932,1
mixed_case,HTTPS://ATT-102722-106593SERVCERBUSINESS.SQUARE.SITE/,0.9193134292890652,1
mixed_case,HTTP://WWW.HANDYMAN.MACLEANNSW.COM,0.9537061195991032,1
mixed_case,HTTP://TURNAROUNDSUPPORT.CO.ZA/KUNDENKONTO/INDEXX.HTML,0.8244258182903768,1
mixed_case,HTTP://WWW.DATENBANK.MOBI,0.9451568394954599,1
mixed_case,HTTPS://ATTLOGINPAGE-MAILERLINK.SQUARE.SITE/,0.8443876512201893,1
mixed_case,HTTP://WWW.TZUZSYFD.NET,0.9387912566081565,1
mixed_case,HTTPS://ATT-MAIL-104057.SQUARE.SITE/,0.8134099662486423,1
mixed_case,HTTP://WWW.DAXBERGER.AT,0.9443492217469066,1
mixed_case,HTTPS://FLADESTATEINS.COM/08131E57-E230-465B-BB5E-840B8AF30EC4,0.8392633635768922,1
mixed_case,HTTPS://POLD.BUILDERALLWPPRO.COM/WP-CONTENT/PLUGINS/R/TRACKING/FV5EJH/DETAILS.PHP,0.5735403082698413,1
mixed_case,HTTP://WWW.DELPHI3135.GORODOK.NET,0.9641631448321648,1
mixed_case,HTTP://WWW.GREENCOCO.ID,0.9397944579216763,1
mixed_case,HTTP://WWW.EBLAGH-HJ.ML,0.9884558760215716,1
mixed_case,HTTP://WWW.115.AT,0.9671438872233956,1
mixed_case,HTTPS://ALLEGROIOKALNIE7INFO.67564534.XYZ/BDXL74CX?FROM_SMS=1,0.9347531576409651,1
mixed_case,HTTP://WWW.APP.IN-SPICY.COM,0.957816464065689,1
mixed_case,HTTP://WWW.RAKCTEN-CARB.OFHZUUE.CN/,0.9595658035843512,1
mixed_case,HTTPS://WWW.COSMOSWATER.IN/OTP.PHP,0.17017444218387837,0
mixed_case,HTTP://YEQK42T.SQUARE.SITE/,0.9382581905914884,1
mixed_case,HTTPS://MY-BUSINESS-103077.SQUARE.SITE/,0.8563675414786325,1
mixed_case,HTTP://WWW.FRISSONCOURIER.COM/WP-CONTENT/PLUGINS/WPCARGO/ASSETS/IMAGES/,0.8608534236507437,1
mixed_case,HTTPS://DOCS.GOOGLE.COM/FORMS/D/E/1FAIPQLSFJSGJHBJKE-MLMNI8CFG1TACZ-HDPVMY5J2BR9UPJR1F7NDA/VIEWFORM?USP=SEND_FORM,0.5362319140576156,1
mixed_case,HTTPS://INSTAGRAME.NET/,0.5580282588719906,1
mixed_case,HTTP://WWW.HXC28.COM,0.9476129924202926,1
mixed_case,HTTP://WWW.LEAPMOM.COM,0.9431045531333299,1
mixed_case,HTTPS://SITES.GOOGLE.COM/VIEW/PTSS18/?DN,0.10035386306052932,0
mixed_case,HTTP://WWW.EMRAHKESKIN.COM,0.943749612170284,1
mixed_case,HTTP://WWW.HOTELFOCUS.NL,0.9403148760059441,1
mixed_case,HTTP://WWW.CROPHYSI.RU,0.9848458861642866,1
mixed_case,HTTP://WWW.AADL-IRAN.ML,0.9817066446334936,1
mixed_case,HTTP://WWW.ZESTEVENTS.CO,0.944772442128772,1
mixed_case,HTTP://WWW.WJ.TQOMZ.COM,0.9578010132858701,1
mixed_case,HTTP://WWW.JAVATERM.COM,0.94155270802256,1
mixed_case,HTTP://WWW.IAMME-LABEL.COM,0.9584212816222586,1
mixed_case,HTTP://WWW.WESTTHAMESPHYSIO.COM,0.9489867390332389,1
mixed_case,HTTP://WWW.211120BEI.TOP,0.9879710977653392,1
mixed_case,HTTP://WWW.BSHADES.EU,0.9443229784099604,1
mixed_case,HTTPS://BANBOBIINACIONALL.HEROKUAPP.COM/,0.3143188718349193,0
mixed_case,HTTPS://S3.AP-SOUTHEAST-1.WASABISYS.COM/POLICIES/APPSUITE/TLYAPPIOOX/MAILFOLDERDEFAULT0/INBOX.HTML#REDACTED@ABUSE.IONOS.COM,0.935004319886132,1
mixed_case,HTTP://WWW.RSPVM.SERVERGAME.COM,0.9524847795820968,1
mixed_case,HTTP://AKEWUQEKAS.SEMBARRIGA.COM.BR/VNAFVRA97W/?Q=3717065149&ID=100,0.9681406623589822,1
mixed_case,HTTP://WWW.CREATIVECOMBAT.COM/WP-ADMIN/NETWORK/ACCT/LOGIN.PHP?RAND=13INBOXLIGHTASPXN.1774256418&FID.4.1252899642&FID=1&FAV.1&RAND.13INBOXLIGHT.ASPXN.1774256418&FID.1252899642&FID.1&FAV.1&EMAIL=&.RAND=13INBOXLIGHT.ASPX?N=1774256418&FID=4#N=1252899642&FID=1&FAV=1,0.9396492015390441,1
mixed_case,HTTP://WWW.XNXX.C1.BIZ,0.985492671558758,1
mixed_case,HTTP://WWW.JFGSIFRPTBIRUSGS.NET,0.9534547865686026,1
mixed_case,HTTP://WWW.TANILCOSMETICS.COM,0.9449627940380825,1
mixed_case,HTTPS://TROPHTERRA.TK/164BD,0.8531728867791186,1
percent_encoding,http:%2f/www.shprakserf.gq,0.8000054954943498,1
percent_encoding,http:%2f/www.iuhjn.pplink.club,0.7567164583560768,1
percent_encoding,https:%2f/sabadonoappmagazine.com/,0.7911701461182364,1
percent_encoding,http:%2f/www.nextraload.com,0.8000054954943498,1
percent_encoding,http:%2f/tkmowpikuk.owl4fsrch.club/vnafvra97w/?q=3717065149&id=100,0.8692788370723102,1
percent_encoding,https:%2f/btopenworldwebmailing.square.site/,0.7581709263397425,1
percent_encoding,http:%2f/www.fgurb.cannca.shop,0.7567164583560768,1
percent_encoding,https:%2f/www.ethmining.info/#/,0.7306390810953716,1
percent_encoding,http:%2f/ianacurtis.rmxcontabilidade.com.br,0.7331709263397425,1
percent_encoding,http:%2f/www.pony4.microsoftups.com,0.7564160510542213,1
percent_encoding,http:%2f/www.play.stream.vidzi.tv,0.6975372020058153,1
percent_encoding,http:%2f/www.beemail.online,0.8000054954943498,1
percent_encoding,http:%2f/www.915783.com,0.8227376820405295,1
percent_encoding,https:%2f/attcom-102201.square.site/,0.7040715227877671,1
percent_encoding,https:%2f/upyq8ess.dreamwp.com/dkskat/,0.672730091102799,1
percent_encoding,https:%2f/www.faewood.com,0.7931816909278276,1
percent_encoding,https:%2f/ennsttsqau.square.site/,0.7213157827103677,1
percent_encoding,https:%2f/docs.google.com/forms/d/1casphevkfdaz2okqj70wdai3pdwwg1weh_rpk9v0z3a/viewform,0.8643519470821832,1
percent_encoding,http:%2f/www.frissoncourier.com,0.7557890052630263,1
percent_encoding,http:%2f/www.clinicafresa20.com,0.6849305702363195,1
percent_encoding,http:%2f/chieuphan-bdshotram.com/webs/,0.6950971488575136,1
percent_encoding,https:%2f/www.ekie-nat.ekaste.bhwkke.top/load.php,0.6646152640820522,1
percent_encoding,http:%2f/www.keliweb.it,0.7887557163780893,1
percent_encoding,http:%2f/www.baagii.sportsnewsa.net,0.7373036764690242,1
percent_encoding,https:%2f/s3.ap-southeast-1.wasabisys.com/mailbusiness/appsuite/tlyappioox/mailfolderdefault9/inbox.html#redacted@abuse.ionos.com,0.9600591721459362,1
percent_encoding,https:%2f/lowes-solicitors.co.uk/ch/panel/,0.667673561846179,1
percent_encoding,http:%2f/www.clientcentre.net,0.7976690996780885,1
percent_encoding,https:%2f/euygy.square.site/,0.7790224573218275,1
percent_encoding,http:%2f/www.automan-1301476296.cos.eu-moscow.myqcloud.com,0.7293630646150587,1
percent_encoding,http:%2f/www.aleksandartaskov.com,0.7540408176249385,1
percent_encoding,http:%2f/www.whoer.net,0.766729056561225,1
percent_encoding,https:%2f/terapiaespecializada.es/mtb/app/verify.php,0.5936085944719355,1
percent_encoding,http:%2f/www.nogiledeneli.ru,0.8146401490347486,1
percent_encoding,http:%2f/www.reco.ws,0.7921488147008596,1
percent_encoding,http:%2f/www.polevoyton.store,0.7976690996780885,1
percent_encoding,https:%2f/antai-gouv.net/,0.766099756009729,1
percent_encoding,https:%2f/shrtco.de/1d9yeo,0.6923807933682118,1
percent_encoding,http:%2f/fti.unmerpas.ac.id/wp-admin/user/webgenkic/investopia/index.php?email=get@get.get,0.949912516569959,1
percent_encoding,https:%2f/ejjud0.wixsite.com/attt,0.739074917077307,1
percent_encoding,http:%2f/www.campbellz.cf,0.7931816909278276,1
percent_encoding,http:%2f/www.lwac.com,0.7880218301579641,1
percent_encoding,http:%2f/centrica.comrqzrofxnhwwgrqzrofrofxnhwagx2nfse2nfagx2nfsesewxnhwagxwgrqzg.mustaccio.com/0.php#ywnjb3vudhnay2vudhjpy2euy29t,0.9174653403397427,1
percent_encoding,https:%2f/00-coveriy-tm.quest/,0.6914136360039282,1
percent_encoding,https:%2f/attcom-101978.square.site/,0.7040715227877671,1
percent_encoding,https:%2f/docs.google.com/forms/d/e/1faipqlscckv1-rxhipcmrhnwfvq2lhuxx18nzcm1e7e0oz8ienixtgw/viewform,0.8938699983368069,1
percent_encoding,http:%2f/www.oosp.pplink.club,0.7579026252148796,1
percent_encoding,https:%2f/www-info-cr-mufg.huiwenfeng.com/jp.php,0.6405158970714209,1
percent_encoding,http:%2f/www.karizcustomizeme.com,0.7540408176249385,1
percent_encoding,http:%2f/dj-wedding.tk/besst/,0.7286349324483645,1
percent_encoding,https:%2f/www.google.com/url?q=https://ipfs.io/ipfs/qmpovsvevlyhp2gj6vfhkqvhaydz1o7y2xn3xt87kkghtv%23%5bemail%5d&amp;source=gmail&amp;ust=1663915474090000&amp;usg=aovvaw1usggtmp1ivavtzsxcz8g1,0.86446143966842,1
percent_encoding,http:%2f/www.iiorinmf.pplink.club,0.7213157827103677,1
percent_encoding,https:%2f/dmbelectricinc.com/,0.7976690996780885,1
percent_encoding,http:%2f/www.intelsupportcenter.com,0.7866472243869298,1
percent_encoding,http:%2f/4710463d43910.bonactech.com/#zfhobgnrqmtimjfoyvc0dwrhegs,0.8547155092452916,1
percent_encoding,http:%2f/www.www--wellsfargo--com--t249329d48d6c.wsipv6.com,0.7583378292040115,1
percent_encoding,https:%2f/www.id292468292.ru,0.8562735147714914,1
percent_encoding,https:%2f/www.danieltolson.com/home.php,0.7110850426161701,1
percent_encoding,http:%2f/www.icloud-id-services.com,0.7241498514904796,1
percent_encoding,http:%2f/www.tripadvisorsapp.com,0.7694210291310677,1
percent_encoding,http:%2f/my-business-106173-106262.square.site/,0.7771363062359702,1
percent_encoding,http:%2f/cek58793690694674609.rf.gd/,0.9364045038738447,1
percent_encoding,https:%2f/meinedkb.me/,0.7907362233626135,1
percent_encoding,http:%2f/www.pmbfytlkm.ml,0.7931816909278276,1
percent_encoding,https:%2f/www.solutionfun.info,0.7898084180646526,1
percent_encoding,https:%2f/fladestateins.com/4ecc9875-1bec-4eb4-b4b8-859e345aa26a,0.8903647759038913,1
percent_encoding,https:%2f/www.ioginunlcovlabcp.com/,0.7373036764690242,1
percent_encoding,https:%2f/opmklw.com/,0.7978826519565516,1
percent_encoding,https:%2f/pyyplapp.com/,0.7847265825248916,1
percent_encoding,http:%2f/hkmulane.cn/bnl51,0.6923807933682118,1
percent_encoding,http:%2f/www.winconnectors.com,0.7698702833346214,1
percent_encoding,http:%2f/www.wikaba.com,0.7887557163780893,1
percent_encoding,http:%2f/yzxlsc.com/wordpress/wp-includes/fonts/aupost/track/index2.php,0.8231452469380178,1
percent_encoding,http:%2f/www.shbc.pplink.club,0.7579026252148796,1
percent_encoding,http:%2f/www.towncenterhotel.com,0.7694210291310677,1
percent_encoding,http:%2f/www.mail-nepalarmymil-np.gq,0.7339575195634376,1
percent_encoding,http:%2f/www.dyskurs.com.ua,0.7560396153020367,1
percent_encoding,https:%2f/alertascliente.webcindario.com/,0.7408633817744363,1
percent_encoding,http:%2f/www.1shop.de,0.7268777500131225,1
percent_encoding,https:%2f/att-102707.square.site/,0.7994404723532745,1
percent_encoding,https:%2f/auth-dkb-online.de/,0.7286349324483645,1
percent_encoding,http:%2f/www.cachecontent.com,0.7976690996780885,1
percent_encoding,http:%2f/www.0catch.com,0.7294510769407195,1
percent_encoding,http:%2f/lukers.com.sg/chronopostalertee/chronopostalertee,0.8192416382263266,1
percent_encoding,http:%2f/www.unblockproxy.us,0.8146401490347486,1
percent_encoding,https:%2f/crosschainbridge-eth.com/?gclid=cjwkcaia5siebhbneiwar9oh2vy9yq0vuiatdgyarsqdbwlwezejyz3u2ljjjphfzmf2sgpv9hopiboco-wqavd_bwe,0.9125743437706062,1
percent_encoding,http:%2f/www.allsecurehosting.com,0.5563002556840021,1
percent_encoding,http:%2f/www.wearebred.net,0.8000054954943498,1
percent_encoding,https:%2f/cmac-cajatacna.com/1675952392/cliente/login,0.86161389160809,1
percent_encoding,https:%2f/sampierry11.wixsite.com/my-site-1,0.5694505612092495,1
percent_encoding,http:%2f/www.oolkjd.pplink.club,0.7398011115043699,1
percent_encoding,http:%2f/maharashtra-enterprises.com/feedback/portal.php,0.7668567093714975,1
percent_encoding,http:%2f/www.antongas-fx.ru,0.7560396153020367,1
percent_encoding,http:%2f/www.tg0913.com,0.764409944753251,1
percent_encoding,https:%2f/powerlineindustriesinc.myportfolio.com/,0.7990398231589888,1
percent_encoding,https:%2f/ayt-103563-100603.square.site/,0.831660930946887,1
percent_encoding,http:%2f/www.proxify.com,0.7857095754296098,1
percent_encoding,http:%2f/www.marketexon.com,0.8000054954943498,1
percent_encoding,https:%2f/docs.google.com/forms/d/e/1faipqlsdnega_6c_pz9_q9ep9epm4iwqfsrxqsnaz-j9dyldimaoocg/viewform?usp=send_form,0.8923385105434962,1
percent_encoding,http:%2f/www.sishendm.com,0.7931816909278276,1
percent_encoding,http:%2f/att-108784.square.site/,0.7949021769903742,1
percent_encoding,https:%2f/informasjon379820922.blogspot.com/?trkid=pn8322826547413800&sub1=tb4j9lf,0.9356463653910774,1
percent_encoding,http:%2f/down.shopeevip11.com/,0.6644922981558683,1
percent_encoding,http:%2f/www.omwowxisr.ga,0.7931816909278276,1
percent_encoding,https:%2f/amazon-hgfhtt.zyns.com/mobile/signim.php,0.6957177696935808,1
percent_encoding,http:%2f/www.beatleslover.com,0.7976690996780885,1
percent_encoding,https:%2f/docs.google.com/forms/d/e/1faipqlsfp1eukgsktriyraz2csynqwfwtv6ehlnbszu69dbxz9lirtq/viewform,0.8962293523161895,1
percent_encoding,https:%2f/acompanhando-meusgastos-online.com/luiza/home.php?userid=&uri=jkluamrfhfwos4cafnmeh7pa1pzx12wuktqwv4swvyw=,0.9268615545412789,1
percent_encoding,http:%2f/www.spoke.ga,0.7880218301579641,1
percent_encoding,https:%2f/att-100984.square.site/,0.7994404723532745,1
percent_encoding,http:%2f/www.14gjm.xyz,0.6919421749788153,1
percent_encoding,https:%2f/my-business-107865-109573.square.site/,0.7607913147815536,1
percent_encoding,http:%2f/www.supportxmr.com,0.8000054954943498,1
percent_encoding,http:%2f/sheinaapp.com,0.7822742584255595,1
percent_encoding,http:%2f/www.netshieldkit.com,0.7976690996780885,1
percent_encoding,https:%2f/zurbrioerf.com,0.8235309449933172,1
percent_encoding,http:%2f/www.hotfixmsupload.com,0.7557890052630263,1
percent_encoding,https:%2f/login-screen-107860.square.site/,0.7918084748826316,1
percent_encoding,https:%2f/djc74bcd9b51a2-1ebf-4df7-bc61-d371fe9eccf.myportfolio.com/,0.8683886501675312,1
percent_encoding,https:%2f/yahooconfiguration0.wixsite.com/html,0.7812142937970221,1
percent_encoding,https:%2f/docs.google.com/forms/d/e/1faipqlsc-nv7qlz6jg_y9ze5k9ds_kzo8hyelurb5j5veve1q4jkiwq/viewform?usp=send_form,0.8746735762183769,1
percent_encoding,https:%2f/sht.moe/zmrww,0.7847265825248916,1
percent_encoding,https:%2f/www.omahanewsbulletin.com,0.7866472243869298,1
percent_encoding,https:%2f/bjbbw6.wixsite.com/my-site-2,0.6477832384899392,1
percent_encoding,https:%2f/tcpw7mwm.dreamwp.com/auth,0.7564160510542213,1
percent_encoding,http:%2f/www.greeaircondition.com,0.7540408176249385,1
percent_encoding,https:%2f/dn75852739.wixsite.com/my-site,0.7784356494853842,1
percent_encoding,http:%2f/43.153.207.103/v3/signin/identifier?dsh=s-16339560%3a1679418180081355&amp%3bfollowup=https%3a%2f%2faccounts.google.com%2f%3f&amp%3bifkv=awnoghedjeezlxxcukyobikksrlskkbb8naftymojf2pwikab-md99nj9vzjmeshc1trpqxmz-t9&amp%3bpassive=1209600&amp%3bxrealip=107.178.200.216&continue=https%3a%2f%2faccounts.google.com%2f%3f&xrealip=107.21.207.171&flowname=weblitesignin&flowentry=servicelogin&ifkv=awnoghdkbq5_bcbcs7t_jbbb9kh3txpcqomjbjvtodoolkfraglnqnbwsicqnuymo66jb13fvsxv,0.9637954333539185,1
percent_encoding,http:%2f/www.uzdarakchi.com,0.8000054954943498,1
percent_encoding,https:%2f/mail-105744.square.site/,0.7377353367192203,1
percent_encoding,https:%2f/www.ekni-nct.ekint.lulhbc.top/load.php,0.6405158970714209,1
percent_encoding,https:%2f/drive.google.com/file/d/1ginbnlpvt7kpfnog9a68fqmn7k3aivui,0.7979865132466386,1
percent_encoding,http:%2f/www.omwowxisu.gq,0.7931816909278276,1
percent_encoding,http:%2f/www.asymmetricfile.blogspot.com,0.7397013669634458,1
percent_encoding,http:%2f/www.inboundmag.com,0.8000054954943498,1
percent_encoding,http:%2f/www.pdnw.nowurl.fun,0.7776692171035696,1
percent_encoding,https:%2f/e.vg/24bper,0.7066598509791563,1
percent_encoding,https:%2f/novo-sicredi-black.com/?page=home&amp;a=208a545d9c9920e5b82164095ef319bad2175dc5secure2158133160d9d280afd9baa68ac7d4411e4dfa5aaccess&amp;b=c307f85ef63c038db5451a1042f6f71035959e14secureb88a92fff52f9bef397d01a21ebe53836dcf62fbaccess&amp;c=4b5a9afcee2770f60fda9be064592b20a861a360secure9c2abcaa953117131aa7425287bb7855c77d94e9access,0.9637954333539185,1
percent_encoding,http:%2f/smartdappsauthonline.com,0.8192836551566025,1
percent_encoding,http:%2f/www.helpdesk.autodefragapp.com,0.7253070498974626,1
percent_encoding,http:%2f/www.revoadademalandro.top,0.7911701461182364,1
percent_encoding,http:%2f/www.hiphopeconomicdevelopment.com,0.7843120329454942,1
percent_encoding,https:%2f/ount.thejewtangclan.com/jp.php,0.7068735809662299,1
percent_encoding,https:%2f/faturarennersolucoesweb.com/login/seguranca.php,0.7277045984685865,1
percent_encoding,http:%2f/www.nvdh.nowurl.fun,0.7776692171035696,1
percent_encoding,http:%2f/www.mailservices.pythonanywhere.com,0.7815074606082525,1
percent_encoding,https:%2f/docs.google.com/presentation/d/e/2pacx-1vqp1bs7pp2guhiddnanci5t_elobevup6mr14v_llaxfa_35lnj_gd57iuzq91rm4xioxgt3rstsqqu/pub?start=false&loop=false&delayms=3000&slide=id.p,0.8806701007675557,1
percent_encoding,https:%2f/arnaz0n.tgfdw.top/ap/signin,0.5870333183390056,1
percent_encoding,http:%2f/www.xsites-dev.xyz,0.7560396153020367,1
percent_encoding,http:%2f/www.cryptobara.com,0.8000054954943498,1
percent_encoding,http:%2f/www.ancient-parrot-9.loca.lt,0.6808799163454605,1
percent_encoding,http:%2f/www.wangluojiumingjingli.org,0.7965650464557048,1
percent_encoding,http:%2f/www.randkey-1301476296.cos.ap-mumbai.myqcloud.com,0.7293630646150587,1
percent_encoding,http:%2f/uniswaplendwap.top,0.867178619148158,1
percent_encoding,https:%2f/late-dingos-suffer-209-127-18-151.loca.lt/,0.764076774271303,1
percent_encoding,http:%2f/www.ratlittonrigh.com,0.7698702833346214,1
percent_encoding,http:%2f/www.adrd.xiaxiab.com,0.7579026252148796,1
percent_encoding,http:%2f/www.sanaradyab.ir,0.8000054954943498,1
percent_encoding,http:%2f/www.phlhjk.cannca.shop,0.7398011115043699,1
percent_encoding,https:%2f/lizc2f3.myportfolio.com/,0.6971062448974513,1
percent_encoding,https:%2f/christensengroupinsurance.myportfolio.com/,0.8323491468723807,1
percent_encoding,http:%2f/www.bruidsfotografie-breda.nl,0.7278221837720844,1
percent_encoding,http:%2f/www.originproducts.xyz,0.7557890052630263,1
percent_encoding,http:%2f/www.talkischeap.co.za,0.7567164583560768,1
percent_encoding,http:%2f/www.universalbumpkeys.com,0.7911701461182364,1
percent_encoding,http:%2f/www.picnicapp.co.uk,0.7776692171035696,1
percent_encoding,http:%2f/www.performanceacademia.com.br,0.7253070498974626,1
percent_encoding,http:%2f/www.cq.tqomz.com,0.766099756009729,1
percent_encoding,http:%2f/www.flightzy.bid,0.7931816909278276,1
percent_encoding,https:%2f/docs.google.com/forms/d/e/1faipqlseht4cdltkad8967jjarcb5nafonbaw3dtpynth9mdk94hf-q/viewform?usp=send_form,0.877345426750554,1
percent_encoding,https:%2f/autofieldindia.com/ob,0.7557890052630263,1
percent_encoding,http:%2f/seguroltau.atsnx.com/,0.7567164583560768,1
percent_encoding,http:%2f/www.server1fermo.exodus.connexxa.it,0.7073858214212768,1
percent_encoding,https:%2f/www.netflix-vn.com,0.7790224573218275,1
percent_encoding,http:%2f/www.repo.do-cu.site,0.7367434684149478,1
percent_encoding,http:%2f/www.live-com.gq,0.7544417000876222,1
percent_encoding,http:%2f/www.jrat.io,0.7921488147008596,1
percent_encoding,http:%2f/www.iredl.ml,0.7880218301579641,1
percent_encoding,https:%2f/review-docu.myportfolio.com/,0.6968225432739579,1
percent_encoding,http:%2f/www.k8381.com,0.7289933243654982,1
percent_encoding,http:%2f/www.chromeperfection.com,0.7540408176249385,1
percent_encoding,http:%2f/www.111xxxxx.com,0.712097190217103,1
percent_encoding,http:%2f/att-101435-107378.square.site/,0.8401903429933846,1
percent_encoding,http:%2f/www.hbaa.law,0.7880218301579641,1
percent_encoding,http:%2f/www.entourageaid.com,0.7976690996780885,1
percent_encoding,http:%2f/www.serveranywhere.cf,0.7698702833346214,1
percent_encoding,http:%2f/www.salesforcesupports.com,0.7866472243869298,1
percent_encoding,http:%2f/ethereum-che.com,0.7931816909278276,1
percent_encoding,http:%2f/www.trkps.com,0.766729056561225,1
percent_encoding,http:%2f/www.dynamic-dns.net,0.7776692171035696,1
percent_encoding,http:%2f/www.mbmb99.com,0.7195096775080116,1
percent_encoding,http:%2f/www.michkatravel.com,0.7976690996780885,1
percent_encoding,http:%2f/www.2ww.me,0.7518675785331385,1
percent_encoding,http:%2f/www.krawangan.com,0.8000054954943498,1
percent_encoding,http:%2f/www.meteoprog.ns01.us,0.6644922981558683,1
percent_encoding,http:%2f/www.amazcaom-co-jp.amaozeon.chalvshe.top/,0.6896900443343124,1
percent_encoding,http:%2f/www.adiscusion.com,0.8000054954943498,1
percent_encoding,http:%2f/www.panorama-otel.ru,0.7579026252148796,1
percent_encoding,http:%2f/www.wildcard.repeta.com.au,0.7241498514904796,1
percent_encoding,https:%2f/attcom-109199.square.site/,0.7040715227877671,1
percent_encoding,http:%2f/www.lbertussbau.com,0.8146401490347486,1
percent_encoding,http:%2f/www.kakao.net-all.website,0.6975372020058153,1
percent_encoding,http:%2f/www.axletime.com,0.7931816909278276,1
percent_encoding,http:%2f/www.shpk-sanair.gq,0.7560396153020367,1
percent_encoding,https:%2f/susangerd.ir/refcheck/old.html,0.7068735809662299,1
percent_encoding,https:%2f/zenobrands33.wixsite.com/my-site,0.6968244241399407,1
percent_encoding,http:%2f/www.greenphoenix.xyz,0.7976690996780885,1
percent_encoding,http:%2f/www.tallyandfin.com,0.8146401490347486,1
percent_encoding,http:%2f/www.sena-peygri.cf,0.7560396153020367,1
percent_encoding,http:%2f/confirmarcreditoltau.atsnx.com/?i=1,0.651324252238196,1
percent_encoding,http:%2f/work4home.co.za/admin/1cb-47c22-b778a6b-70e64d1225c1fef51/enforcer/login.php,0.9411894950431661,1
percent_encoding,https:%2f/tcommanderdcd7.myportfolio.com/,0.7378983644310289,1
percent_encoding,http:%2f/www.211205.top,0.8227376820405295,1
percent_encoding,http:%2f/www.khmerosja.net,0.8000054954943498,1
percent_encoding,http:%2f/www.6.duogz.com,0.7415852490588851,1
percent_encoding,https:%2f/sites.google.com/view/necrologieinfosfroravocal/accueil,0.8581791773111986,1
percent_encoding,https:%2f/adttnetagadfar.square.site/,0.7507397305700525,1
percent_encoding,http:%2f/www.waterhousecleaning.co.uk,0.73442157688468,1
percent_encoding,http:%2f/www.rysstadsylv.no,0.8000054954943498,1
percent_encoding,http:%2f/www.dreamportalz.us,0.8146401490347486,1
percent_encoding,http:%2f/www.888andro.net,0.712097190217103,1
percent_encoding,http:%2f/verifysup02218115112022.rf.gd/,0.9207223467161276,1
percent_encoding,https:%2f/amoen.ye958.com/jp,0.7433778950937829,1
percent_encoding,http:%2f/www.pbhack.ru,0.766729056561225,1
percent_encoding,http:%2f/www.office-fonts.herokuapp.com,0.7085699087415482,1
percent_encoding,http:%2f/www.healthymachinery.com,0.7540408176249385,1
percent_encoding,http:%2f/www.stackspay.com,0.8000054954943498,1
percent_encoding,https:%2f/docs.google.com/presentation/d/e/2pacx-1vtnqm2u8shvhqgtyog36zyxjjwmeiqc2y9yxurmf80c9kijvzeycqsuqexdzvh8rk1b5b1flubend6l/pub?start=false&loop=false&delayms=3000&slide=id.p,0.8806701007675557,1
percent_encoding,http:%2f/www.amazceom-co-jp.amaczeon.chatdouyin.top/,0.7024643218723974,1
percent_encoding,http:%2f/www.precisionmechanical.org,0.8120888828931188,1
percent_encoding,http:%2f/www.fotos.lc,0.7880218301579641,1
percent_encoding,http:%2f/www.dadsgetinthegame.com,0.7540408176249385,1
percent_encoding,http:%2f/www.3je.sdybv.com,0.7360434376859437,1
percent_encoding,http:%2f/www.ausameetings.com,0.7976690996780885,1
percent_encoding,http:%2f/www.js.csad.cc,0.766480201676984,1
percent_encoding,http:%2f/www.lottoplays.com,0.8000054954943498,1
percent_encoding,http:%2f/www.doable.nl,0.766729056561225,1
percent_encoding,http:%2f/www.indeksonline.org,0.7976690996780885,1
percent_encoding,http:%2f/www.naverserviceteam.com,0.7540408176249385,1
percent_encoding,http:%2f/sweetceidrogerbhimlea.tk/,0.7911701461182364,1
percent_encoding,http:%2f/www.webpartner.fr,0.8000054954943498,1
percent_encoding,http:%2f/www.eggsupgrillfranchise.com,0.7965650464557048,1
percent_encoding,http:%2f/lavozdeloscentauros.com/,0.7540408176249385,1
percent_encoding,http:%2f/www.sgnaturn.com,0.7931816909278276,1
percent_encoding,http:%2f/walletconnectlive.blogspot.com,0.6280707669501517,1
percent_encoding,https:%2f/link.tkilef.top,0.7931816909278276,1
percent_encoding,http:%2f/www.sartco-ir.com,0.778220729958204,1
percent_encoding,http:%2f/www.pox23.io,0.7045942146528125,1
percent_encoding,http:%2f/www.sbdgb.com,0.766729056561225,1
percent_encoding,http:%2f/www.senseye.ikwb.com,0.7579026252148796,1
percent_encoding,https:%2f/www.momeyklte.cattaca.com/sonn/client/index_sp.html,0.7581278582389542,1
percent_encoding,http:%2f/doc-metamask.rf.gd,0.7560396153020367,1
percent_encoding,http:%2f/www.timoleary.co.uk,0.7776692171035696,1
percent_encoding,http:%2f/www.afiliadosilva.com,0.7698702833346214,1
percent_encoding,http:%2f/www.eblagh-r.ml,0.7544417000876222,1
percent_encoding,https:%2f/att-102722-106593servcerbusiness.square.site/,0.7987238783654129,1
percent_encoding,http:%2f/www.handyman.macleannsw.com,0.749945413322094,1
percent_encoding,http:%2f/turnaroundsupport.co.za/kundenkonto/indexx.html,0.7668567093714975,1
percent_encoding,http:%2f/www.datenbank.mobi,0.8000054954943498,1
percent_encoding,https:%2f/attloginpage-mailerlink.square.site/,0.5148429308043352,1
percent_encoding,http:%2f/www.tzuzsyfd.net,0.7931816909278276,1
percent_encoding,https:%2f/att-mail-104057.square.site/,0.6769550221417112,1
percent_encoding,http:%2f/www.daxberger.at,0.7931816909278276,1
percent_encoding,https:%2f/fladestateins.com/08131e57-e230-465b-bb5e-840b8af30ec4,0.9188245038755088,1
percent_encoding,https:%2f/pold.builderallwppro.com/wp-content/plugins/r/tracking/fv5ejh/details.php,0.8520239623801771,1
percent_encoding,http:%2f/www.delphi3135.gorodok.net,0.6901209528177132,1
percent_encoding,http:%2f/www.greencoco.id,0.7931816909278276,1
percent_encoding,http:%2f/www.eblagh-hj.ml,0.766099756009729,1
percent_encoding,http:%2f/www.115.at,0.723611045944982,1
percent_encoding,https:%2f/allegroiokalnie7info.67564534.xyz/bdxl74cx?from_sms=1,0.7996881593307481,1
percent_encoding,http:%2f/www.app.in-spicy.com,0.7286349324483645,1
percent_encoding,http:%2f/www.rakcten-carb.ofhzuue.cn/,0.6886273770622027,1
percent_encoding,https:%2f/www.cosmoswater.in/otp.php,0.7339575195634376,1
percent_encoding,http:%2f/yeqk42t.square.site/,0.7105685262703851,1
percent_encoding,https:%2f/my-business-103077.square.site/,0.6519083367686553,1
percent_encoding,http:%2f/www.frissoncourier.com/wp-content/plugins/wpcargo/assets/images/,0.8514375345842635,1
percent_encoding,https:%2f/docs.google.com/forms/d/e/1faipqlsfjsgjhbjke-mlmni8cfg1tacz-hdpvmy5j2br9upjr1f7nda/viewform?usp=send_form,0.8950103610756732,1
percent_encoding,https:%2f/instagrame.net/,0.7931816909278276,1
percent_encoding,http:%2f/www.hxc28.com,0.6919421749788153,1
percent_encoding,http:%2f/www.leapmom.com,0.7857095754296098,1
percent_encoding,https:%2f/sites.google.com/view/ptss18/?dn,0.6563801811938497,1
percent_encoding,http:%2f/www.emrahkeskin.com,0.8146401490347486,1
percent_encoding,http:%2f/www.hotelfocus.nl,0.8000054954943498,1
percent_encoding,http:%2f/www.crophysi.ru,0.7857095754296098,1
percent_encoding,http:%2f/www.aadl-iran.ml,0.766099756009729,1
percent_encoding,http:%2f/www.zestevents.co,0.8000054954943498,1
percent_encoding,http:%2f/www.wj.tqomz.com,0.766099756009729,1
percent_encoding,http:%2f/www.javaterm.com,0.7931816909278276,1
percent_encoding,http:%2f/www.iamme-label.com,0.7776692171035696,1
percent_encoding,http:%2f/www.westthamesphysio.com,0.7540408176249385,1
percent_encoding,http:%2f/www.211120bei.top,0.7851092304324232,1
percent_encoding,http:%2f/www.bshades.eu,0.7887557163780893,1
percent_encoding,https:%2f/banbobiinacionall.herokuapp.com/,0.7579134566594539,1
percent_encoding,https:%2f/s3.ap-southeast-1.wasabisys.com/policies/appsuite/tlyappioox/mailfolderdefault0/inbox.html#redacted@abuse.ionos.com,0.9600591721459362,1
percent_encoding,http:%2f/www.rspvm.servergame.com,0.7213157827103677,1
percent_encoding,http:%2f/akewuqekas.sembarriga.com.br/vnafvra97w/?q=3717065149&id=100,0.866325932177537,1
percent_encoding,http:%2f/www.creativecombat.com/wp-admin/network/acct/login.php?rand=13inboxlightaspxn.1774256418&fid.4.1252899642&fid=1&fav.1&rand.13inboxlight.aspxn.1774256418&fid.1252899642&fid.1&fav.1&email=&.rand=13inboxlight.aspx?n=1774256418&fid=4#n=1252899642&fid=1&fav=1,0.9411894950431661,1
percent_encoding,http:%2f/www.xnxx.c1.biz,0.7415852490588851,1
percent_encoding,http:%2f/www.jfgsifrptbirusgs.net,0.7540408176249385,1
percent_encoding,http:%2f/www.tanilcosmetics.com,0.7557890052630263,1
percent_encoding,https:%2f/trophterra.tk/164bd,0.7432004554815048,1
extra_subdomain,http://secure.www.shprakserf.gq,0.9944538839887059,1
extra_subdomain,http://secure.www.iuhjn.pplink.club,0.9392433027690833,1
extra_subdomain,https://secure.sabadonoappmagazine.com/,0.5783244985796179,1
extra_subdomain,http://secure.www.nextraload.com,0.8940732187181624,1
extra_subdomain,http://secure.tkmowpikuk.owl4fsrch.club/vnafvra97w/?q=3717065149&id=100,0.9595437602938779,1
extra_subdomain,https://secure.btopenworldwebmailing.square.site/,0.7415854234831625,1
extra_subdomain,http://secure.www.fgurb.cannca.shop,0.9187792644343947,1
extra_subdomain,https://secure.www.ethmining.info/#/,0.843300249624023,1
extra_subdomain,http://secure.ianacurtis.rmxcontabilidade.com.br,0.9478707529280544,1
extra_subdomain,http://secure.www.pony4.microsoftups.com,0.961598968853216,1
extra_subdomain,http://secure.www.play.stream.vidzi.tv,0.9639345322844486,1
extra_subdomain,http://secure.www.beemail.online,0.9934021107811596,1
extra_subdomain,http://secure.www.915783.com,0.9080707267564725,1
extra_subdomain,https://secure.attcom-102201.square.site/,0.9234458166879497,1
extra_subdomain,https://secure.upyq8ess.dreamwp.com/dkskat/,0.7350451648706164,1
extra_subdomain,https://secure.www.faewood.com,0.3173586750642648,0
extra_subdomain,https://secure.ennsttsqau.square.site/,0.5547295048381107,1
extra_subdomain,https://secure.docs.google.com/forms/d/1casphevkfdaz2okqj70wdai3pdwwg1weh_rpk9v0z3a/viewform,0.5202269795506623,1
extra_subdomain,http://secure.www.frissoncourier.com,0.9150588067681044,1
extra_subdomain,http://secure.www.clinicafresa20.com,0.9429117409439506,1
extra_subdomain,http://secure.chieuphan-bdshotram.com/webs/,0.8935280968002626,1
extra_subdomain,https://secure.www.ekie-nat.ekaste.bhwkke.top/load.php,0.9795977249595944,1
extra_subdomain,http://secure.www.keliweb.it,0.7993635085038338,1
extra_subdomain,http://secure.www.baagii.sportsnewsa.net,0.9448028101690173,1
extra_subdomain,https://secure.s3.ap-southeast-1.wasabisys.com/mailbusiness/appsuite/tlyappioox/mailfolderdefault9/inbox.html#redacted@abuse.ionos.com,0.9006458905828074,1
extra_subdomain,https://secure.lowes-solicitors.co.uk/ch/panel/,0.8079644475668651,1
extra_subdomain,http://secure.www.clientcentre.net,0.8998558695031486,1
extra_subdomain,https://secure.euygy.square.site/,0.4392988796891615,0
extra_subdomain,http://secure.www.automan-1301476296.cos.eu-moscow.myqcloud.com,0.9973217622593937,1
extra_subdomain,http://secure.www.aleksandartaskov.com,0.9454603114038254,1
extra_subdomain,http://secure.www.whoer.net,0.8180999226966325,1
extra_subdomain,https://secure.terapiaespecializada.es/mtb/app/verify.php,0.4784305469036882,1
extra_subdomain,http://secure.www.nogiledeneli.ru,0.9934021107811596,1
extra_subdomain,http://secure.www.reco.ws,0.8359661280459324,1
extra_subdomain,http://secure.www.polevoyton.store,0.9088892717697605,1
extra_subdomain,https://secure.antai-gouv.net/,0.6180116593344555,1
extra_subdomain,https://secure.shrtco.de/1d9yeo,0.5033586230483358,1
extra_subdomain,http://secure.fti.unmerpas.ac.id/wp-admin/user/webgenkic/investopia/index.php?email=get@get.get,0.8668859848924744,1
extra_subdomain,https://secure.ejjud0.wixsite.com/attt,0.6214738439051662,1
extra_subdomain,http://secure.www.campbellz.cf,0.9944538839887059,1
extra_subdomain,http://secure.www.lwac.com,0.8264618278283719,1
extra_subdomain,http://secure.centrica.comrqzrofxnhwwgrqzrofrofxnhwagx2nfse2nfagx2nfsesewxnhwagxwgrqzg.mustaccio.com/0.php#ywnjb3vudhnay2vudhjpy2euy29t,0.9870663975460848,1
extra_subdomain,https://secure.00-coveriy-tm.quest/,0.8531931671591233,1
extra_subdomain,https://secure.attcom-101978.square.site/,0.9234458166879497,1
extra_subdomain,https://secure.docs.google.com/forms/d/e/1faipqlscckv1-rxhipcmrhnwfvq2lhuxx18nzcm1e7e0oz8ienixtgw/viewform,0.5295033120326849,1
extra_subdomain,http://secure.www.oosp.pplink.club,0.9392433027690833,1
extra_subdomain,https://secure.www-info-cr-mufg.huiwenfeng.com/jp.php,0.8861444946006596,1
extra_subdomain,http://secure.www.karizcustomizeme.com,0.9402287082363016,1
extra_subdomain,http://secure.dj-wedding.tk/besst/,0.9535202920803639,1
extra_subdomain,https://secure.www.google.com/url?q=https://ipfs.io/ipfs/qmpovsvevlyhp2gj6vfhkqvhaydz1o7y2xn3xt87kkghtv%23%5bemail%5d&amp;source=gmail&amp;ust=1663915474090000&amp;usg=aovvaw1usggtmp1ivavtzsxcz8g1,0.6028049418188627,1
extra_subdomain,http://secure.www.iiorinmf.pplink.club,0.9585312004844697,1
extra_subdomain,https://secure.dmbelectricinc.com/,0.4654120401164266,1
extra_subdomain,http://secure.www.intelsupportcenter.com,0.9469251826233176,1
extra_subdomain,http://secure.4710463d43910.bonactech.com/#zfhobgnrqmtimjfoyvc0dwrhegs,0.9761078538330233,1
extra_subdomain,http://secure.www.www--wellsfargo--com--t249329d48d6c.wsipv6.com,0.9821163322804065,1
extra_subdomain,https://secure.www.id292468292.ru,0.8952093351854404,1
extra_subdomain,https://secure.www.danieltolson.com/home.php,0.5249710224299836,1
extra_subdomain,http://secure.www.icloud-id-services.com,0.9582102420805638,1
extra_subdomain,http://secure.www.tripadvisorsapp.com,0.9236358057718158,1
extra_subdomain,http://secure.my-business-106173-106262.square.site/,0.9576521182095885,1
extra_subdomain,http://secure.cek58793690694674609.rf.gd/,0.9855196744230357,1
extra_subdomain,https://secure.meinedkb.me/,0.2042758180559529,0
extra_subdomain,http://secure.www.pmbfytlkm.ml,0.9878050572302033,1
extra_subdomain,https://secure.www.solutionfun.info,0.8040006724743932,1
extra_subdomain,https://secure.fladestateins.com/4ecc9875-1bec-4eb4-b4b8-859e345aa26a,0.856085138579782,1
extra_subdomain,https://secure.www.ioginunlcovlabcp.com/,0.6973670586006209,1
extra_subdomain,https://secure.opmklw.com/,0.22898260022665196,0
extra_subdomain,https://secure.pyyplapp.com/,0.26030206540158474,0
extra_subdomain,http://secure.hkmulane.cn/bnl51,0.8557523633210031,1
extra_subdomain,http://secure.www.winconnectors.com,0.9148556008003782,1
extra_subdomain,http://secure.www.wikaba.com,0.811028853238084,1
extra_subdomain,http://secure.yzxlsc.com/wordpress/wp-includes/fonts/aupost/track/index2.php,0.7967489712344152,1
extra_subdomain,http://secure.www.shbc.pplink.club,0.9392433027690833,1
extra_subdomain,http://secure.www.towncenterhotel.com,0.9236358057718158,1
extra_subdomain,http://secure.www.mail-nepalarmymil-np.gq,0.9964597596413999,1
extra_subdomain,http://secure.www.dyskurs.com.ua,0.8856361673441071,1
extra_subdomain,https://secure.alertascliente.webcindario.com/,0.7668735543966205,1
extra_subdomain,http://secure.www.1shop.de,0.8706829900659263,1
extra_subdomain,https://secure.att-102707.square.site/,0.9115688989657578,1
extra_subdomain,https://secure.auth-dkb-online.de/,0.766760091251195,1
extra_subdomain,http://secure.www.cachecontent.com,0.8998558695031486,1
extra_subdomain,http://secure.www.0catch.com,0.8897427929941409,1
extra_subdomain,http://secure.lukers.com.sg/chronopostalertee/chronopostalertee,0.7956751911968996,1
extra_subdomain,http://secure.www.unblockproxy.us,0.8920761570456601,1
extra_subdomain,https://secure.crosschainbridge-eth.com/?gclid=cjwkcaia5siebhbneiwar9oh2vy9yq0vuiatdgyarsqdbwlwezejyz3u2ljjjphfzmf2sgpv9hopiboco-wqavd_bwe,0.968816436461489,1
extra_subdomain,http://secure.www.allsecurehosting.com,0.9454603114038254,1
extra_subdomain,http://secure.www.wearebred.net,0.8550042431200005,1
extra_subdomain,https://secure.cmac-cajatacna.com/1675952392/cliente/login,0.913849015184274,1
extra_subdomain,https://secure.sampierry11.wixsite.com/my-site-1,0.7725104669393965,1
extra_subdomain,http://secure.www.oolkjd.pplink.club,0.9435793011766738,1
extra_subdomain,http://secure.maharashtra-enterprises.com/feedback/portal.php,0.9030559703014067,1
extra_subdomain,http://secure.www.antongas-fx.ru,0.9962498221728892,1
extra_subdomain,http://secure.www.tg0913.com,0.9030329275723739,1
extra_subdomain,https://secure.powerlineindustriesinc.myportfolio.com/,0.8387990464167727,1
extra_subdomain,https://secure.ayt-103563-100603.square.site/,0.9565095253107538,1
extra_subdomain,http://secure.www.proxify.com,0.8303867353736137,1
extra_subdomain,http://secure.www.marketexon.com,0.8940732187181624,1
extra_subdomain,https://secure.docs.google.com/forms/d/e/1faipqlsdnega_6c_pz9_q9ep9epm4iwqfsrxqsnaz-j9dyldimaoocg/viewform?usp=send_form,0.44177872060359036,0
extra_subdomain,http://secure.www.sishendm.com,0.8362045520988934,1
extra_subdomain,http://secure.att-108784.square.site/,0.9241063941044179,1
extra_subdomain,https://secure.informasjon379820922.blogspot.com/?trkid=pn8322826547413800&sub1=tb4j9lf,0.9561291111199406,1
extra_subdomain,http://secure.down.shopeevip11.com/,0.9060233569921395,1
extra_subdomain,http://secure.www.omwowxisr.ga,0.9803365204179073,1
extra_subdomain,https://secure.amazon-hgfhtt.zyns.com/mobile/signim.php,0.89670024974277,1
extra_subdomain,http://secure.www.beatleslover.com,0.9088892717697605,1
extra_subdomain,https://secure.docs.google.com/forms/d/e/1faipqlsfp1eukgsktriyraz2csynqwfwtv6ehlnbszu69dbxz9lirtq/viewform,0.5295033120326849,1
extra_subdomain,https://secure.acompanhando-meusgastos-online.com/luiza/home.php?userid=&uri=jkluamrfhfwos4cafnmeh7pa1pzx12wuktqwv4swvyw=,0.9607498592034347,1
extra_subdomain,http://secure.www.spoke.ga,0.9928195824119236,1
extra_subdomain,https://secure.att-100984.square.site/,0.9115688989657578,1
extra_subdomain,http://secure.www.14gjm.xyz,0.9825954286279565,1
extra_subdomain,https://secure.my-business-107865-109573.square.site/,0.9819982596447769,1
extra_subdomain,http://secure.www.supportxmr.com,0.9183036475606976,1
extra_subdomain,http://secure.sheinaapp.com,0.7168683834301037,1
extra_subdomain,http://secure.www.netshieldkit.com,0.8998558695031486,1
extra_subdomain,https://secure.zurbrioerf.com,0.22644432521853425,0
extra_subdomain,http://secure.www.hotfixmsupload.com,0.9121665365248063,1
extra_subdomain,https://secure.login-screen-107860.square.site/,0.9376280594895144,1
extra_subdomain,https://secure.djc74bcd9b51a2-1ebf-4df7-bc61-d371fe9eccf.myportfolio.com/,0.9823673680656316,1
extra_subdomain,https://secure.yahooconfiguration0.wixsite.com/html,0.8478562187777285,1
extra_subdomain,https://secure.docs.google.com/forms/d/e/1faipqlsc-nv7qlz6jg_y9ze5k9ds_kzo8hyelurb5j5veve1q4jkiwq/viewform?usp=send_form,0.4947510286188434,1
extra_subdomain,https://secure.sht.moe/zmrww,0.1806317292855833,0
extra_subdomain,https://secure.www.omahanewsbulletin.com,0.6761609596444845,1
extra_subdomain,https://secure.bjbbw6.wixsite.com/my-site-2,0.6447240408479581,1
extra_subdomain,https://secure.tcpw7mwm.dreamwp.com/auth,0.7764729334802632,1
extra_subdomain,http://secure.www.greeaircondition.com,0.9270180948283919,1
extra_subdomain,https://secure.dn75852739.wixsite.com/my-site,0.8582830967737145,1
extra_subdomain,http://secure.43.153.207.103/v3/signin/identifier?dsh=s-16339560%3a1679418180081355&amp%3bfollowup=https%3a%2f%2faccounts.google.com%2f%3f&amp%3bifkv=awnoghedjeezlxxcukyobikksrlskkbb8naftymojf2pwikab-md99nj9vzjmeshc1trpqxmz-t9&amp%3bpassive=1209600&amp%3bxrealip=107.178.200.216&continue=https%3a%2f%2faccounts.google.com%2f%3f&xrealip=107.21.207.171&flowname=weblitesignin&flowentry=servicelogin&ifkv=awnoghdkbq5_bcbcs7t_jbbb9kh3txpcqomjbjvtodoolkfraglnqnbwsicqnuymo66jb13fvsxv,0.9619282982140931,1
extra_subdomain,http://secure.www.uzdarakchi.com,0.8940732187181624,1
extra_subdomain,https://secure.mail-105744.square.site/,0.9219801760447414,1
extra_subdomain,https://secure.www.ekni-nct.ekint.lulhbc.top/load.php,0.9507065970531123,1
extra_subdomain,https://secure.drive.google.com/file/d/1ginbnlpvt7kpfnog9a68fqmn7k3aivui,0.4418955363298046,0
extra_subdomain,http://secure.www.omwowxisu.gq,0.9934021107811596,1
extra_subdomain,http://secure.www.asymmetricfile.blogspot.com,0.9588221888908741,1
extra_subdomain,http://secure.www.inboundmag.com,0.8940732187181624,1
extra_subdomain,http://secure.www.pdnw.nowurl.fun,0.9002724435772482,1
extra_subdomain,https://secure.e.vg/24bper,0.5984191809834123,1
extra_subdomain,https://secure.novo-sicredi-black.com/?page=home&amp;a=208a545d9c9920e5b82164095ef319bad2175dc5secure2158133160d9d280afd9baa68ac7d4411e4dfa5aaccess&amp;b=c307f85ef63c038db5451a1042f6f71035959e14secureb88a92fff52f9bef397d01a21ebe53836dcf62fbaccess&amp;c=4b5a9afcee2770f60fda9be064592b20a861a360secure9c2abcaa953117131aa7425287bb7855c77d94e9access,0.966606960590789,1
extra_subdomain,http://secure.smartdappsauthonline.com,0.9344760366332207,1
extra_subdomain,http://secure.www.helpdesk.autodefragapp.com,0.9289498469996227,1
extra_subdomain,http://secure.www.revoadademalandro.top,0.9920102911710161,1
extra_subdomain,http://secure.www.hiphopeconomicdevelopment.com,0.941846440011567,1
extra_subdomain,https://secure.ount.thejewtangclan.com/jp.php,0.7351430326466288,1
extra_subdomain,https://secure.faturarennersolucoesweb.com/login/seguranca.php,0.7146967578654054,1
extra_subdomain,http://secure.www.nvdh.nowurl.fun,0.9002724435772482,1
extra_subdomain,http://secure.www.mailservices.pythonanywhere.com,0.9595765806791162,1
extra_subdomain,https://secure.docs.google.com/presentation/d/e/2pacx-1vqp1bs7pp2guhiddnanci5t_elobevup6mr14v_llaxfa_35lnj_gd57iuzq91rm4xioxgt3rstsqqu/pub?start=false&loop=false&delayms=3000&slide=id.p,0.5867143161929548,1
extra_subdomain,https://secure.arnaz0n.tgfdw.top/ap/signin,0.8637698866053451,1
extra_subdomain,http://secure.www.xsites-dev.xyz,0.9942878459374713,1
extra_subdomain,http://secure.www.cryptobara.com,0.8963291577592045,1
extra_subdomain,http://secure.www.ancient-parrot-9.loca.lt,0.9412963217708592,1
extra_subdomain,http://secure.www.wangluojiumingjingli.org,0.9391263697479099,1
extra_subdomain,http://secure.www.randkey-1301476296.cos.ap-mumbai.myqcloud.com,0.9973217622593937,1
extra_subdomain,http://secure.uniswaplendwap.top,0.9646979903419913,1
extra_subdomain,https://secure.late-dingos-suffer-209-127-18-151.loca.lt/,0.9779098551578818,1
extra_subdomain,http://secure.www.ratlittonrigh.com,0.9148556008003782,1
extra_subdomain,http://secure.www.adrd.xiaxiab.com,0.8956317463714601,1
extra_subdomain,http://secure.www.sanaradyab.ir,0.8799781870545406,1
extra_subdomain,http://secure.www.phlhjk.cannca.shop,0.9231152628419853,1
extra_subdomain,https://secure.lizc2f3.myportfolio.com/,0.7402261845224074,1
extra_subdomain,https://secure.christensengroupinsurance.myportfolio.com/,0.8708241091122417,1
extra_subdomain,http://secure.www.bruidsfotografie-breda.nl,0.9487735046190352,1
extra_subdomain,http://secure.www.originproducts.xyz,0.9854881748388487,1
extra_subdomain,http://secure.www.talkischeap.co.za,0.8843529450164279,1
extra_subdomain,http://secure.www.universalbumpkeys.com,0.946715655100667,1
extra_subdomain,http://secure.www.picnicapp.co.uk,0.8774791309346981,1
extra_subdomain,http://secure.www.performanceacademia.com.br,0.9188051845381704,1
extra_subdomain,http://secure.www.cq.tqomz.com,0.8912129628155947,1
extra_subdomain,http://secure.www.flightzy.bid,0.8500822168490195,1
extra_subdomain,https://secure.docs.google.com/forms/d/e/1faipqlseht4cdltkad8967jjarcb5nafonbaw3dtpynth9mdk94hf-q/viewform?usp=send_form,0.5545033120326849,1
extra_subdomain,https://secure.autofieldindia.com/ob,0.3710812197039486,0
extra_subdomain,http://secure.seguroltau.atsnx.com/,0.928417916172165,1
extra_subdomain,http://secure.www.server1fermo.exodus.connexxa.it,0.9807420594234015,1
extra_subdomain,https://secure.www.netflix-vn.com,0.8176105386549498,1
extra_subdomain,http://secure.www.repo.do-cu.site,0.9203462495361672,1
extra_subdomain,http://secure.www.live-com.gq,0.9942878459374713,1
extra_subdomain,http://secure.www.jrat.io,0.8260020633741091,1
extra_subdomain,http://secure.www.iredl.ml,0.9928195824119236,1
extra_subdomain,https://secure.review-docu.myportfolio.com/,0.8314691693682512,1
extra_subdomain,http://secure.www.k8381.com,0.8810422987588536,1
extra_subdomain,http://secure.www.chromeperfection.com,0.9454603114038254,1
extra_subdomain,http://secure.www.111xxxxx.com,0.9347817391703087,1
extra_subdomain,http://secure.att-101435-107378.square.site/,0.9641691524432391,1
extra_subdomain,http://secure.www.hbaa.law,0.8364258925001952,1
extra_subdomain,http://secure.www.entourageaid.com,0.8816921087280974,1
extra_subdomain,http://secure.www.serveranywhere.cf,0.9854881748388487,1
extra_subdomain,http://secure.www.salesforcesupports.com,0.9469251826233176,1
extra_subdomain,http://secure.ethereum-che.com,0.9147747488845475,1
extra_subdomain,http://secure.www.trkps.com,0.8305194498270575,1
extra_subdomain,http://secure.www.dynamic-dns.net,0.942926479011641,1
extra_subdomain,http://secure.www.mbmb99.com,0.9017369950871246,1
extra_subdomain,http://secure.www.michkatravel.com,0.8998558695031486,1
extra_subdomain,http://secure.www.2ww.me,0.843839111513863,1
extra_subdomain,http://secure.www.krawangan.com,0.871711364943063,1
extra_subdomain,http://secure.www.meteoprog.ns01.us,0.90959930516926,1
extra_subdomain,http://secure.www.amazcaom-co-jp.amaozeon.chalvshe.top/,0.9964597596413999,1
extra_subdomain,http://secure.www.adiscusion.com,0.8395308193040971,1
extra_subdomain,http://secure.www.panorama-otel.ru,0.994497783405982,1
extra_subdomain,http://secure.www.wildcard.repeta.com.au,0.9073275522003618,1
extra_subdomain,https://secure.attcom-109199.square.site/,0.9234458166879497,1
extra_subdomain,http://secure.www.lbertussbau.com,0.8946909659788117,1
extra_subdomain,http://secure.www.kakao.net-all.website,0.9668132095540335,1
extra_subdomain,http://secure.www.axletime.com,0.8339271590206572,1
extra_subdomain,http://secure.www.shpk-sanair.gq,0.9962498221728892,1
extra_subdomain,https://secure.susangerd.ir/refcheck/old.html,0.16645003274038395,0
extra_subdomain,https://secure.zenobrands33.wixsite.com/my-site,0.8439985076997425,1
extra_subdomain,http://secure.www.greenphoenix.xyz,0.9936120482496704,1
extra_subdomain,http://secure.www.tallyandfin.com,0.8923976303206158,1
extra_subdomain,http://secure.www.sena-peygri.cf,0.9942878459374713,1
extra_subdomain,http://secure.confirmarcreditoltau.atsnx.com/?i=1,0.9456244465878798,1
extra_subdomain,http://secure.work4home.co.za/admin/1cb-47c22-b778a6b-70e64d1225c1fef51/enforcer/login.php,0.9145055591352291,1
extra_subdomain,https://secure.tcommanderdcd7.myportfolio.com/,0.8298979741081001,1
extra_subdomain,http://secure.www.211205.top,0.9812144580857062,1
extra_subdomain,http://secure.www.khmerosja.net,0.871711364943063,1
extra_subdomain,http://secure.www.6.duogz.com,0.8873720383095911,1
extra_subdomain,https://secure.sites.google.com/view/necrologieinfosfroravocal/accueil,0.3243648927863677,0
extra_subdomain,https://secure.adttnetagadfar.square.site/,0.6561677966338221,1
extra_subdomain,http://secure.www.waterhousecleaning.co.uk,0.9310505144450998,1
extra_subdomain,http://secure.www.rysstadsylv.no,0.9006246501385956,1
extra_subdomain,http://secure.www.dreamportalz.us,0.9404864239502375,1
extra_subdomain,http://secure.www.888andro.net,0.8972600237283903,1
extra_subdomain,http://secure.verifysup02218115112022.rf.gd/,0.9855196744230357,1
extra_subdomain,https://secure.amoen.ye958.com/jp,0.6551046125095079,1
extra_subdomain,http://secure.www.pbhack.ru,0.9944538839887059,1
extra_subdomain,http://secure.www.office-fonts.herokuapp.com,0.9633613717983174,1
extra_subdomain,http://secure.www.healthymachinery.com,0.9430640434738885,1
extra_subdomain,http://secure.www.stackspay.com,0.8963889537671685,1
extra_subdomain,https://secure.docs.google.com/presentation/d/e/2pacx-1vtnqm2u8shvhqgtyog36zyxjjwmeiqc2y9yxurmf80c9kijvzeycqsuqexdzvh8rk1b5b1flubend6l/pub?start=false&loop=false&delayms=3000&slide=id.p,0.6002280261660575,1
extra_subdomain,http://secure.www.amazceom-co-jp.amaczeon.chatdouyin.top/,0.9888306870572242,1
extra_subdomain,http://secure.www.precisionmechanical.org,0.9308267274728639,1
extra_subdomain,http://secure.www.fotos.lc,0.8267970793186489,1
extra_subdomain,http://secure.www.dadsgetinthegame.com,0.9454603114038254,1
extra_subdomain,http://secure.www.3je.sdybv.com,0.9019647663660922,1
extra_subdomain,http://secure.www.ausameetings.com,0.8618030838605213,1
extra_subdomain,http://secure.www.js.csad.cc,0.8407547017571556,1
extra_subdomain,http://secure.www.lottoplays.com,0.8963291577592045,1
extra_subdomain,http://secure.www.doable.nl,0.8277287358781787,1
extra_subdomain,http://secure.www.indeksonline.org,0.9088892717697605,1
extra_subdomain,http://secure.www.naverserviceteam.com,0.9402287082363016,1
extra_subdomain,http://secure.sweetceidrogerbhimlea.tk/,0.9912261627767253,1
extra_subdomain,http://secure.www.webpartner.fr,0.8821688395218903,1
extra_subdomain,http://secure.www.eggsupgrillfranchise.com,0.9473921260637855,1
extra_subdomain,http://secure.lavozdeloscentauros.com/,0.8658697093834242,1
extra_subdomain,http://secure.www.sgnaturn.com,0.8362045520988934,1
extra_subdomain,http://secure.walletconnectlive.blogspot.com,0.9491880642479688,1
extra_subdomain,https://secure.link.tkilef.top,0.728110713555225,1
extra_subdomain,http://secure.www.sartco-ir.com,0.935906106149561,1
extra_subdomain,http://secure.www.pox23.io,0.878381966270666,1
extra_subdomain,http://secure.www.sbdgb.com,0.8305194498270575,1
extra_subdomain,http://secure.www.senseye.ikwb.com,0.9090766386732632,1
extra_subdomain,https://secure.www.momeyklte.cattaca.com/sonn/client/index_sp.html,0.7880584496387905,1
extra_subdomain,http://secure.doc-metamask.rf.gd,0.8987581915538125,1
extra_subdomain,http://secure.www.timoleary.co.uk,0.8605768261145089,1
extra_subdomain,http://secure.www.afiliadosilva.com,0.8732770682126804,1
extra_subdomain,http://secure.www.eblagh-r.ml,0.9962498221728892,1
extra_subdomain,https://secure.att-102722-106593servcerbusiness.square.site/,0.9823981467812575,1
extra_subdomain,http://secure.www.handyman.macleannsw.com,0.9637750848097489,1
extra_subdomain,http://secure.turnaroundsupport.co.za/kundenkonto/indexx.html,0.8239017638276488,1
extra_subdomain,http://secure.www.datenbank.mobi,0.8852349994486776,1
extra_subdomain,https://secure.attloginpage-mailerlink.square.site/,0.8787174512107552,1
extra_subdomain,http://secure.www.tzuzsyfd.net,0.8500822168490195,1
extra_subdomain,https://secure.att-mail-104057.square.site/,0.9536349443977642,1
extra_subdomain,http://secure.www.daxberger.at,0.8423542923298106,1
extra_subdomain,https://secure.fladestateins.com/08131e57-e230-465b-bb5e-840b8af30ec4,0.8858469592063167,1
extra_subdomain,https://secure.pold.builderallwppro.com/wp-content/plugins/r/tracking/fv5ejh/details.php,0.8774891205355937,1
extra_subdomain,http://secure.www.delphi3135.gorodok.net,0.9619096577155657,1
extra_subdomain,http://secure.www.greencoco.id,0.8256471705067481,1
extra_subdomain,http://secure.www.eblagh-hj.ml,0.9827160654422527,1
extra_subdomain,http://secure.www.115.at,0.8511162182862385,1
extra_subdomain,https://secure.allegroiokalnie7info.67564534.xyz/bdxl74cx?from_sms=1,0.9431778826782979,1
extra_subdomain,http://secure.www.app.in-spicy.com,0.9344648547394311,1
extra_subdomain,http://secure.www.rakcten-carb.ofhzuue.cn/,0.9527696211776968,1
extra_subdomain,https://secure.www.cosmoswater.in/otp.php,0.5129082887472445,1
extra_subdomain,http://secure.yeqk42t.square.site/,0.8791993851354499,1
extra_subdomain,https://secure.my-business-103077.square.site/,0.9376280594895144,1
extra_subdomain,http://secure.www.frissoncourier.com/wp-content/plugins/wpcargo/assets/images/,0.8728561744835354,1
extra_subdomain,https://secure.docs.google.com/forms/d/e/1faipqlsfjsgjhbjke-mlmni8cfg1tacz-hdpvmy5j2br9upjr1f7nda/viewform?usp=send_form,0.5319111653681312,1
extra_subdomain,https://secure.instagrame.net/,0.5653437696520164,1
extra_subdomain,http://secure.www.hxc28.com,0.8797463662736043,1
extra_subdomain,http://secure.www.leapmom.com,0.8172716708346736,1
extra_subdomain,https://secure.sites.google.com/view/ptss18/?dn,0.32044897188042765,0
extra_subdomain,http://secure.www.emrahkeskin.com,0.8946909659788117,1
extra_subdomain,http://secure.www.hotelfocus.nl,0.8799781870545406,1
extra_subdomain,http://secure.www.crophysi.ru,0.9790964402568972,1
extra_subdomain,http://secure.www.aadl-iran.ml,0.9942878459374713,1
extra_subdomain,http://secure.www.zestevents.co,0.8821688395218903,1
extra_subdomain,http://secure.www.wj.tqomz.com,0.8912129628155947,1
extra_subdomain,http://secure.www.javaterm.com,0.8503289609438778,1
extra_subdomain,http://secure.www.iamme-label.com,0.9123477914828152,1
extra_subdomain,http://secure.www.westthamesphysio.com,0.9430640434738885,1
extra_subdomain,http://secure.www.211120bei.top,0.9854848844155519,1
extra_subdomain,http://secure.www.bshades.eu,0.8189848119414549,1
extra_subdomain,https://secure.banbobiinacionall.herokuapp.com/,0.7675394567478984,1
extra_subdomain,https://secure.s3.ap-southeast-1.wasabisys.com/policies/appsuite/tlyappioox/mailfolderdefault0/inbox.html#redacted@abuse.ionos.com,0.9006458905828074,1
extra_subdomain,http://secure.www.rspvm.servergame.com,0.962795682088099,1
extra_subdomain,http://secure.akewuqekas.sembarriga.com.br/vnafvra97w/?q=3717065149&id=100,0.9778793512029097,1
extra_subdomain,http://secure.www.creativecombat.com/wp-admin/network/acct/login.php?rand=13inboxlightaspxn.1774256418&fid.4.1252899642&fid=1&fav.1&rand.13inboxlight.aspxn.1774256418&fid.1252899642&fid.1&fav.1&email=&.rand=13inboxlight.aspx?n=1774256418&fid=4#n=1252899642&fid=1&fav=1,0.9537605941098078,1
extra_subdomain,http://secure.www.xnxx.c1.biz,0.9854506626063595,1
extra_subdomain,http://secure.www.jfgsifrptbirusgs.net,0.952018135952558,1
extra_subdomain,http://secure.www.tanilcosmetics.com,0.9121665365248063,1
extra_subdomain,https://secure.trophterra.tk/164bd,0.7688337148813413,1
query_randomization,http://www.shprakserf.gq?id=84721,0.984191212409681,1
query_randomization,http://www.iuhjn.pplink.club?id=84721,0.9627941242056725,1
query_randomization,https://sabadonoappmagazine.com/?id=84721,0.6811796560077251,1
query_randomization,http://www.nextraload.com?id=84721,0.9000631529978274,1
query_randomization,http://tkmowpikuk.owl4fsrch.club/vnafvra97w/?q=3717065149&id=100&id=84721,0.9671977355425954,1
query_randomization,https://btopenworldwebmailing.square.site/?id=84721,0.7632766520495667,1
query_randomization,http://www.fgurb.cannca.shop?id=84721,0.9385043952320569,1
query_randomization,https://www.ethmining.info/#/?id=84721,0.7921412054006688,1
query_randomization,http://ianacurtis.rmxcontabilidade.com.br?id=84721,0.9628392325859148,1
query_randomization,http://www.pony4.microsoftups.com?id=84721,0.9627385520254285,1
query_randomization,http://www.play.stream.vidzi.tv?id=84721,0.9157809462772256,1
query_randomization,http://www.beemail.online?id=84721,0.9860595935436998,1
query_randomization,http://www.915783.com?id=84721,0.9635195648627027,1
query_randomization,https://attcom-102201.square.site/?id=84721,0.8538987403820724,1
query_randomization,https://upyq8ess.dreamwp.com/dkskat/?id=84721,0.45424971878334325,0
query_randomization,https://www.faewood.com?id=84721,0.4350585696365889,0
query_randomization,https://ennsttsqau.square.site/?id=84721,0.5128021410511088,1
query_randomization,https://docs.google.com/forms/d/1casphevkfdaz2okqj70wdai3pdwwg1weh_rpk9v0z3a/viewform?id=84721,0.5391712553046335,1
query_randomization,http://www.frissoncourier.com?id=84721,0.9046260740187888,1
query_randomization,http://www.clinicafresa20.com?id=84721,0.9491776813773578,1
query_randomization,http://chieuphan-bdshotram.com/webs/?id=84721,0.9172750494575259,1
query_randomization,https://www.ekie-nat.ekaste.bhwkke.top/load.php?id=84721,0.9380353626814266,1
query_randomization,http://www.keliweb.it?id=84721,0.8369559826847194,1
query_randomization,http://www.baagii.sportsnewsa.net?id=84721,0.9619356161676997,1
query_randomization,https://s3.ap-southeast-1.wasabisys.com/mailbusiness/appsuite/tlyappioox/mailfolderdefault9/inbox.html#redacted@abuse.ionos.com?id=84721,0.935004319886132,1
query_randomization,https://lowes-solicitors.co.uk/ch/panel/?id=84721,0.7458881009179918,1
query_randomization,http://www.clientcentre.net?id=84721,0.9044768426969065,1
query_randomization,https://euygy.square.site/?id=84721,0.4138198681416877,0
query_randomization,http://www.automan-1301476296.cos.eu-moscow.myqcloud.com?id=84721,0.9931452089791725,1
query_randomization,http://www.aleksandartaskov.com?id=84721,0.9259410450248928,1
query_randomization,http://www.whoer.net?id=84721,0.8460517848007572,1
query_randomization,https://terapiaespecializada.es/mtb/app/verify.php?id=84721,0.7086172432279503,1
query_randomization,http://www.nogiledeneli.ru?id=84721,0.9863080955443595,1
query_randomization,http://www.reco.ws?id=84721,0.8702684196323462,1
query_randomization,http://www.polevoyton.store?id=84721,0.9095427706017244,1
query_randomization,https://antai-gouv.net/?id=84721,0.7756042972780418,1
query_randomization,https://shrtco.de/1d9yeo?id=84721,0.5905068956989881,1
query_randomization,http://fti.unmerpas.ac.id/wp-admin/user/webgenkic/investopia/index.php?email=get@get.get&id=84721,0.9569789939034173,1
query_randomization,https://ejjud0.wixsite.com/attt?id=84721,0.45314037961088083,0
query_randomization,http://www.campbellz.cf?id=84721,0.9280400969774103,1
query_randomization,http://www.lwac.com?id=84721,0.8332193626580043,1
query_randomization,http://centrica.comrqzrofxnhwwgrqzrofrofxnhwagx2nfse2nfagx2nfsesewxnhwagxwgrqzg.mustaccio.com/0.php#ywnjb3vudhnay2vudhjpy2euy29t?id=84721,0.9935080927259715,1
query_randomization,https://00-coveriy-tm.quest/?id=84721,0.8161910104401843,1
query_randomization,https://attcom-101978.square.site/?id=84721,0.8538987403820724,1
query_randomization,https://docs.google.com/forms/d/e/1faipqlscckv1-rxhipcmrhnwfvq2lhuxx18nzcm1e7e0oz8ienixtgw/viewform?id=84721,0.5247461785919597,1
query_randomization,http://www.oosp.pplink.club?id=84721,0.9627941242056725,1
query_randomization,https://www-info-cr-mufg.huiwenfeng.com/jp.php?id=84721,0.8634909144432645,1
query_randomization,http://www.karizcustomizeme.com?id=84721,0.9274661859503428,1
query_randomization,http://dj-wedding.tk/besst/?id=84721,0.9759903986692311,1
query_randomization,https://www.google.com/url?q=https://ipfs.io/ipfs/qmpovsvevlyhp2gj6vfhkqvhaydz1o7y2xn3xt87kkghtv%23%5bemail%5d&amp;source=gmail&amp;ust=1663915474090000&amp;usg=aovvaw1usggtmp1ivavtzsxcz8g1&id=84721,0.6236460752988856,1
query_randomization,http://www.iiorinmf.pplink.club?id=84721,0.9618709486796915,1
query_randomization,https://dmbelectricinc.com/?id=84721,0.48516470035966364,1
query_randomization,http://www.intelsupportcenter.com?id=84721,0.9529144477929116,1
query_randomization,http://4710463d43910.bonactech.com/#zfhobgnrqmtimjfoyvc0dwrhegs?id=84721,0.9619916819395786,1
query_randomization,http://www.www--wellsfargo--com--t249329d48d6c.wsipv6.com?id=84721,0.994652257857618,1
query_randomization,https://www.id292468292.ru?id=84721,0.882613350931815,1
query_randomization,https://www.danieltolson.com/home.php?id=84721,0.46386730910510343,1
query_randomization,http://www.icloud-id-services.com?id=84721,0.9547799120789622,1
query_randomization,http://www.tripadvisorsapp.com?id=84721,0.9334044685417187,1
query_randomization,http://my-business-106173-106262.square.site/?id=84721,0.9845733675704047,1
query_randomization,http://cek58793690694674609.rf.gd/?id=84721,0.9732971028737865,1
query_randomization,https://meinedkb.me/?id=84721,0.5026137792612841,1
query_randomization,http://www.pmbfytlkm.ml?id=84721,0.9822343342619202,1
query_randomization,https://www.solutionfun.info?id=84721,0.7397047316263813,1
query_randomization,https://fladestateins.com/4ecc9875-1bec-4eb4-b4b8-859e345aa26a?id=84721,0.7785804071283782,1
query_randomization,https://www.ioginunlcovlabcp.com/?id=84721,0.5482180223419046,1
query_randomization,https://opmklw.com/?id=84721,0.5317994444125012,1
query_randomization,https://pyyplapp.com/?id=84721,0.5676402854840104,1
query_randomization,http://hkmulane.cn/bnl51?id=84721,0.6629918941408328,1
query_randomization,http://www.winconnectors.com?id=84721,0.9246087165779284,1
query_randomization,http://www.wikaba.com?id=84721,0.8164052029939777,1
query_randomization,http://yzxlsc.com/wordpress/wp-includes/fonts/aupost/track/index2.php?id=84721,0.8326501301537673,1
query_randomization,http://www.shbc.pplink.club?id=84721,0.9627941242056725,1
query_randomization,http://www.towncenterhotel.com?id=84721,0.9334044685417187,1
query_randomization,http://www.mail-nepalarmymil-np.gq?id=84721,0.9882401751220675,1
query_randomization,http://www.dyskurs.com.ua?id=84721,0.9459706148857563,1
query_randomization,https://alertascliente.webcindario.com/?id=84721,0.7533603841463004,1
query_randomization,http://www.1shop.de?id=84721,0.8836980763670619,1
query_randomization,https://att-102707.square.site/?id=84721,0.8306156907074038,1
query_randomization,https://auth-dkb-online.de/?id=84721,0.817906583456824,1
query_randomization,http://www.cachecontent.com?id=84721,0.9044768426969065,1
query_randomization,http://www.0catch.com?id=84721,0.9466945645755503,1
query_randomization,http://lukers.com.sg/chronopostalertee/chronopostalertee?id=84721,0.7817662681471983,1
query_randomization,http://www.unblockproxy.us?id=84721,0.897464888479341,1
query_randomization,https://crosschainbridge-eth.com/?gclid=cjwkcaia5siebhbneiwar9oh2vy9yq0vuiatdgyarsqdbwlwezejyz3u2ljjjphfzmf2sgpv9hopiboco-wqavd_bwe&id=84721,0.953738775628073,1
query_randomization,http://www.allsecurehosting.com?id=84721,0.8586772790837485,1
query_randomization,http://www.wearebred.net?id=84721,0.9281846650066987,1
query_randomization,https://cmac-cajatacna.com/1675952392/cliente/login?id=84721,0.9124036913189446,1
query_randomization,https://sampierry11.wixsite.com/my-site-1?id=84721,0.5928484196685798,1
query_randomization,http://www.oolkjd.pplink.club?id=84721,0.9621952100033917,1
query_randomization,http://maharashtra-enterprises.com/feedback/portal.php?id=84721,0.9123118261118272,1
query_randomization,http://www.antongas-fx.ru?id=84721,0.9856672479847267,1
query_randomization,http://www.tg0913.com?id=84721,0.961067842450835,1
query_randomization,https://powerlineindustriesinc.myportfolio.com/?id=84721,0.7201699174144353,1
query_randomization,https://ayt-103563-100603.square.site/?id=84721,0.9284782187311776,1
query_randomization,http://www.proxify.com?id=84721,0.8312175063922714,1
query_randomization,http://www.marketexon.com?id=84721,0.9000631529978274,1
query_randomization,https://docs.google.com/forms/d/e/1faipqlsdnega_6c_pz9_q9ep9epm4iwqfsrxqsnaz-j9dyldimaoocg/viewform?usp=send_form&id=84721,0.49312001808945877,1
query_randomization,http://www.sishendm.com?id=84721,0.8464035514589769,1
query_randomization,http://att-108784.square.site/?id=84721,0.9715947559134455,1
query_randomization,https://informasjon379820922.blogspot.com/?trkid=pn8322826547413800&sub1=tb4j9lf&id=84721,0.9542395019150473,1
query_randomization,http://down.shopeevip11.com/?id=84721,0.9105794010478696,1
query_randomization,http://www.omwowxisr.ga?id=84721,0.93203376848664,1
query_randomization,https://amazon-hgfhtt.zyns.com/mobile/signim.php?id=84721,0.896473336872587,1
query_randomization,http://www.beatleslover.com?id=84721,0.9093619448610326,1
query_randomization,https://docs.google.com/forms/d/e/1faipqlsfp1eukgsktriyraz2csynqwfwtv6ehlnbszu69dbxz9lirtq/viewform?id=84721,0.5497461785919597,1
query_randomization,https://acompanhando-meusgastos-online.com/luiza/home.php?userid=&uri=jkluamrfhfwos4cafnmeh7pa1pzx12wuktqwv4swvyw=&id=84721,0.9503058185504922,1
query_randomization,http://www.spoke.ga?id=84721,0.9697213402341831,1
query_randomization,https://att-100984.square.site/?id=84721,0.8306156907074038,1
query_randomization,http://www.14gjm.xyz?id=84721,0.9915896215355604,1
query_randomization,https://my-business-107865-109573.square.site/?id=84721,0.9364658313512544,1
query_randomization,http://www.supportxmr.com?id=84721,0.8955637513061256,1
query_randomization,http://sheinaapp.com?id=84721,0.5381892084446005,1
query_randomization,http://www.netshieldkit.com?id=84721,0.9044768426969065,1
query_randomization,https://zurbrioerf.com?id=84721,0.4932550229477878,1
query_randomization,http://www.hotfixmsupload.com?id=84721,0.923122736622922,1
query_randomization,https://login-screen-107860.square.site/?id=84721,0.9783949441467655,1
query_randomization,https://djc74bcd9b51a2-1ebf-4df7-bc61-d371fe9eccf.myportfolio.com/?id=84721,0.9618792610134055,1
query_randomization,https://yahooconfiguration0.wixsite.com/html?id=84721,0.6920960131518036,1
query_randomization,https://docs.google.com/forms/d/e/1faipqlsc-nv7qlz6jg_y9ze5k9ds_kzo8hyelurb5j5veve1q4jkiwq/viewform?usp=send_form&id=84721,0.5047397335801318,1
query_randomization,https://sht.moe/zmrww?id=84721,0.5351724324588986,1
query_randomization,https://www.omahanewsbulletin.com?id=84721,0.5711496729028673,1
query_randomization,https://bjbbw6.wixsite.com/my-site-2?id=84721,0.4273542261384532,0
query_randomization,https://tcpw7mwm.dreamwp.com/auth?id=84721,0.4813633732706892,1
query_randomization,http://www.greeaircondition.com?id=84721,0.91923002638001,1
query_randomization,https://dn75852739.wixsite.com/my-site?id=84721,0.7222561785803998,1
query_randomization,http://43.153.207.103/v3/signin/identifier?dsh=s-16339560%3a1679418180081355&amp%3bfollowup=https%3a%2f%2faccounts.google.com%2f%3f&amp%3bifkv=awnoghedjeezlxxcukyobikksrlskkbb8naftymojf2pwikab-md99nj9vzjmeshc1trpqxmz-t9&amp%3bpassive=1209600&amp%3bxrealip=107.178.200.216&continue=https%3a%2f%2faccounts.google.com%2f%3f&xrealip=107.21.207.171&flowname=weblitesignin&flowentry=servicelogin&ifkv=awnoghdkbq5_bcbcs7t_jbbb9kh3txpcqomjbjvtodoolkfraglnqnbwsicqnuymo66jb13fvsxv&id=84721,0.9983268357959473,1
query_randomization,http://www.uzdarakchi.com?id=84721,0.9000631529978274,1
query_randomization,https://mail-105744.square.site/?id=84721,0.8516825121848346,1
query_randomization,https://www.ekni-nct.ekint.lulhbc.top/load.php?id=84721,0.9380353626814266,1
query_randomization,https://drive.google.com/file/d/1ginbnlpvt7kpfnog9a68fqmn7k3aivui?id=84721,0.44784638960949186,0
query_randomization,http://www.omwowxisu.gq?id=84721,0.9445649505997042,1
query_randomization,http://www.asymmetricfile.blogspot.com?id=84721,0.9636724907920116,1
query_randomization,http://www.inboundmag.com?id=84721,0.9000631529978274,1
query_randomization,http://www.pdnw.nowurl.fun?id=84721,0.9396078317338136,1
query_randomization,https://e.vg/24bper?id=84721,0.7576242315133308,1
query_randomization,https://novo-sicredi-black.com/?page=home&amp;a=208a545d9c9920e5b82164095ef319bad2175dc5secure2158133160d9d280afd9baa68ac7d4411e4dfa5aaccess&amp;b=c307f85ef63c038db5451a1042f6f71035959e14secureb88a92fff52f9bef397d01a21ebe53836dcf62fbaccess&amp;c=4b5a9afcee2770f60fda9be064592b20a861a360secure9c2abcaa953117131aa7425287bb7855c77d94e9access&id=84721,0.9708406626000219,1
query_randomization,http://smartdappsauthonline.com?id=84721,0.8207489318418479,1
query_randomization,http://www.helpdesk.autodefragapp.com?id=84721,0.9537057731890914,1
query_randomization,http://www.revoadademalandro.top?id=84721,0.9900491645046332,1
query_randomization,http://www.hiphopeconomicdevelopment.com?id=84721,0.9505649712690216,1
query_randomization,https://ount.thejewtangclan.com/jp.php?id=84721,0.5178104012313892,1
query_randomization,https://faturarennersolucoesweb.com/login/seguranca.php?id=84721,0.8111479366461571,1
query_randomization,http://www.nvdh.nowurl.fun?id=84721,0.9396078317338136,1
query_randomization,http://www.mailservices.pythonanywhere.com?id=84721,0.9853380605110722,1
query_randomization,https://docs.google.com/presentation/d/e/2pacx-1vqp1bs7pp2guhiddnanci5t_elobevup6mr14v_llaxfa_35lnj_gd57iuzq91rm4xioxgt3rstsqqu/pub?start=false&loop=false&delayms=3000&slide=id.p&id=84721,0.5460396832126553,1
query_randomization,https://arnaz0n.tgfdw.top/ap/signin?id=84721,0.9255391213850377,1
query_randomization,http://www.xsites-dev.xyz?id=84721,0.9850821917467805,1
query_randomization,http://www.cryptobara.com?id=84721,0.9004721355088632,1
query_randomization,http://www.ancient-parrot-9.loca.lt?id=84721,0.9550827071479594,1
query_randomization,http://www.wangluojiumingjingli.org?id=84721,0.9532687096833161,1
query_randomization,http://www.randkey-1301476296.cos.ap-mumbai.myqcloud.com?id=84721,0.9931452089791725,1
query_randomization,http://uniswaplendwap.top?id=84721,0.9650984349873271,1
query_randomization,https://late-dingos-suffer-209-127-18-151.loca.lt/?id=84721,0.9379583074340436,1
query_randomization,http://www.ratlittonrigh.com?id=84721,0.9246087165779284,1
query_randomization,http://www.adrd.xiaxiab.com?id=84721,0.9091368092637641,1
query_randomization,http://www.sanaradyab.ir?id=84721,0.9289786888407461,1
query_randomization,http://www.phlhjk.cannca.shop?id=84721,0.9419053841352879,1
query_randomization,https://lizc2f3.myportfolio.com/?id=84721,0.6056810003010938,1
query_randomization,https://christensengroupinsurance.myportfolio.com/?id=84721,0.7661152494632727,1
query_randomization,http://www.bruidsfotografie-breda.nl?id=84721,0.949698728915265,1
query_randomization,http://www.originproducts.xyz?id=84721,0.9883163852855195,1
query_randomization,http://www.talkischeap.co.za?id=84721,0.898790216485304,1
query_randomization,http://www.universalbumpkeys.com?id=84721,0.9414441837882803,1
query_randomization,http://www.picnicapp.co.uk?id=84721,0.9041154800331626,1
query_randomization,http://www.performanceacademia.com.br?id=84721,0.9498652043491053,1
query_randomization,http://www.cq.tqomz.com?id=84721,0.9487174193592202,1
query_randomization,http://www.flightzy.bid?id=84721,0.8628010074055993,1
query_randomization,https://docs.google.com/forms/d/e/1faipqlseht4cdltkad8967jjarcb5nafonbaw3dtpynth9mdk94hf-q/viewform?usp=send_form&id=84721,0.5322069215164341,1
query_randomization,https://autofieldindia.com/ob?id=84721,0.46914696109309384,1
query_randomization,http://seguroltau.atsnx.com/?id=84721,0.8976146862507417,1
query_randomization,http://www.server1fermo.exodus.connexxa.it?id=84721,0.9791219953097785,1
query_randomization,https://www.netflix-vn.com?id=84721,0.7830419987976251,1
query_randomization,http://www.repo.do-cu.site?id=84721,0.9476249016595728,1
query_randomization,http://www.live-com.gq?id=84721,0.988554258761066,1
query_randomization,http://www.jrat.io?id=84721,0.8397320963730053,1
query_randomization,http://www.iredl.ml?id=84721,0.9697213402341831,1
query_randomization,https://review-docu.myportfolio.com/?id=84721,0.7670028541887872,1
query_randomization,http://www.k8381.com?id=84721,0.9456460363801135,1
query_randomization,http://www.chromeperfection.com?id=84721,0.9259410450248928,1
query_randomization,http://www.111xxxxx.com?id=84721,0.9531819856307783,1
query_randomization,http://att-101435-107378.square.site/?id=84721,0.9688596215504391,1
query_randomization,http://www.hbaa.law?id=84721,0.8493882030468862,1
query_randomization,http://www.entourageaid.com?id=84721,0.9099258339408423,1
query_randomization,http://www.serveranywhere.cf?id=84721,0.9875730361257571,1
query_randomization,http://www.salesforcesupports.com?id=84721,0.9529144477929116,1
query_randomization,http://ethereum-che.com?id=84721,0.826031642570648,1
query_randomization,http://www.trkps.com?id=84721,0.9040953640256635,1
query_randomization,http://www.dynamic-dns.net?id=84721,0.9509091953246068,1
query_randomization,http://www.mbmb99.com?id=84721,0.9519419770768707,1
query_randomization,http://www.michkatravel.com?id=84721,0.9044768426969065,1
query_randomization,http://www.2ww.me?id=84721,0.9008654069332189,1
query_randomization,http://www.krawangan.com?id=84721,0.9286757851119658,1
query_randomization,http://www.meteoprog.ns01.us?id=84721,0.9503024282112598,1
query_randomization,http://www.amazcaom-co-jp.amaozeon.chalvshe.top/?id=84721,0.9921619334046744,1
query_randomization,http://www.adiscusion.com?id=84721,0.8913004384559521,1
query_randomization,http://www.panorama-otel.ru?id=84721,0.9850031606558269,1
query_randomization,http://www.wildcard.repeta.com.au?id=84721,0.9269461815117485,1
query_randomization,https://attcom-109199.square.site/?id=84721,0.8538987403820724,1
query_randomization,http://www.lbertussbau.com?id=84721,0.9187409108608879,1
query_randomization,http://www.kakao.net-all.website?id=84721,0.9687951699735464,1
query_randomization,http://www.axletime.com?id=84721,0.8488207146805434,1
query_randomization,http://www.shpk-sanair.gq?id=84721,0.9856672479847267,1
query_randomization,https://susangerd.ir/refcheck/old.html?id=84721,0.30115936812894784,0
query_randomization,https://zenobrands33.wixsite.com/my-site?id=84721,0.5448229552318071,1
query_randomization,http://www.greenphoenix.xyz?id=84721,0.9882610940823625,1
query_randomization,http://www.tallyandfin.com?id=84721,0.9293733784170206,1
query_randomization,http://www.sena-peygri.cf?id=84721,0.9834917845417472,1
query_randomization,http://confirmarcreditoltau.atsnx.com/?i=1&id=84721,0.9285344078941822,1
query_randomization,http://work4home.co.za/admin/1cb-47c22-b778a6b-70e64d1225c1fef51/enforcer/login.php?id=84721,0.9057581723845687,1
query_randomization,https://tcommanderdcd7.myportfolio.com/?id=84721,0.6628794311645269,1
query_randomization,http://www.211205.top?id=84721,0.9915896215355604,1
query_randomization,http://www.khmerosja.net?id=84721,0.9286757851119658,1
query_randomization,http://www.6.duogz.com?id=84721,0.922491234559278,1
query_randomization,https://sites.google.com/view/necrologieinfosfroravocal/accueil?id=84721,0.37797586617891715,0
query_randomization,https://adttnetagadfar.square.site/?id=84721,0.6010025979552329,1
query_randomization,http://www.waterhousecleaning.co.uk?id=84721,0.936614037349878,1
query_randomization,http://www.rysstadsylv.no?id=84721,0.9143344236189291,1
query_randomization,http://www.dreamportalz.us?id=84721,0.9162576070515582,1
query_randomization,http://www.888andro.net?id=84721,0.8980334930518179,1
query_randomization,http://verifysup02218115112022.rf.gd/?id=84721,0.96548913347925,1
query_randomization,https://amoen.ye958.com/jp?id=84721,0.4806328094321778,1
query_randomization,http://www.pbhack.ru?id=84721,0.9900658871867817,1
query_randomization,http://www.office-fonts.herokuapp.com?id=84721,0.9764481798911548,1
query_randomization,http://www.healthymachinery.com?id=84721,0.93432153081663,1
query_randomization,http://www.stackspay.com?id=84721,0.9274958751558244,1
query_randomization,https://docs.google.com/presentation/d/e/2pacx-1vtnqm2u8shvhqgtyog36zyxjjwmeiqc2y9yxurmf80c9kijvzeycqsuqexdzvh8rk1b5b1flubend6l/pub?start=false&loop=false&delayms=3000&slide=id.p&id=84721,0.5865429199240246,1
query_randomization,http://www.amazceom-co-jp.amaczeon.chatdouyin.top/?id=84721,0.9904019720503522,1
query_randomization,http://www.precisionmechanical.org?id=84721,0.9534691202128421,1
query_randomization,http://www.fotos.lc?id=84721,0.8426914325473103,1
query_randomization,http://www.dadsgetinthegame.com?id=84721,0.9259410450248928,1
query_randomization,http://www.3je.sdybv.com?id=84721,0.9689973881052051,1
query_randomization,http://www.ausameetings.com?id=84721,0.896353024799273,1
query_randomization,http://www.js.csad.cc?id=84721,0.8820830532297673,1
query_randomization,http://www.lottoplays.com?id=84721,0.9004721355088632,1
query_randomization,http://www.doable.nl?id=84721,0.8518913566324574,1
query_randomization,http://www.indeksonline.org?id=84721,0.9093619448610326,1
query_randomization,http://www.naverserviceteam.com?id=84721,0.9274661859503428,1
query_randomization,http://sweetceidrogerbhimlea.tk/?id=84721,0.9905715261996411,1
query_randomization,http://www.webpartner.fr?id=84721,0.929387671351782,1
query_randomization,http://www.eggsupgrillfranchise.com?id=84721,0.9595876056779635,1
query_randomization,http://lavozdeloscentauros.com/?id=84721,0.8302520776166862,1
query_randomization,http://www.sgnaturn.com?id=84721,0.8464035514589769,1
query_randomization,http://walletconnectlive.blogspot.com?id=84721,0.8923213139429386,1
query_randomization,https://link.tkilef.top?id=84721,0.7827959005531693,1
query_randomization,http://www.sartco-ir.com?id=84721,0.9621675778171473,1
query_randomization,http://www.pox23.io?id=84721,0.8987029172688861,1
query_randomization,http://www.sbdgb.com?id=84721,0.9040953640256635,1
query_randomization,http://www.senseye.ikwb.com?id=84721,0.9340084684964707,1
query_randomization,https://www.momeyklte.cattaca.com/sonn/client/index_sp.html?id=84721,0.5966714161708588,1
query_randomization,http://doc-metamask.rf.gd?id=84721,0.939705127147279,1
query_randomization,http://www.timoleary.co.uk?id=84721,0.9153890131932029,1
query_randomization,http://www.afiliadosilva.com?id=84721,0.9081605898574189,1
query_randomization,http://www.eblagh-r.ml?id=84721,0.9921066422015175,1
query_randomization,https://att-102722-106593servcerbusiness.square.site/?id=84721,0.9496220924011599,1
query_randomization,http://www.handyman.macleannsw.com?id=84721,0.9614985351766311,1
query_randomization,http://turnaroundsupport.co.za/kundenkonto/indexx.html?id=84721,0.8519211478680203,1
query_randomization,http://www.datenbank.mobi?id=84721,0.8997602492690469,1
query_randomization,https://attloginpage-mailerlink.square.site/?id=84721,0.9597690669929602,1
query_randomization,http://www.tzuzsyfd.net?id=84721,0.8628010074055993,1
query_randomization,https://att-mail-104057.square.site/?id=84721,0.8947658285843569,1
query_randomization,http://www.daxberger.at?id=84721,0.8612456799811797,1
query_randomization,https://fladestateins.com/08131e57-e230-465b-bb5e-840b8af30ec4?id=84721,0.8344523601619873,1
query_randomization,https://pold.builderallwppro.com/wp-content/plugins/r/tracking/fv5ejh/details.php?id=84721,0.6544670169717647,1
query_randomization,http://www.delphi3135.gorodok.net?id=84721,0.9589745604008432,1
query_randomization,http://www.greencoco.id?id=84721,0.8720900831916326,1
query_randomization,http://www.eblagh-hj.ml?id=84721,0.9921066422015175,1
query_randomization,http://www.115.at?id=84721,0.923025441265944,1
query_randomization,https://allegroiokalnie7info.67564534.xyz/bdxl74cx?from_sms=1&id=84721,0.9390928690251459,1
query_randomization,http://www.app.in-spicy.com?id=84721,0.9706794575069525,1
query_randomization,http://www.rakcten-carb.ofhzuue.cn/?id=84721,0.9619404467987884,1
query_randomization,https://www.cosmoswater.in/otp.php?id=84721,0.4012179897983502,0
query_randomization,http://yeqk42t.square.site/?id=84721,0.9059710355207258,1
query_randomization,https://my-business-103077.square.site/?id=84721,0.9105416012743189,1
query_randomization,http://www.frissoncourier.com/wp-content/plugins/wpcargo/assets/images/?id=84721,0.8838840172706991,1
query_randomization,https://docs.google.com/forms/d/e/1faipqlsfjsgjhbjke-mlmni8cfg1tacz-hdpvmy5j2br9upjr1f7nda/viewform?usp=send_form&id=84721,0.5183208240108,1
query_randomization,https://instagrame.net/?id=84721,0.6660694906261455,1
query_randomization,http://www.hxc28.com?id=84721,0.9357426220144427,1
query_randomization,http://www.leapmom.com?id=84721,0.8615038410681312,1
query_randomization,https://sites.google.com/view/ptss18/?dn&id=84721,0.12633413116352155,0
query_randomization,http://www.emrahkeskin.com?id=84721,0.9187409108608879,1
query_randomization,http://www.hotelfocus.nl?id=84721,0.9289786888407461,1
query_randomization,http://www.crophysi.ru?id=84721,0.9765670860855419,1
query_randomization,http://www.aadl-iran.ml?id=84721,0.9855255223508348,1
query_randomization,http://www.zestevents.co?id=84721,0.929387671351782,1
query_randomization,http://www.wj.tqomz.com?id=84721,0.9487174193592202,1
query_randomization,http://www.javaterm.com?id=84721,0.8608801885968548,1
query_randomization,http://www.iamme-label.com?id=84721,0.9359636198849828,1
query_randomization,http://www.westthamesphysio.com?id=84721,0.93432153081663,1
query_randomization,http://www.211120bei.top?id=84721,0.9879710977653392,1
query_randomization,http://www.bshades.eu?id=84721,0.8187810304340157,1
query_randomization,https://banbobiinacionall.herokuapp.com/?id=84721,0.687218266734405,1
query_randomization,https://s3.ap-southeast-1.wasabisys.com/policies/appsuite/tlyappioox/mailfolderdefault0/inbox.html#redacted@abuse.ionos.com?id=84721,0.9203503932367398,1
query_randomization,http://www.rspvm.servergame.com?id=84721,0.9260759017428564,1
query_randomization,http://akewuqekas.sembarriga.com.br/vnafvra97w/?q=3717065149&id=100&id=84721,0.969165964464978,1
query_randomization,http://www.creativecombat.com/wp-admin/network/acct/login.php?rand=13inboxlightaspxn.1774256418&fid.4.1252899642&fid=1&fav.1&rand.13inboxlight.aspxn.1774256418&fid.1252899642&fid.1&fav.1&email=&.rand=13inboxlight.aspx?n=1774256418&fid=4#n=1252899642&fid=1&fav=1&id=84721,0.9396492015390441,1
query_randomization,http://www.xnxx.c1.biz?id=84721,0.9895838763820946,1
query_randomization,http://www.jfgsifrptbirusgs.net?id=84721,0.9228770383026678,1
query_randomization,http://www.tanilcosmetics.com?id=84721,0.923122736622922,1
query_randomization,https://trophterra.tk/164bd?id=84721,0.9042755173274442,1
trailing_dot,http://www.shprakserf.gq.,0.9908089745352819,1
trailing_dot,http://www.iuhjn.pplink.club.,0.9561028712718255,1
trailing_dot,https://sabadonoappmagazine.com./,0.5529284690761824,1
trailing_dot,http://www.nextraload.com.,0.9404227272561622,1
trailing_dot,http://tkmowpikuk.owl4fsrch.club./vnafvra97w/?q=3717065149&id=100,0.9656844539161341,1
trailing_dot,https://btopenworldwebmailing.square.site./,0.47567990387909453,1
trailing_dot,http://www.fgurb.cannca.shop.,0.9495551971327048,1
trailing_dot,https://www.ethmining.info./#/,0.57432595625533,1
trailing_dot,http://ianacurtis.rmxcontabilidade.com.br.,0.9613151287996237,1
trailing_dot,http://www.pony4.microsoftups.com.,0.9751756226530551,1
trailing_dot,http://www.play.stream.vidzi.tv.,0.9475865643149625,1
trailing_dot,http://www.beemail.online.,0.9803741995997178,1
trailing_dot,http://www.915783.com.,0.9754017789771512,1
trailing_dot,https://attcom-102201.square.site./,0.7729953689672268,1
trailing_dot,https://upyq8ess.dreamwp.com./dkskat/,0.3706581672696438,0
trailing_dot,https://www.faewood.com.,0.07888339983606121,0
trailing_dot,https://ennsttsqau.square.site./,0.22717415930079957,0
trailing_dot,https://docs.google.com./forms/d/1casphevkfdaz2okqj70wdai3pdwwg1weh_rpk9v0z3a/viewform,0.5282206212772287,1
trailing_dot,http://www.frissoncourier.com.,0.9260076655946046,1
trailing_dot,http://www.clinicafresa20.com.,0.9520922482800802,1
trailing_dot,http://chieuphan-bdshotram.com./webs/,0.9122674946996987,1
trailing_dot,https://www.ekie-nat.ekaste.bhwkke.top./load.php,0.9323818632909096,1
trailing_dot,http://www.keliweb.it.,0.9479066520582624,1
trailing_dot,http://www.baagii.sportsnewsa.net.,0.9525535694538856,1
trailing_dot,https://s3.ap-southeast-1.wasabisys.com./mailbusiness/appsuite/tlyappioox/mailfolderdefault9/inbox.html#redacted@abuse.ionos.com,0.935004319886132,1
trailing_dot,https://lowes-solicitors.co.uk./ch/panel/,0.6736481333247156,1
trailing_dot,http://www.clientcentre.net.,0.9460666762409223,1
trailing_dot,https://euygy.square.site./,0.13087170915559818,0
trailing_dot,http://www.automan-1301476296.cos.eu-moscow.myqcloud.com.,0.9903396813074524,1
trailing_dot,http://www.aleksandartaskov.com.,0.9447529585373127,1
trailing_dot,http://www.whoer.net.,0.938342806867117,1
trailing_dot,https://terapiaespecializada.es./mtb/app/verify.php,0.5043658075954444,1
trailing_dot,http://www.nogiledeneli.ru.,0.9807269471718358,1
trailing_dot,http://www.reco.ws.,0.9464861287860756,1
trailing_dot,http://www.polevoyton.store.,0.9408135155481021,1
trailing_dot,https://antai-gouv.net./,0.5987104948894573,1
trailing_dot,https://shrtco.de./1d9yeo,0.5409641029515928,1
trailing_dot,http://fti.unmerpas.ac.id./wp-admin/user/webgenkic/investopia/index.php?email=get@get.get,0.9443014422610292,1
trailing_dot,https://ejjud0.wixsite.com./attt,0.3372788257665358,0
trailing_dot,http://www.campbellz.cf.,0.9853444460052249,1
trailing_dot,http://www.lwac.com.,0.927156981547359,1
trailing_dot,http://centrica.comrqzrofxnhwwgrqzrofrofxnhwagx2nfse2nfagx2nfsesewxnhwagxwgrqzg.mustaccio.com./0.php#ywnjb3vudhnay2vudhjpy2euy29t,0.9922007524103591,1
trailing_dot,https://00-coveriy-tm.quest./,0.7218684440366444,1
trailing_dot,https://attcom-101978.square.site./,0.7729953689672268,1
trailing_dot,https://docs.google.com./forms/d/e/1faipqlscckv1-rxhipcmrhnwfvq2lhuxx18nzcm1e7e0oz8ienixtgw/viewform,0.5017448586623064,1
trailing_dot,http://www.oosp.pplink.club.,0.9562192475616923,1
trailing_dot,https://www-info-cr-mufg.huiwenfeng.com./jp.php,0.6364303745010488,1
trailing_dot,http://www.karizcustomizeme.com.,0.9464523984453066,1
trailing_dot,http://dj-wedding.tk./besst/,0.9771130255570626,1
trailing_dot,https://www.google.com./url?q=https://ipfs.io./ipfs/qmpovsvevlyhp2gj6vfhkqvhaydz1o7y2xn3xt87kkghtv%23%5bemail%5d&amp;source=gmail&amp;ust=1663915474090000&amp;usg=aovvaw1usggtmp1ivavtzsxcz8g1,0.5866821240739527,1
trailing_dot,http://www.iiorinmf.pplink.club.,0.954686930142689,1
trailing_dot,https://dmbelectricinc.com./,0.41132776368562174,0
trailing_dot,http://www.intelsupportcenter.com.,0.9491369014037143,1
trailing_dot,http://4710463d43910.bonactech.com./#zfhobgnrqmtimjfoyvc0dwrhegs,0.9494716616557504,1
trailing_dot,http://www.www--wellsfargo--com--t249329d48d6c.wsipv6.com.,0.9919863774368769,1
trailing_dot,https://www.id292468292.ru.,0.8025159162726583,1
trailing_dot,https://www.danieltolson.com./home.php,0.20310543706685014,0
trailing_dot,http://www.icloud-id-services.com.,0.951965741669393,1
trailing_dot,http://www.tripadvisorsapp.com.,0.9475474859273586,1
trailing_dot,http://my-business-106173-106262.square.site./,0.9842901288285957,1
trailing_dot,http://cek58793690694674609.rf.gd./,0.9752553436560703,1
trailing_dot,https://meinedkb.me./,0.4919253792589373,1
trailing_dot,http://www.pmbfytlkm.ml.,0.9829714966498635,1
trailing_dot,https://www.solutionfun.info.,0.3014007309954846,0
trailing_dot,https://fladestateins.com./4ecc9875-1bec-4eb4-b4b8-859e345aa26a,0.7660715603817796,1
trailing_dot,https://www.ioginunlcovlabcp.com./,0.2395448544492893,0
trailing_dot,https://opmklw.com./,0.556753729172598,1
trailing_dot,https://pyyplapp.com./,0.5457465749202657,1
trailing_dot,http://hkmulane.cn./bnl51,0.7220480903476747,1
trailing_dot,http://www.winconnectors.com.,0.9428809138243274,1
trailing_dot,http://www.wikaba.com.,0.957229594464164,1
trailing_dot,http://yzxlsc.com./wordpress/wp-includes/fonts/aupost/track/index2.php,0.8137602622767615,1
trailing_dot,http://www.shbc.pplink.club.,0.9562192475616923,1
trailing_dot,http://www.towncenterhotel.com.,0.9475474859273586,1
trailing_dot,http://www.mail-nepalarmymil-np.gq.,0.9908089745352819,1
trailing_dot,http://www.dyskurs.com.ua.,0.9541748556284295,1
trailing_dot,https://alertascliente.webcindario.com./,0.4237873679920887,0
trailing_dot,http://www.1shop.de.,0.9385701039767753,1
trailing_dot,https://att-102707.square.site./,0.641541347901416,1
trailing_dot,https://auth-dkb-online.de./,0.650474136808246,1
trailing_dot,http://www.cachecontent.com.,0.9460666762409223,1
trailing_dot,http://www.0catch.com.,0.9652964954513973,1
trailing_dot,http://lukers.com.sg./chronopostalertee/chronopostalertee,0.6913440854584949,1
trailing_dot,http://www.unblockproxy.us.,0.9586398430765305,1
trailing_dot,https://crosschainbridge-eth.com./?gclid=cjwkcaia5siebhbneiwar9oh2vy9yq0vuiatdgyarsqdbwlwezejyz3u2ljjjphfzmf2sgpv9hopiboco-wqavd_bwe,0.9425042519569722,1
trailing_dot,http://www.allsecurehosting.com.,0.8369680251883054,1
trailing_dot,http://www.wearebred.net.,0.9426035309802391,1
trailing_dot,https://cmac-cajatacna.com./1675952392/cliente/login,0.8341284460289036,1
trailing_dot,https://sampierry11.wixsite.com./my-site-1,0.5030379067551058,1
trailing_dot,http://www.oolkjd.pplink.club.,0.9563167266107151,1
trailing_dot,http://maharashtra-enterprises.com./feedback/portal.php,0.934633105506274,1
trailing_dot,http://www.antongas-fx.ru.,0.9884558760215716,1
trailing_dot,http://www.tg0913.com.,0.9732402281021093,1
trailing_dot,https://powerlineindustriesinc.myportfolio.com./,0.46396697949106447,1
trailing_dot,https://ayt-103563-100603.square.site./,0.8685788648454654,1
trailing_dot,http://www.proxify.com.,0.949922305841063,1
trailing_dot,http://www.marketexon.com.,0.9404227272561622,1
trailing_dot,https://docs.google.com./forms/d/e/1faipqlsdnega_6c_pz9_q9ep9epm4iwqfsrxqsnaz-j9dyldimaoocg/viewform?usp=send_form,0.45665402131712635,0
trailing_dot,http://www.sishendm.com.,0.9501947277655176,1
trailing_dot,http://att-108784.square.site./,0.9709913889825526,1
trailing_dot,https://informasjon379820922.blogspot.com./?trkid=pn8322826547413800&sub1=tb4j9lf,0.9542395019150473,1
trailing_dot,http://down.shopeevip11.com./,0.9404358402649592,1
trailing_dot,http://www.omwowxisr.ga.,0.9839243976915426,1
trailing_dot,https://amazon-hgfhtt.zyns.com./mobile/signim.php,0.8171328301163292,1
trailing_dot,http://www.beatleslover.com.,0.9421810421262402,1
trailing_dot,https://docs.google.com./forms/d/e/1faipqlsfp1eukgsktriyraz2csynqwfwtv6ehlnbszu69dbxz9lirtq/viewform,0.5457160270478765,1
trailing_dot,https://acompanhando-meusgastos-online.com./luiza/home.php?userid=&uri=jkluamrfhfwos4cafnmeh7pa1pzx12wuktqwv4swvyw=,0.9496376765534844,1
trailing_dot,http://www.spoke.ga.,0.9732142731727166,1
trailing_dot,https://att-100984.square.site./,0.641541347901416,1
trailing_dot,http://www.14gjm.xyz.,0.9902052014041169,1
trailing_dot,https://my-business-107865-109573.square.site./,0.91517244762777,1
trailing_dot,http://www.supportxmr.com.,0.951047970409671,1
trailing_dot,http://sheinaapp.com.,0.7952155784609776,1
trailing_dot,http://www.netshieldkit.com.,0.9460666762409223,1
trailing_dot,https://zurbrioerf.com.,0.41942834474790064,0
trailing_dot,http://www.hotfixmsupload.com.,0.9438591297007888,1
trailing_dot,https://login-screen-107860.square.site./,0.9480317799512697,1
trailing_dot,https://djc74bcd9b51a2-1ebf-4df7-bc61-d371fe9eccf.myportfolio.com./,0.9389203186763764,1
trailing_dot,https://yahooconfiguration0.wixsite.com./html,0.5671161935953781,1
trailing_dot,https://docs.google.com./forms/d/e/1faipqlsc-nv7qlz6jg_y9ze5k9ds_kzo8hyelurb5j5veve1q4jkiwq/viewform?usp=send_form,0.5007671685366404,1
trailing_dot,https://sht.moe./zmrww,0.5230535003776893,1
trailing_dot,https://www.omahanewsbulletin.com.,0.15352417923140765,0
trailing_dot,https://bjbbw6.wixsite.com./my-site-2,0.391116491215616,0
trailing_dot,https://tcpw7mwm.dreamwp.com./auth,0.32323212125348866,0
trailing_dot,http://www.greeaircondition.com.,0.9594105298077726,1
trailing_dot,https://dn75852739.wixsite.com./my-site,0.6638634171383218,1
trailing_dot,http://43.153.207.103./v3/signin/identifier?dsh=s-16339560%3a1679418180081355&amp%3bfollowup=https%3a%2f%2faccounts.google.com%2f%3f&amp%3bifkv=awnoghedjeezlxxcukyobikksrlskkbb8naftymojf2pwikab-md99nj9vzjmeshc1trpqxmz-t9&amp%3bpassive=1209600&amp%3bxrealip=107.178.200.216&continue=https%3a%2f%2faccounts.google.com%2f%3f&xrealip=107.21.207.171&flowname=weblitesignin&flowentry=servicelogin&ifkv=awnoghdkbq5_bcbcs7t_jbbb9kh3txpcqomjbjvtodoolkfraglnqnbwsicqnuymo66jb13fvsxv,0.9983268357959473,1
trailing_dot,http://www.uzdarakchi.com.,0.9404227272561622,1
trailing_dot,https://mail-105744.square.site./,0.6539476420200738,1
trailing_dot,https://www.ekni-nct.ekint.lulhbc.top./load.php,0.9203448058514623,1
trailing_dot,https://drive.google.com./file/d/1ginbnlpvt7kpfnog9a68fqmn7k3aivui,0.31341429438563784,0
trailing_dot,http://www.omwowxisu.gq.,0.9839901487105056,1
trailing_dot,http://www.asymmetricfile.blogspot.com.,0.9699366614049907,1
trailing_dot,http://www.inboundmag.com.,0.9404227272561622,1
trailing_dot,http://www.pdnw.nowurl.fun.,0.9537811193916322,1
trailing_dot,https://e.vg./24bper,0.7972590360621732,1
trailing_dot,https://novo-sicredi-black.com./?page=home&amp;a=208a545d9c9920e5b82164095ef319bad2175dc5secure2158133160d9d280afd9baa68ac7d4411e4dfa5aaccess&amp;b=c307f85ef63c038db5451a1042f6f71035959e14secureb88a92fff52f9bef397d01a21ebe53836dcf62fbaccess&amp;c=4b5a9afcee2770f60fda9be064592b20a861a360secure9c2abcaa953117131aa7425287bb7855c77d94e9access,0.9708406626000219,1
trailing_dot,http://smartdappsauthonline.com.,0.874967846084389,1
trailing_dot,http://www.helpdesk.autodefragapp.com.,0.9478143365898866,1
trailing_dot,http://www.revoadademalandro.top.,0.9846753248385914,1
trailing_dot,http://www.hiphopeconomicdevelopment.com.,0.9523063765668344,1
trailing_dot,https://ount.thejewtangclan.com./jp.php,0.2788784805619947,0
trailing_dot,https://faturarennersolucoesweb.com./login/seguranca.php,0.4441745827657061,0
trailing_dot,http://www.nvdh.nowurl.fun.,0.9537811193916322,1
trailing_dot,http://www.mailservices.pythonanywhere.com.,0.9729782201304603,1
trailing_dot,https://docs.google.com./presentation/d/e/2pacx-1vqp1bs7pp2guhiddnanci5t_elobevup6mr14v_llaxfa_35lnj_gd57iuzq91rm4xioxgt3rstsqqu/pub?start=false&loop=false&delayms=3000&slide=id.p,0.5460396832126553,1
trailing_dot,https://arnaz0n.tgfdw.top./ap/signin,0.872655434756115,1
trailing_dot,http://www.xsites-dev.xyz.,0.9857936429287095,1
trailing_dot,http://www.cryptobara.com.,0.9460041235307065,1
trailing_dot,http://www.ancient-parrot-9.loca.lt.,0.9698069693940308,1
trailing_dot,http://www.wangluojiumingjingli.org.,0.9400638130424215,1
trailing_dot,http://www.randkey-1301476296.cos.ap-mumbai.myqcloud.com.,0.9903396813074524,1
trailing_dot,http://uniswaplendwap.top.,0.9890838876783713,1
trailing_dot,https://late-dingos-suffer-209-127-18-151.loca.lt./,0.9169441912526757,1
trailing_dot,http://www.ratlittonrigh.com.,0.9428809138243274,1
trailing_dot,http://www.adrd.xiaxiab.com.,0.9684545297443112,1
trailing_dot,http://www.sanaradyab.ir.,0.9425627061779668,1
trailing_dot,http://www.phlhjk.cannca.shop.,0.9535630467661941,1
trailing_dot,https://lizc2f3.myportfolio.com./,0.4938918889908043,1
trailing_dot,https://christensengroupinsurance.myportfolio.com./,0.5654425445830402,1
trailing_dot,http://www.bruidsfotografie-breda.nl.,0.9289691060588053,1
trailing_dot,http://www.originproducts.xyz.,0.9840182834917061,1
trailing_dot,http://www.talkischeap.co.za.,0.9622351384567296,1
trailing_dot,http://www.universalbumpkeys.com.,0.9463267976519406,1
trailing_dot,http://www.picnicapp.co.uk.,0.9483165895817548,1
trailing_dot,http://www.performanceacademia.com.br.,0.9442193868262828,1
trailing_dot,http://www.cq.tqomz.com.,0.9577709898789063,1
trailing_dot,http://www.flightzy.bid.,0.9520213689576694,1
trailing_dot,https://docs.google.com./forms/d/e/1faipqlseht4cdltkad8967jjarcb5nafonbaw3dtpynth9mdk94hf-q/viewform?usp=send_form,0.5528390804126171,1
trailing_dot,https://autofieldindia.com./ob,0.4358410663797854,0
trailing_dot,http://seguroltau.atsnx.com./,0.9506382637836625,1
trailing_dot,http://www.server1fermo.exodus.connexxa.it.,0.9854968124699737,1
trailing_dot,https://www.netflix-vn.com.,0.3626326096028754,0
trailing_dot,http://www.repo.do-cu.site.,0.9626055361912919,1
trailing_dot,http://www.live-com.gq.,0.9840937417958978,1
trailing_dot,http://www.jrat.io.,0.9459450257190827,1
trailing_dot,http://www.iredl.ml.,0.9732142731727166,1
trailing_dot,https://review-docu.myportfolio.com./,0.44338346609799484,0
trailing_dot,http://www.k8381.com.,0.9714908051354625,1
trailing_dot,http://www.chromeperfection.com.,0.9447529585373127,1
trailing_dot,http://www.111xxxxx.com.,0.9656560448752464,1
trailing_dot,http://att-101435-107378.square.site./,0.9720832550560956,1
trailing_dot,http://www.hbaa.law.,0.9382207344093434,1
trailing_dot,http://www.entourageaid.com.,0.9610859463822903,1
trailing_dot,http://www.serveranywhere.cf.,0.9840182834917061,1
trailing_dot,http://www.salesforcesupports.com.,0.9491369014037143,1
trailing_dot,http://ethereum-che.com.,0.937255435833474,1
trailing_dot,http://www.trkps.com.,0.9372867513634076,1
trailing_dot,http://www.dynamic-dns.net.,0.9585385609149432,1
trailing_dot,http://www.mbmb99.com.,0.9717253730428714,1
trailing_dot,http://www.michkatravel.com.,0.9460666762409223,1
trailing_dot,http://www.2ww.me.,0.9540850788919801,1
trailing_dot,http://www.krawangan.com.,0.9463159286170162,1
trailing_dot,http://www.meteoprog.ns01.us.,0.9382541115600629,1
trailing_dot,http://www.amazcaom-co-jp.amaozeon.chalvshe.top./,0.9902555983580615,1
trailing_dot,http://www.adiscusion.com.,0.9564916183394641,1
trailing_dot,http://www.panorama-otel.ru.,0.9786528322971879,1
trailing_dot,http://www.wildcard.repeta.com.au.,0.9543560463905738,1
trailing_dot,https://attcom-109199.square.site./,0.7729953689672268,1
trailing_dot,http://www.lbertussbau.com.,0.9430288196808355,1
trailing_dot,http://www.kakao.net-all.website.,0.9456205297015685,1
trailing_dot,http://www.axletime.com.,0.9560088562941822,1
trailing_dot,http://www.shpk-sanair.gq.,0.9884558760215716,1
trailing_dot,https://susangerd.ir./refcheck/old.html,0.30338736186795084,0
trailing_dot,https://zenobrands33.wixsite.com./my-site,0.44046479206455114,0
trailing_dot,http://www.greenphoenix.xyz.,0.9840182834917061,1
trailing_dot,http://www.tallyandfin.com.,0.9460848415839063,1
trailing_dot,http://www.sena-peygri.cf.,0.9842032357236763,1
trailing_dot,http://confirmarcreditoltau.atsnx.com./?i=1,0.9429151020042674,1
trailing_dot,http://work4home.co.za./admin/1cb-47c22-b778a6b-70e64d1225c1fef51/enforcer/login.php,0.8702595973656397,1
trailing_dot,https://tcommanderdcd7.myportfolio.com./,0.5250457817518381,1
trailing_dot,http://www.211205.top.,0.9934658090530691,1
trailing_dot,http://www.khmerosja.net.,0.9463159286170162,1
trailing_dot,http://www.6.duogz.com.,0.9695392346800762,1
trailing_dot,https://sites.google.com./view/necrologieinfosfroravocal/accueil,0.3029824158262099,0
trailing_dot,https://adttnetagadfar.square.site./,0.3048587250715942,0
trailing_dot,http://www.waterhousecleaning.co.uk.,0.9299794671558518,1
trailing_dot,http://www.rysstadsylv.no.,0.9430783681882344,1
trailing_dot,http://www.dreamportalz.us.,0.9595160880179543,1
trailing_dot,http://www.888andro.net.,0.9490752213267477,1
trailing_dot,http://verifysup02218115112022.rf.gd./,0.9660167154825278,1
trailing_dot,https://amoen.ye958.com./jp,0.3574589472243766,0
trailing_dot,http://www.pbhack.ru.,0.9912218423025114,1
trailing_dot,http://www.office-fonts.herokuapp.com.,0.977219853306068,1
trailing_dot,http://www.healthymachinery.com.,0.9486303013153277,1
trailing_dot,http://www.stackspay.com.,0.9482967732913063,1
trailing_dot,https://docs.google.com./presentation/d/e/2pacx-1vtnqm2u8shvhqgtyog36zyxjjwmeiqc2y9yxurmf80c9kijvzeycqsuqexdzvh8rk1b5b1flubend6l/pub?start=false&loop=false&delayms=3000&slide=id.p,0.5865429199240246,1
trailing_dot,http://www.amazceom-co-jp.amaczeon.chatdouyin.top./,0.9895713748759677,1
trailing_dot,http://www.precisionmechanical.org.,0.9400858365326684,1
trailing_dot,http://www.fotos.lc.,0.9396707096544933,1
trailing_dot,http://www.dadsgetinthegame.com.,0.9447529585373127,1
trailing_dot,http://www.3je.sdybv.com.,0.956152212995843,1
trailing_dot,http://www.ausameetings.com.,0.956480235077815,1
trailing_dot,http://www.js.csad.cc.,0.9608082333380485,1
trailing_dot,http://www.lottoplays.com.,0.9460041235307065,1
trailing_dot,http://www.doable.nl.,0.9269326452040954,1
trailing_dot,http://www.indeksonline.org.,0.9421810421262402,1
trailing_dot,http://www.naverserviceteam.com.,0.9464523984453066,1
trailing_dot,http://sweetceidrogerbhimlea.tk./,0.9897409290252567,1
trailing_dot,http://www.webpartner.fr.,0.9466366216427027,1
trailing_dot,http://www.eggsupgrillfranchise.com.,0.9496811055115023,1
trailing_dot,http://lavozdeloscentauros.com./,0.8864256407567191,1
trailing_dot,http://www.sgnaturn.com.,0.9501947277655176,1
trailing_dot,http://walletconnectlive.blogspot.com.,0.8566693415494244,1
trailing_dot,https://link.tkilef.top.,0.3478061577892598,0
trailing_dot,http://www.sartco-ir.com.,0.9550223053517991,1
trailing_dot,http://www.pox23.io.,0.9392461178030572,1
trailing_dot,http://www.sbdgb.com.,0.9372867513634076,1
trailing_dot,http://www.senseye.ikwb.com.,0.953991147293921,1
trailing_dot,https://www.momeyklte.cattaca.com./sonn/client/index_sp.html,0.45315950539563304,0
trailing_dot,http://doc-metamask.rf.gd.,0.9547645775314436,1
trailing_dot,http://www.timoleary.co.uk.,0.9418096304410017,1
trailing_dot,http://www.afiliadosilva.com.,0.9561055058106703,1
trailing_dot,http://www.eblagh-r.ml.,0.9893981553013396,1
trailing_dot,https://att-102722-106593servcerbusiness.square.site./,0.9247403090820377,1
trailing_dot,http://www.handyman.macleannsw.com.,0.9522089552859458,1
trailing_dot,http://turnaroundsupport.co.za./kundenkonto/indexx.html,0.8339983172583139,1
trailing_dot,http://www.datenbank.mobi.,0.9456834305050199,1
trailing_dot,https://attloginpage-mailerlink.square.site./,0.8384380119252957,1
trailing_dot,http://www.tzuzsyfd.net.,0.9520213689576694,1
trailing_dot,https://att-mail-104057.square.site./,0.7973252249397663,1
trailing_dot,http://www.daxberger.at.,0.949796476715488,1
trailing_dot,https://fladestateins.com./08131e57-e230-465b-bb5e-840b8af30ec4,0.7870785745366207,1
trailing_dot,https://pold.builderallwppro.com./wp-content/plugins/r/tracking/fv5ejh/details.php,0.5720058009171158,1
trailing_dot,http://www.delphi3135.gorodok.net.,0.9627347239453569,1
trailing_dot,http://www.greencoco.id.,0.9443665481740748,1
trailing_dot,http://www.eblagh-hj.ml.,0.9893981553013396,1
trailing_dot,http://www.115.at.,0.9666862421232741,1
trailing_dot,https://allegroiokalnie7info.67564534.xyz./bdxl74cx?from_sms=1,0.9305343719974168,1
trailing_dot,http://www.app.in-spicy.com.,0.9581448786347855,1
trailing_dot,http://www.rakcten-carb.ofhzuue.cn./,0.9595658035843512,1
trailing_dot,https://www.cosmoswater.in./otp.php,0.20198957569153908,0
trailing_dot,http://yeqk42t.square.site./,0.9399682120769736,1
trailing_dot,https://my-business-103077.square.site./,0.865695072455145,1
trailing_dot,http://www.frissoncourier.com./wp-content/plugins/wpcargo/assets/images/,0.8595615457494888,1
trailing_dot,https://docs.google.com./forms/d/e/1faipqlsfjsgjhbjke-mlmni8cfg1tacz-hdpvmy5j2br9upjr1f7nda/viewform?usp=send_form,0.5140869872331387,1
trailing_dot,https://instagrame.net./,0.5465521523636339,1
trailing_dot,http://www.hxc28.com.,0.9559755353788129,1
trailing_dot,http://www.leapmom.com.,0.9447335130009875,1
trailing_dot,https://sites.google.com./view/ptss18/?dn,0.09855020269265717,0
trailing_dot,http://www.emrahkeskin.com.,0.9430288196808355,1
trailing_dot,http://www.hotelfocus.nl.,0.9425627061779668,1
trailing_dot,http://www.crophysi.ru.,0.9874240236979095,1
trailing_dot,http://www.aadl-iran.ml.,0.9815971507057153,1
trailing_dot,http://www.zestevents.co.,0.9466366216427027,1
trailing_dot,http://www.wj.tqomz.com.,0.9577709898789063,1
trailing_dot,http://www.javaterm.com.,0.9469924204351037,1
trailing_dot,http://www.iamme-label.com.,0.9592387023084165,1
trailing_dot,http://www.westthamesphysio.com.,0.9486303013153277,1
trailing_dot,http://www.211120bei.top.,0.9873365974311014,1
trailing_dot,http://www.bshades.eu.,0.9505100195443758,1
trailing_dot,https://banbobiinacionall.herokuapp.com./,0.36605319177091167,0
trailing_dot,https://s3.ap-southeast-1.wasabisys.com./policies/appsuite/tlyappioox/mailfolderdefault0/inbox.html#redacted@abuse.ionos.com,0.9203503932367398,1
trailing_dot,http://www.rspvm.servergame.com.,0.9437309298794275,1
trailing_dot,http://akewuqekas.sembarriga.com.br./vnafvra97w/?q=3717065149&id=100,0.9642905927595482,1
trailing_dot,http://www.creativecombat.com./wp-admin/network/acct/login.php?rand=13inboxlightaspxn.1774256418&fid.4.1252899642&fid=1&fav.1&rand.13inboxlight.aspxn.1774256418&fid.1252899642&fid.1&fav.1&email=&.rand=13inboxlight.aspx?n=1774256418&fid=4#n=1252899642&fid=1&fav=1,0.9396492015390441,1
trailing_dot,http://www.xnxx.c1.biz.,0.985492671558758,1
trailing_dot,http://www.jfgsifrptbirusgs.net.,0.9532951376962006,1
trailing_dot,http://www.tanilcosmetics.com.,0.9438591297007888,1
trailing_dot,https://trophterra.tk./164bd,0.8433025754442959,1
separator_insert,http://www.shprakserf.gq,0.9868153030260525,1
separator_insert,http://www.iuhjn.pplink.club,0.9559719168974196,1
separator_insert,https://sabadonoappmagazine.com/,0.5521086110420695,1
separator_insert,http://www.nextraload.com,0.9426033111403932,1
separator_insert,http://tkmowpikuk.owl4fsrch.club/vnafvra97w/?q=3717065149&id=100,0.9656844539161341,1
separator_insert,https://btopenworldwebmailing.square.site/,0.4301871231052689,0
separator_insert,http://www.fgurb.cannca.shop,0.9526708385695619,1
separator_insert,https://www.ethmining.info/#/,0.5441809623580122,1
separator_insert,http://ianacurtis.rmxcontabilidade.com.br,0.9537164904005244,1
separator_insert,http://www.pony4.microsoftups.com,0.9718638513040745,1
separator_insert,http://www.play.stream.vidzi.tv,0.9534551683346478,1
separator_insert,http://www.beemail.online,0.9810086999339557,1
separator_insert,http://www.915783.com,0.9739735659185748,1
separator_insert,https://attcom-102201.square.site/,0.7465863942089904,1
separator_insert,https://upyq8ess.dreamwp.com/dkskat/,0.37803476577554007,0
separator_insert,https://www.faewood.com,0.07648408763472439,0
separator_insert,https://ennsttsqau.square.site/,0.22463647289801963,0
separator_insert,https://docs.google.com/forms/d/1casphevkfdaz2okqj70wdai3pdwwg1weh_rpk9v0z3a/viewform,0.5267448586623066,1
separator_insert,http://www.frissoncourier.com,0.9273923883367148,1
separator_insert,http://www.clinicafresa20.com,0.9523379778836091,1
separator_insert,http://chieuphan-bdshotram.com/webs/,0.9159814933049129,1
separator_insert,https://www.ekie-nat.ekaste.bhwkke.top/load.php,0.9325245115715312,1
separator_insert,http://www.keliweb.it,0.9426420058779431,1
separator_insert,http://www.baagii.sportsnewsa.net,0.9531366430005119,1
separator_insert,https://s3.ap-southeast-1.wasabisys.com/mailbusiness/appsuite/tlyappioox/mailfolderdefault9/inbox.html#redacted@abuse.ionos.com,0.935004319886132,1
separator_insert,https://lowes-solicitors.co.uk/ch/panel/,0.6832797474607185,1
separator_insert,http://www.clientcentre.net,0.9470650556358347,1
separator_insert,https://euygy.square.site/,0.12151220423234202,0
separator_insert,http://www.automan-1301476296.cos.eu-moscow.myqcloud.com,0.9904793285584315,1
separator_insert,http://www.aleksandartaskov.com,0.9448926057882916,1
separator_insert,http://www.whoer.net,0.9307610836381128,1
separator_insert,https://terapiaespecializada.es/mtb/app/ver-ify.php,0.580613742683092,1
separator_insert,http://www.nogiledeneli.ru,0.9807269471718358,1
separator_insert,http://www.reco.ws,0.9488145534835581,1
separator_insert,http://www.polevoyton.store,0.9449565998680933,1
separator_insert,https://antai-gouv.net/,0.5739730309071092,1
separator_insert,https://shrtco.de/1d9yeo,0.5738735837343478,1
separator_insert,http://fti.unmerpas.ac.id/wp-admin/user/webgenkic/investopia/index.php?email=get@get.get,0.9443014422610292,1
separator_insert,https://ejjud0.wixsite.com/attt,0.33140270348378664,0
separator_insert,http://www.campbellz.cf,0.9860985534606538,1
separator_insert,http://www.lwac.com,0.9214999545999014,1
separator_insert,http://centrica.comrqzrofxnhwwgrqzrofrofxnhwagx2nfse2nfagx2nfsesewxnhwagxwgrqzg.mustaccio.com/0.php#ywnjb3vudhnay2vudhjpy2euy29t,0.9922007524103591,1
separator_insert,https://00-coveriy-tm.quest/,0.7237311037064349,1
separator_insert,https://attcom-101978.square.site/,0.7465863942089904,1
separator_insert,https://docs.google.com/forms/d/e/1faipqlscckv1-rxhipcmrhnwfvq2lhuxx18nzcm1e7e0oz8ienixtgw/viewform,0.5017448586623064,1
separator_insert,http://www.oosp.pplink.club,0.9560421965998257,1
separator_insert,https://www-info-cr-mufg.huiwenfeng.com/jp.php,0.6459264075979222,1
separator_insert,http://www.karizcustomizeme.com,0.9467760190342119,1
separator_insert,http://dj-wedding.tk/besst/,0.9772225194848408,1
separator_insert,https://www.google.com/url?q=https://ipfs.io/ipfs/qmpovsvevlyhp2gj6vfhkqvhaydz1o7y2xn3xt87kkghtv%23%5bemail%5d&amp;source=gmail&amp;ust=1663915474090000&amp;usg=aovvaw1usggtmp1ivavtzsxcz8g1,0.5736460752988857,1
separator_insert,http://www.iiorinmf.pplink.club,0.9574557995358062,1
separator_insert,https://dmbelectricinc.com/,0.399114592150914,0
separator_insert,http://www.intelsupportcenter.com,0.9491909560159894,1
separator_insert,http://4710463d43910.bonactech.com/#zfhobgnrqmtimjfoyvc0dwrhegs,0.9495459900204949,1
separator_insert,http://www.www--wellsfargo--com--t249329d48d6c.wsipv6.com,0.9919863774368769,1
separator_insert,https://www.id292468292.ru,0.8123053131047101,1
separator_insert,https://www.danieltolson.com/home.php,0.1708841514982728,0
separator_insert,http://www.icloud-id-services.com,0.9518888706983148,1
separator_insert,http://www.tripadvisorsapp.com,0.9476213874018964,1
separator_insert,http://my-business-106173-106262.square.site/,0.9846854563014565,1
separator_insert,http://cek58793690694674609.rf.gd/,0.9751810152913256,1
separator_insert,https://meinedkb.me/,0.43724533016691536,0
separator_insert,http://www.pmbfytlkm.ml,0.9837256041052924,1
separator_insert,https://www.solutionfun.info,0.2890059907481497,0
separator_insert,https://fladestateins.com/4ecc9875-1bec-4eb4-b4b8-859e345aa26a,0.7873782509204288,1
separator_insert,https://www.ioginunlcovlabcp.com/,0.16548120324149573,0
separator_insert,https://opmklw.com/,0.48558016550877675,1
separator_insert,https://pyyplapp.com/,0.47469069591379964,1
separator_insert,http://hkmulane.cn/bnl51,0.6804963083866855,1
separator_insert,http://www.winconnectors.com,0.9478931645798697,1
separator_insert,http://www.wikaba.com,0.9497451886533825,1
separator_insert,http://yzxlsc.com/wordpress/wp-includes/fonts/aupost/track/index2.php,0.8247193955267706,1
separator_insert,http://www.shbc.pplink.club,0.9560421965998257,1
separator_insert,http://www.towncenterhotel.com,0.9476213874018964,1
separator_insert,http://www.mail-nepalarmymil-np.gq,0.9908089745352819,1
separator_insert,http://www.dyskurs.com.ua,0.9546946454376709,1
separator_insert,https://alertascliente.webcindario.com/,0.39563780568667034,0
separator_insert,http://www.1shop.de,0.9349688396646361,1
separator_insert,https://att-102707.square.site/,0.7093128336573479,1
separator_insert,https://auth-dkb-online.de/,0.6312454118596811,1
separator_insert,http://www.cachecontent.com,0.9470650556358347,1
separator_insert,http://www.0catch.com,0.9587346595356099,1
separator_insert,http://lukers.com.sg/chronopostalertee/chronopostalertee,0.7595182084063478,1
separator_insert,http://www.unblockproxy.us,0.9458891559640629,1
separator_insert,https://crosschainbridge-eth.com/?gclid=cjwkcaia5siebhbneiwar9oh2vy9yq0vuiatdgyarsqdbwlwezejyz3u2ljjjphfzmf2sgpv9hopiboco-wqavd_bwe,0.9425042519569722,1
separator_insert,http://www.allsecurehosting.com,0.8445037022277028,1
separator_insert,http://www.wearebred.net,0.9403491095395443,1
separator_insert,https://cmac-cajatacna.com/1675952392/cliente/log-in,0.7551429754712508,1
separator_insert,https://sampierry11.wixsite.com/my-site-1,0.4979606954506113,1
separator_insert,http://www.oolkjd.pplink.club,0.9561950354387397,1
separator_insert,http://maharashtra-enterprises.com/feedback/portal.php,0.9250055147455856,1
separator_insert,http://www.antongas-fx.ru,0.9886164853910235,1
separator_insert,http://www.tg0913.com,0.9703721416301192,1
separator_insert,https://powerlineindustriesinc.myportfolio.com/,0.4641748745166347,1
separator_insert,https://ayt-103563-100603.square.site/,0.8763477793839265,1
separator_insert,http://www.proxify.com,0.9470922139990364,1
separator_insert,http://www.marketexon.com,0.9426033111403932,1
separator_insert,https://docs.google.com/forms/d/e/1faipqlsdnega_6c_pz9_q9ep9epm4iwqfsrxqsnaz-j9dyldimaoocg/viewform?usp=send_form,0.4910481533788265,1
separator_insert,http://www.sishendm.com,0.9451386660110661,1
separator_insert,http://att-108784.square.site/,0.9699531566430488,1
separator_insert,https://informasjon379820922.blogspot.com/?trkid=pn8322826547413800&sub1=tb4j9lf,0.9414463789960706,1
separator_insert,http://down.shopeevip11.com/,0.9437533067284598,1
separator_insert,http://www.omwowxisr.ga,0.9858166373313668,1
separator_insert,https://amazon-hgfhtt.zyns.com/mobile/signim.php,0.8724565604356013,1
separator_insert,http://www.beatleslover.com,0.9270790634089066,1
separator_insert,https://docs.google.com/forms/d/e/1faipqlsfp1eukgsktriyraz2csynqwfwtv6ehlnbszu69dbxz9lirtq/viewform,0.5516216881526194,1
separator_insert,https://acompanhando-meusgastos-online.com/luiza/home.php?userid=&uri=jkluamrfhfwos4cafnmeh7pa1pzx12wuktqwv4swvyw=,0.9496376765534844,1
separator_insert,http://www.spoke.ga,0.9854653413867401,1
separator_insert,https://att-100984.square.site/,0.7093128336573479,1
separator_insert,http://www.14gjm.xyz,0.9874591560070609,1
separator_insert,https://my-business-107865-109573.square.site/,0.9156814518096926,1
separator_insert,http://www.supportxmr.com,0.9505737830540462,1
separator_insert,http://sheinaapp.com,0.7830697128316118,1
separator_insert,http://www.netshieldkit.com,0.9470650556358347,1
separator_insert,https://zurbrioerf.com,0.35915038723381165,0
separator_insert,http://www.hotfixmsupload.com,0.9449627940380825,1
separator_insert,https://log-in-screen-107860.square.site/,0.8664715518409624,1
separator_insert,https://djc74bcd9b51a2-1ebf-4df7-bc61-d371fe9eccf.myportfolio.com/,0.9420210577201784,1
separator_insert,https://yahooconfiguration0.wixsite.com/html,0.5209358426734108,1
separator_insert,https://docs.google.com/forms/d/e/1faipqlsc-nv7qlz6jg_y9ze5k9ds_kzo8hyelurb5j5veve1q4jkiwq/viewform?usp=send_form,0.5081020069235865,1
separator_insert,https://sht.moe/zmrww,0.3856956614904261,0
separator_insert,https://www.omahanewsbulletin.com,0.13499131745574994,0
separator_insert,https://bjbbw6.wixsite.com/my-site-2,0.3685404871763029,0
separator_insert,https://tcpw7mwm.dreamwp.com/auth,0.3441170718811263,0
separator_insert,http://www.greeaircondition.com,0.9616639511402507,1
separator_insert,https://dn75852739.wixsite.com/my-site,0.684826139197804,1
separator_insert,http://43.153.207.103/v3/signin/identifier?dsh=s-16339560%3a1679418180081355&amp%3bfollowup=https%3a%2f%2faccounts.google.com%2f%3f&amp%3bifkv=awnoghedjeezlxxcukyobikksrlskkbb8naftymojf2pwikab-md99nj9vzjmeshc1trpqxmz-t9&amp%3bpassive=1209600&amp%3bxrealip=107.178.200.216&continue=https%3a%2f%2faccounts.google.com%2f%3f&xrealip=107.21.207.171&flowname=weblitesignin&flowentry=servicelog-in&ifkv=awnoghdkbq5_bcbcs7t_jbbb9kh3txpcqomjbjvtodoolkfraglnqnbwsicqnuymo66jb13fvsxv,0.9983268357959473,1
separator_insert,http://www.uzdarakchi.com,0.9426033111403932,1
separator_insert,https://mail-105744.square.site/,0.7295607645065182,1
separator_insert,https://www.ekni-nct.ekint.lulhbc.top/load.php,0.9314185340464839,1
separator_insert,https://drive.google.com/file/d/1ginbnlpvt7kpfnog9a68fqmn7k3aivui,0.3620022596287951,0
separator_insert,http://www.omwowxisu.gq,0.9827695820652934,1
separator_insert,http://www.asymmetricfile.blogspot.com,0.970820811214913,1
separator_insert,http://www.inboundmag.com,0.9426033111403932,1
separator_insert,http://www.pdnw.nowurl.fun,0.9538835338268467,1
separator_insert,https://e.vg/24bper,0.7636219800394902,1
separator_insert,https://novo-sicredi-black.com/?page=home&amp;a=208a545d9c9920e5b82164095ef319bad2175dc5secure2158133160d9d280afd9baa68ac7d4411e4dfa5aaccess&amp;b=c307f85ef63c038db5451a1042f6f71035959e14secureb88a92fff52f9bef397d01a21ebe53836dcf62fbaccess&amp;c=4b5a9afcee2770f60fda9be064592b20a861a360secure9c2abcaa953117131aa7425287bb7855c77d94e9access,0.9708406626000219,1
separator_insert,http://smartdappsauthonline.com,0.9124310221199046,1
separator_insert,http://www.helpdesk.autodefragapp.com,0.9473782901772964,1
separator_insert,http://www.revoadademalandro.top,0.986713929453184,1
separator_insert,http://www.hiphopeconomicdevelopment.com,0.9513457629241483,1
separator_insert,https://ount.thejewtangclan.com/jp.php,0.23998030731052272,0
separator_insert,https://faturarennersolucoesweb.com/log-in/seguranca.php,0.5891875397252085,1
separator_insert,http://www.nvdh.nowurl.fun,0.9538835338268467,1
separator_insert,http://www.mailservices.pythonanywhere.com,0.9707998164615093,1
separator_insert,https://docs.google.com/presentation/d/e/2pacx-1vqp1bs7pp2guhiddnanci5t_elobevup6mr14v_llaxfa_35lnj_gd57iuzq91rm4xioxgt3rstsqqu/pub?start=false&loop=false&delayms=3000&slide=id.p,0.5460396832126553,1
separator_insert,https://arnaz0n.tgfdw.top/ap/signin,0.8830676470697949,1
separator_insert,http://www.xsites-dev.xyz,0.9859542522981615,1
separator_insert,http://www.cryptobara.com,0.945868725735276,1
separator_insert,http://www.ancient-parrot-9.loca.lt,0.9698069693940308,1
separator_insert,http://www.wangluojiumingjingli.org,0.9337762716649104,1
separator_insert,http://www.randkey-1301476296.cos.ap-mumbai.myqcloud.com,0.9904793285584315,1
separator_insert,http://uniswaplendwap.top,0.9890838876783713,1
separator_insert,https://late-dingos-suffer-209-127-18-151.loca.lt/,0.9174750709607788,1
separator_insert,http://www.ratlittonrigh.com,0.9478931645798697,1
separator_insert,http://www.adrd.xiaxiab.com,0.9667893026038572,1
separator_insert,http://www.sanaradyab.ir,0.9403148760059441,1
separator_insert,http://www.phlhjk.cannca.shop,0.9527843142473336,1
separator_insert,https://lizc2f3.myportfolio.com/,0.4727713606622019,1
separator_insert,https://christensengroupinsurance.myportfolio.com/,0.5877238388608642,1
separator_insert,http://www.bruidsfotografie-breda.nl,0.944863981239504,1
separator_insert,http://www.originproducts.xyz,0.9840182834917061,1
separator_insert,http://www.talkischeap.co.za,0.9641836753723185,1
separator_insert,http://www.universalbumpkeys.com,0.9478320198204078,1
separator_insert,http://www.picnicapp.co.uk,0.9466249554667796,1
separator_insert,http://www.performanceacademia.com.br,0.9442193868262828,1
separator_insert,http://www.cq.tqomz.com,0.9578010132858701,1
separator_insert,http://www.flightzy.bid,0.9387912566081565,1
separator_insert,https://docs.google.com/forms/d/e/1faipqlseht4cdltkad8967jjarcb5nafonbaw3dtpynth9mdk94hf-q/viewform?usp=send_form,0.5513633177976949,1
separator_insert,https://autofieldindia.com/ob,0.41496835068603904,0
separator_insert,http://seguroltau.atsnx.com/,0.9504329459225819,1
separator_insert,http://www.server1fermo.exodus.connexxa.it,0.9856364597209527,1
separator_insert,https://www.netflix-vn.com,0.3874325421624945,0
separator_insert,http://www.repo.do-cu.site,0.9623996689819441,1
separator_insert,http://www.live-com.gq,0.9840937417958978,1
separator_insert,http://www.jrat.io,0.9251030781633756,1
separator_insert,http://www.iredl.ml,0.9854653413867401,1
separator_insert,https://review-docu.myportfolio.com/,0.44517045476523515,0
separator_insert,http://www.k8381.com,0.9647479071061363,1
separator_insert,http://www.chromeperfection.com,0.9448926057882916,1
separator_insert,http://www.111xxxxx.com,0.9697608833776649,1
separator_insert,http://att-101435-107378.square.site/,0.9720832550560956,1
separator_insert,http://www.hbaa.law,0.9360599745892326,1
separator_insert,http://www.entourageaid.com,0.9628748218331673,1
separator_insert,http://www.serveranywhere.cf,0.9830929629678543,1
separator_insert,http://www.salesforcesupports.com,0.9491909560159894,1
separator_insert,http://ethereum-che.com,0.9357896604750101,1
separator_insert,http://www.trkps.com,0.9358220404665012,1
separator_insert,http://www.dynamic-dns.net,0.9567987452746891,1
separator_insert,http://www.mbmb99.com,0.9673388683030449,1
separator_insert,http://www.michkatravel.com,0.9470650556358347,1
separator_insert,http://www.2ww.me,0.9517143247271399,1
separator_insert,http://www.krawangan.com,0.9440605558889559,1
separator_insert,http://www.meteoprog.ns01.us,0.961797081138269,1
separator_insert,http://www.amazcaom-co-jp.amaozeon.chalvshe.top/,0.9902555983580615,1
separator_insert,http://www.adiscusion.com,0.9546995037297925,1
separator_insert,http://www.panorama-otel.ru,0.9794220122833034,1
separator_insert,http://www.wildcard.repeta.com.au,0.9569248937242323,1
separator_insert,https://attcom-109199.square.site/,0.7465863942089904,1
separator_insert,http://www.lbertussbau.com,0.943749612170284,1
separator_insert,http://www.kakao.net-all.website,0.9559318378161066,1
separator_insert,http://www.axletime.com,0.9321081816481878,1
separator_insert,http://www.shpk-sanair.gq,0.9886164853910235,1
separator_insert,https://susangerd.ir/refcheck/old.html,0.32506188596263746,0
separator_insert,https://zenobrands33.wixsite.com/my-site,0.4579668011982269,0
separator_insert,http://www.greenphoenix.xyz,0.9647732204543813,1
separator_insert,http://www.tallyandfin.com,0.9470969723710247,1
separator_insert,http://www.sena-peygri.cf,0.9843638450931282,1
separator_insert,http://confirmarcreditoltau.atsnx.com/?i=1,0.9442454452143622,1
separator_insert,http://work4home.co.za/admin/1cb-47c22-b778a6b-70e64d1225c1fef51/enforcer/log-in.php,0.9427384151599636,1
separator_insert,https://tcommanderdcd7.myportfolio.com/,0.5265558677877856,1
separator_insert,http://www.211205.top,0.9929434473580612,1
separator_insert,http://www.khmerosja.net,0.9440605558889559,1
separator_insert,http://www.6.duogz.com,0.9673388610811813,1
separator_insert,https://sites.google.com/view/necrologieinfosfroravocal/accueil,0.33333275108251326,0
separator_insert,https://adttnetagadfar.square.site/,0.2450536650799974,0
separator_insert,http://www.waterhousecleaning.co.uk,0.9430954331264294,1
separator_insert,http://www.rysstadsylv.no,0.943565913755178,1
separator_insert,http://www.dreamportalz.us,0.9595160880179543,1
separator_insert,http://www.888andro.net,0.9362002043791218,1
separator_insert,http://ver-ifysup02218115112022.rf.gd/,0.9685256469213888,1
separator_insert,https://amoen.ye958.com/jp,0.3413898871059601,0
separator_insert,http://www.pbhack.ru,0.9853444460052249,1
separator_insert,http://www.office-fonts.herokuapp.com,0.977219853306068,1
separator_insert,http://www.healthymachinery.com,0.9489867390332389,1
separator_insert,http://www.stackspay.com,0.9418131736783453,1
separator_insert,https://docs.google.com/presentation/d/e/2pacx-1vtnqm2u8shvhqgtyog36zyxjjwmeiqc2y9yxurmf80c9kijvzeycqsuqexdzvh8rk1b5b1flubend6l/pub?start=false&loop=false&delayms=3000&slide=id.p,0.5865429199240246,1
separator_insert,http://www.amazceom-co-jp.amaczeon.chatdouyin.top/,0.9895713748759677,1
separator_insert,http://www.precisionmechanical.org,0.9079507341791186,1
separator_insert,http://www.fotos.lc,0.933981276299443,1
separator_insert,http://www.dadsgetinthegame.com,0.9448926057882916,1
separator_insert,http://www.3je.sdybv.com,0.9684195269932168,1
separator_insert,http://www.ausameetings.com,0.9582691105286918,1
separator_insert,http://www.js.csad.cc,0.9559856618141002,1
separator_insert,http://www.lottoplays.com,0.945868725735276,1
separator_insert,http://www.doable.nl,0.936543756709457,1
separator_insert,http://www.indeksonline.org,0.9270790634089066,1
separator_insert,http://www.naverserviceteam.com,0.9467760190342119,1
separator_insert,http://sweetceidrogerbhimlea.tk/,0.987236291148192,1
separator_insert,http://www.webpartner.fr,0.944772442128772,1
separator_insert,http://www.eggsupgrillfranchise.com,0.93674850259312,1
separator_insert,http://lavozdeloscentauros.com/,0.8860189878764722,1
separator_insert,http://www.sgnaturn.com,0.9451386660110661,1
separator_insert,http://walletconnectlive.blogspot.com,0.9066593097797426,1
separator_insert,https://link.tkilef.top,0.22961753663451284,0
separator_insert,http://www.sartco-ir.com,0.9535875118338424,1
separator_insert,http://www.pox23.io,0.931675650853095,1
separator_insert,http://www.sbdgb.com,0.9358220404665012,1
separator_insert,http://www.senseye.ikwb.com,0.9529511461742567,1
separator_insert,https://www.momeyklte.cattaca.com/sonn/client/index_sp.html,0.3829149409201077,0
separator_insert,http://doc-metamask.rf.gd,0.9534471452219544,1
separator_insert,http://www.timoleary.co.uk,0.9409922097548439,1
separator_insert,http://www.afiliadosilva.com,0.9626375592659209,1
separator_insert,http://www.eblagh-r.ml,0.9883463820937932,1
separator_insert,https://att-102722-106593servcerbusiness.square.site/,0.9193134292890652,1
separator_insert,http://www.handyman.macleannsw.com,0.9537061195991032,1
separator_insert,http://turnaroundsupport.co.za/kundenkonto/indexx.html,0.8244258182903768,1
separator_insert,http://www.datenbank.mobi,0.9451568394954599,1
separator_insert,https://attlog-inpage-mailerlink.square.site/,0.7195328303733054,1
separator_insert,http://www.tzuzsyfd.net,0.9387912566081565,1
separator_insert,https://att-mail-104057.square.site/,0.8134099662486423,1
separator_insert,http://www.daxberger.at,0.9443492217469066,1
separator_insert,https://fladestateins.com/08131e57-e230-465b-bb5e-840b8af30ec4,0.8392633635768922,1
separator_insert,https://pold.builderallwppro.com/wp-content/plugins/r/tracking/fv5ejh/details.php,0.5735403082698413,1
separator_insert,http://www.delphi3135.gorodok.net,0.9641631448321648,1
separator_insert,http://www.greencoco.id,0.9397944579216763,1
separator_insert,http://www.eblagh-hj.ml,0.9884558760215716,1
separator_insert,http://www.115.at,0.9671438872233956,1
separator_insert,https://allegroiokalnie7info.67564534.xyz/bdxl74cx?from_sms=1,0.9347531576409651,1
separator_insert,http://www.app.in-spicy.com,0.957816464065689,1
separator_insert,http://www.rakcten-carb.ofhzuue.cn/,0.9595658035843512,1
separator_insert,https://www.cosmoswater.in/otp.php,0.17017444218387837,0
separator_insert,http://yeqk42t.square.site/,0.9382581905914884,1
separator_insert,https://my-business-103077.square.site/,0.8563675414786325,1
separator_insert,http://www.frissoncourier.com/wp-content/plugins/wpcargo/assets/images/,0.8608534236507437,1
separator_insert,https://docs.google.com/forms/d/e/1faipqlsfjsgjhbjke-mlmni8cfg1tacz-hdpvmy5j2br9upjr1f7nda/viewform?usp=send_form,0.5362319140576156,1
separator_insert,https://instagrame.net/,0.5580282588719906,1
separator_insert,http://www.hxc28.com,0.9476129924202926,1
separator_insert,http://www.leapmom.com,0.9431045531333299,1
separator_insert,https://sites.google.com/view/ptss18/?dn,0.10035386306052932,0
separator_insert,http://www.emrahkeskin.com,0.943749612170284,1
separator_insert,http://www.hotelfocus.nl,0.9403148760059441,1
separator_insert,http://www.crophysi.ru,0.9848458861642866,1
separator_insert,http://www.aadl-iran.ml,0.9817066446334936,1
separator_insert,http://www.zestevents.co,0.944772442128772,1
separator_insert,http://www.wj.tqomz.com,0.9578010132858701,1
separator_insert,http://www.javaterm.com,0.94155270802256,1
separator_insert,http://www.iamme-label.com,0.9584212816222586,1
separator_insert,http://www.westthamesphysio.com,0.9489867390332389,1
separator_insert,http://www.211120bei.top,0.9879710977653392,1
separator_insert,http://www.bshades.eu,0.9443229784099604,1
separator_insert,https://banbobiinacionall.herokuapp.com/,0.3143188718349193,0
separator_insert,https://s3.ap-southeast-1.wasabisys.com/policies/appsuite/tlyappioox/mailfolderdefault0/inbox.html#redacted@abuse.ionos.com,0.935004319886132,1
separator_insert,http://www.rspvm.servergame.com,0.9524847795820968,1
separator_insert,http://akewuqekas.sembarriga.com.br/vnafvra97w/?q=3717065149&id=100,0.9681406623589822,1
separator_insert,http://www.creativecombat.com/wp-admin/network/acct/log-in.php?rand=13inboxlightaspxn.1774256418&fid.4.1252899642&fid=1&fav.1&rand.13inboxlight.aspxn.1774256418&fid.1252899642&fid.1&fav.1&email=&.rand=13inboxlight.aspx?n=1774256418&fid=4#n=1252899642&fid=1&fav=1,0.9524363720713158,1
separator_insert,http://www.xnxx.c1.biz,0.985492671558758,1
separator_insert,http://www.jfgsifrptbirusgs.net,0.9534547865686026,1
separator_insert,http://www.tanilcosmetics.com,0.9449627940380825,1
separator_insert,https://trophterra.tk/164bd,0.8531728867791186,1
nested_url,http://www.shprakserf.gq?next=https%3A%2F%2Fexample.org%2F,0.9688154273362637,1
nested_url,http://www.iuhjn.pplink.club?next=https%3A%2F%2Fexample.org%2F,0.9410450243175955,1
nested_url,https://sabadonoappmagazine.com/?next=https%3A%2F%2Fexample.org%2F,0.7450582732697282,1
nested_url,http://www.nextraload.com?next=https%3A%2F%2Fexample.org%2F,0.8371014375448065,1
nested_url,http://tkmowpikuk.owl4fsrch.club/vnafvra97w/?q=3717065149&id=100&next=https%3A%2F%2Fexample.org%2F,0.96447322172234,1
nested_url,https://btopenworldwebmailing.square.site/?next=https%3A%2F%2Fexample.org%2F,0.8551641040635939,1
nested_url,http://www.fgurb.cannca.shop?next=https%3A%2F%2Fexample.org%2F,0.9022439582800272,1
nested_url,https://www.ethmining.info/#/?next=https%3A%2F%2Fexample.org%2F,0.832628108733268,1
nested_url,http://ianacurtis.rmxcontabilidade.com.br?next=https%3A%2F%2Fexample.org%2F,0.9456223628642662,1
nested_url,http://www.pony4.microsoftups.com?next=https%3A%2F%2Fexample.org%2F,0.943241278844161,1
nested_url,http://www.play.stream.vidzi.tv?next=https%3A%2F%2Fexample.org%2F,0.8971262380579139,1
nested_url,http://www.beemail.online?next=https%3A%2F%2Fexample.org%2F,0.9798251168423485,1
nested_url,http://www.915783.com?next=https%3A%2F%2Fexample.org%2F,0.910748742035139,1
nested_url,https://attcom-102201.square.site/?next=https%3A%2F%2Fexample.org%2F,0.8124902693765985,1
nested_url,https://upyq8ess.dreamwp.com/dkskat/?next=https%3A%2F%2Fexample.org%2F,0.57022259653369,1
nested_url,https://www.faewood.com?next=https%3A%2F%2Fexample.org%2F,0.4498003487717973,0
nested_url,https://ennsttsqau.square.site/?next=https%3A%2F%2Fexample.org%2F,0.6109501908343701,1
nested_url,https://docs.google.com/forms/d/1casphevkfdaz2okqj70wdai3pdwwg1weh_rpk9v0z3a/viewform?next=https%3A%2F%2Fexample.org%2F,0.5167036848050648,1
nested_url,http://www.frissoncourier.com?next=https%3A%2F%2Fexample.org%2F,0.8518850897948006,1
nested_url,http://www.clinicafresa20.com?next=https%3A%2F%2Fexample.org%2F,0.8542421953249317,1
nested_url,http://chieuphan-bdshotram.com/webs/?next=https%3A%2F%2Fexample.org%2F,0.9376120237379529,1
nested_url,https://www.ekie-nat.ekaste.bhwkke.top/load.php?next=https%3A%2F%2Fexample.org%2F,0.962001360802516,1
nested_url,http://www.keliweb.it?next=https%3A%2F%2Fexample.org%2F,0.8249761733303972,1
nested_url,http://www.baagii.sportsnewsa.net?next=https%3A%2F%2Fexample.org%2F,0.9227869755411648,1
nested_url,https://s3.ap-southeast-1.wasabisys.com/mailbusiness/appsuite/tlyappioox/mailfolderdefault9/inbox.html#redacted@abuse.ionos.com?next=https%3A%2F%2Fexample.org%2F,0.9203503932367398,1
nested_url,https://lowes-solicitors.co.uk/ch/panel/?next=https%3A%2F%2Fexample.org%2F,0.8379206477114961,1
nested_url,http://www.clientcentre.net?next=https%3A%2F%2Fexample.org%2F,0.8592105517448381,1
nested_url,https://euygy.square.site/?next=https%3A%2F%2Fexample.org%2F,0.5139827692247684,1
nested_url,http://www.automan-1301476296.cos.eu-moscow.myqcloud.com?next=https%3A%2F%2Fexample.org%2F,0.9903538003555499,1
nested_url,http://www.aleksandartaskov.com?next=https%3A%2F%2Fexample.org%2F,0.8803112689667133,1
nested_url,http://www.whoer.net?next=https%3A%2F%2Fexample.org%2F,0.8154957614550113,1
nested_url,https://terapiaespecializada.es/mtb/app/verify.php?next=https%3A%2F%2Fexample.org%2F,0.8309198009625476,1
nested_url,http://www.nogiledeneli.ru?next=https%3A%2F%2Fexample.org%2F,0.9800736188430085,1
nested_url,http://www.reco.ws?next=https%3A%2F%2Fexample.org%2F,0.8306961874329521,1
nested_url,http://www.polevoyton.store?next=https%3A%2F%2Fexample.org%2F,0.8458945242396153,1
nested_url,https://antai-gouv.net/?next=https%3A%2F%2Fexample.org%2F,0.7213739208207102,1
nested_url,https://shrtco.de/1d9yeo?next=https%3A%2F%2Fexample.org%2F,0.552843324816262,1
nested_url,http://fti.unmerpas.ac.id/wp-admin/user/webgenkic/investopia/index.php?email=get@get.get&next=https%3A%2F%2Fexample.org%2F,0.9569789939034173,1
nested_url,https://ejjud0.wixsite.com/attt?next=https%3A%2F%2Fexample.org%2F,0.46057927878348404,1
nested_url,http://www.campbellz.cf?next=https%3A%2F%2Fexample.org%2F,0.960146732420465,1
nested_url,http://www.lwac.com?next=https%3A%2F%2Fexample.org%2F,0.8350356199286997,1
nested_url,http://centrica.comrqzrofxnhwwgrqzrofrofxnhwagx2nfse2nfagx2nfsesewxnhwagxwgrqzg.mustaccio.com/0.php#ywnjb3vudhnay2vudhjpy2euy29t?next=https%3A%2F%2Fexample.org%2F,0.9870282689007583,1
nested_url,https://00-coveriy-tm.quest/?next=https%3A%2F%2Fexample.org%2F,0.781049530392145,1
nested_url,https://attcom-101978.square.site/?next=https%3A%2F%2Fexample.org%2F,0.8124902693765985,1
nested_url,https://docs.google.com/forms/d/e/1faipqlscckv1-rxhipcmrhnwfvq2lhuxx18nzcm1e7e0oz8ienixtgw/viewform?next=https%3A%2F%2Fexample.org%2F,0.5184229856407293,1
nested_url,http://www.oosp.pplink.club?next=https%3A%2F%2Fexample.org%2F,0.9410450243175955,1
nested_url,https://www-info-cr-mufg.huiwenfeng.com/jp.php?next=https%3A%2F%2Fexample.org%2F,0.8724287053742366,1
nested_url,http://www.karizcustomizeme.com?next=https%3A%2F%2Fexample.org%2F,0.8719653285923885,1
nested_url,http://dj-wedding.tk/besst/?next=https%3A%2F%2Fexample.org%2F,0.9592413635784884,1
nested_url,https://www.google.com/url?q=https://ipfs.io/ipfs/qmpovsvevlyhp2gj6vfhkqvhaydz1o7y2xn3xt87kkghtv%23%5bemail%5d&amp;source=gmail&amp;ust=1663915474090000&amp;usg=aovvaw1usggtmp1ivavtzsxcz8g1&next=https%3A%2F%2Fexample.org%2F,0.5937884320453393,1
nested_url,http://www.iiorinmf.pplink.club?next=https%3A%2F%2Fexample.org%2F,0.9291442370109827,1
nested_url,https://dmbelectricinc.com/?next=https%3A%2F%2Fexample.org%2F,0.5516958486893428,1
nested_url,http://www.intelsupportcenter.com?next=https%3A%2F%2Fexample.org%2F,0.9214547375368312,1
nested_url,http://4710463d43910.bonactech.com/#zfhobgnrqmtimjfoyvc0dwrhegs?next=https%3A%2F%2Fexample.org%2F,0.9507915644309343,1
nested_url,http://www.www--wellsfargo--com--t249329d48d6c.wsipv6.com?next=https%3A%2F%2Fexample.org%2F,0.9919863774368769,1
nested_url,https://www.id292468292.ru?next=https%3A%2F%2Fexample.org%2F,0.8769919096594206,1
nested_url,https://www.danieltolson.com/home.php?next=https%3A%2F%2Fexample.org%2F,0.582908503287997,1
nested_url,http://www.icloud-id-services.com?next=https%3A%2F%2Fexample.org%2F,0.9470743398591381,1
nested_url,http://www.tripadvisorsapp.com?next=https%3A%2F%2Fexample.org%2F,0.8862523399594664,1
nested_url,http://my-business-106173-106262.square.site/?next=https%3A%2F%2Fexample.org%2F,0.9828460047793446,1
nested_url,http://cek58793690694674609.rf.gd/?next=https%3A%2F%2Fexample.org%2F,0.9695787540926158,1
nested_url,https://meinedkb.me/?next=https%3A%2F%2Fexample.org%2F,0.43257812300946175,0
nested_url,http://www.pmbfytlkm.ml?next=https%3A%2F%2Fexample.org%2F,0.9830411582123618,1
nested_url,https://www.solutionfun.info?next=https%3A%2F%2Fexample.org%2F,0.7900216850824415,1
nested_url,https://fladestateins.com/4ecc9875-1bec-4eb4-b4b8-859e345aa26a?next=https%3A%2F%2Fexample.org%2F,0.7669627679758115,1
nested_url,https://www.ioginunlcovlabcp.com/?next=https%3A%2F%2Fexample.org%2F,0.5837661900168154,1
nested_url,https://opmklw.com/?next=https%3A%2F%2Fexample.org%2F,0.5779319761873858,1
nested_url,https://pyyplapp.com/?next=https%3A%2F%2Fexample.org%2F,0.5139806864288856,1
nested_url,http://hkmulane.cn/bnl51?next=https%3A%2F%2Fexample.org%2F,0.5991292670365949,1
nested_url,http://www.winconnectors.com?next=https%3A%2F%2Fexample.org%2F,0.8751635972352378,1
nested_url,http://www.wikaba.com?next=https%3A%2F%2Fexample.org%2F,0.8211105120741052,1
nested_url,http://yzxlsc.com/wordpress/wp-includes/fonts/aupost/track/index2.php?next=https%3A%2F%2Fexample.org%2F,0.9135451448121101,1
nested_url,http://www.shbc.pplink.club?next=https%3A%2F%2Fexample.org%2F,0.9410450243175955,1
nested_url,http://www.towncenterhotel.com?next=https%3A%2F%2Fexample.org%2F,0.8862523399594664,1
nested_url,http://www.mail-nepalarmymil-np.gq?next=https%3A%2F%2Fexample.org%2F,0.9891459723143022,1
nested_url,http://www.dyskurs.com.ua?next=https%3A%2F%2Fexample.org%2F,0.909290140014137,1
nested_url,https://alertascliente.webcindario.com/?next=https%3A%2F%2Fexample.org%2F,0.7914899507168827,1
nested_url,http://www.1shop.de?next=https%3A%2F%2Fexample.org%2F,0.824530840612973,1
nested_url,https://att-102707.square.site/?next=https%3A%2F%2Fexample.org%2F,0.7773744124069288,1
nested_url,https://auth-dkb-online.de/?next=https%3A%2F%2Fexample.org%2F,0.8002035321181287,1
nested_url,http://www.cachecontent.com?next=https%3A%2F%2Fexample.org%2F,0.8592105517448381,1
nested_url,http://www.0catch.com?next=https%3A%2F%2Fexample.org%2F,0.8473056070923471,1
nested_url,http://lukers.com.sg/chronopostalertee/chronopostalertee?next=https%3A%2F%2Fexample.org%2F,0.8274836005690613,1
nested_url,http://www.unblockproxy.us?next=https%3A%2F%2Fexample.org%2F,0.8210548935919288,1
nested_url,https://crosschainbridge-eth.com/?gclid=cjwkcaia5siebhbneiwar9oh2vy9yq0vuiatdgyarsqdbwlwezejyz3u2ljjjphfzmf2sgpv9hopiboco-wqavd_bwe&next=https%3A%2F%2Fexample.org%2F,0.936365686188258,1
nested_url,http://www.allsecurehosting.com?next=https%3A%2F%2Fexample.org%2F,0.8573653483446708,1
nested_url,http://www.wearebred.net?next=https%3A%2F%2Fexample.org%2F,0.837820733094907,1
nested_url,https://cmac-cajatacna.com/1675952392/cliente/login?next=https%3A%2F%2Fexample.org%2F,0.9278964134890483,1
nested_url,https://sampierry11.wixsite.com/my-site-1?next=https%3A%2F%2Fexample.org%2F,0.6345363299298316,1
nested_url,http://www.oolkjd.pplink.club?next=https%3A%2F%2Fexample.org%2F,0.9307935756716634,1
nested_url,http://maharashtra-enterprises.com/feedback/portal.php?next=https%3A%2F%2Fexample.org%2F,0.9445775951125567,1
nested_url,http://www.antongas-fx.ru?next=https%3A%2F%2Fexample.org%2F,0.9832307690170132,1
nested_url,http://www.tg0913.com?next=https%3A%2F%2Fexample.org%2F,0.8986682460367497,1
nested_url,https://powerlineindustriesinc.myportfolio.com/?next=https%3A%2F%2Fexample.org%2F,0.7587682450599271,1
nested_url,https://ayt-103563-100603.square.site/?next=https%3A%2F%2Fexample.org%2F,0.9006401072280191,1
nested_url,http://www.proxify.com?next=https%3A%2F%2Fexample.org%2F,0.8292384176199722,1
nested_url,http://www.marketexon.com?next=https%3A%2F%2Fexample.org%2F,0.8371014375448065,1
nested_url,https://docs.google.com/forms/d/e/1faipqlsdnega_6c_pz9_q9ep9epm4iwqfsrxqsnaz-j9dyldimaoocg/viewform?usp=send_form&next=https%3A%2F%2Fexample.org%2F,0.4665830949849057,1
nested_url,http://www.sishendm.com?next=https%3A%2F%2Fexample.org%2F,0.8046005241074601,1
nested_url,http://att-108784.square.site/?next=https%3A%2F%2Fexample.org%2F,0.9363853223971421,1
nested_url,https://informasjon379820922.blogspot.com/?trkid=pn8322826547413800&sub1=tb4j9lf&next=https%3A%2F%2Fexample.org%2F,0.9140582781602291,1
nested_url,http://down.shopeevip11.com/?next=https%3A%2F%2Fexample.org%2F,0.8425279426559455,1
nested_url,http://www.omwowxisr.ga?next=https%3A%2F%2Fexample.org%2F,0.960146732420465,1
nested_url,https://amazon-hgfhtt.zyns.com/mobile/signim.php?next=https%3A%2F%2Fexample.org%2F,0.9056176572932382,1
nested_url,http://www.beatleslover.com?next=https%3A%2F%2Fexample.org%2F,0.850009490304234,1
nested_url,https://docs.google.com/forms/d/e/1faipqlsfp1eukgsktriyraz2csynqwfwtv6ehlnbszu69dbxz9lirtq/viewform?next=https%3A%2F%2Fexample.org%2F,0.5572871376176163,1
nested_url,https://acompanhando-meusgastos-online.com/luiza/home.php?userid=&uri=jkluamrfhfwos4cafnmeh7pa1pzx12wuktqwv4swvyw=&next=https%3A%2F%2Fexample.org%2F,0.9519483961047961,1
nested_url,http://www.spoke.ga?next=https%3A%2F%2Fexample.org%2F,0.962555565109269,1
nested_url,https://att-100984.square.site/?next=https%3A%2F%2Fexample.org%2F,0.7773744124069288,1
nested_url,http://www.14gjm.xyz?next=https%3A%2F%2Fexample.org%2F,0.9858617938519446,1
nested_url,https://my-business-107865-109573.square.site/?next=https%3A%2F%2Fexample.org%2F,0.9371681969479534,1
nested_url,http://www.supportxmr.com?next=https%3A%2F%2Fexample.org%2F,0.8651848363432253,1
nested_url,http://sheinaapp.com?next=https%3A%2F%2Fexample.org%2F,0.5853113025562371,1
nested_url,http://www.netshieldkit.com?next=https%3A%2F%2Fexample.org%2F,0.8592105517448381,1
nested_url,https://zurbrioerf.com?next=https%3A%2F%2Fexample.org%2F,0.4482285397090185,0
nested_url,http://www.hotfixmsupload.com?next=https%3A%2F%2Fexample.org%2F,0.8815370161449867,1
nested_url,https://login-screen-107860.square.site/?next=https%3A%2F%2Fexample.org%2F,0.9621364312408289,1
nested_url,https://djc74bcd9b51a2-1ebf-4df7-bc61-d371fe9eccf.myportfolio.com/?next=https%3A%2F%2Fexample.org%2F,0.9389203186763764,1
nested_url,https://yahooconfiguration0.wixsite.com/html?next=https%3A%2F%2Fexample.org%2F,0.7681869814623683,1
nested_url,https://docs.google.com/forms/d/e/1faipqlsc-nv7qlz6jg_y9ze5k9ds_kzo8hyelurb5j5veve1q4jkiwq/viewform?usp=send_form&next=https%3A%2F%2Fexample.org%2F,0.5045623244684359,1
nested_url,https://sht.moe/zmrww?next=https%3A%2F%2Fexample.org%2F,0.6416179025879003,1
nested_url,https://www.omahanewsbulletin.com?next=https%3A%2F%2Fexample.org%2F,0.6165356953169705,1
nested_url,https://bjbbw6.wixsite.com/my-site-2?next=https%3A%2F%2Fexample.org%2F,0.4991204264318213,1
nested_url,https://tcpw7mwm.dreamwp.com/auth?next=https%3A%2F%2Fexample.org%2F,0.5544492583565207,1
nested_url,http://www.greeaircondition.com?next=https%3A%2F%2Fexample.org%2F,0.8456979765967402,1
nested_url,https://dn75852739.wixsite.com/my-site?next=https%3A%2F%2Fexample.org%2F,0.6643194813363484,1
nested_url,http://43.153.207.103/v3/signin/identifier?dsh=s-16339560%3a1679418180081355&amp%3bfollowup=https%3a%2f%2faccounts.google.com%2f%3f&amp%3bifkv=awnoghedjeezlxxcukyobikksrlskkbb8naftymojf2pwikab-md99nj9vzjmeshc1trpqxmz-t9&amp%3bpassive=1209600&amp%3bxrealip=107.178.200.216&continue=https%3a%2f%2faccounts.google.com%2f%3f&xrealip=107.21.207.171&flowname=weblitesignin&flowentry=servicelogin&ifkv=awnoghdkbq5_bcbcs7t_jbbb9kh3txpcqomjbjvtodoolkfraglnqnbwsicqnuymo66jb13fvsxv&next=https%3A%2F%2Fexample.org%2F,0.9983268357959473,1
nested_url,http://www.uzdarakchi.com?next=https%3A%2F%2Fexample.org%2F,0.8371014375448065,1
nested_url,https://mail-105744.square.site/?next=https%3A%2F%2Fexample.org%2F,0.8028418493954235,1
nested_url,https://www.ekni-nct.ekint.lulhbc.top/load.php?next=https%3A%2F%2Fexample.org%2F,0.962001360802516,1
nested_url,https://drive.google.com/file/d/1ginbnlpvt7kpfnog9a68fqmn7k3aivui?next=https%3A%2F%2Fexample.org%2F,0.45335043819063897,0
nested_url,http://www.omwowxisu.gq?next=https%3A%2F%2Fexample.org%2F,0.9732989953951096,1
nested_url,http://www.asymmetricfile.blogspot.com?next=https%3A%2F%2Fexample.org%2F,0.9528969652805855,1
nested_url,http://www.inboundmag.com?next=https%3A%2F%2Fexample.org%2F,0.8371014375448065,1
nested_url,http://www.pdnw.nowurl.fun?next=https%3A%2F%2Fexample.org%2F,0.9057450275127291,1
nested_url,https://e.vg/24bper?next=https%3A%2F%2Fexample.org%2F,0.6406032335845607,1
nested_url,https://novo-sicredi-black.com/?page=home&amp;a=208a545d9c9920e5b82164095ef319bad2175dc5secure2158133160d9d280afd9baa68ac7d4411e4dfa5aaccess&amp;b=c307f85ef63c038db5451a1042f6f71035959e14secureb88a92fff52f9bef397d01a21ebe53836dcf62fbaccess&amp;c=4b5a9afcee2770f60fda9be064592b20a861a360secure9c2abcaa953117131aa7425287bb7855c77d94e9access&next=https%3A%2F%2Fexample.org%2F,0.9708406626000219,1
nested_url,http://smartdappsauthonline.com?next=https%3A%2F%2Fexample.org%2F,0.830644698783461,1
nested_url,http://www.helpdesk.autodefragapp.com?next=https%3A%2F%2Fexample.org%2F,0.9257016077230139,1
nested_url,http://www.revoadademalandro.top?next=https%3A%2F%2Fexample.org%2F,0.9875555651092689,1
nested_url,http://www.hiphopeconomicdevelopment.com?next=https%3A%2F%2Fexample.org%2F,0.947596891519142,1
nested_url,https://ount.thejewtangclan.com/jp.php?next=https%3A%2F%2Fexample.org%2F,0.6029954520317413,1
nested_url,https://faturarennersolucoesweb.com/login/seguranca.php?next=https%3A%2F%2Fexample.org%2F,0.841864407378089,1
nested_url,http://www.nvdh.nowurl.fun?next=https%3A%2F%2Fexample.org%2F,0.9057450275127291,1
nested_url,http://www.mailservices.pythonanywhere.com?next=https%3A%2F%2Fexample.org%2F,0.974930834936013,1
nested_url,https://docs.google.com/presentation/d/e/2pacx-1vqp1bs7pp2guhiddnanci5t_elobevup6mr14v_llaxfa_35lnj_gd57iuzq91rm4xioxgt3rstsqqu/pub?start=false&loop=false&delayms=3000&slide=id.p&next=https%3A%2F%2Fexample.org%2F,0.5840757319877223,1
nested_url,https://arnaz0n.tgfdw.top/ap/signin?next=https%3A%2F%2Fexample.org%2F,0.9251446155066851,1
nested_url,http://www.xsites-dev.xyz?next=https%3A%2F%2Fexample.org%2F,0.9812687927815954,1
nested_url,http://www.cryptobara.com?next=https%3A%2F%2Fexample.org%2F,0.8569155840323444,1
nested_url,http://www.ancient-parrot-9.loca.lt?next=https%3A%2F%2Fexample.org%2F,0.9628483193447808,1
nested_url,http://www.wangluojiumingjingli.org?next=https%3A%2F%2Fexample.org%2F,0.923853876100851,1
nested_url,http://www.randkey-1301476296.cos.ap-mumbai.myqcloud.com?next=https%3A%2F%2Fexample.org%2F,0.9903538003555499,1
nested_url,http://uniswaplendwap.top?next=https%3A%2F%2Fexample.org%2F,0.9711027317720189,1
nested_url,https://late-dingos-suffer-209-127-18-151.loca.lt/?next=https%3A%2F%2Fexample.org%2F,0.918216547521735,1
nested_url,http://www.ratlittonrigh.com?next=https%3A%2F%2Fexample.org%2F,0.8751635972352378,1
nested_url,http://www.adrd.xiaxiab.com?next=https%3A%2F%2Fexample.org%2F,0.898836879773282,1
nested_url,http://www.sanaradyab.ir?next=https%3A%2F%2Fexample.org%2F,0.819028602636138,1
nested_url,http://www.phlhjk.cannca.shop?next=https%3A%2F%2Fexample.org%2F,0.891992509634095,1
nested_url,https://lizc2f3.myportfolio.com/?next=https%3A%2F%2Fexample.org%2F,0.5661729518433696,1
nested_url,https://christensengroupinsurance.myportfolio.com/?next=https%3A%2F%2Fexample.org%2F,0.7869103224054921,1
nested_url,http://www.bruidsfotografie-breda.nl?next=https%3A%2F%2Fexample.org%2F,0.9410706030525253,1
nested_url,http://www.originproducts.xyz?next=https%3A%2F%2Fexample.org%2F,0.9831023552532396,1
nested_url,http://www.talkischeap.co.za?next=https%3A%2F%2Fexample.org%2F,0.8801361464556239,1
nested_url,http://www.universalbumpkeys.com?next=https%3A%2F%2Fexample.org%2F,0.9161378683872039,1
nested_url,http://www.picnicapp.co.uk?next=https%3A%2F%2Fexample.org%2F,0.8558777602617145,1
nested_url,http://www.performanceacademia.com.br?next=https%3A%2F%2Fexample.org%2F,0.9127034634615612,1
nested_url,http://www.cq.tqomz.com?next=https%3A%2F%2Fexample.org%2F,0.9086183344426825,1
nested_url,http://www.flightzy.bid?next=https%3A%2F%2Fexample.org%2F,0.8282021137313264,1
nested_url,https://docs.google.com/forms/d/e/1faipqlseht4cdltkad8967jjarcb5nafonbaw3dtpynth9mdk94hf-q/viewform?usp=send_form&next=https%3A%2F%2Fexample.org%2F,0.5434229856407293,1
nested_url,https://autofieldindia.com/ob?next=https%3A%2F%2Fexample.org%2F,0.6776108922910616,1
nested_url,http://seguroltau.atsnx.com/?next=https%3A%2F%2Fexample.org%2F,0.8904562832003478,1
nested_url,http://www.server1fermo.exodus.connexxa.it?next=https%3A%2F%2Fexample.org%2F,0.9735701876770995,1
nested_url,https://www.netflix-vn.com?next=https%3A%2F%2Fexample.org%2F,0.8851894114679532,1
nested_url,http://www.repo.do-cu.site?next=https%3A%2F%2Fexample.org%2F,0.936158188380225,1
nested_url,http://www.live-com.gq?next=https%3A%2F%2Fexample.org%2F,0.9808191015132743,1
nested_url,http://www.jrat.io?next=https%3A%2F%2Fexample.org%2F,0.8249071633540417,1
nested_url,http://www.iredl.ml?next=https%3A%2F%2Fexample.org%2F,0.962555565109269,1
nested_url,https://review-docu.myportfolio.com/?next=https%3A%2F%2Fexample.org%2F,0.7915260767852482,1
nested_url,http://www.k8381.com?next=https%3A%2F%2Fexample.org%2F,0.8723521881734421,1
nested_url,http://www.chromeperfection.com?next=https%3A%2F%2Fexample.org%2F,0.8803112689667133,1
nested_url,http://www.111xxxxx.com?next=https%3A%2F%2Fexample.org%2F,0.8801163987815807,1
nested_url,http://att-101435-107378.square.site/?next=https%3A%2F%2Fexample.org%2F,0.969282268535624,1
nested_url,http://www.hbaa.law?next=https%3A%2F%2Fexample.org%2F,0.8275966510422927,1
nested_url,http://www.entourageaid.com?next=https%3A%2F%2Fexample.org%2F,0.8530789123062565,1
nested_url,http://www.serveranywhere.cf?next=https%3A%2F%2Fexample.org%2F,0.9824142972966342,1
nested_url,http://www.salesforcesupports.com?next=https%3A%2F%2Fexample.org%2F,0.9214547375368312,1
nested_url,http://ethereum-che.com?next=https%3A%2F%2Fexample.org%2F,0.8676098436450298,1
nested_url,http://www.trkps.com?next=https%3A%2F%2Fexample.org%2F,0.8843924490206335,1
nested_url,http://www.dynamic-dns.net?next=https%3A%2F%2Fexample.org%2F,0.9277622094097252,1
nested_url,http://www.mbmb99.com?next=https%3A%2F%2Fexample.org%2F,0.8925788702197328,1
nested_url,http://www.michkatravel.com?next=https%3A%2F%2Fexample.org%2F,0.8592105517448381,1
nested_url,http://www.2ww.me?next=https%3A%2F%2Fexample.org%2F,0.8677374138170577,1
nested_url,http://www.krawangan.com?next=https%3A%2F%2Fexample.org%2F,0.8146727417583323,1
nested_url,http://www.meteoprog.ns01.us?next=https%3A%2F%2Fexample.org%2F,0.9559584255239966,1
nested_url,http://www.amazcaom-co-jp.amaozeon.chalvshe.top/?next=https%3A%2F%2Fexample.org%2F,0.9896683340093102,1
nested_url,http://www.adiscusion.com?next=https%3A%2F%2Fexample.org%2F,0.8349173749029264,1
nested_url,http://www.panorama-otel.ru?next=https%3A%2F%2Fexample.org%2F,0.9825648524636199,1
nested_url,http://www.wildcard.repeta.com.au?next=https%3A%2F%2Fexample.org%2F,0.8824351082471745,1
nested_url,https://attcom-109199.square.site/?next=https%3A%2F%2Fexample.org%2F,0.8124902693765985,1
nested_url,http://www.lbertussbau.com?next=https%3A%2F%2Fexample.org%2F,0.8610642965256632,1
nested_url,http://www.kakao.net-all.website?next=https%3A%2F%2Fexample.org%2F,0.9382704361142089,1
nested_url,http://www.axletime.com?next=https%3A%2F%2Fexample.org%2F,0.8262018017792349,1
nested_url,http://www.shpk-sanair.gq?next=https%3A%2F%2Fexample.org%2F,0.9832307690170132,1
nested_url,https://susangerd.ir/refcheck/old.html?next=https%3A%2F%2Fexample.org%2F,0.6297130608443807,1
nested_url,https://zenobrands33.wixsite.com/my-site?next=https%3A%2F%2Fexample.org%2F,0.6375420845817686,1
nested_url,http://www.greenphoenix.xyz?next=https%3A%2F%2Fexample.org%2F,0.978629425547024,1
nested_url,http://www.tallyandfin.com?next=https%3A%2F%2Fexample.org%2F,0.8662645964535743,1
nested_url,http://www.sena-peygri.cf?next=https%3A%2F%2Fexample.org%2F,0.9796783855765622,1
nested_url,http://confirmarcreditoltau.atsnx.com/?i=1&next=https%3A%2F%2Fexample.org%2F,0.9216106123114691,1
nested_url,http://work4home.co.za/admin/1cb-47c22-b778a6b-70e64d1225c1fef51/enforcer/login.php?next=https%3A%2F%2Fexample.org%2F,0.8636773965790873,1
nested_url,https://tcommanderdcd7.myportfolio.com/?next=https%3A%2F%2Fexample.org%2F,0.7295963727393922,1
nested_url,http://www.211205.top?next=https%3A%2F%2Fexample.org%2F,0.9902522662835305,1
nested_url,http://www.khmerosja.net?next=https%3A%2F%2Fexample.org%2F,0.8146727417583323,1
nested_url,http://www.6.duogz.com?next=https%3A%2F%2Fexample.org%2F,0.848971175535682,1
nested_url,https://sites.google.com/view/necrologieinfosfroravocal/accueil?next=https%3A%2F%2Fexample.org%2F,0.4192175345879104,0
nested_url,https://adttnetagadfar.square.site/?next=https%3A%2F%2Fexample.org%2F,0.6751573985137738,1
nested_url,http://www.waterhousecleaning.co.uk?next=https%3A%2F%2Fexample.org%2F,0.9191228228831865,1
nested_url,http://www.rysstadsylv.no?next=https%3A%2F%2Fexample.org%2F,0.901326688144278,1
nested_url,http://www.dreamportalz.us?next=https%3A%2F%2Fexample.org%2F,0.8688392297960867,1
nested_url,http://www.888andro.net?next=https%3A%2F%2Fexample.org%2F,0.807173360276227,1
nested_url,http://verifysup02218115112022.rf.gd/?next=https%3A%2F%2Fexample.org%2F,0.9491069700426712,1
nested_url,https://amoen.ye958.com/jp?next=https%3A%2F%2Fexample.org%2F,0.5236536246247367,1
nested_url,http://www.pbhack.ru?next=https%3A%2F%2Fexample.org%2F,0.9886148291169583,1
nested_url,http://www.office-fonts.herokuapp.com?next=https%3A%2F%2Fexample.org%2F,0.9751408395755424,1
nested_url,http://www.healthymachinery.com?next=https%3A%2F%2Fexample.org%2F,0.8851986696011929,1
nested_url,http://www.stackspay.com?next=https%3A%2F%2Fexample.org%2F,0.7883044055514847,1
nested_url,https://docs.google.com/presentation/d/e/2pacx-1vtnqm2u8shvhqgtyog36zyxjjwmeiqc2y9yxurmf80c9kijvzeycqsuqexdzvh8rk1b5b1flubend6l/pub?start=false&loop=false&delayms=3000&slide=id.p&next=https%3A%2F%2Fexample.org%2F,0.6115429199240247,1
nested_url,http://www.amazceom-co-jp.amaczeon.chatdouyin.top/?next=https%3A%2F%2Fexample.org%2F,0.987908372654988,1
nested_url,http://www.precisionmechanical.org?next=https%3A%2F%2Fexample.org%2F,0.9200802296239559,1
nested_url,http://www.fotos.lc?next=https%3A%2F%2Fexample.org%2F,0.8239653828471137,1
nested_url,http://www.dadsgetinthegame.com?next=https%3A%2F%2Fexample.org%2F,0.8803112689667133,1
nested_url,http://www.3je.sdybv.com?next=https%3A%2F%2Fexample.org%2F,0.9425404318832694,1
nested_url,http://www.ausameetings.com?next=https%3A%2F%2Fexample.org%2F,0.8264538320472832,1
nested_url,http://www.js.csad.cc?next=https%3A%2F%2Fexample.org%2F,0.9063891229245522,1
nested_url,http://www.lottoplays.com?next=https%3A%2F%2Fexample.org%2F,0.8569155840323444,1
nested_url,http://www.doable.nl?next=https%3A%2F%2Fexample.org%2F,0.8182698309823145,1
nested_url,http://www.indeksonline.org?next=https%3A%2F%2Fexample.org%2F,0.850009490304234,1
nested_url,http://www.naverserviceteam.com?next=https%3A%2F%2Fexample.org%2F,0.8719653285923885,1
nested_url,http://sweetceidrogerbhimlea.tk/?next=https%3A%2F%2Fexample.org%2F,0.9717597731189043,1
nested_url,http://www.webpartner.fr?next=https%3A%2F%2Fexample.org%2F,0.8168348623330571,1
nested_url,http://www.eggsupgrillfranchise.com?next=https%3A%2F%2Fexample.org%2F,0.9294002826283183,1
nested_url,http://lavozdeloscentauros.com/?next=https%3A%2F%2Fexample.org%2F,0.8282383057858533,1
nested_url,http://www.sgnaturn.com?next=https%3A%2F%2Fexample.org%2F,0.8046005241074601,1
nested_url,http://walletconnectlive.blogspot.com?next=https%3A%2F%2Fexample.org%2F,0.8798425073256295,1
nested_url,https://link.tkilef.top?next=https%3A%2F%2Fexample.org%2F,0.8291833875284089,1
nested_url,http://www.sartco-ir.com?next=https%3A%2F%2Fexample.org%2F,0.9111710350379735,1
nested_url,http://www.pox23.io?next=https%3A%2F%2Fexample.org%2F,0.8268375935011202,1
nested_url,http://www.sbdgb.com?next=https%3A%2F%2Fexample.org%2F,0.8843924490206335,1
nested_url,http://www.senseye.ikwb.com?next=https%3A%2F%2Fexample.org%2F,0.9042061674731052,1
nested_url,https://www.momeyklte.cattaca.com/sonn/client/index_sp.html?next=https%3A%2F%2Fexample.org%2F,0.6794096720356124,1
nested_url,http://doc-metamask.rf.gd?next=https%3A%2F%2Fexample.org%2F,0.9564624902067929,1
nested_url,http://www.timoleary.co.uk?next=https%3A%2F%2Fexample.org%2F,0.8424868350523231,1
nested_url,http://www.afiliadosilva.com?next=https%3A%2F%2Fexample.org%2F,0.8462895514973449,1
nested_url,http://www.eblagh-r.ml?next=https%3A%2F%2Fexample.org%2F,0.9843714849537255,1
nested_url,https://att-102722-106593servcerbusiness.square.site/?next=https%3A%2F%2Fexample.org%2F,0.937058504291689,1
nested_url,http://www.handyman.macleannsw.com?next=https%3A%2F%2Fexample.org%2F,0.9435800526118779,1
nested_url,http://turnaroundsupport.co.za/kundenkonto/indexx.html?next=https%3A%2F%2Fexample.org%2F,0.9034917964465196,1
nested_url,http://www.datenbank.mobi?next=https%3A%2F%2Fexample.org%2F,0.8547534634576197,1
nested_url,https://attloginpage-mailerlink.square.site/?next=https%3A%2F%2Fexample.org%2F,0.9380090548877442,1
nested_url,http://www.tzuzsyfd.net?next=https%3A%2F%2Fexample.org%2F,0.8282021137313264,1
nested_url,https://att-mail-104057.square.site/?next=https%3A%2F%2Fexample.org%2F,0.8748772941518335,1
nested_url,http://www.daxberger.at?next=https%3A%2F%2Fexample.org%2F,0.793722178944257,1
nested_url,https://fladestateins.com/08131e57-e230-465b-bb5e-840b8af30ec4?next=https%3A%2F%2Fexample.org%2F,0.8166591371811123,1
nested_url,https://pold.builderallwppro.com/wp-content/plugins/r/tracking/fv5ejh/details.php?next=https%3A%2F%2Fexample.org%2F,0.6542161703733934,1
nested_url,http://www.delphi3135.gorodok.net?next=https%3A%2F%2Fexample.org%2F,0.90815929815068,1
nested_url,http://www.greencoco.id?next=https%3A%2F%2Fexample.org%2F,0.8118736425937823,1
nested_url,http://www.eblagh-hj.ml?next=https%3A%2F%2Fexample.org%2F,0.9809720883661267,1
nested_url,http://www.115.at?next=https%3A%2F%2Fexample.org%2F,0.8737247986531083,1
nested_url,https://allegroiokalnie7info.67564534.xyz/bdxl74cx?from_sms=1&next=https%3A%2F%2Fexample.org%2F,0.9368586417863911,1
nested_url,http://www.app.in-spicy.com?next=https%3A%2F%2Fexample.org%2F,0.9505841534398529,1
nested_url,http://www.rakcten-carb.ofhzuue.cn/?next=https%3A%2F%2Fexample.org%2F,0.9750287508444908,1
nested_url,https://www.cosmoswater.in/otp.php?next=https%3A%2F%2Fexample.org%2F,0.536695559543838,1
nested_url,http://yeqk42t.square.site/?next=https%3A%2F%2Fexample.org%2F,0.8284266944265509,1
nested_url,https://my-business-103077.square.site/?next=https%3A%2F%2Fexample.org%2F,0.9132241251778547,1
nested_url,http://www.frissoncourier.com/wp-content/plugins/wpcargo/assets/images/?next=https%3A%2F%2Fexample.org%2F,0.9121960091356616,1
nested_url,https://docs.google.com/forms/d/e/1faipqlsfjsgjhbjke-mlmni8cfg1tacz-hdpvmy5j2br9upjr1f7nda/viewform?usp=send_form&next=https%3A%2F%2Fexample.org%2F,0.5102439862502869,1
nested_url,https://instagrame.net/?next=https%3A%2F%2Fexample.org%2F,0.658567366210735,1
nested_url,http://www.hxc28.com?next=https%3A%2F%2Fexample.org%2F,0.878399322656916,1
nested_url,http://www.leapmom.com?next=https%3A%2F%2Fexample.org%2F,0.816887357323225,1
nested_url,https://sites.google.com/view/ptss18/?dn&next=https%3A%2F%2Fexample.org%2F,0.29607446228222956,0
nested_url,http://www.emrahkeskin.com?next=https%3A%2F%2Fexample.org%2F,0.8610642965256632,1
nested_url,http://www.hotelfocus.nl?next=https%3A%2F%2Fexample.org%2F,0.819028602636138,1
nested_url,http://www.crophysi.ru?next=https%3A%2F%2Fexample.org%2F,0.9711512970840765,1
nested_url,http://www.aadl-iran.ml?next=https%3A%2F%2Fexample.org%2F,0.977790365103043,1
nested_url,http://www.zestevents.co?next=https%3A%2F%2Fexample.org%2F,0.8168348623330571,1
nested_url,http://www.wj.tqomz.com?next=https%3A%2F%2Fexample.org%2F,0.9086183344426825,1
nested_url,http://www.javaterm.com?next=https%3A%2F%2Fexample.org%2F,0.8083615796949093,1
nested_url,http://www.iamme-label.com?next=https%3A%2F%2Fexample.org%2F,0.8963734306792844,1
nested_url,http://www.westthamesphysio.com?next=https%3A%2F%2Fexample.org%2F,0.8851986696011929,1
nested_url,http://www.211120bei.top?next=https%3A%2F%2Fexample.org%2F,0.9860595935436998,1
nested_url,http://www.bshades.eu?next=https%3A%2F%2Fexample.org%2F,0.8503295116208441,1
nested_url,https://banbobiinacionall.herokuapp.com/?next=https%3A%2F%2Fexample.org%2F,0.7157043357640931,1
nested_url,https://s3.ap-southeast-1.wasabisys.com/policies/appsuite/tlyappioox/mailfolderdefault0/inbox.html#redacted@abuse.ionos.com?next=https%3A%2F%2Fexample.org%2F,0.935004319886132,1
nested_url,http://www.rspvm.servergame.com?next=https%3A%2F%2Fexample.org%2F,0.8684989074350314,1
nested_url,http://akewuqekas.sembarriga.com.br/vnafvra97w/?q=3717065149&id=100&next=https%3A%2F%2Fexample.org%2F,0.9619091903468497,1
nested_url,http://www.creativecombat.com/wp-admin/network/acct/login.php?rand=13inboxlightaspxn.1774256418&fid.4.1252899642&fid=1&fav.1&rand.13inboxlight.aspxn.1774256418&fid.1252899642&fid.1&fav.1&email=&.rand=13inboxlight.aspx?n=1774256418&fid=4#n=1252899642&fid=1&fav=1&next=https%3A%2F%2Fexample.org%2F,0.9339254314708143,1
nested_url,http://www.xnxx.c1.biz?next=https%3A%2F%2Fexample.org%2F,0.9880957648819004,1
nested_url,http://www.jfgsifrptbirusgs.net?next=https%3A%2F%2Fexample.org%2F,0.8882332846272174,1
nested_url,http://www.tanilcosmetics.com?next=https%3A%2F%2Fexample.org%2F,0.8815370161449867,1
nested_url,https://trophterra.tk/164bd?next=https%3A%2F%2Fexample.org%2F,0.8949721446445329,1
